/* Generated by tools/prepare_niuma_cover.py; do not edit. */
#include "lvgl.h"
static const uint8_t cover_pixels[] = {
    0xbc,0xff,0xbc,0xff,0xbc,0xff,0xbc,0xff,0xbc,0xff,0xbc,0xff,0xbc,0xff,0xbb,0xff,0xbb,0xff,0xbc,0xff,0xbc,0xff,0xbb,0xff,
    0xbb,0xff,0xbb,0xff,0xbc,0xff,0xbc,0xff,0xbc,0xff,0xbc,0xff,0xbc,0xff,0xbc,0xff,0xbc,0xff,0xbc,0xff,0xbc,0xff,0xbc,0xff,
    0xbc,0xff,0xbc,0xff,0xbc,0xff,0xbc,0xff,0xbc,0xff,0xbc,0xff,0xbc,0xff,0xbc,0xff,0xbc,0xff,0xbc,0xff,0xbc,0xff,0xbc,0xff,
    0xbc,0xff,0xbc,0xff,0xbc,0xff,0xbc,0xff,0xbc,0xff,0xbc,0xff,0xbc,0xff,0xbc,0xff,0xbc,0xff,0xbc,0xff,0xbb,0xff,0xbc,0xff,
    0xbc,0xff,0xbc,0xff,0xbc,0xff,0xbc,0xff,0xbc,0xff,0xbc,0xff,0xbc,0xff,0xbc,0xff,0xbc,0xff,0xbc,0xff,0xbc,0xff,0xbc,0xff,
    0xbc,0xff,0xbc,0xff,0xbc,0xff,0xbc,0xff,0xbc,0xff,0xbc,0xff,0xbc,0xff,0xbc,0xff,0xbc,0xff,0xbc,0xff,0xbc,0xff,0xbc,0xff,
    0xbc,0xff,0xbc,0xff,0xbc,0xff,0xbc,0xff,0xbc,0xff,0xbc,0xff,0xbc,0xff,0xbc,0xff,0xbc,0xff,0xbc,0xff,0xbc,0xff,0xbc,0xff,
    0xbb,0xff,0xbc,0xff,0xbc,0xff,0xbc,0xff,0xbc,0xff,0xbb,0xff,0xbb,0xff,0xbc,0xff,0xbc,0xff,0xbc,0xff,0xbc,0xff,0xbc,0xff,
    0xbc,0xff,0xbc,0xff,0xbb,0xff,0xbb,0xff,0xbc,0xff,0xbc,0xff,0xbc,0xff,0xbc,0xff,0xbc,0xff,0xbc,0xff,0xbc,0xff,0xbc,0xff,
    0xbc,0xff,0xbc,0xff,0xbc,0xff,0xbc,0xff,0xbc,0xff,0xbc,0xff,0xbc,0xff,0xbc,0xff,0xbc,0xff,0xbc,0xff,0xbc,0xff,0xbc,0xff,
    0xbc,0xff,0xbc,0xff,0xbc,0xff,0xbc,0xff,0xbc,0xff,0xbc,0xff,0xbc,0xff,0xbc,0xff,0xbc,0xff,0xbc,0xff,0xbc,0xff,0xbc,0xff,
    0xbc,0xff,0xbc,0xff,0xbc,0xff,0xbc,0xff,0xbc,0xff,0xbc,0xff,0xbc,0xff,0xbc,0xff,0xbc,0xff,0xbc,0xff,0xbc,0xff,0xbc,0xff,
    0xbc,0xff,0xbc,0xff,0xbc,0xff,0xbc,0xff,0xbc,0xff,0xbc,0xff,0xbc,0xff,0xbc,0xff,0xbc,0xff,0xbc,0xff,0xbc,0xff,0xbc,0xff,
    0xbc,0xff,0xbb,0xff,0xbc,0xff,0xbc,0xff,0xbb,0xff,0xbc,0xff,0xbc,0xff,0xbc,0xff,0xbc,0xff,0xbc,0xff,0xbb,0xff,0xbc,0xff,
    0xbc,0xff,0xbc,0xff,0xbc,0xff,0xbc,0xff,0xbc,0xff,0xbc,0xff,0xbc,0xff,0xbc,0xff,0xbc,0xff,0xbc,0xff,0xbc,0xff,0xbb,0xff,
    0xbc,0xff,0xbc,0xff,0xbc,0xff,0xbc,0xff,0xbc,0xff,0xbc,0xff,0xbc,0xff,0xbc,0xff,0xbc,0xff,0xbc,0xff,0xbc,0xff,0xbc,0xff,
    0xbc,0xff,0xbc,0xff,0xbc,0xff,0xbc,0xff,0xbc,0xff,0xbc,0xff,0xbc,0xff,0xbc,0xff,0xbc,0xff,0xbc,0xff,0xbc,0xff,0xbc,0xff,
    0xbc,0xff,0xbc,0xff,0xbc,0xff,0xbc,0xff,0xbc,0xff,0xbc,0xff,0xbc,0xff,0xbc,0xff,0xbc,0xff,0xbc,0xff,0xbc,0xff,0xbb,0xff,
    0xbb,0xff,0xbb,0xff,0xbc,0xff,0xbc,0xff,0xbc,0xff,0xbc,0xff,0xbb,0xff,0xbb,0xff,0xbb,0xff,0xbb,0xff,0xbc,0xff,0xbc,0xff,
    0xbc,0xff,0xbc,0xff,0xbc,0xff,0xbc,0xff,0xbb,0xff,0xbc,0xff,0xbc,0xff,0xbc,0xff,0xbc,0xff,0xbc,0xff,0xbc,0xff,0xbb,0xff,
    0xbc,0xff,0xbc,0xff,0xbc,0xff,0xbc,0xff,0xbc,0xff,0xbc,0xff,0xbc,0xff,0x9b,0xff,0xbb,0xff,0xbc,0xff,0xbb,0xff,0xbc,0xff,
    0xbc,0xff,0xbc,0xff,0xbb,0xff,0x9b,0xf7,0x9b,0xf7,0x9b,0xf7,0x9b,0xf7,0x9b,0xf7,0x9b,0xf7,0xbb,0xf7,0x9b,0xf7,0x9b,0xf7,
    0x9b,0xf7,0x9b,0xf7,0x9b,0xf7,0x9b,0xf7,0x9b,0xf7,0x9b,0xf7,0x9b,0xf7,0x9b,0xf7,0x9b,0xf7,0x9b,0xf7,0x9b,0xf7,0x9b,0xf7,
    0x9b,0xf7,0x9b,0xf7,0x9b,0xf7,0x9b,0xf7,0x9b,0xf7,0x9b,0xf7,0x9b,0xf7,0x9b,0xf7,0x9b,0xf7,0x9b,0xf7,0x9b,0xf7,0x9b,0xf7,
    0x9b,0xf7,0x9b,0xf7,0x9b,0xf7,0x9b,0xf7,0x9b,0xf7,0x9b,0xf7,0x9b,0xf7,0x9b,0xf7,0x9b,0xf7,0x9b,0xf7,0x9b,0xf7,0x9b,0xf7,
    0x9b,0xf7,0x9b,0xf7,0x9b,0xf7,0x9b,0xf7,0x9b,0xf7,0x9b,0xf7,0x9b,0xf7,0x9b,0xf7,0x9b,0xf7,0x9b,0xf7,0x9b,0xf7,0x9b,0xf7,
    0x9b,0xf7,0x9b,0xf7,0x9b,0xf7,0x9b,0xf7,0x9b,0xf7,0x9b,0xf7,0x9b,0xf7,0x9b,0xf7,0x9b,0xf7,0x9b,0xf7,0x9b,0xf7,0x9b,0xf7,
    0x9b,0xf7,0x9b,0xf7,0x9b,0xf7,0x9b,0xf7,0x9b,0xf7,0x9b,0xf7,0x9b,0xf7,0x9b,0xf7,0x9b,0xf7,0x9b,0xff,0x9b,0xf7,0x9b,0xf7,
    0x9b,0xf7,0x9b,0xf7,0x9b,0xf7,0x9b,0xf7,0x9b,0xf7,0x9b,0xf7,0x9b,0xf7,0x9b,0xf7,0x9b,0xf7,0x9b,0xf7,0x9b,0xf7,0x9b,0xff,
    0x9b,0xf7,0x9b,0xf7,0x9b,0xf7,0x9b,0xf7,0x9b,0xf7,0x9b,0xf7,0x9b,0xf7,0x9b,0xf7,0x9b,0xf7,0x9b,0xf7,0x9b,0xf7,0x9b,0xf7,
    0x9b,0xf7,0x9b,0xf7,0x9b,0xf7,0x9b,0xf7,0x9b,0xf7,0x9b,0xf7,0x9b,0xf7,0x9b,0xf7,0x9b,0xf7,0x9b,0xf7,0x9b,0xf7,0x9b,0xf7,
    0x9b,0xf7,0x9b,0xf7,0x9b,0xf7,0x9b,0xf7,0x9b,0xf7,0x9b,0xf7,0x9b,0xf7,0x9b,0xf7,0x9b,0xf7,0x9b,0xf7,0x9b,0xf7,0x9b,0xf7,
    0x9b,0xf7,0x9b,0xf7,0x9b,0xf7,0x9b,0xf7,0x9b,0xf7,0x9b,0xf7,0x9b,0xf7,0x9b,0xf7,0x9b,0xf7,0x9b,0xf7,0x9b,0xf7,0x9b,0xf7,
    0x9b,0xf7,0x9b,0xf7,0x9b,0xf7,0x9b,0xf7,0x9b,0xf7,0x9b,0xf7,0x9b,0xf7,0x9b,0xf7,0x9b,0xf7,0x9b,0xf7,0x9b,0xf7,0x9b,0xf7,
    0x9b,0xf7,0x9b,0xf7,0x9b,0xf7,0x9b,0xf7,0x9b,0xf7,0x9b,0xf7,0x9b,0xf7,0x9b,0xf7,0x9b,0xf7,0x9b,0xf7,0x9b,0xf7,0x9b,0xf7,
    0x9b,0xf7,0x9b,0xf7,0x9b,0xf7,0x9b,0xf7,0x9b,0xf7,0x9b,0xf7,0x9b,0xf7,0x9b,0xf7,0x9b,0xf7,0x9b,0xf7,0x9b,0xf7,0x9b,0xf7,
    0x9b,0xf7,0x9b,0xf7,0x9b,0xf7,0x9b,0xf7,0x9b,0xf7,0x9b,0xf7,0x9b,0xf7,0x9b,0xf7,0x9b,0xf7,0x9b,0xf7,0x9b,0xf7,0x9b,0xf7,
    0x9b,0xf7,0x9b,0xf7,0x9b,0xf7,0x9b,0xf7,0x9b,0xf7,0x9b,0xf7,0x9b,0xf7,0x9b,0xf7,0x9b,0xf7,0x9b,0xf7,0x9b,0xf7,0x9b,0xf7,
    0x9b,0xf7,0x9b,0xf7,0x9b,0xf7,0x9b,0xf7,0x9b,0xf7,0x9b,0xf7,0x9b,0xf7,0x9b,0xf7,0x9b,0xf7,0xbb,0xff,0xbc,0xff,0xbc,0xff,
    0xbb,0xff,0xbc,0xff,0xbc,0xff,0x9b,0xff,0x9b,0xff,0xbc,0xff,0xbc,0xff,0xbc,0xff,0xbc,0xff,0xbc,0xff,0xbc,0xff,0xbc,0xff,
    0xbc,0xff,0xbb,0xff,0xbb,0xff,0xbc,0xff,0xbc,0xff,0xbc,0xff,0xbc,0xff,0xdc,0xff,0xdc,0xff,0xbc,0xff,0xbb,0xff,0xbb,0xff,
    0xbc,0xff,0xbc,0xff,0xdc,0xff,0xfd,0xff,0xfd,0xff,0xfd,0xff,0xfd,0xff,0xfd,0xff,0xfd,0xff,0xfd,0xff,0xfd,0xff,0xfd,0xff,
    0xfd,0xff,0xfd,0xff,0xfd,0xff,0xfd,0xff,0xfd,0xff,0xfd,0xff,0xfd,0xff,0xfd,0xff,0xfd,0xff,0xfd,0xff,0xfd,0xff,0xfd,0xff,
    0xfd,0xff,0xfd,0xff,0xfd,0xff,0xfd,0xff,0xfd,0xff,0xfd,0xff,0xfd,0xff,0xfd,0xff,0xfd,0xff,0xfd,0xff,0xfd,0xff,0xfd,0xff,
    0xfd,0xff,0xfd,0xff,0xfd,0xff,0xfd,0xff,0xfd,0xff,0xfd,0xff,0xfd,0xff,0xfd,0xff,0xfd,0xff,0xfd,0xff,0xfd,0xff,0xfd,0xff,
    0xfd,0xff,0xfd,0xff,0xfd,0xff,0xfd,0xff,0xfd,0xff,0xfd,0xff,0xfd,0xff,0xfd,0xff,0xfd,0xff,0xfd,0xff,0xfd,0xff,0xfd,0xff,
    0xfd,0xff,0xfd,0xff,0xfd,0xff,0xfd,0xff,0xfd,0xff,0xfd,0xff,0xfd,0xff,0xfd,0xff,0xfd,0xff,0xfd,0xff,0xfd,0xff,0xfd,0xff,
    0xfd,0xff,0xfd,0xff,0xfd,0xff,0xfd,0xff,0xfd,0xff,0xfd,0xff,0xfd,0xff,0xfd,0xff,0xfd,0xff,0xfd,0xff,0xfd,0xff,0xfd,0xff,
    0xfd,0xff,0xfd,0xff,0xfd,0xff,0xfd,0xff,0xfd,0xff,0xfd,0xff,0xfd,0xff,0xfd,0xff,0xfd,0xff,0xfd,0xff,0xfd,0xff,0xfd,0xff,
    0xfd,0xff,0xfd,0xff,0xfd,0xff,0xfd,0xff,0xfd,0xff,0xfd,0xff,0xfd,0xff,0xfd,0xff,0xfd,0xff,0xfd,0xff,0xfd,0xff,0xfd,0xff,
    0xfd,0xff,0xfd,0xff,0xfd,0xff,0xfd,0xff,0xfd,0xff,0xfd,0xff,0xfd,0xff,0xfd,0xff,0xfd,0xff,0xfd,0xff,0xfd,0xff,0xfd,0xff,
    0xfd,0xff,0xfd,0xff,0xfd,0xff,0xfd,0xff,0xfd,0xff,0xfd,0xff,0xfd,0xff,0xfd,0xff,0xfd,0xff,0xfd,0xff,0xfd,0xff,0xfd,0xff,
    0xfd,0xff,0xfd,0xff,0xfd,0xff,0xfd,0xff,0xfd,0xff,0xfd,0xff,0xfd,0xff,0xfd,0xff,0xfd,0xff,0xfd,0xff,0xfd,0xff,0xfd,0xff,
    0xfd,0xff,0xfd,0xff,0xfd,0xff,0xfd,0xff,0xfd,0xff,0xfd,0xff,0xfd,0xff,0xfd,0xff,0xfd,0xff,0xfd,0xff,0xfd,0xff,0xfd,0xff,
    0xfd,0xff,0xfd,0xff,0xfd,0xff,0xfd,0xff,0xfd,0xff,0xfd,0xff,0xfd,0xff,0xfd,0xff,0xfd,0xff,0xfd,0xff,0xfd,0xff,0xfd,0xff,
    0xfd,0xff,0xfd,0xff,0xfd,0xff,0xfd,0xff,0xfd,0xff,0xfd,0xff,0xfd,0xff,0xfd,0xff,0xfd,0xff,0xfd,0xff,0xfd,0xff,0xfd,0xff,
    0xfd,0xff,0xfd,0xff,0xfd,0xff,0xfd,0xff,0xfd,0xff,0xfd,0xff,0xfd,0xff,0xfd,0xff,0xfd,0xff,0xfd,0xff,0xfd,0xff,0xfd,0xff,
    0xfd,0xff,0xfd,0xff,0xfd,0xff,0xfd,0xff,0xfd,0xff,0xfd,0xff,0xfd,0xff,0xfd,0xff,0xfd,0xff,0xfd,0xff,0xfd,0xff,0xfd,0xff,
    0xfd,0xff,0xfd,0xff,0xfd,0xff,0xfd,0xff,0xfd,0xff,0xfd,0xff,0xfd,0xff,0xfd,0xff,0xfd,0xff,0xbc,0xff,0xbb,0xff,0xbc,0xff,
    0xbb,0xff,0xbb,0xff,0xbb,0xff,0xdc,0xff,0xdc,0xff,0xbc,0xff,0xbc,0xff,0xbc,0xff,0xbb,0xff,0xbc,0xff,0xbc,0xff,0xbc,0xff,
    0xbc,0xff,0xbc,0xff,0xbb,0xff,0xbb,0xff,0xbb,0xff,0xbc,0xff,0x7b,0xf7,0x19,0xe7,0x3a,0xef,0xbc,0xff,0xbb,0xff,0xbb,0xff,
    0xbc,0xff,0xbc,0xff,0xf8,0xe6,0x93,0xb5,0x73,0xad,0x93,0xb5,0x73,0xad,0x73,0xb5,0x73,0xb5,0x73,0xb5,0x73,0xad,0x73,0xad,
    0x73,0xad,0x73,0xad,0x73,0xad,0x73,0xad,0x73,0xad,0x73,0xad,0x73,0xad,0x73,0xad,0x73,0xad,0x73,0xad,0x73,0xad,0x73,0xad,
    0x52,0xad,0x52,0xa5,0x32,0xa5,0x32,0xa5,0x32,0xa5,0x52,0xa5,0x52,0xa5,0x52,0xad,0x52,0xa5,0x32,0xa5,0x11,0x9d,0xf1,0x9c,
    0xf1,0x9c,0xf1,0x9c,0xf1,0x9c,0xf1,0x9c,0xf1,0x9c,0xf1,0x9c,0xf1,0x9c,0xf1,0x9c,0xf1,0x9c,0x11,0x9d,0xf1,0x9c,0xf1,0x9c,
    0xf1,0x9c,0x11,0x9d,0x11,0x9d,0x11,0x9d,0x11,0x9d,0x11,0x9d,0x11,0x9d,0x11,0x9d,0xf1,0x9c,0xf1,0x9c,0xf1,0x9c,0xf1,0x9c,
    0xf1,0x9c,0xf1,0x9c,0xf1,0x9c,0xf1,0x9c,0xf1,0x9c,0xf1,0x9c,0xf1,0x9c,0xf1,0x9c,0xf1,0x9c,0xf0,0x9c,0xf0,0x9c,0xf1,0x9c,
    0xf1,0x9c,0xf1,0x9c,0xf0,0x9c,0xf0,0x9c,0xf0,0x9c,0xf0,0x9c,0xf1,0x9c,0xf1,0x9c,0xf1,0x9c,0xf1,0x9c,0xf1,0x9c,0xf0,0x9c,
    0xf0,0x9c,0xf0,0x9c,0xf0,0x9c,0xf0,0x9c,0xf1,0x9c,0xf1,0x9c,0x11,0x9d,0x11,0x9d,0xf1,0x9c,0xf1,0x9c,0xf1,0x9c,0xf1,0x9c,
    0xf1,0x9c,0xf1,0x9c,0xf1,0x9c,0xf1,0x9c,0xf1,0x9c,0xf1,0x9c,0xf1,0x9c,0xf1,0x9c,0xf1,0x9c,0xf1,0x9c,0xf1,0x9c,0xf1,0x9c,
    0xf1,0x9c,0xf1,0x9c,0xf1,0x9c,0xf1,0x9c,0xf1,0x9c,0xf1,0x9c,0xf1,0x9c,0xf1,0x9c,0xf1,0x9c,0xf1,0x9c,0xf1,0x9c,0xf1,0x9c,
    0xf1,0x9c,0xf1,0x9c,0xf1,0x9c,0xf1,0x9c,0xf1,0x9c,0xf1,0x9c,0xf1,0x9c,0xf1,0x9c,0xf1,0x9c,0xf1,0x9c,0xf1,0x9c,0xf1,0x9c,
    0xf1,0x9c,0xf1,0x9c,0xf1,0x9c,0xf0,0x9c,0xf0,0x9c,0xf0,0x9c,0xf0,0x9c,0xf1,0x9c,0xf1,0x9c,0xf1,0x9c,0xf1,0x9c,0xf0,0x9c,
    0xf0,0x9c,0xf0,0x9c,0xf1,0x9c,0xf1,0x9c,0xf1,0x9c,0xf1,0x9c,0xf1,0x9c,0xf0,0x9c,0xf0,0x9c,0xf0,0x9c,0xf1,0x9c,0xf0,0x9c,
    0xf0,0x9c,0xf0,0x9c,0xd0,0x9c,0xf1,0x9c,0xf1,0x9c,0xf1,0x9c,0xf1,0x9c,0xf1,0x9c,0xf1,0x9c,0xf1,0x9c,0xf1,0x9c,0xf1,0x9c,
    0xf1,0x9c,0x11,0x9d,0x11,0x9d,0x11,0x9d,0x11,0x9d,0x11,0x9d,0x11,0x9d,0x11,0x9d,0x11,0x9d,0x11,0x9d,0x11,0x9d,0x11,0x9d,
    0x11,0x9d,0x11,0x9d,0x11,0x9d,0xf1,0x9c,0xf1,0x9c,0x11,0x9d,0xf1,0x9c,0xf1,0x9c,0xf1,0x9c,0x32,0xa5,0x32,0xa5,0x32,0xa5,
    0x32,0xa5,0x32,0xa5,0x32,0xa5,0x32,0xa5,0x32,0xa5,0x32,0xa5,0x32,0xa5,0x32,0xa5,0x32,0xa5,0x32,0xa5,0x32,0xa5,0x52,0xad,
    0x52,0xad,0x72,0xad,0x52,0xad,0x52,0xad,0x52,0xad,0x52,0xad,0x72,0xad,0x73,0xad,0x73,0xad,0x39,0xef,0xdc,0xff,0xbc,0xff,
    0xbb,0xff,0xbb,0xff,0xbb,0xff,0x3a,0xe7,0xf9,0xe6,0x7b,0xf7,0xbc,0xff,0xbc,0xff,0xbc,0xff,0xbc,0xff,0xbc,0xff,0xbc,0xff,
    0xbc,0xff,0xbb,0xff,0xbb,0xff,0xbb,0xff,0x9b,0xf7,0xfc,0xff,0xd4,0xb5,0x87,0x42,0x0d,0x7c,0xbc,0xff,0x9b,0xf7,0xbb,0xff,
    0x9b,0xff,0xdc,0xff,0x93,0xb5,0x46,0x42,0x05,0x3a,0x05,0x3a,0x05,0x3a,0x05,0x3a,0x05,0x3a,0x25,0x3a,0x25,0x3a,0x26,0x3a,
    0x26,0x3a,0x25,0x3a,0x26,0x3a,0x26,0x3a,0x26,0x3a,0x26,0x3a,0x26,0x3a,0x26,0x3a,0x26,0x42,0x26,0x42,0x26,0x42,0x26,0x3a,
    0x06,0x3a,0x05,0x3a,0x05,0x3a,0x05,0x3a,0x05,0x3a,0x26,0x3a,0x26,0x3a,0x26,0x3a,0x26,0x3a,0x26,0x42,0x46,0x42,0x46,0x42,
    0x46,0x42,0x26,0x3a,0x46,0x42,0x46,0x42,0x46,0x42,0x46,0x42,0x46,0x42,0x46,0x42,0x46,0x42,0x46,0x42,0x46,0x42,0x46,0x42,
    0x46,0x42,0x66,0x42,0x66,0x42,0x66,0x42,0x66,0x42,0x66,0x42,0x66,0x42,0x66,0x42,0x66,0x42,0x66,0x42,0x66,0x42,0x66,0x42,
    0x66,0x42,0x66,0x42,0x66,0x42,0x66,0x42,0x66,0x42,0x46,0x42,0x46,0x42,0x46,0x42,0x46,0x42,0x46,0x42,0x46,0x42,0x46,0x42,
    0x46,0x42,0x46,0x42,0x46,0x42,0x46,0x42,0x46,0x42,0x66,0x42,0x66,0x42,0x66,0x42,0x66,0x42,0x66,0x42,0x46,0x42,0x46,0x42,
    0x46,0x42,0x46,0x42,0x66,0x42,0x66,0x42,0x66,0x42,0x66,0x42,0x66,0x42,0x66,0x42,0x66,0x42,0x66,0x42,0x66,0x42,0x66,0x42,
    0x66,0x42,0x66,0x42,0x66,0x42,0x66,0x42,0x66,0x42,0x66,0x42,0x66,0x42,0x66,0x42,0x66,0x42,0x66,0x42,0x66,0x42,0x66,0x42,
    0x66,0x42,0x66,0x42,0x66,0x42,0x66,0x42,0x86,0x42,0x87,0x42,0x66,0x42,0x66,0x42,0x66,0x42,0x66,0x42,0x66,0x42,0x66,0x42,
    0x66,0x42,0x66,0x42,0x66,0x42,0x66,0x42,0x66,0x42,0x66,0x42,0x66,0x42,0x66,0x42,0x66,0x42,0x66,0x42,0x66,0x42,0x66,0x42,
    0x66,0x42,0x66,0x42,0x46,0x42,0x46,0x42,0x46,0x42,0x46,0x42,0x66,0x42,0x66,0x42,0x66,0x42,0x66,0x42,0x66,0x42,0x66,0x42,
    0x66,0x42,0x66,0x42,0x66,0x42,0x66,0x42,0x86,0x42,0x66,0x42,0x66,0x42,0x46,0x42,0x66,0x42,0x66,0x42,0x66,0x42,0x66,0x42,
    0x46,0x42,0x46,0x42,0x46,0x42,0x46,0x42,0x46,0x42,0x46,0x42,0x46,0x42,0x46,0x42,0x46,0x42,0x46,0x42,0x46,0x42,0x46,0x42,
    0x46,0x42,0x46,0x42,0x46,0x42,0x46,0x42,0x46,0x42,0x26,0x42,0x26,0x3a,0x26,0x3a,0x46,0x42,0x46,0x42,0x46,0x42,0x46,0x42,
    0x46,0x42,0x46,0x42,0x46,0x42,0x46,0x42,0x46,0x42,0x46,0x42,0x26,0x42,0x26,0x3a,0x26,0x3a,0x26,0x3a,0x26,0x3a,0x25,0x3a,
    0x26,0x3a,0x26,0x3a,0x26,0x3a,0x26,0x3a,0x26,0x3a,0x26,0x42,0x26,0x42,0x26,0x3a,0x26,0x3a,0x26,0x3a,0x25,0x3a,0x26,0x3a,
    0x26,0x3a,0x26,0x3a,0x26,0x3a,0x26,0x3a,0x05,0x3a,0x26,0x3a,0x26,0x42,0x46,0x42,0x46,0x42,0x76,0xce,0xfd,0xff,0x9b,0xf7,
    0xbb,0xff,0x9b,0xf7,0xbc,0xff,0xec,0x7b,0x46,0x42,0xf5,0xbd,0xfd,0xff,0x9b,0xf7,0xbb,0xff,0xbc,0xff,0xbc,0xff,0xbc,0xff,
    0xbb,0xff,0xbb,0xff,0xbb,0xff,0xbb,0xff,0xbc,0xff,0xfe,0xff,0x73,0xad,0xa4,0x29,0x6b,0x6b,0xfd,0xff,0xfd,0xff,0xbc,0xff,
    0xbb,0xff,0xdc,0xff,0xed,0x7b,0x4a,0x63,0x77,0xce,0x56,0xce,0x56,0xce,0x56,0xce,0x56,0xce,0x57,0xce,0x77,0xce,0x77,0xce,
    0x77,0xce,0x77,0xce,0x77,0xce,0x77,0xce,0x77,0xd6,0x77,0xd6,0x77,0xd6,0x77,0xd6,0x77,0xd6,0x77,0xd6,0x77,0xd6,0x77,0xd6,
    0x77,0xce,0x77,0xce,0x77,0xce,0x77,0xce,0x77,0xce,0x97,0xd6,0x97,0xd6,0x97,0xd6,0x97,0xd6,0x97,0xd6,0x97,0xd6,0x97,0xd6,
    0x97,0xd6,0x97,0xd6,0x97,0xd6,0x97,0xd6,0x97,0xd6,0x97,0xd6,0x97,0xd6,0x97,0xd6,0x97,0xd6,0x97,0xd6,0x97,0xd6,0x97,0xd6,
    0x97,0xd6,0xb7,0xd6,0xb7,0xd6,0x97,0xd6,0xb7,0xd6,0xb7,0xd6,0xb7,0xd6,0xb7,0xd6,0xb7,0xd6,0x97,0xd6,0x97,0xd6,0x97,0xd6,
    0x97,0xd6,0x97,0xd6,0xb7,0xd6,0xb8,0xd6,0xb7,0xd6,0xb7,0xd6,0xb7,0xd6,0x97,0xd6,0x97,0xd6,0xb7,0xd6,0x97,0xd6,0xb7,0xd6,
    0x97,0xd6,0xb7,0xd6,0x97,0xd6,0x97,0xd6,0xb7,0xd6,0xb7,0xd6,0x97,0xd6,0x97,0xd6,0xb7,0xd6,0xb7,0xd6,0xb7,0xd6,0xb8,0xd6,
    0xb7,0xd6,0x97,0xd6,0x97,0xd6,0x97,0xd6,0x97,0xd6,0x97,0xd6,0xb7,0xd6,0xb7,0xd6,0xb7,0xd6,0xb7,0xd6,0x97,0xd6,0xb7,0xd6,
    0xb8,0xd6,0xb8,0xd6,0xb8,0xd6,0xb8,0xd6,0xb8,0xd6,0xb7,0xd6,0xb7,0xd6,0xb8,0xd6,0xb8,0xd6,0xb8,0xd6,0xb8,0xd6,0xb8,0xd6,
    0xb7,0xd6,0xb7,0xd6,0xb7,0xd6,0xb7,0xd6,0xb7,0xd6,0xb7,0xd6,0xb7,0xd6,0xb8,0xd6,0xb7,0xd6,0xb7,0xd6,0xb7,0xd6,0xb7,0xd6,
    0xb7,0xd6,0xb7,0xd6,0xb7,0xd6,0xb7,0xd6,0xb7,0xd6,0xb7,0xd6,0xb7,0xd6,0xb8,0xd6,0xb8,0xd6,0xb8,0xd6,0xb8,0xd6,0xb8,0xd6,
    0xb8,0xd6,0xb8,0xd6,0xb8,0xd6,0xb8,0xd6,0xb8,0xd6,0xb8,0xd6,0xb7,0xd6,0xb7,0xd6,0xb7,0xd6,0xb7,0xd6,0xb7,0xd6,0x97,0xd6,
    0xb8,0xd6,0xb7,0xd6,0xb7,0xd6,0xb8,0xd6,0xb8,0xd6,0xb8,0xd6,0xb8,0xd6,0xb8,0xd6,0xb8,0xd6,0xb7,0xd6,0xb7,0xd6,0xb7,0xd6,
    0xb7,0xd6,0x97,0xd6,0x97,0xd6,0x97,0xd6,0x97,0xd6,0x97,0xd6,0xb8,0xd6,0xb8,0xd6,0x98,0xd6,0x98,0xd6,0x98,0xd6,0x97,0xd6,
    0x97,0xd6,0x97,0xd6,0x97,0xd6,0x97,0xd6,0x97,0xd6,0x97,0xd6,0x97,0xd6,0x97,0xd6,0x97,0xd6,0x97,0xd6,0x97,0xd6,0x97,0xd6,
    0x97,0xd6,0x97,0xd6,0x97,0xd6,0x97,0xd6,0x97,0xd6,0x97,0xd6,0x97,0xd6,0x97,0xd6,0x97,0xd6,0x97,0xd6,0x97,0xd6,0x97,0xd6,
    0x97,0xd6,0x97,0xd6,0x97,0xd6,0x97,0xd6,0x97,0xd6,0x97,0xd6,0x97,0xd6,0x97,0xd6,0x97,0xd6,0x77,0xd6,0x77,0xd6,0x77,0xd6,
    0x77,0xce,0x77,0xce,0x77,0xce,0x77,0xce,0x77,0xce,0x77,0xce,0x77,0xce,0x57,0xce,0x2a,0x5b,0x2e,0x84,0xdc,0xff,0x9b,0xf7,
    0xbc,0xff,0xdc,0xff,0xfd,0xff,0x4a,0x63,0xa4,0x29,0xb4,0xb5,0xfe,0xff,0xbc,0xff,0xbb,0xff,0xbc,0xff,0xbc,0xff,0xbc,0xff,
    0xbc,0xff,0xbb,0xff,0x9b,0xff,0xdc,0xff,0x32,0xa5,0xcc,0x73,0xb0,0x94,0xf5,0xbd,0x73,0xad,0xed,0x7b,0x2e,0x84,0x19,0xe7,
    0xbc,0xff,0x9b,0xf7,0x4a,0x63,0x8c,0x6b,0xfd,0xff,0xfd,0xff,0xfd,0xff,0xfd,0xff,0xfd,0xff,0xfd,0xff,0xfd,0xff,0xfd,0xff,
    0xfd,0xff,0xfd,0xff,0xfd,0xff,0xfd,0xff,0xfd,0xff,0xfd,0xff,0xfd,0xff,0xfd,0xff,0xfd,0xff,0xfd,0xff,0xfd,0xff,0xfd,0xff,
    0xfd,0xff,0xfd,0xff,0xfd,0xff,0xfd,0xff,0xfd,0xff,0xfd,0xff,0xfd,0xff,0xfd,0xff,0xfd,0xff,0xfd,0xff,0xfd,0xff,0xfd,0xff,
    0xfd,0xff,0xfd,0xff,0xfd,0xff,0xfd,0xff,0xfd,0xff,0xfd,0xff,0xfd,0xff,0xfd,0xff,0xfd,0xff,0xfd,0xff,0xfd,0xff,0xfd,0xff,
    0xfd,0xff,0xfd,0xff,0xfc,0xff,0xfd,0xff,0xfc,0xff,0xfd,0xff,0xfd,0xff,0xdd,0xff,0xfc,0xff,0xfd,0xff,0xfd,0xff,0xfd,0xff,
    0xfd,0xff,0xfd,0xff,0xfd,0xff,0xfd,0xff,0xfd,0xff,0xfd,0xff,0xfd,0xff,0xfd,0xff,0xfd,0xff,0xfd,0xff,0xfd,0xff,0xfd,0xff,
    0xfd,0xff,0xfd,0xff,0xfd,0xff,0xfd,0xff,0xfd,0xff,0xfd,0xff,0xfd,0xff,0xfd,0xff,0xfd,0xff,0xdd,0xff,0xfd,0xff,0xfd,0xff,
    0xfd,0xff,0xfd,0xff,0xfd,0xff,0xfd,0xff,0xfd,0xff,0xfd,0xff,0xfd,0xff,0xfd,0xff,0xfd,0xff,0xfd,0xff,0xfd,0xff,0xfd,0xff,
    0xfd,0xff,0xfd,0xff,0xfd,0xff,0xfd,0xff,0xfd,0xff,0xfd,0xff,0xfd,0xff,0xfd,0xff,0xfd,0xff,0xfd,0xff,0xfd,0xff,0xfd,0xff,
    0xfd,0xff,0xfd,0xff,0xfc,0xff,0xdc,0xff,0xdc,0xff,0xfc,0xff,0xdc,0xff,0xfd,0xff,0xfd,0xff,0xfd,0xff,0xfd,0xff,0xfd,0xff,
    0xfc,0xff,0xfc,0xff,0xdc,0xff,0xfc,0xff,0xfc,0xff,0xfd,0xff,0xfd,0xff,0xfc,0xff,0xfc,0xff,0xfd,0xff,0xfd,0xff,0xfc,0xff,
    0xfd,0xff,0xfd,0xff,0xfd,0xff,0xfd,0xff,0xfd,0xff,0xfd,0xff,0xfd,0xff,0xfc,0xff,0xfc,0xff,0xfc,0xff,0xdc,0xff,0xfd,0xff,
    0xfd,0xff,0xfd,0xff,0xdc,0xff,0xfd,0xff,0xfd,0xff,0xfd,0xff,0xfd,0xff,0xfd,0xff,0xfd,0xff,0xfd,0xff,0xfd,0xff,0xfd,0xff,
    0xfd,0xff,0xfd,0xff,0xfd,0xff,0xfd,0xff,0xfd,0xff,0xfd,0xff,0xfd,0xff,0xfd,0xff,0xfd,0xff,0xfd,0xff,0xfd,0xff,0xfd,0xff,
    0xfd,0xff,0xfd,0xff,0xfd,0xff,0xfd,0xff,0xfd,0xff,0xfd,0xff,0xfd,0xff,0xfd,0xff,0xfd,0xff,0xfd,0xff,0xfd,0xff,0xfd,0xff,
    0xfd,0xff,0xfd,0xff,0xfd,0xff,0xfd,0xff,0xfd,0xff,0xfd,0xff,0xfd,0xff,0xfd,0xff,0xfd,0xff,0xfd,0xff,0xfd,0xff,0xfd,0xff,
    0xfd,0xff,0xfd,0xff,0xfd,0xff,0xfd,0xff,0xfd,0xff,0xfd,0xff,0xfd,0xff,0xfd,0xff,0xfd,0xff,0xfd,0xff,0xfd,0xff,0xfd,0xff,
    0xfd,0xff,0xfd,0xff,0xfd,0xff,0xfd,0xff,0xfd,0xff,0xfd,0xff,0xfd,0xff,0xfd,0xff,0x4a,0x63,0x4b,0x6b,0x9b,0xf7,0xbc,0xff,
    0xd8,0xde,0x0d,0x7c,0x0d,0x7c,0x93,0xad,0x15,0xc6,0xb0,0x94,0xac,0x73,0x52,0xa5,0xdc,0xff,0x9b,0xff,0xbc,0xff,0xbc,0xff,
    0xbc,0xff,0xbb,0xff,0x9b,0xf7,0xfc,0xff,0xac,0x73,0x42,0x21,0x6f,0x8c,0xff,0xff,0xd8,0xde,0x05,0x32,0x05,0x3a,0x97,0xd6,
    0xfc,0xff,0xfc,0xff,0x09,0x5b,0x2a,0x63,0xdc,0xff,0x9b,0xf7,0x9b,0xf7,0x9b,0xff,0x9b,0xff,0x9b,0xff,0x9b,0xff,0x9b,0xff,
    0x9b,0xff,0x9b,0xff,0xbb,0xff,0x9b,0xff,0x9b,0xff,0x9b,0xff,0xbc,0xff,0x9b,0xf7,0x9b,0xf7,0x9b,0xff,0x9b,0xf7,0x9b,0xf7,
    0x9b,0xff,0x9b,0xf7,0x9b,0xff,0x9b,0xf7,0x9b,0xff,0x9b,0xff,0x9b,0xff,0x9b,0xff,0x9b,0xff,0x9b,0xff,0xbb,0xff,0x9b,0xff,
    0x9b,0xff,0x9b,0xff,0xbb,0xff,0xbb,0xff,0xbb,0xff,0xbb,0xff,0xbb,0xff,0xbc,0xff,0x9b,0xff,0xbb,0xff,0x9b,0xff,0x9b,0xff,
    0x9b,0xff,0x9b,0xf7,0x9b,0xff,0x9b,0xff,0x9b,0xff,0x9b,0xff,0xbb,0xff,0x9b,0xf7,0x9b,0xff,0x9b,0xff,0x9b,0xff,0x9b,0xff,
    0xbb,0xff,0xbb,0xff,0xbb,0xff,0xbb,0xff,0xbb,0xff,0xbb,0xff,0x9b,0xff,0x9b,0xff,0x9b,0xff,0x9b,0xff,0xbb,0xff,0x9b,0xff,
    0xbb,0xf7,0xbb,0xff,0x9b,0xff,0xbb,0xff,0x9b,0xff,0xbb,0xff,0x9b,0xff,0x9b,0xff,0x9b,0xff,0x9b,0xff,0x9b,0xff,0xbc,0xff,
    0xbb,0xff,0x9b,0xff,0x9b,0xff,0x9b,0xff,0x9b,0xff,0x9b,0xff,0xbb,0xff,0xbb,0xff,0x9b,0xff,0xbb,0xff,0xbb,0xff,0xbb,0xff,
    0xbb,0xff,0xbb,0xff,0xbb,0xff,0xbb,0xff,0xbb,0xff,0xbb,0xff,0x9b,0xff,0xbb,0xff,0x9b,0xff,0xbb,0xff,0xbb,0xff,0xbb,0xff,
    0x9b,0xff,0xbb,0xff,0x9b,0xff,0x9b,0xff,0x9b,0xff,0x9b,0xff,0x9b,0xff,0xbb,0xff,0xbb,0xff,0xbb,0xff,0x9b,0xff,0x9b,0xff,
    0x9b,0xff,0x9b,0xff,0xbb,0xff,0x9b,0xf7,0xbb,0xff,0xbb,0xff,0x9b,0xff,0xbb,0xff,0x9b,0xff,0xbb,0xff,0xbb,0xff,0x9b,0xff,
    0xbb,0xff,0xbb,0xff,0x9b,0xff,0xbb,0xff,0xbb,0xff,0x9b,0xff,0x9b,0xff,0x9b,0xff,0x9b,0xff,0x9b,0xff,0x9b,0xff,0x9b,0xff,
    0xbb,0xff,0x9b,0xff,0x9b,0xff,0x9b,0xff,0x9b,0xff,0x9b,0xff,0x9b,0xff,0x9b,0xff,0x9b,0xff,0x9b,0xff,0x9b,0xff,0x9c,0xff,
    0xbc,0xff,0xbb,0xff,0x9b,0xff,0x9b,0xff,0xbb,0xff,0xbb,0xff,0x9b,0xff,0x9c,0xff,0xbb,0xff,0x9b,0xff,0xbb,0xff,0xbb,0xff,
    0xbc,0xff,0x9b,0xff,0x9b,0xff,0xbb,0xff,0xbb,0xff,0x9b,0xff,0xbc,0xff,0x9b,0xff,0x9b,0xff,0xbb,0xff,0xbb,0xff,0x9b,0xff,
    0x9b,0xff,0xbb,0xff,0x9b,0xff,0xbb,0xff,0x9b,0xff,0xbc,0xff,0xbc,0xff,0xbb,0xff,0xbb,0xff,0x9b,0xff,0xbb,0xff,0xbb,0xff,
    0x9b,0xff,0x9b,0xff,0x9b,0xff,0x9b,0xff,0x9b,0xff,0xbb,0xff,0x9b,0xff,0xbb,0xff,0x9b,0xff,0x9b,0xff,0x9b,0xff,0x9b,0xf7,
    0x9b,0xff,0x9b,0xff,0x9b,0xff,0x9b,0xff,0x9b,0xf7,0x9b,0xf7,0xbc,0xff,0x9b,0xf7,0xc9,0x52,0x4a,0x63,0xfc,0xff,0xfc,0xff,
    0x56,0xce,0x25,0x3a,0x46,0x3a,0xf9,0xde,0xff,0xff,0x4e,0x8c,0x22,0x19,0xcc,0x73,0xfd,0xff,0x9b,0xf7,0xbc,0xff,0xbc,0xff,
    0xbc,0xff,0xbc,0xff,0xbb,0xff,0xdc,0xff,0x93,0xb5,0x6f,0x8c,0xb0,0x94,0x32,0xa5,0x32,0xa5,0xd0,0x94,0xd0,0x94,0x3a,0xe7,
    0x19,0xe7,0xb3,0xb5,0xac,0x73,0x6f,0x8c,0xdc,0xff,0xbb,0xff,0xbc,0xff,0xbc,0xff,0xbc,0xff,0xbc,0xff,0xbc,0xff,0xbc,0xff,
    0xbc,0xff,0xbc,0xff,0xbc,0xff,0xbc,0xff,0xbc,0xff,0xbc,0xff,0xbc,0xff,0xbc,0xff,0xbc,0xff,0xbc,0xff,0xbc,0xff,0xbc,0xff,
    0xbc,0xff,0xbc,0xff,0xbc,0xff,0xbc,0xff,0xbc,0xff,0xbc,0xff,0xbc,0xff,0xbc,0xff,0xbc,0xff,0xbc,0xff,0xbc,0xff,0xbc,0xff,
    0xbc,0xff,0xbc,0xff,0xbc,0xff,0xbc,0xff,0xbc,0xff,0xbc,0xff,0xbc,0xff,0xbc,0xff,0xbc,0xff,0xbc,0xff,0xbc,0xff,0xbc,0xff,
    0xbc,0xff,0xbc,0xff,0xbc,0xff,0xbc,0xff,0xbc,0xff,0xbc,0xff,0xbc,0xff,0xbc,0xff,0xbc,0xff,0xbc,0xff,0xbc,0xff,0xbc,0xff,
    0xbc,0xff,0xbc,0xff,0xbc,0xff,0xbc,0xff,0xbc,0xff,0xbc,0xff,0xbc,0xff,0xbc,0xff,0xbc,0xff,0xbc,0xff,0xbc,0xff,0xbc,0xff,
    0xbc,0xff,0xbc,0xff,0xbc,0xff,0xbc,0xff,0xbc,0xff,0xbc,0xff,0xbc,0xff,0xbc,0xff,0xbc,0xff,0xbc,0xff,0xbc,0xff,0xbc,0xff,
    0xbc,0xff,0xbc,0xff,0xbc,0xff,0xbc,0xff,0xbc,0xff,0xbc,0xff,0xbc,0xff,0xbc,0xff,0xbc,0xff,0xbc,0xff,0xbc,0xff,0xbc,0xff,
    0xbc,0xff,0xbc,0xff,0xbc,0xff,0xbc,0xff,0xbc,0xff,0xbc,0xff,0xbc,0xff,0xbc,0xff,0xbc,0xff,0xbc,0xff,0xbc,0xff,0xbc,0xff,
    0xbc,0xff,0xbc,0xff,0xbc,0xff,0xbc,0xff,0xbc,0xff,0xbc,0xff,0xbc,0xff,0xbc,0xff,0xbc,0xff,0xbc,0xff,0xbc,0xff,0xbc,0xff,
    0xbc,0xff,0xbc,0xff,0xbc,0xff,0xbc,0xff,0xbc,0xff,0xbc,0xff,0xbc,0xff,0xbc,0xff,0xbc,0xff,0xbc,0xff,0xbc,0xff,0xbc,0xff,
    0xbc,0xff,0xbc,0xff,0xbc,0xff,0xbc,0xff,0xbc,0xff,0xbc,0xff,0xbc,0xff,0xbc,0xff,0xbc,0xff,0xbc,0xff,0xbc,0xff,0xbc,0xff,
    0xbc,0xff,0xbc,0xff,0xbc,0xff,0xbc,0xff,0xbc,0xff,0xbc,0xff,0xbc,0xff,0xbc,0xff,0xbc,0xff,0xbc,0xff,0xbc,0xff,0xbc,0xff,
    0xbc,0xff,0xbc,0xff,0xbc,0xff,0xbc,0xff,0xbc,0xff,0xbc,0xff,0xbc,0xff,0xbc,0xff,0xbc,0xff,0xbc,0xff,0xbc,0xff,0xbc,0xff,
    0xbc,0xff,0xbc,0xff,0xbc,0xff,0xbc,0xff,0xbc,0xff,0xbc,0xff,0xbc,0xff,0xbc,0xff,0xbc,0xff,0xbc,0xff,0xbc,0xff,0xbc,0xff,
    0xbc,0xff,0xbc,0xff,0xbc,0xff,0xbc,0xff,0xbc,0xff,0xbc,0xff,0xbc,0xff,0xbc,0xff,0xbc,0xff,0xbc,0xff,0xbc,0xff,0xbc,0xff,
    0xbc,0xff,0xbc,0xff,0xbc,0xff,0xbc,0xff,0xbc,0xff,0xbc,0xff,0xbc,0xff,0xbc,0xff,0xbc,0xff,0xbc,0xff,0xbc,0xff,0xbc,0xff,
    0xbc,0xff,0xbc,0xff,0xbc,0xff,0xbc,0xff,0xbc,0xff,0xbc,0xff,0xbc,0xff,0x9c,0xf7,0x2e,0x84,0xcd,0x7b,0xb3,0xb5,0x19,0xe7,
    0x3a,0xe7,0xd1,0x94,0xf1,0x9c,0x52,0xad,0x52,0xa5,0xd0,0x9c,0x4e,0x84,0x93,0xb5,0xdc,0xff,0x9b,0xff,0xbc,0xff,0xbc,0xff,
    0xbc,0xff,0xbc,0xff,0xbc,0xff,0xbc,0xff,0xdc,0xff,0xff,0xff,0x94,0xad,0xa4,0x29,0x8b,0x6b,0xfe,0xff,0xdc,0xff,0xfe,0xff,
    0xd5,0xbd,0x63,0x21,0x56,0xc6,0xfd,0xff,0x9b,0xff,0xbc,0xff,0xbc,0xff,0xbc,0xff,0xbc,0xff,0xbc,0xff,0xbc,0xff,0xbc,0xff,
    0xbc,0xff,0xbc,0xff,0xbc,0xff,0xbc,0xff,0xbc,0xff,0xbc,0xff,0xbc,0xff,0xbc,0xff,0xbc,0xff,0xbc,0xff,0xbc,0xff,0xbc,0xff,
    0xbc,0xff,0xbc,0xff,0xbc,0xff,0xbc,0xff,0xbc,0xff,0xbc,0xff,0xbc,0xff,0xbc,0xff,0xbc,0xff,0xbc,0xff,0xbc,0xff,0xbc,0xff,
    0xbc,0xff,0xbc,0xff,0xbc,0xff,0xbc,0xff,0xbc,0xff,0xbc,0xff,0xbc,0xff,0xbc,0xff,0xbc,0xff,0xbc,0xff,0xbc,0xff,0xbc,0xff,
    0xbc,0xff,0xbc,0xff,0xbc,0xff,0xbc,0xff,0xbc,0xff,0xbc,0xff,0xbc,0xff,0xbc,0xff,0xbc,0xff,0xbc,0xff,0xbc,0xff,0xbc,0xff,
    0xbc,0xff,0xbc,0xff,0xbc,0xff,0xbc,0xff,0xbc,0xff,0xbc,0xff,0xbc,0xff,0xbc,0xff,0xbc,0xff,0xbc,0xff,0xbc,0xff,0xbc,0xff,
    0xbc,0xff,0xbc,0xff,0xbc,0xff,0xbc,0xff,0xbc,0xff,0xbc,0xff,0xbc,0xff,0xbc,0xff,0xbc,0xff,0xbc,0xff,0xbc,0xff,0xbc,0xff,
    0xbc,0xff,0xbc,0xff,0xbc,0xff,0xbc,0xff,0xbc,0xff,0xbc,0xff,0xbc,0xff,0xbc,0xff,0xbc,0xff,0xbc,0xff,0xbc,0xff,0xbc,0xff,
    0xbc,0xff,0xbc,0xff,0xbc,0xff,0xbc,0xff,0xbc,0xff,0xbc,0xff,0xbc,0xff,0xbc,0xff,0xbc,0xff,0xbc,0xff,0xbc,0xff,0xbc,0xff,
    0xbc,0xff,0xbc,0xff,0xbc,0xff,0xbc,0xff,0xbc,0xff,0xbc,0xff,0xbc,0xff,0xbc,0xff,0xbc,0xff,0xbc,0xff,0xbc,0xff,0xbc,0xff,
    0xbc,0xff,0xbc,0xff,0xbc,0xff,0xbc,0xff,0xbc,0xff,0xbc,0xff,0xbc,0xff,0xbc,0xff,0xbc,0xff,0xbc,0xff,0xbc,0xff,0xbc,0xff,
    0xbc,0xff,0xbc,0xff,0xbc,0xff,0xbc,0xff,0xbc,0xff,0xbc,0xff,0xbc,0xff,0xbc,0xff,0xbc,0xff,0xbc,0xff,0xbc,0xff,0xbc,0xff,
    0xbc,0xff,0xbc,0xff,0xbc,0xff,0xbc,0xff,0xbc,0xff,0xbc,0xff,0xbc,0xff,0xbc,0xff,0xbc,0xff,0xbc,0xff,0xbc,0xff,0xbc,0xff,
    0xbc,0xff,0xbc,0xff,0xbc,0xff,0xbc,0xff,0xbc,0xff,0xbc,0xff,0xbc,0xff,0xbc,0xff,0xbc,0xff,0xbc,0xff,0xbc,0xff,0xbc,0xff,
    0xbc,0xff,0xbc,0xff,0xbc,0xff,0xbc,0xff,0xbc,0xff,0xbc,0xff,0xbc,0xff,0xbc,0xff,0xbc,0xff,0xbc,0xff,0xbc,0xff,0xbc,0xff,
    0xbc,0xff,0xbc,0xff,0xbc,0xff,0xbc,0xff,0xbc,0xff,0xbc,0xff,0xbc,0xff,0xbc,0xff,0xbc,0xff,0xbc,0xff,0xbc,0xff,0xbc,0xff,
    0xbc,0xff,0xbc,0xff,0xbc,0xff,0xbc,0xff,0xbc,0xff,0xbc,0xff,0xbc,0xff,0xbc,0xff,0xbc,0xff,0xbc,0xff,0xbc,0xff,0xbc,0xff,
    0xbc,0xff,0xbc,0xff,0xbc,0xff,0xbc,0xff,0xbc,0xff,0xbc,0xff,0xbc,0xff,0x9b,0xf7,0xfd,0xff,0x15,0xc6,0x42,0x21,0xb4,0xb5,
    0xff,0xff,0xfd,0xff,0xfe,0xff,0x8b,0x6b,0x84,0x29,0xb4,0xb5,0xfe,0xff,0xdc,0xff,0xbb,0xff,0xbc,0xff,0xbc,0xff,0xbc,0xff,
    0xbc,0xff,0xbc,0xff,0xbc,0xff,0xbc,0xff,0x9b,0xf7,0xfd,0xff,0xd5,0xb5,0xc8,0x52,0x2e,0x7c,0xbc,0xff,0xbb,0xff,0x6f,0x8c,
    0x0e,0x7c,0xb4,0xb5,0x39,0xe7,0xbc,0xff,0xbb,0xff,0xbc,0xff,0xbc,0xff,0xbc,0xff,0xbc,0xff,0xbc,0xff,0xbc,0xff,0xbc,0xff,
    0xbc,0xff,0xbc,0xff,0xbc,0xff,0xbc,0xff,0xbc,0xff,0xbc,0xff,0xbc,0xff,0xbc,0xff,0xbc,0xff,0xbc,0xff,0xbc,0xff,0xbc,0xff,
    0xbc,0xff,0xbc,0xff,0xbc,0xff,0xbc,0xff,0xbc,0xff,0xbc,0xff,0xbc,0xff,0xbc,0xff,0xbc,0xff,0xbc,0xff,0xbc,0xff,0xbc,0xff,
    0xbc,0xff,0xbc,0xff,0xbc,0xff,0xbc,0xff,0xbc,0xff,0xbc,0xff,0xbc,0xff,0xbc,0xff,0xbc,0xff,0xbc,0xff,0xbc,0xff,0xbc,0xff,
    0xbc,0xff,0xbc,0xff,0xbc,0xff,0xbc,0xff,0xbc,0xff,0xbc,0xff,0xbc,0xff,0xbc,0xff,0xbc,0xff,0xbc,0xff,0xbc,0xff,0xbc,0xff,
    0xbc,0xff,0xbc,0xff,0xbc,0xff,0xbc,0xff,0xbc,0xff,0xbc,0xff,0xbc,0xff,0xbc,0xff,0xbc,0xff,0xbc,0xff,0xbc,0xff,0xbc,0xff,
    0xbc,0xff,0xbc,0xff,0xbc,0xff,0xbc,0xff,0xbc,0xff,0xbc,0xff,0xbc,0xff,0xbc,0xff,0xbc,0xff,0xbc,0xff,0xbc,0xff,0xbc,0xff,
    0xbc,0xff,0xbc,0xff,0xbc,0xff,0xbc,0xff,0xbc,0xff,0xbc,0xff,0xbc,0xff,0xbc,0xff,0xbc,0xff,0xbc,0xff,0xbc,0xff,0xbc,0xff,
    0xbc,0xff,0xbc,0xff,0xbc,0xff,0xbc,0xff,0xbc,0xff,0xbc,0xff,0xbc,0xff,0xbc,0xff,0xbc,0xff,0xbc,0xff,0xbc,0xff,0xbc,0xff,
    0xbc,0xff,0xbc,0xff,0xbc,0xff,0xbc,0xff,0xbc,0xff,0xbc,0xff,0xbc,0xff,0xbc,0xff,0xbc,0xff,0xbc,0xff,0xbc,0xff,0xbc,0xff,
    0xbc,0xff,0xbc,0xff,0xbc,0xff,0xbc,0xff,0xbc,0xff,0xbc,0xff,0xbc,0xff,0xbc,0xff,0xbc,0xff,0xbc,0xff,0xbc,0xff,0xbc,0xff,
    0xbc,0xff,0xbc,0xff,0xbc,0xff,0xbc,0xff,0xbc,0xff,0xbc,0xff,0xbc,0xff,0xbc,0xff,0xbc,0xff,0xbc,0xff,0xbc,0xff,0xbc,0xff,
    0xbc,0xff,0xbc,0xff,0xbc,0xff,0xbc,0xff,0xbc,0xff,0xbc,0xff,0xbc,0xff,0xbc,0xff,0xbc,0xff,0xbc,0xff,0xbc,0xff,0xbc,0xff,
    0xbc,0xff,0xbc,0xff,0xbc,0xff,0xbc,0xff,0xbc,0xff,0xbc,0xff,0xbc,0xff,0xbc,0xff,0xbc,0xff,0xbc,0xff,0xbc,0xff,0xbc,0xff,
    0xbc,0xff,0xbc,0xff,0xbc,0xff,0xbc,0xff,0xbc,0xff,0xbc,0xff,0xbc,0xff,0xbc,0xff,0xbc,0xff,0xbc,0xff,0xbc,0xff,0xbc,0xff,
    0xbc,0xff,0xbc,0xff,0xbc,0xff,0xbc,0xff,0xbc,0xff,0xbc,0xff,0xbc,0xff,0xbc,0xff,0xbc,0xff,0xbc,0xff,0xbc,0xff,0xbc,0xff,
    0xbc,0xff,0xbc,0xff,0xbc,0xff,0xbc,0xff,0xbc,0xff,0xbc,0xff,0xbc,0xff,0xbc,0xff,0xbc,0xff,0xbc,0xff,0xbc,0xff,0xbc,0xff,
    0xbc,0xff,0xbc,0xff,0xbc,0xff,0xbc,0xff,0xbc,0xff,0xbc,0xff,0xbc,0xff,0xbb,0xff,0xbc,0xff,0x19,0xe7,0xb4,0xb5,0x0e,0x7c,
    0x8f,0x8c,0xbb,0xff,0xbc,0xff,0x0d,0x7c,0xa8,0x52,0xf5,0xbd,0xdc,0xff,0x9b,0xf7,0xbc,0xff,0xbc,0xff,0xbc,0xff,0xbc,0xff,
    0xbc,0xff,0xbb,0xff,0xbc,0xff,0xbc,0xff,0xbc,0xff,0x9b,0xff,0x7b,0xf7,0x3a,0xef,0x5a,0xef,0x5a,0xef,0xf8,0xe6,0x2a,0x63,
    0xcc,0x73,0xfe,0xff,0xbc,0xff,0xbb,0xff,0xbc,0xff,0xbc,0xff,0xbc,0xff,0xbc,0xff,0xbc,0xff,0xbc,0xff,0xbc,0xff,0xbc,0xff,
    0xbc,0xff,0xbc,0xff,0xbc,0xff,0xbc,0xff,0xbc,0xff,0xbc,0xff,0xbc,0xff,0xbc,0xff,0xbc,0xff,0xbc,0xff,0xbc,0xff,0xbc,0xff,
    0xbc,0xff,0xbc,0xff,0xbc,0xff,0xbc,0xff,0xbc,0xff,0xbc,0xff,0xbc,0xff,0xbc,0xff,0xbc,0xff,0xbc,0xff,0xbc,0xff,0xbc,0xff,
    0xbb,0xff,0xbb,0xff,0xbc,0xff,0xbc,0xff,0xbc,0xff,0xbc,0xff,0xbc,0xff,0xbc,0xff,0xbb,0xff,0xbc,0xff,0xbc,0xff,0xbc,0xff,
    0xbc,0xff,0xbc,0xff,0xbc,0xff,0xbc,0xff,0xbc,0xff,0xbc,0xff,0xbc,0xff,0xbc,0xff,0xbc,0xff,0xbc,0xff,0xbc,0xff,0xbc,0xff,
    0xbc,0xff,0xbc,0xff,0xbc,0xff,0xbc,0xff,0xbc,0xff,0xbc,0xff,0xbc,0xff,0xbc,0xff,0xbc,0xff,0xbc,0xff,0xbc,0xff,0xbc,0xff,
    0xbc,0xff,0xbc,0xff,0xbc,0xff,0xbc,0xff,0xbc,0xff,0xbc,0xff,0xbc,0xff,0xbc,0xff,0xbc,0xff,0xbc,0xff,0xbc,0xff,0xbc,0xff,
    0xbc,0xff,0xbc,0xff,0xbc,0xff,0xbc,0xff,0xbc,0xff,0xbc,0xff,0xbc,0xff,0xbc,0xff,0xbc,0xff,0xbc,0xff,0xbc,0xff,0xbc,0xff,
    0xbc,0xff,0xbc,0xff,0xbc,0xff,0xbc,0xff,0xbc,0xff,0xbc,0xff,0xbc,0xff,0xbc,0xff,0xbc,0xff,0xbc,0xff,0xbc,0xff,0xbc,0xff,
    0xbc,0xff,0xbc,0xff,0xbc,0xff,0xbc,0xff,0xbc,0xff,0xbc,0xff,0xbc,0xff,0xbc,0xff,0xbc,0xff,0xbc,0xff,0xbc,0xff,0xbc,0xff,
    0xbc,0xff,0xbc,0xff,0xbc,0xff,0xbc,0xff,0xbc,0xff,0xbc,0xff,0xbc,0xff,0xbc,0xff,0xbc,0xff,0xbc,0xff,0xbc,0xff,0xbc,0xff,
    0xbc,0xff,0xbc,0xff,0xbc,0xff,0xbc,0xff,0xbc,0xff,0xbc,0xff,0xbc,0xff,0xbc,0xff,0xbc,0xff,0xbc,0xff,0xbc,0xff,0xbc,0xff,
    0xbc,0xff,0xbc,0xff,0xbc,0xff,0xbc,0xff,0xbc,0xff,0xbc,0xff,0xbc,0xff,0xbc,0xff,0xbc,0xff,0xbc,0xff,0xbc,0xff,0xbc,0xff,
    0xbc,0xff,0xbc,0xff,0xbc,0xff,0xbc,0xff,0xbc,0xff,0xbc,0xff,0xbc,0xff,0xbc,0xff,0xbc,0xff,0xbc,0xff,0xbc,0xff,0xbc,0xff,
    0xbc,0xff,0xbc,0xff,0xbc,0xff,0xbc,0xff,0xbc,0xff,0xbc,0xff,0xbc,0xff,0xbc,0xff,0xbc,0xff,0xbc,0xff,0xbc,0xff,0xbc,0xff,
    0xbc,0xff,0xbc,0xff,0xbc,0xff,0xbc,0xff,0xbc,0xff,0xbc,0xff,0xbc,0xff,0xbc,0xff,0xbc,0xff,0xbc,0xff,0xbc,0xff,0xbc,0xff,
    0xbc,0xff,0xbc,0xff,0xbc,0xff,0xbc,0xff,0xbc,0xff,0xbc,0xff,0xbc,0xff,0xbc,0xff,0xbc,0xff,0xbc,0xff,0xbc,0xff,0xbc,0xff,
    0xbc,0xff,0xbc,0xff,0xbc,0xff,0xbc,0xff,0xbc,0xff,0xbc,0xff,0xbc,0xff,0xbc,0xff,0xbc,0xff,0xbc,0xff,0xfe,0xff,0xed,0x73,
    0x09,0x5b,0x19,0xe7,0x7a,0xf7,0x5a,0xef,0x3b,0xef,0x7b,0xf7,0x9b,0xff,0xbb,0xff,0xbc,0xff,0xbc,0xff,0xbc,0xff,0xbc,0xff,
    0xbc,0xff,0xbc,0xff,0xbc,0xff,0xbc,0xff,0x9b,0xff,0xdc,0xff,0xfe,0xff,0xfd,0xff,0xfe,0xff,0x16,0xc6,0x05,0x3a,0x56,0xce,
    0x9b,0xf7,0x9b,0xf7,0xbb,0xff,0xbc,0xff,0xbc,0xff,0xbc,0xff,0xbc,0xff,0xbc,0xff,0xbc,0xff,0xbc,0xff,0xbc,0xff,0xbc,0xff,
    0xbc,0xff,0xbc,0xff,0xbc,0xff,0xbc,0xff,0xbc,0xff,0xbc,0xff,0xbc,0xff,0xbc,0xff,0xbc,0xff,0xbc,0xff,0xbc,0xff,0xbc,0xff,
    0xbc,0xff,0xbc,0xff,0xbc,0xff,0xbc,0xff,0xbc,0xff,0xbc,0xff,0xbc,0xff,0xbc,0xff,0xbc,0xff,0xbc,0xff,0xbc,0xff,0xbc,0xff,
    0xdc,0xff,0xdc,0xff,0xdc,0xff,0xdc,0xff,0xdc,0xff,0xdc,0xff,0xdc,0xff,0xdc,0xff,0xdc,0xff,0xdc,0xff,0xdc,0xff,0xbc,0xff,
    0xbc,0xff,0xbc,0xff,0xbc,0xff,0xbc,0xff,0xbc,0xff,0xbc,0xff,0xbc,0xff,0xbc,0xff,0xbc,0xff,0xbc,0xff,0xbc,0xff,0xbc,0xff,
    0xbc,0xff,0xbc,0xff,0xbc,0xff,0xbc,0xff,0xbc,0xff,0xbc,0xff,0xbc,0xff,0xbc,0xff,0xbc,0xff,0xbc,0xff,0xbc,0xff,0xbc,0xff,
    0xbc,0xff,0xbc,0xff,0xbc,0xff,0xbc,0xff,0xbc,0xff,0xbc,0xff,0xbc,0xff,0xbc,0xff,0xbc,0xff,0xbc,0xff,0xbc,0xff,0xbc,0xff,
    0xbc,0xff,0xbc,0xff,0xbc,0xff,0xbc,0xff,0xbc,0xff,0xbc,0xff,0xbc,0xff,0xbc,0xff,0xbc,0xff,0xbc,0xff,0xbc,0xff,0xbc,0xff,
    0xbc,0xff,0xbc,0xff,0xbc,0xff,0xbc,0xff,0xbc,0xff,0xbc,0xff,0xbc,0xff,0xbc,0xff,0xbc,0xff,0xbc,0xff,0xbc,0xff,0xbc,0xff,
    0xbc,0xff,0xbc,0xff,0xbc,0xff,0xbc,0xff,0xbc,0xff,0xbc,0xff,0xbc,0xff,0xbc,0xff,0xbc,0xff,0xbc,0xff,0xbc,0xff,0xbc,0xff,
    0xbc,0xff,0xbc,0xff,0xbc,0xff,0xbc,0xff,0xbc,0xff,0xbc,0xff,0xbc,0xff,0xbc,0xff,0xbc,0xff,0xbc,0xff,0xbc,0xff,0xbc,0xff,
    0xbc,0xff,0xbc,0xff,0xbc,0xff,0xbc,0xff,0xbc,0xff,0xbc,0xff,0xbc,0xff,0xbc,0xff,0xbc,0xff,0xbc,0xff,0xbc,0xff,0xbc,0xff,
    0xbc,0xff,0xbc,0xff,0xbc,0xff,0xbc,0xff,0xbc,0xff,0xbc,0xff,0xbc,0xff,0xbc,0xff,0xbc,0xff,0xbc,0xff,0xbc,0xff,0xbc,0xff,
    0xbc,0xff,0xbc,0xff,0xbc,0xff,0xbc,0xff,0xbc,0xff,0xbc,0xff,0xbc,0xff,0xbc,0xff,0xbc,0xff,0xbc,0xff,0xbc,0xff,0xbc,0xff,
    0xbc,0xff,0xbc,0xff,0xbc,0xff,0xbc,0xff,0xbc,0xff,0xbc,0xff,0xbc,0xff,0xbc,0xff,0xbc,0xff,0xbc,0xff,0xbc,0xff,0xbc,0xff,
    0xbc,0xff,0xbc,0xff,0xbc,0xff,0xbc,0xff,0xbc,0xff,0xbc,0xff,0xbc,0xff,0xbc,0xff,0xbc,0xff,0xbc,0xff,0xbc,0xff,0xbc,0xff,
    0xbc,0xff,0xbc,0xff,0xbc,0xff,0xbc,0xff,0xbc,0xff,0xbc,0xff,0xbc,0xff,0xbc,0xff,0xbc,0xff,0xbc,0xff,0xbc,0xff,0xbc,0xff,
    0xbc,0xff,0xbc,0xff,0xbc,0xff,0xbc,0xff,0xbc,0xff,0xbc,0xff,0xbc,0xff,0xbc,0xff,0xbc,0xff,0xbc,0xff,0x9b,0xf7,0xbc,0xf7,
    0x16,0xc6,0xc5,0x31,0xd4,0xbd,0xfe,0xff,0xfd,0xff,0xfd,0xff,0xdc,0xff,0xbc,0xff,0xbc,0xff,0xbb,0xff,0xbc,0xff,0xbc,0xff,
    0xbb,0xff,0xbc,0xff,0xbc,0xff,0x9b,0xf7,0xdc,0xff,0x56,0xce,0xf1,0x9c,0x11,0xa5,0x11,0xa5,0xd0,0x94,0xd1,0x94,0x39,0xef,
    0xdc,0xff,0x9b,0xff,0xbc,0xff,0xbc,0xff,0xbc,0xff,0xbc,0xff,0xbc,0xff,0xbc,0xff,0xbc,0xff,0xbc,0xff,0xbc,0xff,0xbc,0xff,
    0xbc,0xff,0xbc,0xff,0xbc,0xff,0xbc,0xff,0xbc,0xff,0xbc,0xff,0xbc,0xff,0xbc,0xff,0xbc,0xff,0xbc,0xff,0xbc,0xff,0xbc,0xff,
    0xbc,0xff,0xbc,0xff,0xbc,0xff,0xbc,0xff,0xbc,0xff,0xbc,0xff,0xbc,0xff,0xbc,0xff,0xbc,0xff,0xbc,0xff,0xbc,0xff,0x9b,0xf7,
    0x19,0xe7,0x19,0xe7,0x19,0xe7,0x19,0xe7,0xf9,0xe6,0x19,0xe7,0x19,0xe7,0x19,0xe7,0x19,0xe7,0x19,0xe7,0x1a,0xe7,0x9b,0xf7,
    0xbc,0xff,0xbc,0xff,0xbc,0xff,0xbc,0xff,0xbc,0xff,0xbc,0xff,0xbc,0xff,0xbc,0xff,0xbc,0xff,0xbc,0xff,0xbc,0xff,0xbc,0xff,
    0xbc,0xff,0xbc,0xff,0xbc,0xff,0xbc,0xff,0xbc,0xff,0xbc,0xff,0xbc,0xff,0xbc,0xff,0xbc,0xff,0xbc,0xff,0xbc,0xff,0xbc,0xff,
    0xbc,0xff,0xbc,0xff,0xbc,0xff,0xbc,0xff,0xbc,0xff,0xbc,0xff,0xbc,0xff,0xbc,0xff,0xbc,0xff,0xbc,0xff,0xbc,0xff,0xbc,0xff,
    0xbc,0xff,0xbc,0xff,0xbc,0xff,0xbc,0xff,0xbc,0xff,0xbc,0xff,0xbc,0xff,0xbc,0xff,0xbc,0xff,0xbc,0xff,0xbc,0xff,0xbc,0xff,
    0xbc,0xff,0xbc,0xff,0xbc,0xff,0xbc,0xff,0xbc,0xff,0xbc,0xff,0xbc,0xff,0xbc,0xff,0xbc,0xff,0xbc,0xff,0xbc,0xff,0xbc,0xff,
    0x9b,0xf7,0x9b,0xf7,0x9b,0xf7,0x9b,0xff,0x9b,0xff,0x9b,0xff,0x9b,0xff,0x9b,0xf7,0x9b,0xf7,0x9b,0xf7,0x9b,0xf7,0x9b,0xf7,
    0x9c,0xf7,0x9b,0xf7,0x9b,0xf7,0x9b,0xff,0x9b,0xff,0x9b,0xf7,0x9c,0xff,0x9c,0xff,0x9c,0xff,0x9c,0xf7,0x9b,0xf7,0x9b,0xf7,
    0x9c,0xf7,0xbc,0xff,0xbc,0xff,0xbc,0xff,0xbc,0xff,0xbc,0xff,0xbb,0xf7,0x9b,0xf7,0x9b,0xf7,0x9b,0xf7,0xbc,0xff,0xbc,0xff,
    0xbc,0xff,0xbc,0xff,0xbc,0xff,0xbc,0xff,0xbc,0xff,0xbc,0xff,0xbc,0xff,0xbc,0xff,0xbc,0xff,0xbc,0xff,0xbc,0xff,0xbc,0xff,
    0xbc,0xff,0xbc,0xff,0xbc,0xff,0xbc,0xff,0xbc,0xff,0xbc,0xff,0xbc,0xff,0xbc,0xff,0xbc,0xff,0xbc,0xff,0xbc,0xff,0xbc,0xff,
    0xbc,0xff,0xbc,0xff,0xbc,0xff,0xbc,0xff,0xbc,0xff,0xbc,0xff,0xbc,0xff,0xbc,0xff,0xbc,0xff,0xbc,0xff,0xbc,0xff,0xbc,0xff,
    0xbc,0xff,0xbc,0xff,0xbc,0xff,0xbc,0xff,0xbc,0xff,0xbc,0xff,0xbc,0xff,0xbc,0xff,0xbc,0xff,0xbc,0xff,0xbc,0xff,0xbc,0xff,
    0xbc,0xff,0xbc,0xff,0xbc,0xff,0xbc,0xff,0xbc,0xff,0xbc,0xff,0xbc,0xff,0xbc,0xff,0xbc,0xff,0xbc,0xff,0xbc,0xff,0xbc,0xff,
    0xbc,0xff,0xbc,0xff,0xbc,0xff,0xbc,0xff,0xbc,0xff,0xbc,0xff,0xbc,0xff,0xbc,0xff,0xbc,0xff,0xbc,0xff,0xbb,0xff,0xfd,0xff,
    0x19,0xe7,0x6f,0x8c,0x4e,0x84,0xf0,0x9c,0x11,0xa5,0xf0,0x9c,0x98,0xd6,0xdd,0xff,0x9b,0xff,0xbc,0xff,0xbc,0xff,0xbc,0xff,
    0xbb,0xff,0xbb,0xff,0xbb,0xff,0x9b,0xf7,0xfe,0xff,0xb0,0x94,0xa4,0x31,0x06,0x3a,0xa4,0x29,0x4a,0x63,0xfe,0xff,0xbb,0xff,
    0x9b,0xff,0xbc,0xff,0xbc,0xff,0xbc,0xff,0xbc,0xff,0xbc,0xff,0xbc,0xff,0xbc,0xff,0xbc,0xff,0xbc,0xff,0xbc,0xff,0xbc,0xff,
    0xbc,0xff,0xbc,0xff,0xbc,0xff,0xbc,0xff,0xbc,0xff,0xbc,0xff,0xbc,0xff,0xbc,0xff,0xbc,0xff,0xbc,0xff,0xbc,0xff,0xbc,0xff,
    0xbc,0xff,0xbc,0xff,0xbc,0xff,0xbc,0xff,0xbc,0xff,0xbc,0xff,0xbc,0xff,0xbc,0xff,0xbc,0xff,0x9b,0xf7,0xfd,0xff,0xb4,0xbd,
    0x44,0x29,0xa5,0x31,0x85,0x31,0x85,0x31,0x84,0x31,0x84,0x29,0x64,0x29,0x84,0x29,0x84,0x29,0x85,0x31,0x44,0x29,0x16,0xc6,
    0xfd,0xff,0x9b,0xf7,0xbc,0xff,0xbc,0xff,0xbc,0xff,0xbc,0xff,0xbc,0xff,0xbc,0xff,0xbc,0xff,0xbc,0xff,0xbc,0xff,0xbc,0xff,
    0xbc,0xff,0xbc,0xff,0xbc,0xff,0xbc,0xff,0xbc,0xff,0xbc,0xff,0xbc,0xff,0xbc,0xff,0xbc,0xff,0xbc,0xff,0xbc,0xff,0xbc,0xff,
    0xbc,0xff,0xbc,0xff,0xbc,0xff,0xbc,0xff,0xbc,0xff,0xbc,0xff,0xbc,0xff,0xbb,0xff,0xbc,0xff,0xbc,0xff,0xbc,0xff,0xbc,0xff,
    0xbc,0xff,0xbc,0xff,0xbc,0xff,0xbc,0xff,0xbc,0xff,0xbc,0xff,0xbc,0xff,0xbc,0xff,0xbc,0xff,0xbc,0xff,0xbc,0xff,0xbc,0xff,
    0xbc,0xff,0xbc,0xff,0xbc,0xff,0xbc,0xff,0xbc,0xff,0xbc,0xff,0xbc,0xff,0xbc,0xff,0xbc,0xff,0xbc,0xff,0xbc,0xff,0xbc,0xff,
    0xfd,0xff,0xfd,0xff,0xfd,0xff,0xfd,0xff,0xfd,0xff,0xfd,0xff,0xfd,0xff,0xfd,0xff,0xfd,0xff,0xfd,0xff,0xfd,0xff,0xfd,0xff,
    0xfd,0xff,0xfd,0xff,0xfd,0xff,0xfd,0xff,0xfd,0xff,0xfd,0xff,0xfd,0xff,0xfd,0xff,0xfd,0xff,0xfd,0xff,0xfd,0xff,0xfd,0xff,
    0xfd,0xff,0xbc,0xff,0xbc,0xff,0xbc,0xff,0xbc,0xff,0x9b,0xf7,0xfd,0xff,0xfd,0xff,0xfd,0xff,0xfe,0xff,0xdc,0xff,0xbc,0xff,
    0xbc,0xff,0xbc,0xff,0xbc,0xff,0xbc,0xff,0xbc,0xff,0xbc,0xff,0xbc,0xff,0xbc,0xff,0xbc,0xff,0xbc,0xff,0xbc,0xff,0xbc,0xff,
    0xbc,0xff,0xbc,0xff,0xbc,0xff,0xbc,0xff,0xbc,0xff,0xbc,0xff,0xbc,0xff,0xbc,0xff,0xbc,0xff,0xbc,0xff,0xbc,0xff,0xbc,0xff,
    0xbc,0xff,0xbc,0xff,0xbc,0xff,0xbc,0xff,0xbc,0xff,0xbc,0xff,0xbc,0xff,0xbc,0xff,0xbc,0xff,0xbc,0xff,0xbc,0xff,0xbc,0xff,
    0xbc,0xff,0xbc,0xff,0xbc,0xff,0xbc,0xff,0xbc,0xff,0xbc,0xff,0xbc,0xff,0xbc,0xff,0xbc,0xff,0xbc,0xff,0xbc,0xff,0xbc,0xff,
    0xbc,0xff,0xbc,0xff,0xbc,0xff,0xbc,0xff,0xbc,0xff,0xbc,0xff,0xbc,0xff,0xbc,0xff,0xbc,0xff,0xbc,0xff,0xbc,0xff,0xbc,0xff,
    0xbc,0xff,0xbc,0xff,0xbc,0xff,0xbc,0xff,0xbc,0xff,0xbc,0xff,0xbc,0xff,0xbc,0xff,0xbc,0xff,0xbc,0xff,0xbc,0xff,0x9b,0xff,
    0xbc,0xff,0xfe,0xff,0x2a,0x63,0x83,0x29,0x26,0x3a,0xa4,0x29,0x53,0xad,0xfd,0xff,0x9b,0xf7,0xbc,0xff,0xbc,0xff,0xbc,0xff,
    0x9b,0xff,0x9b,0xf7,0xdc,0xff,0x19,0xe7,0x6b,0x6b,0x6f,0x8c,0x36,0xc6,0x15,0xc6,0x15,0xc6,0x77,0xd6,0x9b,0xf7,0xbb,0xff,
    0xbb,0xff,0xbc,0xff,0xbc,0xff,0xbc,0xff,0xbc,0xff,0xbc,0xff,0xbc,0xff,0xbc,0xff,0xbc,0xff,0xbc,0xff,0xbc,0xff,0xbc,0xff,
    0xbc,0xff,0xbc,0xff,0xbc,0xff,0xbc,0xff,0xbc,0xff,0xbc,0xff,0xbc,0xff,0xbc,0xff,0xbc,0xff,0xbc,0xff,0xbb,0xff,0x9b,0xf7,
    0x9b,0xf7,0x9b,0xf7,0x9b,0xf7,0x9b,0xf7,0x9b,0xf7,0xbc,0xff,0xbc,0xff,0xbc,0xff,0xbc,0xff,0x9b,0xf7,0xfd,0xff,0x94,0xb5,
    0xe2,0x18,0x44,0x29,0x23,0x21,0x23,0x21,0x23,0x21,0x23,0x21,0x23,0x21,0x23,0x21,0x23,0x21,0x24,0x21,0xc2,0x18,0xd5,0xbd,
    0xfd,0xff,0x9b,0xf7,0xbc,0xff,0xbc,0xff,0xbc,0xff,0xbc,0xff,0xbc,0xff,0xbc,0xff,0xbc,0xff,0xbc,0xff,0xbc,0xff,0xbc,0xff,
    0xbc,0xff,0xbc,0xff,0xbc,0xff,0xbc,0xff,0xbc,0xff,0xbc,0xff,0x9b,0xf7,0x9b,0xf7,0x9b,0xf7,0x9b,0xf7,0x9b,0xf7,0x9b,0xf7,
    0x9b,0xf7,0x9b,0xf7,0x9b,0xf7,0x9b,0xf7,0x9b,0xf7,0x9b,0xf7,0x9b,0xf7,0x9b,0xf7,0x9b,0xf7,0x9b,0xf7,0x9b,0xf7,0x9b,0xf7,
    0x9b,0xf7,0x9b,0xf7,0x9b,0xf7,0x9b,0xf7,0x9b,0xf7,0x9b,0xf7,0x9b,0xf7,0x9b,0xf7,0x9b,0xf7,0x9b,0xf7,0x9b,0xf7,0x9b,0xf7,
    0x9b,0xf7,0xbc,0xff,0xbc,0xff,0xbc,0xff,0xbc,0xff,0xbc,0xff,0xbc,0xff,0xbc,0xff,0xbc,0xff,0xbc,0xff,0xbc,0xff,0x9b,0xf7,
    0x36,0xce,0x16,0xc6,0x36,0xc6,0x16,0xc6,0x16,0xc6,0x16,0xc6,0x16,0xc6,0x16,0xc6,0x16,0xc6,0x16,0xc6,0x16,0xc6,0x16,0xc6,
    0x16,0xc6,0x16,0xc6,0x16,0xc6,0x16,0xc6,0x16,0xc6,0x16,0xc6,0x16,0xc6,0x16,0xc6,0x16,0xc6,0x16,0xc6,0x16,0xc6,0x16,0xc6,
    0x57,0xce,0xbc,0xff,0xbc,0xff,0xbb,0xff,0xdc,0xff,0xff,0xff,0xf6,0xc5,0x90,0x94,0xb0,0x9c,0xb0,0x94,0x1a,0xe7,0xdc,0xff,
    0xbb,0xff,0xbc,0xff,0xbc,0xff,0xbc,0xff,0xbc,0xff,0xbc,0xff,0xbc,0xff,0xbc,0xff,0xbc,0xff,0xbc,0xff,0xbc,0xff,0xbc,0xff,
    0xbc,0xff,0xbc,0xff,0xbc,0xff,0xbc,0xff,0xbc,0xff,0x9b,0xf7,0x9b,0xf7,0x9b,0xf7,0x9b,0xf7,0x9b,0xf7,0x9b,0xf7,0x9b,0xf7,
    0x9b,0xf7,0x9b,0xf7,0x9b,0xf7,0x9b,0xf7,0x9b,0xf7,0x9b,0xf7,0x9b,0xf7,0x9b,0xf7,0x9b,0xf7,0x9b,0xf7,0x9b,0xf7,0x9b,0xf7,
    0x9b,0xf7,0x9b,0xf7,0x9b,0xf7,0x9b,0xf7,0x9b,0xf7,0x9b,0xf7,0x9b,0xf7,0x9b,0xf7,0x9b,0xf7,0x9b,0xf7,0x9b,0xf7,0x9b,0xf7,
    0x9b,0xf7,0x9b,0xf7,0xbc,0xff,0xbc,0xff,0xbc,0xff,0xbc,0xff,0xbc,0xff,0xbc,0xff,0xbc,0xff,0xbc,0xff,0xbc,0xff,0xbc,0xff,
    0xbc,0xff,0xbc,0xff,0xbc,0xff,0xbc,0xff,0xbc,0xff,0xbc,0xff,0xbc,0xff,0xbc,0xff,0xbc,0xff,0xbc,0xff,0xbc,0xff,0xbc,0xff,
    0xbc,0xff,0xbb,0xff,0x36,0xce,0xd4,0xbd,0xf5,0xbd,0x16,0xc6,0x4f,0x8c,0x8b,0x6b,0x3a,0xef,0xdc,0xff,0xbb,0xff,0xbc,0xff,
    0xbb,0xff,0x9b,0xff,0xdc,0xff,0xf9,0xde,0x26,0x42,0xaf,0x94,0xfe,0xff,0xdc,0xff,0xfd,0xff,0xfd,0xff,0xbb,0xff,0xbc,0xff,
    0xbc,0xff,0xbc,0xff,0xbc,0xff,0xbc,0xff,0xbc,0xff,0xbc,0xff,0xbc,0xff,0xbc,0xff,0xbc,0xff,0xbc,0xff,0xbc,0xff,0xbc,0xff,
    0xbc,0xff,0xbc,0xff,0xbc,0xff,0xbc,0xff,0xbc,0xff,0xbc,0xff,0xbc,0xff,0xbc,0xff,0xbc,0xff,0xbb,0xff,0xfc,0xff,0xfd,0xff,
    0xfd,0xff,0xfd,0xff,0xfd,0xff,0xfe,0xff,0xfd,0xff,0xbc,0xff,0xbc,0xff,0xbc,0xff,0xbc,0xff,0x9b,0xf7,0xfd,0xff,0xd5,0xbd,
    0xe2,0x18,0x44,0x29,0x44,0x29,0x44,0x29,0x44,0x29,0x24,0x21,0x44,0x29,0x44,0x29,0x44,0x29,0x44,0x29,0xe3,0x18,0xf5,0xbd,
    0xfd,0xff,0x9b,0xf7,0xbc,0xff,0xbc,0xff,0xbc,0xff,0xbc,0xff,0xbc,0xff,0xbc,0xff,0xbc,0xff,0xbc,0xff,0xbc,0xff,0xbc,0xff,
    0xbc,0xff,0xbc,0xff,0xbc,0xff,0xbc,0xff,0xbc,0xff,0xbc,0xff,0xfd,0xff,0xfd,0xff,0xfd,0xff,0xfd,0xff,0xfd,0xff,0xfd,0xff,
    0xfd,0xff,0xfd,0xff,0xfd,0xff,0xfd,0xff,0xfd,0xff,0xfd,0xff,0xfd,0xff,0xfd,0xff,0xfd,0xff,0xfd,0xff,0xfd,0xff,0xfd,0xff,
    0xfd,0xff,0xfd,0xff,0xfd,0xff,0xfd,0xff,0xfd,0xff,0xfd,0xff,0xfd,0xff,0xfd,0xff,0xfd,0xff,0xfd,0xff,0xfd,0xff,0xfe,0xff,
    0xfd,0xff,0xbc,0xff,0xbc,0xff,0xbc,0xff,0xbc,0xff,0xbc,0xff,0xbc,0xff,0xbc,0xff,0xbc,0xff,0xbb,0xff,0xdc,0xff,0x3a,0xef,
    0x44,0x29,0xe2,0x18,0x03,0x21,0xe2,0x18,0xe2,0x18,0xe2,0x18,0xe2,0x18,0xe2,0x18,0xe2,0x18,0xe2,0x18,0xe2,0x18,0xe2,0x18,
    0xe2,0x18,0xe2,0x18,0xe2,0x18,0xe2,0x18,0xe2,0x18,0xe2,0x18,0xe2,0x18,0xe2,0x18,0xe2,0x18,0xe2,0x18,0xe2,0x18,0xa2,0x10,
    0xc5,0x39,0x9b,0xf7,0xbb,0xff,0xbb,0xff,0x56,0xce,0x74,0xad,0x89,0x52,0x81,0x10,0xa2,0x10,0x81,0x10,0x36,0xc6,0xfd,0xff,
    0x9b,0xf7,0xbc,0xff,0xbc,0xff,0xbc,0xff,0xbc,0xff,0xbc,0xff,0xbc,0xff,0xbc,0xff,0xbc,0xff,0xbc,0xff,0xbc,0xff,0xbc,0xff,
    0xbc,0xff,0xbc,0xff,0xbc,0xff,0xbc,0xff,0xdc,0xff,0xfd,0xff,0xfd,0xff,0xfd,0xff,0xfd,0xff,0xfd,0xff,0xfd,0xff,0xfd,0xff,
    0xfd,0xff,0xfd,0xff,0xfd,0xff,0xfd,0xff,0xfd,0xff,0xfd,0xff,0xfd,0xff,0xfd,0xff,0xfd,0xff,0xfd,0xff,0xfd,0xff,0xfd,0xff,
    0xfd,0xff,0xfd,0xff,0xfd,0xff,0xfd,0xff,0xfd,0xff,0xfd,0xff,0xfd,0xff,0xfd,0xff,0xfd,0xff,0xfd,0xff,0xfd,0xff,0xfd,0xff,
    0xfd,0xff,0xfd,0xff,0xbc,0xff,0xbc,0xff,0xbc,0xff,0xbc,0xff,0xbc,0xff,0xbc,0xff,0xbc,0xff,0xbc,0xff,0xbc,0xff,0xbc,0xff,
    0xbc,0xff,0xbc,0xff,0xbc,0xff,0xbc,0xff,0xbc,0xff,0xbc,0xff,0xbc,0xff,0xbc,0xff,0xbc,0xff,0xbc,0xff,0xbc,0xff,0xbc,0xff,
    0xbc,0xff,0xbc,0xff,0xfd,0xff,0xfd,0xff,0xfc,0xff,0xff,0xff,0x6f,0x8c,0x46,0x42,0x1a,0xe7,0xdc,0xff,0xbb,0xff,0xbc,0xff,
    0xbc,0xff,0x9b,0xff,0xdc,0xff,0x19,0xe7,0x87,0x4a,0x8f,0x8c,0xfc,0xff,0x9b,0xf7,0x9b,0xf7,0x9b,0xff,0xbc,0xff,0xbc,0xff,
    0xbc,0xff,0xbc,0xff,0xbc,0xff,0xbc,0xff,0xbc,0xff,0xbc,0xff,0xbc,0xff,0xbc,0xff,0xbc,0xff,0xbc,0xff,0xbc,0xff,0xbc,0xff,
    0xbc,0xff,0xbc,0xff,0xbc,0xff,0xbc,0xff,0xbc,0xff,0xbc,0xff,0xbc,0xff,0xbc,0xff,0xbc,0xff,0xdc,0xff,0x77,0xce,0x53,0xad,
    0x94,0xb5,0x73,0xb5,0xf1,0xa4,0xb1,0x9c,0x12,0xa5,0x7b,0xf7,0x9b,0xff,0x9b,0xf7,0xbc,0xff,0x9b,0xf7,0xfd,0xff,0xb1,0x94,
    0xc2,0x18,0x44,0x29,0x24,0x29,0x24,0x21,0x24,0x21,0x24,0x21,0x24,0x21,0x44,0x29,0x44,0x21,0x44,0x29,0xe3,0x18,0xf5,0xbd,
    0xfd,0xff,0x9b,0xf7,0xbc,0xff,0xbc,0xff,0xbc,0xff,0xbc,0xff,0xbc,0xff,0xbc,0xff,0xbc,0xff,0xbc,0xff,0xbc,0xff,0xbc,0xff,
    0xbc,0xff,0xbc,0xff,0xbc,0xff,0xbc,0xff,0xbc,0xff,0x9b,0xf7,0xf5,0xbd,0xb4,0xb5,0xb4,0xb5,0xb4,0xb5,0xb4,0xb5,0xb4,0xb5,
    0x94,0xb5,0x94,0xb5,0x94,0xb5,0x73,0xad,0x53,0xad,0x53,0xad,0x33,0xad,0x33,0xad,0x33,0xad,0x33,0xad,0x32,0xa5,0x32,0xa5,
    0x32,0xa5,0x53,0xad,0x32,0xa5,0xd1,0x9c,0xd1,0x9c,0xd1,0x9c,0xd1,0x9c,0xd1,0x9c,0xd1,0x9c,0xd1,0x9c,0xd1,0x9c,0xd1,0x9c,
    0x53,0xad,0x9c,0xf7,0x9b,0xf7,0xbc,0xff,0xbc,0xff,0xbc,0xff,0xbc,0xff,0xbc,0xff,0xbc,0xff,0xbc,0xff,0xdc,0xff,0x3a,0xef,
    0x85,0x31,0x03,0x21,0x44,0x29,0x24,0x21,0x24,0x21,0x24,0x21,0x23,0x21,0x23,0x21,0x23,0x21,0x24,0x21,0x23,0x21,0x24,0x21,
    0x24,0x21,0x24,0x21,0x24,0x21,0x44,0x21,0x44,0x21,0x44,0x21,0x23,0x21,0x24,0x21,0x24,0x21,0x24,0x21,0x44,0x29,0x03,0x21,
    0x06,0x42,0x9b,0xf7,0xbc,0xff,0xff,0xff,0x2f,0x8c,0x20,0x00,0x44,0x29,0x64,0x29,0x44,0x29,0x03,0x21,0x36,0xc6,0xfc,0xff,
    0x9b,0xf7,0xbc,0xff,0xbc,0xff,0xbc,0xff,0xbc,0xff,0xbc,0xff,0xbc,0xff,0xbc,0xff,0xbc,0xff,0xbc,0xff,0xbc,0xff,0xbc,0xff,
    0xbc,0xff,0xbc,0xff,0xbb,0xff,0xdc,0xff,0xd9,0xde,0xd1,0x9c,0xf2,0xa4,0xf2,0xa4,0xf2,0xa4,0xf2,0x9c,0xf1,0x9c,0xf1,0x9c,
    0xf1,0x9c,0xf1,0x9c,0xf1,0x9c,0xf2,0xa4,0xf1,0x9c,0xd1,0x9c,0xd1,0x9c,0xd1,0x9c,0xd1,0x9c,0xd1,0x9c,0xd1,0x9c,0xd1,0x9c,
    0xd1,0x9c,0xd1,0x9c,0xd1,0x9c,0xd1,0x9c,0xd1,0x9c,0xb1,0x9c,0xb0,0x9c,0xb0,0x9c,0xb1,0x9c,0xb1,0x9c,0xb1,0x9c,0xb1,0x9c,
    0xb0,0x94,0x12,0xa5,0x7b,0xf7,0x9b,0xf7,0xbc,0xff,0xbc,0xff,0xbc,0xff,0xbc,0xff,0xbc,0xff,0xbc,0xff,0xbc,0xff,0xbc,0xff,
    0xbc,0xff,0xbc,0xff,0xbc,0xff,0xbc,0xff,0xbc,0xff,0xbc,0xff,0xbc,0xff,0xbc,0xff,0xbc,0xff,0xbc,0xff,0xbc,0xff,0xbc,0xff,
    0xbc,0xff,0xbc,0xff,0x9b,0xff,0x9b,0xf7,0x9b,0xf7,0xfd,0xff,0x6f,0x8c,0x87,0x4a,0x3a,0xe7,0xdc,0xff,0xbb,0xff,0xbc,0xff,
    0xbc,0xff,0x9b,0xf7,0xdc,0xff,0xd8,0xde,0x46,0x42,0x6f,0x8c,0xfd,0xff,0x9b,0xf7,0xbc,0xff,0xbb,0xff,0xbc,0xff,0xbc,0xff,
    0xbc,0xff,0xbc,0xff,0xbc,0xff,0xbc,0xff,0xbc,0xff,0xbc,0xff,0xbc,0xff,0xbc,0xff,0xbc,0xff,0xbc,0xff,0xbc,0xff,0xbc,0xff,
    0xbc,0xff,0xbc,0xff,0xbc,0xff,0xbc,0xff,0xbc,0xff,0xbc,0xff,0xbc,0xff,0xbc,0xff,0x9b,0xf7,0xfd,0xff,0xcd,0x7b,0x60,0x08,
    0x03,0x21,0x03,0x21,0xe2,0x18,0xa1,0x10,0x44,0x29,0xbc,0xff,0xfe,0xff,0xfc,0xff,0xbb,0xff,0x9b,0xff,0xfd,0xff,0xa9,0x52,
    0xc2,0x18,0x44,0x29,0x24,0x21,0x23,0x21,0x24,0x21,0x23,0x21,0x23,0x21,0x24,0x21,0x44,0x29,0x44,0x29,0xe3,0x18,0xf5,0xbd,
    0xfd,0xff,0x9b,0xf7,0xbc,0xff,0xbc,0xff,0xbc,0xff,0xbc,0xff,0xbc,0xff,0xbc,0xff,0xbc,0xff,0xbc,0xff,0xbc,0xff,0xbc,0xff,
    0xbc,0xff,0xbc,0xff,0xbc,0xff,0xbc,0xff,0xdc,0xff,0x3a,0xef,0x64,0x29,0xc2,0x18,0xe2,0x18,0xe2,0x18,0xe2,0x18,0xc2,0x18,
    0xe2,0x18,0xc2,0x18,0xc2,0x18,0xc2,0x18,0xc2,0x18,0xc2,0x18,0xc2,0x18,0xc2,0x18,0xc2,0x18,0xc2,0x18,0xc2,0x18,0xc2,0x18,
    0xc2,0x18,0xc2,0x18,0xc2,0x18,0xc2,0x18,0xc2,0x18,0xc2,0x18,0xc2,0x18,0xc2,0x18,0xc2,0x18,0xc2,0x18,0xe2,0x18,0x81,0x10,
    0x07,0x42,0xfe,0xff,0xfd,0xff,0xbc,0xff,0xbc,0xff,0xbc,0xff,0xbc,0xff,0xbc,0xff,0xbc,0xff,0xbc,0xff,0xdc,0xff,0x3a,0xef,
    0x85,0x31,0x03,0x21,0x23,0x21,0x23,0x21,0x23,0x21,0x23,0x21,0x23,0x21,0x23,0x21,0x23,0x21,0x23,0x21,0x23,0x21,0x23,0x21,
    0x23,0x21,0x23,0x21,0x23,0x21,0x23,0x21,0x23,0x21,0x23,0x21,0x23,0x21,0x23,0x21,0x23,0x21,0x23,0x21,0x44,0x29,0xe3,0x18,
    0xe6,0x39,0xbc,0xff,0x3a,0xe7,0xb1,0x94,0xa9,0x52,0xe2,0x18,0x23,0x21,0x23,0x21,0x44,0x29,0x03,0x21,0x15,0xc6,0xfc,0xff,
    0x9b,0xf7,0xbc,0xff,0xbc,0xff,0xbc,0xff,0xbc,0xff,0xbc,0xff,0xbc,0xff,0xbc,0xff,0xbc,0xff,0xbc,0xff,0xbc,0xff,0xbc,0xff,
    0xbc,0xff,0xbc,0xff,0x9b,0xf7,0xfd,0xff,0x53,0xad,0x40,0x08,0xc2,0x18,0xc2,0x18,0xc2,0x18,0xc2,0x18,0xc2,0x18,0xc2,0x18,
    0xc2,0x18,0xc2,0x18,0xc2,0x18,0xc2,0x18,0xc2,0x18,0xc2,0x18,0xc2,0x10,0xc2,0x10,0xa2,0x10,0xc2,0x18,0xc2,0x18,0xc2,0x18,
    0xc2,0x18,0xc2,0x18,0xc2,0x18,0xc2,0x18,0xc2,0x18,0xc2,0x18,0xc2,0x18,0xc2,0x10,0xa2,0x10,0xa2,0x10,0xa2,0x10,0xc2,0x18,
    0x81,0x10,0x84,0x31,0xfc,0xff,0xfe,0xff,0xbc,0xff,0xbc,0xff,0xbc,0xff,0xbc,0xff,0xbc,0xff,0xbc,0xff,0xbc,0xff,0xbc,0xff,
    0xbc,0xff,0xbc,0xff,0xbc,0xff,0xbc,0xff,0xbc,0xff,0xbc,0xff,0xbc,0xff,0xbc,0xff,0xbc,0xff,0xbc,0xff,0xbc,0xff,0xbc,0xff,
    0xbc,0xff,0xbc,0xff,0xbc,0xff,0xbc,0xff,0x9b,0xf7,0xfd,0xff,0x6f,0x8c,0x67,0x42,0x19,0xe7,0xdc,0xff,0xbb,0xff,0xbc,0xff,
    0xbc,0xff,0x9b,0xf7,0xdc,0xff,0xd8,0xde,0x26,0x42,0x6f,0x8c,0xfd,0xff,0x9b,0xf7,0xbb,0xff,0xbc,0xff,0xbc,0xff,0xbc,0xff,
    0xbc,0xff,0xbc,0xff,0xbc,0xff,0xbc,0xff,0xbc,0xff,0xbc,0xff,0xbc,0xff,0xbc,0xff,0xbc,0xff,0xbc,0xff,0xbc,0xff,0xbc,0xff,
    0xbc,0xff,0xbc,0xff,0xbc,0xff,0xbc,0xff,0xbc,0xff,0xbc,0xff,0xbc,0xff,0xbc,0xff,0x9b,0xf7,0xfd,0xff,0x0e,0x84,0xe2,0x18,
    0x64,0x29,0x64,0x29,0x64,0x29,0x44,0x29,0x85,0x31,0x70,0x94,0x90,0x94,0xd5,0xbd,0xdc,0xff,0x9b,0xf7,0xfd,0xff,0xca,0x5a,
    0xc2,0x18,0x44,0x29,0x24,0x21,0x23,0x21,0x23,0x21,0x23,0x21,0x23,0x21,0x24,0x21,0x24,0x21,0x44,0x29,0xe2,0x18,0xd5,0xbd,
    0xfd,0xff,0x9b,0xf7,0xbc,0xff,0xbc,0xff,0xbc,0xff,0xbc,0xff,0xbc,0xff,0xbc,0xff,0xbc,0xff,0xbc,0xff,0xbc,0xff,0xbc,0xff,
    0xbc,0xff,0xbc,0xff,0xbc,0xff,0xbc,0xff,0xdc,0xff,0x3a,0xef,0xa5,0x31,0x23,0x21,0x44,0x29,0x44,0x29,0x44,0x29,0x44,0x29,
    0x44,0x29,0x44,0x29,0x44,0x29,0x44,0x29,0x44,0x29,0x44,0x29,0x44,0x29,0x44,0x29,0x44,0x29,0x44,0x29,0x44,0x29,0x44,0x29,
    0x44,0x29,0x44,0x29,0x44,0x29,0x44,0x29,0x44,0x29,0x44,0x29,0x44,0x29,0x44,0x29,0x44,0x29,0x44,0x29,0x64,0x29,0x23,0x21,
    0xc6,0x39,0x90,0x94,0x94,0xb5,0xdc,0xff,0xbc,0xff,0xbc,0xff,0xbc,0xff,0xbc,0xff,0xbc,0xff,0xbc,0xff,0xdc,0xff,0x19,0xe7,
    0x85,0x31,0x23,0x21,0x44,0x29,0x44,0x29,0x44,0x29,0x44,0x29,0x44,0x29,0x24,0x21,0x44,0x29,0x24,0x21,0x44,0x29,0x44,0x29,
    0x44,0x29,0x44,0x29,0x44,0x29,0x23,0x21,0x23,0x21,0x23,0x21,0x23,0x21,0x23,0x21,0x23,0x21,0x23,0x21,0x44,0x29,0x23,0x21,
    0x07,0x42,0xdc,0xff,0x36,0xce,0x81,0x10,0xe2,0x18,0x23,0x21,0x23,0x21,0x23,0x21,0x23,0x21,0x03,0x21,0x16,0xc6,0xfc,0xff,
    0x7b,0xf7,0x9b,0xf7,0x9b,0xf7,0x9b,0xf7,0x9b,0xf7,0x9b,0xf7,0x9b,0xf7,0x9b,0xf7,0x9b,0xf7,0x9b,0xf7,0x9b,0xf7,0xbc,0xff,
    0xbc,0xff,0xbc,0xff,0x9b,0xf7,0xfd,0xff,0x94,0xb5,0xe3,0x18,0x64,0x29,0x44,0x29,0x44,0x29,0x44,0x29,0x44,0x29,0x44,0x29,
    0x44,0x29,0x44,0x29,0x44,0x29,0x44,0x29,0x44,0x29,0x44,0x29,0x44,0x29,0x44,0x29,0x44,0x29,0x44,0x29,0x44,0x29,0x44,0x29,
    0x44,0x29,0x44,0x29,0x44,0x29,0x44,0x29,0x44,0x29,0x44,0x29,0x44,0x29,0x44,0x29,0x44,0x29,0x44,0x29,0x44,0x29,0x44,0x29,
    0x23,0x21,0x85,0x31,0x6f,0x94,0xf1,0x9c,0x7b,0xf7,0xbc,0xff,0xbc,0xff,0xbc,0xff,0xbc,0xff,0xbc,0xff,0xbc,0xff,0xbc,0xff,
    0xbc,0xff,0xbc,0xff,0xbc,0xff,0xbc,0xff,0xbc,0xff,0xbc,0xff,0xbc,0xff,0xbc,0xff,0xbc,0xff,0xbc,0xff,0xbc,0xff,0xbc,0xff,
    0xbc,0xff,0xbc,0xff,0xbc,0xff,0xbc,0xff,0x9b,0xf7,0xfd,0xff,0x6e,0x8c,0x67,0x4a,0x1a,0xe7,0xdc,0xff,0xbb,0xff,0xbb,0xff,
    0xbc,0xff,0x9b,0xf7,0xdc,0xff,0xb8,0xde,0x26,0x42,0x6f,0x8c,0xfd,0xff,0x9b,0xf7,0xbb,0xff,0xbc,0xff,0xbb,0xff,0xbb,0xff,
    0xbc,0xff,0xbc,0xff,0xbc,0xff,0xbc,0xff,0xbc,0xff,0xbc,0xff,0xbc,0xff,0xbc,0xff,0xbc,0xff,0xbc,0xff,0xbc,0xff,0xbc,0xff,
    0xbc,0xff,0xbc,0xff,0xbc,0xff,0xbc,0xff,0xbc,0xff,0xbc,0xff,0xbc,0xff,0xbc,0xff,0x9b,0xf7,0xfd,0xff,0xee,0x83,0xc2,0x18,
    0x44,0x29,0x23,0x21,0x23,0x21,0x24,0x21,0x23,0x21,0xc2,0x18,0x40,0x08,0x4b,0x6b,0xfd,0xff,0x9b,0xf7,0xfd,0xff,0xc9,0x5a,
    0xe2,0x18,0x44,0x29,0x23,0x21,0x23,0x21,0x23,0x21,0x23,0x21,0x23,0x21,0x24,0x21,0x23,0x21,0x44,0x29,0xe2,0x18,0xd5,0xbd,
    0xfd,0xff,0x9b,0xf7,0xbc,0xff,0xbc,0xff,0xbc,0xff,0xbc,0xff,0xbc,0xff,0xbc,0xff,0xbc,0xff,0xbc,0xff,0xbc,0xff,0xbc,0xff,
    0xbc,0xff,0xbc,0xff,0xbc,0xff,0xbb,0xff,0xdc,0xff,0x3a,0xef,0xa5,0x31,0x23,0x21,0x44,0x29,0x23,0x21,0x23,0x21,0x23,0x21,
    0x23,0x21,0x23,0x21,0x23,0x21,0x23,0x21,0x23,0x21,0x23,0x21,0x23,0x21,0x23,0x21,0x23,0x21,0x23,0x21,0x23,0x21,0x23,0x21,
    0x23,0x21,0x23,0x21,0x23,0x21,0x23,0x21,0x23,0x21,0x23,0x21,0x23,0x21,0x23,0x21,0x23,0x21,0x23,0x21,0x23,0x21,0x23,0x21,
    0x23,0x21,0x40,0x08,0x88,0x52,0xfd,0xff,0xbb,0xff,0xbc,0xff,0xbc,0xff,0xbc,0xff,0xbc,0xff,0xbb,0xff,0xdc,0xff,0x1a,0xe7,
    0x23,0x21,0xa1,0x10,0xe2,0x18,0xc2,0x18,0xc2,0x18,0xc2,0x18,0xc2,0x18,0xc2,0x18,0xc2,0x18,0xc2,0x18,0xc2,0x18,0xc2,0x18,
    0xc2,0x18,0xa2,0x10,0xe2,0x18,0x23,0x21,0x23,0x21,0x23,0x21,0x23,0x21,0x23,0x21,0x23,0x21,0x23,0x21,0x23,0x21,0xa1,0x10,
    0xa5,0x31,0xdc,0xff,0x15,0xc6,0xe3,0x18,0x44,0x29,0x23,0x21,0x23,0x21,0x23,0x21,0x23,0x21,0xe2,0x18,0x78,0xd6,0xff,0xff,
    0xfd,0xff,0xfd,0xff,0xfd,0xff,0xfd,0xff,0xfd,0xff,0xfd,0xff,0xfd,0xff,0xfd,0xff,0xfd,0xff,0xfe,0xff,0xfd,0xff,0xbc,0xff,
    0xbc,0xff,0xbc,0xff,0x9b,0xf7,0xfd,0xff,0x94,0xb5,0xe2,0x18,0x44,0x29,0x23,0x21,0x23,0x21,0x23,0x21,0x23,0x21,0x23,0x21,
    0x23,0x21,0x23,0x21,0x23,0x21,0x24,0x21,0x23,0x21,0x23,0x21,0x23,0x21,0x23,0x21,0x23,0x21,0x23,0x21,0x23,0x21,0x24,0x21,
    0x23,0x21,0x23,0x21,0x23,0x21,0x23,0x21,0x23,0x21,0x23,0x21,0x23,0x21,0x23,0x21,0x23,0x21,0x23,0x21,0x23,0x21,0x23,0x21,
    0x23,0x21,0x23,0x21,0x61,0x08,0x03,0x21,0x3a,0xef,0xdc,0xff,0xbb,0xff,0xbc,0xff,0xbc,0xff,0xbc,0xff,0xbc,0xff,0xbc,0xff,
    0xbc,0xff,0xbc,0xff,0xbc,0xff,0xbc,0xff,0xbc,0xff,0xbc,0xff,0xbc,0xff,0xbc,0xff,0xbc,0xff,0xbc,0xff,0xbc,0xff,0xbc,0xff,
    0xbc,0xff,0xbc,0xff,0xbc,0xff,0xbc,0xff,0x9b,0xff,0xfd,0xff,0x6e,0x8c,0x67,0x4a,0x3a,0xe7,0xdc,0xff,0xbb,0xff,0xbb,0xff,
    0xbc,0xff,0x9b,0xff,0xdc,0xff,0xb8,0xde,0x26,0x42,0x6f,0x8c,0xfd,0xff,0x9b,0xf7,0xbb,0xff,0xbc,0xff,0xbb,0xff,0xbc,0xff,
    0xbb,0xff,0xbc,0xff,0xbc,0xff,0xbc,0xff,0xbc,0xff,0xbc,0xff,0xbb,0xff,0xbc,0xff,0xbc,0xff,0xbc,0xff,0xbc,0xff,0xbc,0xff,
    0xbc,0xff,0xbc,0xff,0xbc,0xff,0xbc,0xff,0xbc,0xff,0xbc,0xff,0xbc,0xff,0xbc,0xff,0x9b,0xf7,0xfd,0xff,0xee,0x83,0xc2,0x18,
    0x44,0x29,0x23,0x21,0x23,0x21,0x24,0x21,0x23,0x21,0x64,0x29,0xe2,0x18,0xad,0x73,0xfd,0xff,0x9b,0xf7,0xdc,0xff,0xa9,0x5a,
    0xe2,0x18,0x44,0x29,0x23,0x21,0x23,0x21,0x23,0x21,0x23,0x21,0x23,0x21,0x24,0x21,0x24,0x21,0x44,0x29,0xe2,0x18,0xd5,0xbd,
    0xfd,0xff,0x9b,0xf7,0xbb,0xff,0xbc,0xff,0xbc,0xff,0xbc,0xff,0xbc,0xff,0xbc,0xff,0xbc,0xff,0xbc,0xff,0xbc,0xff,0xbc,0xff,
    0xbc,0xff,0xbc,0xff,0xbc,0xff,0x9c,0xff,0xdc,0xff,0x5a,0xef,0xc6,0x39,0x44,0x29,0x44,0x29,0x44,0x29,0x44,0x29,0x44,0x29,
    0x44,0x29,0x44,0x29,0x44,0x29,0x44,0x29,0x44,0x29,0x44,0x29,0x44,0x29,0x44,0x29,0x44,0x29,0x44,0x29,0x44,0x29,0x44,0x29,
    0x44,0x29,0x44,0x29,0x44,0x29,0x23,0x21,0x23,0x21,0x23,0x21,0x23,0x21,0x23,0x21,0x23,0x21,0x23,0x21,0x23,0x21,0x23,0x21,
    0x44,0x29,0xe3,0x18,0xea,0x5a,0xfd,0xff,0x9b,0xff,0xbc,0xff,0xbc,0xff,0xbc,0xff,0xbc,0xff,0xbb,0xff,0xdc,0xff,0x7b,0xef,
    0x6c,0x6b,0x0a,0x63,0x2b,0x63,0x2b,0x63,0x2b,0x63,0x2b,0x63,0x2b,0x63,0x2b,0x63,0x2b,0x63,0x2b,0x63,0x2b,0x63,0x2b,0x63,
    0x2b,0x63,0x4c,0x6b,0x68,0x4a,0x03,0x21,0x23,0x21,0x23,0x21,0x23,0x21,0x23,0x21,0x23,0x21,0x23,0x21,0x23,0x21,0xca,0x5a,
    0xee,0x83,0xfd,0xff,0x16,0xc6,0xe2,0x18,0x24,0x29,0x23,0x21,0x23,0x21,0x23,0x21,0x23,0x21,0x03,0x21,0xee,0x7b,0xf2,0xa4,
    0xd1,0x9c,0xd1,0x9c,0xd1,0x9c,0xd1,0x9c,0xd1,0x9c,0xd1,0x9c,0xf2,0x9c,0xf2,0x9c,0xf2,0x9c,0xd1,0x9c,0x53,0xad,0xbb,0xf7,
    0xbc,0xff,0xbc,0xff,0x9b,0xf7,0xfd,0xff,0x94,0xb5,0xe2,0x18,0x44,0x29,0x44,0x29,0x44,0x29,0x44,0x29,0x44,0x29,0x44,0x29,
    0x44,0x29,0x44,0x29,0x44,0x29,0x44,0x29,0x44,0x29,0x24,0x29,0x24,0x21,0x24,0x21,0x44,0x29,0x44,0x29,0x44,0x29,0x44,0x29,
    0x44,0x29,0x44,0x29,0x44,0x29,0x23,0x21,0x23,0x21,0x23,0x21,0x23,0x21,0x23,0x21,0x23,0x21,0x23,0x21,0x23,0x21,0x23,0x21,
    0x23,0x21,0x23,0x21,0x03,0x21,0xa5,0x31,0x3a,0xef,0xdc,0xff,0x9b,0xff,0xbc,0xff,0xbc,0xff,0xbc,0xff,0xbc,0xff,0xbc,0xff,
    0xbc,0xff,0xbc,0xff,0xbc,0xff,0xbc,0xff,0xbc,0xff,0xbc,0xff,0xbc,0xff,0xbc,0xff,0xbc,0xff,0xbc,0xff,0xbb,0xff,0xbc,0xff,
    0xbc,0xff,0xbc,0xff,0xbc,0xff,0xbc,0xff,0x9b,0xf7,0xfd,0xff,0x6e,0x8c,0x67,0x4a,0x3a,0xe7,0xdc,0xff,0xbb,0xff,0xbc,0xff,
    0xbc,0xff,0x9b,0xf7,0xfc,0xff,0xb8,0xde,0x26,0x3a,0x6f,0x8c,0xfd,0xff,0x9b,0xf7,0xbc,0xff,0xbc,0xff,0xbc,0xff,0xbc,0xff,
    0xbc,0xff,0xbc,0xff,0xbc,0xff,0xbc,0xff,0xbc,0xff,0xbc,0xff,0xbc,0xff,0xbc,0xff,0xbc,0xff,0xbc,0xff,0xbc,0xff,0xbc,0xff,
    0xbc,0xff,0xbc,0xff,0xbc,0xff,0xbc,0xff,0xbc,0xff,0xbc,0xff,0xbc,0xff,0xbc,0xff,0x9b,0xf7,0xfd,0xff,0xee,0x7b,0xc2,0x18,
    0x44,0x29,0x23,0x21,0x23,0x21,0x23,0x21,0x23,0x21,0x44,0x29,0xc2,0x18,0xad,0x73,0xfd,0xff,0x9b,0xf7,0xbc,0xff,0x89,0x52,
    0xe2,0x18,0x44,0x29,0x23,0x21,0x23,0x21,0x23,0x21,0x23,0x21,0x23,0x21,0x23,0x21,0x23,0x21,0x44,0x29,0xe2,0x18,0xd5,0xbd,
    0xfd,0xff,0x9b,0xf7,0xbc,0xff,0xbc,0xff,0xbc,0xff,0xbc,0xff,0xbc,0xff,0xbc,0xff,0xbc,0xff,0xbc,0xff,0xbc,0xff,0xbc,0xff,
    0xbc,0xff,0xbc,0xff,0xbc,0xff,0xbc,0xff,0xdc,0xff,0x3a,0xef,0x85,0x31,0xc2,0x18,0xa2,0x10,0xa2,0x10,0xc2,0x18,0xc2,0x18,
    0xc2,0x18,0xc2,0x18,0xc2,0x18,0xc2,0x18,0xe2,0x18,0xe2,0x18,0xe2,0x18,0xc2,0x18,0xc2,0x18,0xe2,0x18,0xe2,0x18,0xc2,0x18,
    0xc2,0x18,0xc2,0x18,0xe2,0x18,0x23,0x21,0x23,0x21,0x23,0x21,0x23,0x21,0x23,0x21,0x23,0x21,0x23,0x21,0x23,0x21,0x23,0x21,
    0x44,0x29,0xe2,0x18,0xc9,0x5a,0xfd,0xff,0xbb,0xff,0xbc,0xff,0xbc,0xff,0xbc,0xff,0xbc,0xff,0xbc,0xff,0xbc,0xff,0xbc,0xff,
    0xfd,0xff,0xfc,0xff,0xfe,0xff,0xfe,0xff,0xfe,0xff,0xfd,0xff,0xfd,0xff,0xfd,0xff,0xfd,0xff,0xfe,0xff,0xfe,0xff,0xfd,0xff,
    0xfd,0xff,0xff,0xff,0x53,0xad,0xc2,0x10,0x44,0x29,0x23,0x21,0x23,0x21,0x23,0x21,0x23,0x21,0x23,0x21,0x24,0x21,0xf9,0xe6,
    0xfd,0xff,0xfd,0xff,0x16,0xc6,0x03,0x21,0x44,0x29,0x23,0x21,0x23,0x21,0x23,0x21,0x23,0x21,0x23,0x21,0xc2,0x18,0xa2,0x10,
    0xc2,0x18,0xc2,0x18,0xc2,0x18,0xc2,0x10,0xc2,0x10,0xc2,0x18,0xc2,0x18,0xc2,0x18,0xc2,0x18,0x81,0x10,0xc5,0x39,0x9b,0xf7,
    0xbc,0xff,0xbc,0xff,0x9b,0xf7,0xfd,0xff,0x94,0xb5,0x81,0x10,0x03,0x21,0xe2,0x18,0xe2,0x18,0xe2,0x18,0xe2,0x18,0xe2,0x18,
    0xe2,0x18,0xe2,0x18,0xe2,0x18,0xe2,0x18,0xe2,0x18,0xe2,0x18,0xe2,0x18,0xe2,0x18,0xe2,0x18,0xe2,0x18,0xe2,0x18,0xe2,0x18,
    0xe2,0x18,0xe2,0x18,0x03,0x21,0x24,0x21,0x23,0x21,0x23,0x21,0x23,0x21,0x23,0x21,0x23,0x21,0x23,0x21,0x23,0x21,0x23,0x21,
    0x23,0x21,0x23,0x21,0x23,0x21,0xc5,0x39,0x3a,0xef,0xdc,0xff,0xbb,0xff,0xbc,0xff,0xbc,0xff,0xbc,0xff,0xbc,0xff,0xbc,0xff,
    0xbc,0xff,0xbc,0xff,0xbc,0xff,0xbc,0xff,0xbc,0xff,0xbc,0xff,0xbc,0xff,0xbc,0xff,0xbb,0xff,0xbc,0xff,0xbc,0xff,0xbc,0xff,
    0xbc,0xff,0xbc,0xff,0xbc,0xff,0xbc,0xff,0x9b,0xf7,0xfd,0xff,0x6e,0x8c,0x67,0x4a,0x3a,0xe7,0xdc,0xff,0xbb,0xff,0xbc,0xff,
    0xbc,0xff,0x9b,0xff,0xfc,0xff,0xb8,0xd6,0x26,0x3a,0x6f,0x8c,0xfd,0xff,0x9b,0xf7,0xbb,0xff,0xbb,0xff,0xbc,0xff,0xbc,0xff,
    0xbc,0xff,0xbc,0xff,0xbc,0xff,0xbb,0xff,0xbb,0xff,0xbc,0xff,0xbc,0xff,0xbc,0xff,0xbc,0xff,0xbc,0xff,0xbc,0xff,0xbc,0xff,
    0xbc,0xff,0xbc,0xff,0xbc,0xff,0xbc,0xff,0xbc,0xff,0xbc,0xff,0xbc,0xff,0xbc,0xff,0x9b,0xf7,0xfd,0xff,0xce,0x7b,0xc2,0x18,
    0x44,0x29,0x23,0x21,0x23,0x21,0x23,0x21,0x23,0x21,0x44,0x29,0xc2,0x18,0xad,0x7b,0xfd,0xff,0x7a,0xf7,0xbb,0xff,0x89,0x52,
    0xe2,0x18,0x44,0x29,0x23,0x21,0x23,0x21,0x23,0x21,0x23,0x21,0x23,0x21,0x23,0x21,0x23,0x21,0x44,0x29,0xe3,0x18,0xd5,0xbd,
    0xfd,0xff,0x9b,0xf7,0xbb,0xff,0xbb,0xff,0xbb,0xff,0xbb,0xff,0xbc,0xff,0xbb,0xff,0xbb,0xff,0xbc,0xff,0xbc,0xff,0xbc,0xff,
    0xbc,0xff,0xbc,0xff,0xbc,0xff,0xbc,0xff,0xbc,0xff,0x9b,0xf7,0xb5,0xbd,0x53,0xad,0x32,0xa5,0x32,0xa5,0x53,0xad,0x53,0xad,
    0x53,0xad,0x73,0xad,0x73,0xb5,0x94,0xb5,0x94,0xb5,0xb4,0xb5,0xb4,0xbd,0xb4,0xb5,0xb4,0xb5,0xb5,0xbd,0xb4,0xbd,0xb4,0xb5,
    0xb4,0xb5,0xb5,0xbd,0x12,0xa5,0x44,0x29,0x23,0x21,0x23,0x21,0x23,0x21,0x23,0x21,0x23,0x21,0x23,0x21,0x23,0x21,0x23,0x21,
    0x44,0x29,0xe2,0x18,0xc9,0x5a,0xfd,0xff,0xbb,0xff,0xbc,0xff,0xbc,0xff,0xbc,0xff,0xbc,0xff,0xbc,0xff,0xbb,0xff,0x9b,0xff,
    0xdc,0xff,0x97,0xd6,0x88,0x52,0xca,0x5a,0xa9,0x52,0x68,0x52,0xa9,0x52,0xa9,0x5a,0x89,0x52,0x88,0x52,0xa9,0x52,0x89,0x52,
    0x0a,0x63,0xdc,0xff,0x12,0xa5,0xc2,0x10,0x44,0x29,0x23,0x21,0x23,0x21,0x23,0x21,0x23,0x21,0x23,0x21,0x44,0x29,0x97,0xd6,
    0xbb,0xff,0xdc,0xff,0x15,0xc6,0x03,0x21,0x44,0x29,0x23,0x21,0x23,0x21,0x23,0x21,0x23,0x21,0x23,0x21,0x24,0x21,0x44,0x29,
    0x44,0x29,0x44,0x29,0x44,0x29,0x44,0x29,0x44,0x29,0x44,0x29,0x44,0x29,0x44,0x29,0x44,0x29,0x03,0x21,0x27,0x42,0x9b,0xf7,
    0xbc,0xff,0xbb,0xff,0xbc,0xff,0xdc,0xff,0x3a,0xe7,0xd5,0xbd,0xf5,0xbd,0xf5,0xbd,0xf5,0xbd,0xf5,0xbd,0xf5,0xbd,0xf5,0xc5,
    0xf5,0xc5,0xf5,0xc5,0xf5,0xc5,0xf6,0xc5,0xf5,0xbd,0xf5,0xbd,0xf5,0xbd,0xf5,0xbd,0xf5,0xbd,0xf6,0xc5,0xf6,0xc5,0x16,0xc6,
    0x16,0xc6,0x58,0xce,0x0b,0x63,0xe2,0x18,0x44,0x29,0x23,0x21,0x23,0x21,0x23,0x21,0x23,0x21,0x23,0x21,0x23,0x21,0x23,0x21,
    0x23,0x21,0x23,0x21,0xa2,0x10,0x44,0x29,0x3a,0xe7,0xdc,0xff,0x9b,0xff,0xbb,0xff,0xbc,0xff,0xbb,0xff,0xbb,0xff,0xbc,0xff,
    0xbb,0xff,0xbb,0xff,0xbc,0xff,0xbc,0xff,0xbb,0xff,0xbc,0xff,0xbc,0xff,0xbc,0xff,0xbc,0xff,0xbc,0xff,0xbc,0xff,0xbc,0xff,
    0xbc,0xff,0xbc,0xff,0xbc,0xff,0xbb,0xff,0x9b,0xf7,0xfd,0xff,0x6e,0x8c,0x67,0x4a,0x1a,0xe7,0xdc,0xff,0xbc,0xff,0xbc,0xff,
    0xbc,0xff,0x9b,0xf7,0xfc,0xff,0xb8,0xd6,0x26,0x42,0x8f,0x8c,0xfd,0xff,0x9b,0xf7,0xbb,0xff,0xbb,0xff,0xbb,0xff,0xbc,0xff,
    0xbc,0xff,0xbc,0xff,0xbc,0xff,0xbc,0xff,0xbc,0xff,0xbc,0xff,0xbc,0xff,0xbc,0xff,0x9b,0xff,0xbc,0xff,0xbc,0xff,0xbc,0xff,
    0xbc,0xff,0xbc,0xff,0xbc,0xff,0xbc,0xff,0xbc,0xff,0xbc,0xff,0xbc,0xff,0xbc,0xff,0x9b,0xf7,0xdd,0xff,0xcd,0x7b,0xc2,0x10,
    0x44,0x29,0x23,0x21,0x23,0x21,0x23,0x21,0x23,0x21,0x44,0x29,0xc2,0x18,0xcd,0x7b,0xfe,0xff,0xfd,0xff,0xfe,0xff,0x89,0x52,
    0xe2,0x18,0x44,0x29,0x23,0x21,0x23,0x21,0x23,0x21,0x23,0x21,0x23,0x21,0x24,0x21,0x23,0x21,0x44,0x29,0xe2,0x18,0xf6,0xc5,
    0xfe,0xff,0xdc,0xff,0xfd,0xff,0xfd,0xff,0xfd,0xff,0xfd,0xff,0xfd,0xff,0xfd,0xff,0xfd,0xff,0xdc,0xff,0xbc,0xff,0xbc,0xff,
    0xbc,0xff,0xbc,0xff,0xbc,0xff,0xbc,0xff,0xbc,0xff,0xbc,0xff,0xfd,0xff,0xfd,0xff,0xfc,0xff,0xfd,0xff,0xff,0xff,0xfe,0xff,
    0xfe,0xff,0xfd,0xff,0xfe,0xff,0xfe,0xff,0xfe,0xff,0xfd,0xff,0xfd,0xff,0xfd,0xff,0xfd,0xff,0xfd,0xff,0xfd,0xff,0xfd,0xff,
    0xfd,0xff,0xfe,0xff,0x3a,0xef,0x64,0x29,0x23,0x21,0x23,0x21,0x23,0x21,0x23,0x21,0x23,0x21,0x23,0x21,0x23,0x21,0x23,0x21,
    0x44,0x29,0xe2,0x18,0xc9,0x5a,0xfd,0xff,0xbb,0xff,0xbc,0xff,0xbc,0xff,0xbc,0xff,0xbc,0xff,0xbc,0xff,0xbc,0xff,0x9b,0xf7,
    0xfc,0xff,0x57,0xce,0xc2,0x18,0xe2,0x18,0xc2,0x18,0xa2,0x10,0xe3,0x18,0x03,0x21,0xe2,0x18,0xc2,0x18,0xc2,0x18,0xc2,0x18,
    0x85,0x31,0xdc,0xff,0x32,0xa5,0xa2,0x10,0x44,0x29,0x23,0x21,0x23,0x21,0x23,0x21,0x23,0x21,0x23,0x21,0x44,0x29,0xd9,0xde,
    0xdc,0xff,0xfd,0xff,0x15,0xc6,0xe2,0x18,0x44,0x21,0x23,0x21,0x23,0x21,0x23,0x21,0x23,0x21,0x23,0x21,0x23,0x21,0x23,0x21,
    0x23,0x21,0x23,0x21,0x23,0x21,0x23,0x21,0x23,0x21,0x23,0x21,0x23,0x21,0x23,0x21,0x44,0x21,0x03,0x21,0x27,0x42,0x9b,0xf7,
    0xbc,0xff,0xbc,0xff,0xbc,0xff,0xbc,0xff,0xdc,0xff,0xfd,0xff,0xfd,0xff,0xfd,0xff,0xfd,0xff,0xfd,0xff,0xfd,0xff,0xfd,0xff,
    0xfd,0xff,0xfd,0xff,0xfd,0xff,0xfd,0xff,0xfd,0xff,0xfd,0xff,0xfd,0xff,0xfd,0xff,0xfd,0xff,0xfd,0xff,0xfd,0xff,0xbc,0xff,
    0x57,0xce,0xb9,0xd6,0x2b,0x63,0xc2,0x18,0x44,0x29,0x23,0x21,0x23,0x21,0x23,0x21,0x23,0x21,0x23,0x21,0x23,0x21,0x23,0x21,
    0x24,0x21,0x85,0x31,0x2b,0x63,0x8d,0x73,0x5a,0xef,0xbc,0xff,0xbb,0xff,0xbc,0xff,0xbc,0xff,0xbc,0xff,0xbc,0xff,0xbb,0xff,
    0xbb,0xff,0xbc,0xff,0xbc,0xff,0xbb,0xff,0xbb,0xff,0xbc,0xff,0xbb,0xff,0xbb,0xff,0xbc,0xff,0xbb,0xff,0xbc,0xff,0xbc,0xff,
    0xbc,0xff,0xbc,0xff,0xbc,0xff,0xbc,0xff,0x9b,0xf7,0xfd,0xff,0x6e,0x8c,0x67,0x4a,0x1a,0xe7,0xdc,0xff,0xbc,0xff,0xbc,0xff,
    0xbc,0xff,0x9b,0xff,0xdc,0xff,0xb7,0xd6,0x46,0x42,0x8f,0x8c,0xfd,0xff,0x9b,0xf7,0xbc,0xff,0xbc,0xff,0xbc,0xff,0xbc,0xff,
    0xbc,0xff,0xbc,0xff,0xbc,0xff,0xbc,0xff,0xbc,0xff,0xbc,0xff,0xbc,0xff,0xdc,0xff,0xfd,0xff,0xbc,0xff,0xbc,0xff,0xbc,0xff,
    0xbc,0xff,0xbc,0xff,0xbc,0xff,0xbc,0xff,0xbc,0xff,0xbc,0xff,0xbc,0xff,0xbb,0xff,0xbc,0xff,0xff,0xff,0xee,0x7b,0xa2,0x10,
    0x44,0x29,0x23,0x21,0x23,0x21,0x23,0x21,0x23,0x21,0x44,0x29,0x03,0x21,0xa9,0x52,0x33,0xa5,0x12,0xa5,0x90,0x94,0xa5,0x31,
    0x23,0x21,0x44,0x29,0x23,0x21,0x23,0x21,0x23,0x21,0x23,0x21,0x23,0x21,0x23,0x21,0x23,0x21,0x24,0x21,0x23,0x21,0x48,0x4a,
    0xca,0x5a,0xc9,0x5a,0xc9,0x5a,0xc9,0x5a,0xc9,0x5a,0xca,0x5a,0xca,0x5a,0xea,0x5a,0x89,0x52,0x53,0xad,0xfd,0xff,0x9b,0xf7,
    0xbc,0xff,0xbc,0xff,0xbc,0xff,0xbc,0xff,0xbc,0xff,0xbc,0xff,0x9b,0xf7,0x9b,0xf7,0xdc,0xff,0x16,0xc6,0xa9,0x52,0xca,0x5a,
    0xa9,0x52,0xa9,0x52,0x89,0x52,0x89,0x52,0x0a,0x63,0x3a,0xef,0xbb,0xff,0x9b,0xf7,0x9b,0xf7,0x9b,0xf7,0x9b,0xf7,0x9b,0xf7,
    0x9b,0xf7,0xbc,0xff,0xd9,0xde,0x64,0x29,0x23,0x21,0x23,0x21,0x23,0x21,0x23,0x21,0x23,0x21,0x23,0x21,0x23,0x21,0x23,0x21,
    0x44,0x29,0xe2,0x18,0xca,0x5a,0xfd,0xff,0xbb,0xff,0xbc,0xff,0xbc,0xff,0xbc,0xff,0xbc,0xff,0xbc,0xff,0xbc,0xff,0x9b,0xf7,
    0xfd,0xff,0x77,0xce,0x23,0x21,0x24,0x29,0x24,0x29,0x23,0x21,0xc2,0x18,0xe2,0x18,0x44,0x29,0x44,0x29,0x44,0x29,0x03,0x21,
    0x06,0x42,0xfd,0xff,0x33,0xa5,0xa2,0x10,0x44,0x29,0x23,0x21,0x23,0x21,0x23,0x21,0x23,0x21,0x23,0x21,0x44,0x29,0xb8,0xde,
    0xfe,0xff,0x6f,0x8c,0x06,0x3a,0x03,0x21,0x23,0x21,0x23,0x21,0x23,0x21,0x23,0x21,0x23,0x21,0x23,0x21,0x23,0x21,0x23,0x21,
    0x23,0x21,0x23,0x21,0x23,0x21,0x23,0x21,0x23,0x21,0x23,0x21,0x23,0x21,0x23,0x21,0x44,0x29,0x03,0x21,0x27,0x42,0x9b,0xf7,
    0xbc,0xff,0xbc,0xff,0xbc,0xff,0xbc,0xff,0xbc,0xff,0x9b,0xf7,0x9b,0xf7,0x9b,0xf7,0x9b,0xf7,0x9b,0xf7,0x9b,0xf7,0x9b,0xf7,
    0x9b,0xf7,0x9b,0xf7,0x9b,0xf7,0x9b,0xf7,0x9b,0xf7,0x9b,0xf7,0x9b,0xf7,0x9b,0xf7,0x9b,0xf7,0x9b,0xf7,0xfe,0xff,0x5a,0xef,
    0x24,0x21,0x03,0x21,0x23,0x21,0x24,0x21,0x24,0x21,0x23,0x21,0x23,0x21,0x23,0x21,0x23,0x21,0x23,0x21,0x23,0x21,0x23,0x21,
    0x81,0x10,0x64,0x29,0xdc,0xff,0xfd,0xff,0xbc,0xff,0xbc,0xff,0xbc,0xff,0xbc,0xff,0xbb,0xff,0xbb,0xff,0x9b,0xf7,0x9b,0xf7,
    0x9b,0xff,0xbb,0xff,0xbb,0xff,0xbb,0xff,0xbb,0xff,0xbb,0xff,0xbb,0xff,0xbc,0xff,0xbb,0xff,0xbb,0xff,0xbc,0xff,0xbb,0xff,
    0xbb,0xff,0xbb,0xff,0xbb,0xff,0xbc,0xff,0x9b,0xf7,0xfd,0xff,0x6e,0x8c,0x67,0x4a,0x1a,0xe7,0xdc,0xff,0xbb,0xff,0xbc,0xff,
    0xbc,0xff,0x9b,0xff,0xdc,0xff,0xb7,0xd6,0x46,0x42,0x8f,0x8c,0xfd,0xff,0x9b,0xf7,0xbb,0xff,0xbb,0xff,0xbc,0xff,0xbc,0xff,
    0xbc,0xff,0xbc,0xff,0xbc,0xff,0xbc,0xff,0xbc,0xff,0x9b,0xff,0xbc,0xff,0xd7,0xd6,0x13,0xbe,0x39,0xe7,0xbc,0xff,0xbb,0xff,
    0xbc,0xff,0xbc,0xff,0xbc,0xff,0xbc,0xff,0xbc,0xff,0xbc,0xff,0x9b,0xff,0xdc,0xff,0x97,0xd6,0xb1,0x94,0x89,0x52,0xe2,0x18,
    0x44,0x29,0x23,0x21,0x23,0x21,0x23,0x21,0x23,0x21,0x23,0x21,0x44,0x29,0x03,0x21,0xc2,0x18,0xe2,0x18,0xc2,0x18,0x23,0x21,
    0x44,0x29,0x23,0x21,0x23,0x21,0x23,0x21,0x23,0x21,0x23,0x21,0x23,0x21,0x23,0x21,0x23,0x21,0x23,0x21,0x24,0x21,0xe2,0x18,
    0xc2,0x18,0xc2,0x18,0xc2,0x18,0xc2,0x18,0xc2,0x18,0xc2,0x18,0xe2,0x18,0x03,0x19,0x60,0x08,0x4f,0x8c,0xfd,0xff,0x9b,0xf7,
    0xbc,0xff,0xbc,0xff,0xbc,0xff,0xbc,0xff,0xbc,0xff,0xbc,0xff,0xbc,0xff,0x9b,0xf7,0xfd,0xff,0x73,0xb5,0x81,0x10,0x03,0x21,
    0xe2,0x18,0xe2,0x18,0xe2,0x18,0xc2,0x18,0x23,0x21,0xd8,0xde,0xdc,0xff,0x9b,0xff,0xbb,0xff,0xbc,0xff,0xbc,0xff,0xbb,0xff,
    0x9b,0xff,0xdc,0xff,0xf9,0xe6,0x64,0x29,0x23,0x21,0x23,0x21,0x23,0x21,0x23,0x21,0x23,0x21,0x23,0x21,0x23,0x21,0x23,0x21,
    0x44,0x29,0xe2,0x18,0xca,0x5a,0xfd,0xff,0xbb,0xff,0xbc,0xff,0xbc,0xff,0xbc,0xff,0xbc,0xff,0xbc,0xff,0xbc,0xff,0x9b,0xf7,
    0xfd,0xff,0x57,0xce,0x03,0x21,0x23,0x21,0x23,0x21,0xa5,0x39,0xcd,0x7b,0xee,0x83,0x27,0x42,0x23,0x21,0x44,0x29,0xe3,0x18,
    0xc6,0x39,0xfd,0xff,0x33,0xa5,0xa1,0x10,0x44,0x29,0x23,0x21,0x23,0x21,0x23,0x21,0x23,0x21,0x23,0x21,0x44,0x29,0xb8,0xde,
    0x7b,0xf7,0xa5,0x31,0xa2,0x10,0x23,0x21,0x23,0x21,0x23,0x21,0x23,0x21,0x23,0x21,0x44,0x21,0x44,0x29,0x44,0x29,0x44,0x29,
    0x44,0x29,0x44,0x29,0x44,0x29,0x44,0x29,0x23,0x21,0x23,0x21,0x23,0x21,0x23,0x21,0x44,0x29,0x03,0x21,0x07,0x42,0x9b,0xf7,
    0xbc,0xff,0xbc,0xff,0xbc,0xff,0xbc,0xff,0xbc,0xff,0xbc,0xff,0xbc,0xff,0xbc,0xff,0xbc,0xff,0xbc,0xff,0xbc,0xff,0xbc,0xff,
    0xbc,0xff,0xbc,0xff,0xbc,0xff,0xbc,0xff,0xbc,0xff,0xbb,0xff,0xbc,0xff,0xbc,0xff,0xbc,0xff,0x7b,0xf7,0x4f,0x8c,0x6c,0x73,
    0x64,0x29,0x44,0x29,0x44,0x29,0x23,0x21,0x23,0x21,0x23,0x21,0x23,0x21,0x23,0x21,0x23,0x21,0x23,0x21,0x24,0x29,0x85,0x31,
    0x2f,0x84,0xf2,0xa4,0x9b,0xf7,0x9b,0xff,0xbb,0xff,0xbc,0xff,0xbc,0xff,0xbc,0xff,0xbb,0xff,0xbc,0xff,0xdc,0xff,0xdc,0xff,
    0xdc,0xff,0x9b,0xff,0xbb,0xff,0xbb,0xff,0xbc,0xff,0xdd,0xff,0xf3,0xb5,0x50,0x9d,0x70,0xa5,0x30,0x9d,0x75,0xc6,0xdc,0xff,
    0x9b,0xf7,0xbb,0xff,0xbc,0xff,0xbc,0xff,0x9b,0xf7,0xfd,0xff,0x6e,0x8c,0x87,0x4a,0x1a,0xe7,0xdc,0xff,0xbc,0xff,0xbc,0xff,
    0xbc,0xff,0x9b,0xf7,0xfc,0xff,0xb7,0xd6,0x26,0x42,0x8f,0x94,0xfd,0xff,0x9b,0xf7,0xbb,0xff,0xbc,0xff,0xbc,0xff,0xbc,0xff,
    0xbc,0xff,0xbc,0xff,0xbc,0xff,0xbc,0xff,0xbc,0xff,0xbc,0xff,0xfe,0xff,0xf3,0xb5,0x4b,0x74,0xd7,0xd6,0xfe,0xff,0xbc,0xff,
    0xbc,0xff,0xbc,0xff,0xbc,0xff,0xbc,0xff,0xbc,0xff,0xbc,0xff,0x9b,0xf7,0xfd,0xff,0x53,0xad,0x40,0x08,0x23,0x21,0x44,0x21,
    0x23,0x21,0x23,0x21,0x23,0x21,0x23,0x21,0x23,0x21,0x23,0x21,0x23,0x21,0x44,0x29,0x44,0x29,0x64,0x29,0x44,0x29,0x44,0x21,
    0x23,0x21,0x23,0x21,0x24,0x21,0x23,0x21,0x24,0x21,0x23,0x21,0x23,0x21,0x23,0x21,0x23,0x21,0x23,0x21,0x23,0x21,0x23,0x21,
    0x23,0x21,0x24,0x21,0x44,0x29,0x44,0x29,0x44,0x21,0x44,0x21,0x44,0x29,0x64,0x29,0xc2,0x18,0x70,0x94,0xfd,0xff,0x9b,0xf7,
    0xbc,0xff,0xbc,0xff,0xbc,0xff,0xbc,0xff,0xbc,0xff,0xbc,0xff,0xbc,0xff,0x9b,0xf7,0xfe,0xff,0xd1,0x9c,0xc2,0x18,0x64,0x29,
    0x44,0x29,0x44,0x21,0x44,0x29,0x44,0x29,0xc2,0x18,0x6f,0x8c,0xfd,0xff,0x9b,0xf7,0xbb,0xff,0xbc,0xff,0xbc,0xff,0xbc,0xff,
    0x9b,0xff,0xdc,0xff,0xf9,0xe6,0x64,0x29,0x23,0x21,0x23,0x21,0x23,0x21,0x23,0x21,0x23,0x21,0x23,0x21,0x23,0x21,0x23,0x21,
    0x44,0x29,0xe2,0x18,0xca,0x5a,0xfd,0xff,0xbb,0xff,0xbc,0xff,0xbc,0xff,0xbc,0xff,0xbc,0xff,0xbc,0xff,0xbc,0xff,0x9b,0xff,
    0xfd,0xff,0x57,0xce,0xe2,0x18,0x44,0x29,0x03,0x21,0x88,0x52,0xfe,0xff,0xff,0xff,0x4c,0x6b,0xe2,0x18,0x64,0x29,0x03,0x21,
    0xc6,0x39,0xfd,0xff,0x32,0xa5,0xa1,0x10,0x44,0x29,0x23,0x21,0x23,0x21,0x23,0x21,0x23,0x21,0x23,0x21,0x23,0x21,0xb7,0xde,
    0xd8,0xde,0x03,0x21,0x44,0x21,0x23,0x21,0x23,0x21,0x23,0x21,0x23,0x21,0x23,0x21,0xc2,0x18,0xc2,0x18,0xe2,0x18,0xc2,0x18,
    0xc2,0x18,0xa2,0x10,0xa1,0x10,0xc2,0x18,0x24,0x29,0x23,0x21,0x23,0x21,0x23,0x21,0x44,0x29,0xe3,0x18,0x06,0x42,0x9b,0xf7,
    0xbc,0xff,0xbc,0xff,0xbc,0xff,0xbc,0xff,0xbc,0xff,0xbc,0xff,0xbc,0xff,0xbc,0xff,0xbc,0xff,0xbc,0xff,0xbc,0xff,0xbc,0xff,
    0xbc,0xff,0xbc,0xff,0xbc,0xff,0xbc,0xff,0xbc,0xff,0xbc,0xff,0xbb,0xff,0x9b,0xf7,0xfc,0xff,0x9b,0xf7,0x44,0x29,0xa1,0x10,
    0x44,0x29,0x44,0x29,0x44,0x21,0x23,0x21,0x23,0x21,0x23,0x21,0x23,0x21,0x23,0x21,0x23,0x21,0x23,0x21,0xa2,0x10,0x23,0x21,
    0x9c,0xf7,0xfe,0xff,0xbc,0xff,0xbc,0xff,0xbc,0xff,0xbc,0xff,0xbc,0xff,0xbc,0xff,0xbc,0xff,0x7a,0xf7,0x96,0xce,0x96,0xce,
    0xf8,0xde,0xbc,0xff,0x9b,0xf7,0xbc,0xff,0x5a,0xef,0xd7,0xde,0x50,0x9d,0xad,0x84,0xce,0x8c,0xad,0x84,0x14,0xbe,0xdc,0xff,
    0x9b,0xff,0xbb,0xff,0xbb,0xff,0xbc,0xff,0x9b,0xf7,0xfd,0xff,0x6e,0x8c,0x87,0x4a,0x3a,0xe7,0xdc,0xff,0xbb,0xff,0xbc,0xff,
    0xbc,0xff,0x9b,0xf7,0xfc,0xff,0xb8,0xd6,0x46,0x42,0x8f,0x94,0xfd,0xff,0x9b,0xf7,0xbc,0xff,0xbc,0xff,0xbc,0xff,0xbc,0xff,
    0xbc,0xff,0xbc,0xff,0xbc,0xff,0xbc,0xff,0xbc,0xff,0xd8,0xde,0x55,0xc6,0xd2,0xb5,0x70,0xa5,0x14,0xbe,0x34,0xc6,0x39,0xe7,
    0xdc,0xff,0xbb,0xff,0xbc,0xff,0xbc,0xff,0xbc,0xff,0xbc,0xff,0xbc,0xff,0xbb,0xff,0x6c,0x6b,0x03,0x21,0x44,0x29,0x23,0x21,
    0x23,0x21,0x23,0x21,0x23,0x21,0x23,0x21,0x23,0x21,0x23,0x21,0x44,0x21,0x44,0x21,0x23,0x21,0x44,0x29,0x23,0x21,0x23,0x29,
    0x23,0x21,0x23,0x21,0x24,0x21,0x23,0x21,0x23,0x21,0x23,0x21,0x23,0x21,0x24,0x21,0x23,0x21,0x23,0x21,0x23,0x21,0x23,0x21,
    0x23,0x21,0x23,0x21,0x23,0x21,0x23,0x21,0x23,0x21,0x23,0x21,0x23,0x21,0x44,0x29,0xa2,0x10,0x70,0x8c,0xfd,0xff,0x9b,0xf7,
    0xbc,0xff,0xbc,0xff,0xbc,0xff,0xbc,0xff,0xbc,0xff,0xbc,0xff,0xbc,0xff,0x9b,0xf7,0xfe,0xff,0xb1,0x94,0xa2,0x18,0x44,0x29,
    0x23,0x21,0x23,0x21,0x23,0x21,0x44,0x29,0xa2,0x10,0x0e,0x84,0xfd,0xff,0x9b,0xf7,0xbc,0xff,0xbc,0xff,0xbc,0xff,0xbc,0xff,
    0x9b,0xff,0xdc,0xff,0xf9,0xe6,0x64,0x29,0x23,0x21,0x24,0x21,0x23,0x21,0x23,0x21,0x23,0x21,0x23,0x21,0x23,0x21,0x23,0x21,
    0x44,0x29,0xe2,0x18,0xca,0x5a,0xfd,0xff,0xbb,0xff,0xbc,0xff,0xbc,0xff,0xbc,0xff,0xbc,0xff,0xbc,0xff,0xbc,0xff,0x9b,0xff,
    0xfd,0xff,0x57,0xce,0xe2,0x18,0x24,0x29,0x23,0x21,0x07,0x42,0x73,0xb5,0x93,0xb5,0x48,0x4a,0x03,0x21,0x44,0x29,0x03,0x21,
    0xe6,0x39,0xdc,0xff,0x12,0xa5,0xa2,0x10,0x44,0x29,0x23,0x21,0x23,0x21,0x23,0x21,0x23,0x21,0x24,0x21,0x44,0x29,0xd8,0xde,
    0xf8,0xde,0x44,0x29,0x23,0x21,0x44,0x29,0x23,0x21,0x23,0x21,0x44,0x29,0x43,0x21,0x4f,0x8c,0x53,0xad,0x53,0xad,0x53,0xad,
    0x53,0xad,0x32,0xa5,0x53,0xad,0x4f,0x8c,0x23,0x21,0x44,0x29,0x23,0x21,0x23,0x21,0x24,0x21,0x03,0x21,0x27,0x42,0x9b,0xf7,
    0xbc,0xff,0xbc,0xff,0xbc,0xff,0xbc,0xff,0xbc,0xff,0xbc,0xff,0xbc,0xff,0xbc,0xff,0xbc,0xff,0xbc,0xff,0xbc,0xff,0xbc,0xff,
    0xbc,0xff,0xbc,0xff,0xbc,0xff,0xbc,0xff,0xbc,0xff,0xbc,0xff,0xbc,0xff,0xfd,0xff,0xf2,0x9c,0x88,0x52,0x85,0x31,0x44,0x29,
    0x44,0x29,0x23,0x21,0x23,0x21,0x23,0x21,0x23,0x21,0x23,0x21,0x23,0x21,0x24,0x21,0x23,0x21,0x03,0x21,0xb1,0x94,0xb5,0xbd,
    0x7a,0xf7,0x9b,0xff,0xbc,0xff,0xbc,0xff,0xbc,0xff,0xbc,0xff,0xbc,0xff,0x9b,0xff,0xdc,0xff,0x19,0xe7,0xad,0x84,0xad,0x84,
    0x91,0xa5,0x9b,0xf7,0xbc,0xff,0xfd,0xff,0xb7,0xd6,0xad,0x84,0xee,0x94,0xee,0x8c,0xee,0x94,0xcd,0x8c,0x14,0xbe,0xdc,0xff,
    0x9b,0xff,0xbc,0xff,0xbc,0xff,0xbb,0xff,0x9b,0xf7,0xfd,0xff,0x4e,0x8c,0x67,0x4a,0x1a,0xe7,0xdc,0xff,0xbb,0xff,0xbc,0xff,
    0xbc,0xff,0x9b,0xf7,0xfd,0xff,0xb8,0xde,0x46,0x42,0x8f,0x8c,0xfd,0xff,0x9b,0xf7,0xbc,0xff,0xbc,0xff,0xbc,0xff,0xbc,0xff,
    0xbc,0xff,0xbc,0xff,0xbc,0xff,0x9b,0xff,0xdd,0xff,0xd3,0xb5,0x4b,0x74,0x91,0xa5,0x74,0xce,0x50,0x9d,0x4b,0x74,0x96,0xce,
    0xdc,0xff,0x9b,0xf7,0xbc,0xff,0xbc,0xff,0xbc,0xff,0xbc,0xff,0xdc,0xff,0x3a,0xef,0x64,0x29,0x03,0x21,0x44,0x29,0x23,0x21,
    0x23,0x21,0x23,0x21,0x23,0x21,0x23,0x21,0x24,0x21,0x44,0x29,0x44,0x29,0x44,0x29,0x44,0x29,0x44,0x29,0x44,0x29,0x44,0x21,
    0x23,0x21,0x23,0x21,0x23,0x21,0x23,0x21,0x23,0x21,0x23,0x21,0x23,0x21,0x23,0x21,0x23,0x21,0x23,0x21,0x23,0x21,0x23,0x21,
    0x23,0x21,0x23,0x21,0x23,0x21,0x23,0x21,0x23,0x21,0x23,0x21,0x23,0x21,0x44,0x29,0xc2,0x18,0x70,0x8c,0xfd,0xff,0x9b,0xf7,
    0xbc,0xff,0xbc,0xff,0xbc,0xff,0xbc,0xff,0xbc,0xff,0xbc,0xff,0xbc,0xff,0x9b,0xf7,0xfd,0xff,0x90,0x94,0xa2,0x10,0x44,0x29,
    0x23,0x21,0x23,0x21,0x23,0x21,0x44,0x29,0xa2,0x10,0x2e,0x84,0xfd,0xff,0x9b,0xf7,0xbc,0xff,0xbc,0xff,0xbc,0xff,0xbc,0xff,
    0xbb,0xff,0xdc,0xff,0xf9,0xe6,0x64,0x29,0x23,0x21,0x23,0x21,0x23,0x21,0x23,0x21,0x23,0x21,0x23,0x21,0x23,0x21,0x23,0x21,
    0x44,0x29,0xe2,0x18,0xca,0x5a,0xfd,0xff,0xbb,0xff,0xbc,0xff,0xbc,0xff,0xbc,0xff,0xbc,0xff,0xbc,0xff,0xbc,0xff,0x9b,0xff,
    0xfd,0xff,0x57,0xce,0x03,0x21,0x23,0x21,0x23,0x29,0x44,0x29,0x03,0x21,0xa2,0x10,0x03,0x21,0x44,0x29,0x44,0x29,0x03,0x21,
    0x06,0x42,0xdc,0xff,0x12,0xa5,0xa2,0x10,0x44,0x29,0x23,0x21,0x23,0x21,0x23,0x21,0x23,0x21,0xe2,0x18,0xe2,0x18,0x3b,0xef,
    0x5c,0xef,0x44,0x29,0x23,0x21,0x23,0x29,0x23,0x21,0x23,0x21,0x03,0x21,0xa1,0x10,0x99,0xd6,0xff,0xff,0xfe,0xff,0xff,0xff,
    0xfe,0xff,0xfd,0xff,0xfe,0xff,0x77,0xce,0x03,0x21,0x44,0x29,0x23,0x21,0x23,0x21,0x23,0x21,0xe3,0x18,0x27,0x42,0x9b,0xf7,
    0xbc,0xff,0xbc,0xff,0xbc,0xff,0xbc,0xff,0xbc,0xff,0xbc,0xff,0xbc,0xff,0xbc,0xff,0xbc,0xff,0xbc,0xff,0xbc,0xff,0xbc,0xff,
    0xbc,0xff,0xbc,0xff,0xbc,0xff,0xbc,0xff,0x9b,0xff,0xbc,0xff,0xf9,0xe6,0x1a,0xe7,0x2b,0x63,0x61,0x10,0x44,0x29,0x24,0x21,
    0x23,0x21,0x23,0x21,0x23,0x21,0x23,0x21,0x23,0x21,0x23,0x21,0x24,0x29,0x44,0x29,0x64,0x29,0x44,0x29,0xf9,0xe6,0xfe,0xff,
    0xbb,0xff,0xbc,0xff,0xbc,0xff,0xbc,0xff,0xbc,0xff,0xbc,0xff,0xbc,0xff,0x9b,0xff,0xdc,0xff,0x39,0xe7,0xee,0x8c,0x0e,0x95,
    0xcd,0x8c,0xf3,0xb5,0x9b,0xf7,0x55,0xc6,0x50,0x9d,0xee,0x8c,0xee,0x8c,0xce,0x8c,0xee,0x94,0xcd,0x8c,0x13,0xbe,0xdc,0xff,
    0x9b,0xff,0xbc,0xff,0xbc,0xff,0xbc,0xff,0x9b,0xf7,0xfd,0xff,0x4e,0x8c,0x67,0x42,0x19,0xe7,0xdc,0xff,0xbb,0xff,0xbc,0xff,
    0xbc,0xff,0x9b,0xf7,0xfd,0xff,0xb8,0xd6,0x46,0x42,0x8f,0x8c,0xfd,0xff,0x9b,0xf7,0xbc,0xff,0xbc,0xff,0xbc,0xff,0xbc,0xff,
    0xbc,0xff,0xbc,0xff,0xbc,0xff,0xbc,0xff,0xbc,0xff,0xf8,0xde,0x76,0xce,0xd2,0xb5,0x2f,0x95,0x14,0xbe,0x96,0xce,0x39,0xef,
    0xbc,0xff,0xbb,0xff,0xbb,0xff,0xbc,0xff,0x9b,0xf7,0xdd,0xff,0xd5,0xbd,0x06,0x42,0x64,0x29,0x23,0x21,0x23,0x21,0x23,0x21,
    0x23,0x21,0x23,0x21,0x23,0x21,0x23,0x21,0x03,0x21,0x03,0x21,0x03,0x21,0x03,0x21,0x03,0x21,0x03,0x21,0x03,0x21,0x23,0x21,
    0x23,0x21,0x23,0x21,0x23,0x21,0x23,0x21,0x23,0x21,0x23,0x21,0x23,0x21,0x23,0x21,0x23,0x21,0x23,0x21,0x23,0x21,0x23,0x21,
    0x23,0x21,0x23,0x21,0x23,0x21,0x23,0x21,0x23,0x21,0x23,0x21,0x23,0x21,0x44,0x29,0xa2,0x10,0x70,0x8c,0xfd,0xff,0x9b,0xf7,
    0xbc,0xff,0xbc,0xff,0xbc,0xff,0xbc,0xff,0xbc,0xff,0xbc,0xff,0xbc,0xff,0x9b,0xf7,0xfe,0xff,0xb1,0x9c,0xc2,0x10,0x44,0x29,
    0x23,0x21,0x23,0x21,0x23,0x21,0x44,0x29,0xa1,0x10,0x0e,0x84,0xfd,0xff,0x9b,0xf7,0xbc,0xff,0xbc,0xff,0xbc,0xff,0xbc,0xff,
    0xbc,0xff,0xdc,0xff,0xf9,0xe6,0x64,0x29,0x23,0x21,0x23,0x21,0x23,0x21,0x23,0x21,0x23,0x21,0x23,0x21,0x23,0x21,0x23,0x21,
    0x44,0x29,0x03,0x21,0xea,0x5a,0xfd,0xff,0xbb,0xff,0xbc,0xff,0xbc,0xff,0xbc,0xff,0xbc,0xff,0xbc,0xff,0xbc,0xff,0x9b,0xff,
    0xfd,0xff,0x57,0xce,0x23,0x21,0x44,0x21,0x23,0x21,0x44,0x29,0x64,0x29,0x44,0x29,0x24,0x21,0x44,0x29,0x64,0x29,0xe2,0x18,
    0x64,0x29,0xfc,0xff,0x32,0xa5,0xc2,0x18,0x44,0x29,0x23,0x21,0x23,0x21,0x44,0x29,0xc2,0x18,0x0e,0x84,0x16,0xc6,0xad,0x73,
    0xea,0x5a,0x44,0x29,0x23,0x21,0x23,0x21,0x44,0x29,0xe2,0x18,0x6c,0x73,0xb5,0xb5,0x4c,0x6b,0x2b,0x63,0x2b,0x63,0x0a,0x63,
    0x0a,0x63,0x4b,0x6b,0x7b,0xf7,0x16,0xc6,0x03,0x19,0x44,0x29,0x23,0x21,0x23,0x21,0x23,0x21,0x03,0x21,0x68,0x4a,0x9c,0xf7,
    0xbc,0xff,0xbc,0xff,0xbc,0xff,0xbc,0xff,0xbc,0xff,0xbc,0xff,0xbc,0xff,0xbc,0xff,0xbc,0xff,0xbc,0xff,0xbc,0xff,0xbc,0xff,
    0xbc,0xff,0xbc,0xff,0xbc,0xff,0xbc,0xff,0xdc,0xff,0xfe,0xff,0xea,0x5a,0x23,0x21,0x64,0x29,0x44,0x29,0x24,0x21,0x23,0x21,
    0x23,0x21,0x23,0x21,0x24,0x21,0x23,0x21,0x23,0x21,0x44,0x29,0x03,0x21,0x23,0x21,0x36,0xce,0xf9,0xe6,0x7b,0xf7,0x9b,0xff,
    0xbb,0xff,0xbc,0xff,0xbc,0xff,0xbc,0xff,0xbc,0xff,0xbc,0xff,0xbc,0xff,0xbc,0xff,0xdc,0xff,0x19,0xe7,0xad,0x84,0xce,0x8c,
    0xee,0x8c,0xce,0x8c,0xee,0x8c,0xad,0x84,0xad,0x8c,0xee,0x8c,0xee,0x8c,0xee,0x8c,0xee,0x94,0x8c,0x84,0xf3,0xb5,0xdd,0xff,
    0x9b,0xff,0xbc,0xff,0xbc,0xff,0xbc,0xff,0x9b,0xf7,0xfd,0xff,0x4e,0x8c,0x67,0x42,0x19,0xe7,0xdc,0xff,0xbb,0xff,0xbb,0xff,
    0xbc,0xff,0x9b,0xff,0xfd,0xff,0xb7,0xd6,0x26,0x42,0x8f,0x8c,0xfd,0xff,0x9b,0xf7,0xbc,0xff,0xbc,0xff,0xbc,0xff,0xbc,0xff,
    0xbc,0xff,0xbc,0xff,0xbc,0xff,0xbc,0xff,0xbb,0xff,0xbc,0xff,0xfd,0xff,0xb2,0xad,0xea,0x6b,0x96,0xd6,0xfd,0xff,0xbc,0xff,
    0xbb,0xff,0xbc,0xff,0xbb,0xff,0xbb,0xff,0x9b,0xf7,0xff,0xff,0xd5,0xbd,0xc2,0x10,0x44,0x29,0x23,0x21,0x23,0x21,0x23,0x21,
    0x23,0x21,0x23,0x21,0x23,0x21,0x84,0x31,0xb4,0xb5,0x57,0xce,0x36,0xc6,0x36,0xce,0x36,0xce,0x36,0xce,0x36,0xce,0x07,0x42,
    0xe3,0x18,0x24,0x21,0x23,0x21,0x23,0x21,0x23,0x21,0x23,0x21,0x23,0x21,0x24,0x21,0x23,0x21,0x44,0x29,0x03,0x19,0xf2,0xa4,
    0xd8,0xde,0x77,0xd6,0x98,0xd6,0x97,0xd6,0x98,0xd6,0xb8,0xd6,0x98,0xd6,0x98,0xd6,0x97,0xd6,0x3a,0xef,0xbc,0xff,0xbc,0xff,
    0xbc,0xff,0xbc,0xff,0xbc,0xff,0xbc,0xff,0xbc,0xff,0xbc,0xff,0xbc,0xff,0x7b,0xf7,0xf9,0xde,0x0e,0x84,0xc2,0x18,0x44,0x29,
    0x23,0x21,0x23,0x21,0x23,0x21,0x44,0x29,0xa1,0x10,0x0e,0x84,0xfd,0xff,0x9b,0xf7,0xbc,0xff,0xbc,0xff,0xbc,0xff,0xbc,0xff,
    0x9b,0xff,0xdc,0xff,0xf9,0xe6,0x64,0x29,0x23,0x21,0x23,0x21,0x23,0x21,0x23,0x21,0x23,0x21,0x23,0x21,0x23,0x21,0x23,0x21,
    0x24,0x29,0x61,0x08,0x88,0x52,0xfd,0xff,0xbb,0xff,0xbc,0xff,0xbc,0xff,0xbc,0xff,0xbc,0xff,0xbc,0xff,0xbc,0xff,0x9b,0xff,
    0xfd,0xff,0x57,0xce,0xe3,0x18,0x23,0x21,0x03,0x19,0xe2,0x18,0x03,0x21,0x03,0x21,0x03,0x21,0x23,0x21,0x03,0x21,0x64,0x31,
    0x4f,0x8c,0xfd,0xff,0x33,0xa5,0xc2,0x18,0x44,0x29,0x23,0x21,0x23,0x21,0x44,0x29,0xc2,0x18,0x73,0xb5,0xfe,0xff,0xc5,0x31,
    0xa2,0x10,0x24,0x29,0x23,0x21,0x23,0x29,0x64,0x29,0xe2,0x18,0x4f,0x8c,0x7b,0xef,0x85,0x31,0xa1,0x10,0xc2,0x18,0xa2,0x10,
    0xc2,0x10,0x24,0x29,0x7b,0xf7,0x16,0xc6,0xc2,0x18,0x23,0x21,0x23,0x21,0x44,0x29,0xe2,0x18,0x12,0xa5,0x5b,0xef,0x9b,0xf7,
    0xbc,0xff,0xbc,0xff,0xbc,0xff,0xbc,0xff,0xbc,0xff,0xbc,0xff,0xbc,0xff,0xbc,0xff,0xbc,0xff,0xbc,0xff,0xbc,0xff,0xbc,0xff,
    0xbc,0xff,0xbc,0xff,0xbc,0xff,0xdc,0xff,0xb8,0xde,0xd5,0xbd,0x47,0x4a,0xe3,0x20,0x44,0x29,0x23,0x21,0x23,0x21,0x23,0x21,
    0x23,0x21,0x23,0x21,0x23,0x21,0x23,0x21,0x44,0x29,0x44,0x29,0xa5,0x31,0xc9,0x5a,0x3a,0xef,0xfd,0xff,0xbc,0xff,0xbc,0xff,
    0xbc,0xff,0xbc,0xff,0xbc,0xff,0xbc,0xff,0xbc,0xff,0xbc,0xff,0xbc,0xff,0xbc,0xff,0xbc,0xff,0x5a,0xef,0xf3,0xb5,0x71,0xa5,
    0xcd,0x8c,0xce,0x8c,0xce,0x8c,0xce,0x8c,0xee,0x8c,0xce,0x8c,0xce,0x8c,0xee,0x8c,0x2f,0x9d,0xb2,0xad,0xb6,0xd6,0xdc,0xff,
    0x9b,0xff,0xbc,0xff,0xbc,0xff,0xbc,0xff,0x9b,0xf7,0xfd,0xff,0x4e,0x84,0x67,0x42,0x19,0xe7,0xdc,0xff,0xbb,0xff,0xbb,0xff,
    0xbc,0xff,0x9b,0xf7,0xfd,0xff,0xb7,0xd6,0x26,0x42,0x8f,0x94,0xfd,0xff,0x9b,0xf7,0xbc,0xff,0xbb,0xff,0xbb,0xff,0xbc,0xff,
    0xbc,0xff,0xbb,0xff,0xbc,0xff,0xbb,0xff,0xbc,0xff,0x9b,0xf7,0xbc,0xff,0xd7,0xde,0x34,0xc6,0x39,0xe7,0xbc,0xff,0x9b,0xff,
    0xbc,0xff,0xbc,0xff,0xbb,0xff,0xbb,0xff,0x9b,0xff,0xd1,0x9c,0x0a,0x63,0x23,0x21,0x44,0x29,0x23,0x21,0x23,0x21,0x24,0x21,
    0x23,0x21,0x23,0x29,0xe2,0x18,0x43,0x29,0x3a,0xef,0xfd,0xff,0xfc,0xff,0xfc,0xff,0xfd,0xff,0xfc,0xff,0xfd,0xff,0x68,0x4a,
    0xe2,0x18,0x44,0x29,0x23,0x21,0x23,0x21,0x23,0x21,0x23,0x21,0x23,0x21,0x23,0x21,0x23,0x21,0x44,0x29,0xe2,0x18,0x15,0xc6,
    0xfe,0xff,0xdc,0xff,0xfc,0xff,0xfc,0xff,0xfc,0xff,0xdc,0xff,0xfc,0xff,0xfc,0xff,0xfd,0xff,0xdc,0xff,0xbc,0xff,0xbc,0xff,
    0xbc,0xff,0xbc,0xff,0xbc,0xff,0xbc,0xff,0xbc,0xff,0xbc,0xff,0xdc,0xff,0xf9,0xe6,0x64,0x29,0x44,0x21,0x44,0x21,0x23,0x21,
    0x23,0x21,0x23,0x21,0x23,0x21,0x44,0x29,0xa2,0x10,0x0e,0x84,0xfd,0xff,0x9b,0xf7,0xbc,0xff,0xbc,0xff,0xbc,0xff,0xbc,0xff,
    0xbb,0xff,0xdc,0xff,0xf9,0xe6,0x64,0x29,0x23,0x21,0x23,0x21,0x23,0x21,0x23,0x21,0x23,0x21,0x23,0x21,0x24,0x21,0x23,0x21,
    0xa5,0x31,0xce,0x7b,0x12,0xa5,0xdc,0xff,0xbb,0xff,0xbc,0xff,0xbc,0xff,0xbc,0xff,0xbc,0xff,0xbc,0xff,0xbc,0xff,0x9b,0xff,
    0xdc,0xff,0x77,0xd6,0xe6,0x39,0x07,0x42,0xe6,0x39,0xe6,0x39,0xe6,0x39,0xe6,0x39,0xc6,0x39,0xe6,0x41,0xc5,0x39,0x4b,0x6b,
    0xfd,0xff,0xfe,0xff,0x32,0xa5,0xc2,0x10,0x44,0x29,0x23,0x21,0x23,0x21,0x44,0x29,0xc2,0x18,0x32,0xa5,0xdc,0xff,0x07,0x42,
    0xe2,0x18,0x44,0x29,0x44,0x29,0x44,0x29,0xa1,0x10,0xd1,0x9c,0x2f,0x84,0x81,0x10,0x24,0x21,0x44,0x29,0x44,0x29,0x44,0x29,
    0x23,0x21,0xa5,0x31,0x7b,0xf7,0x16,0xc6,0xe2,0x18,0x23,0x21,0x44,0x29,0x64,0x29,0x03,0x21,0x36,0xc6,0xfd,0xff,0x9b,0xf7,
    0xbc,0xff,0xbc,0xff,0xbc,0xff,0xbc,0xff,0xbc,0xff,0xbc,0xff,0xbc,0xff,0xbc,0xff,0xbc,0xff,0xbc,0xff,0xbc,0xff,0xbc,0xff,
    0xbc,0xff,0xbc,0xff,0x9b,0xf7,0xfd,0xff,0x0e,0x84,0x61,0x08,0x44,0x29,0x24,0x21,0x24,0x21,0x24,0x21,0x23,0x21,0x23,0x21,
    0x23,0x21,0x23,0x21,0x23,0x21,0x23,0x21,0xe2,0x18,0x20,0x00,0x6c,0x6b,0xff,0xff,0x9b,0xf7,0xbb,0xff,0xbb,0xff,0xbc,0xff,
    0xbc,0xff,0xbc,0xff,0xbc,0xff,0xbc,0xff,0xbc,0xff,0xbc,0xff,0xbc,0xff,0xbc,0xff,0xbc,0xff,0xbc,0xff,0xfd,0xff,0x76,0xce,
    0x2b,0x74,0xad,0x8c,0xce,0x8c,0xce,0x8c,0xee,0x8c,0xce,0x8c,0xce,0x8c,0x6c,0x7c,0x50,0x9d,0xfd,0xff,0xbc,0xff,0xbb,0xff,
    0xbc,0xff,0xbc,0xff,0xbc,0xff,0xbc,0xff,0x9b,0xf7,0xfd,0xff,0x4e,0x84,0x67,0x42,0x19,0xe7,0xdc,0xff,0xbb,0xff,0xbb,0xff,
    0xbc,0xff,0x9b,0xff,0xfd,0xff,0xb8,0xd6,0x26,0x42,0x8f,0x94,0xfd,0xff,0x9b,0xf7,0xbb,0xff,0xbc,0xff,0xbb,0xff,0xbc,0xff,
    0xbc,0xff,0xbc,0xff,0xbc,0xff,0xbc,0xff,0xbc,0xff,0xbc,0xff,0xbb,0xff,0xdc,0xff,0xdc,0xff,0xbc,0xff,0xbb,0xff,0xbc,0xff,
    0xbb,0xff,0xbc,0xff,0x9b,0xff,0xbb,0xff,0x3a,0xef,0x44,0x29,0xc2,0x10,0x44,0x29,0x23,0x21,0x23,0x21,0x23,0x21,0x23,0x21,
    0x44,0x29,0x44,0x29,0x07,0x42,0xc9,0x5a,0x1a,0xe7,0xbc,0xff,0x9b,0xf7,0x9b,0xf7,0x9b,0xf7,0x9b,0xf7,0xbc,0xff,0x68,0x4a,
    0xe2,0x18,0x44,0x29,0x23,0x21,0x23,0x21,0x23,0x21,0x23,0x21,0x24,0x21,0x24,0x21,0x24,0x21,0x44,0x29,0xe2,0x18,0xd5,0xbd,
    0xfd,0xff,0x9b,0xf7,0x9b,0xff,0x9b,0xff,0x9b,0xff,0x9b,0xff,0x9b,0xf7,0x9b,0xff,0x9b,0xf7,0xbc,0xff,0xbc,0xff,0xbc,0xff,
    0xbc,0xff,0xbc,0xff,0xbc,0xff,0xbc,0xff,0xbc,0xff,0xbb,0xff,0xfd,0xff,0x98,0xd6,0x44,0x29,0x24,0x21,0x23,0x21,0x23,0x21,
    0x23,0x21,0x23,0x21,0x23,0x21,0x44,0x29,0xc2,0x10,0x0e,0x84,0xfd,0xff,0x7b,0xf7,0x9b,0xf7,0x9b,0xf7,0x9b,0xf7,0x9b,0xf7,
    0x9b,0xf7,0xbc,0xff,0xf9,0xde,0x65,0x29,0x23,0x21,0x23,0x21,0x23,0x21,0x23,0x21,0x23,0x21,0x23,0x21,0x44,0x29,0x03,0x19,
    0x48,0x4a,0xfe,0xff,0xfc,0xff,0x9b,0xf7,0x9b,0xff,0xbc,0xff,0xbc,0xff,0xbc,0xff,0xbc,0xff,0xbc,0xff,0xbc,0xff,0xbc,0xff,
    0xfd,0xff,0xfd,0xff,0xbd,0xf7,0xbd,0xf7,0xbd,0xf7,0xbd,0xf7,0xbd,0xf7,0x9c,0xf7,0x9c,0xf7,0x9c,0xf7,0x9d,0xf7,0xbd,0xff,
    0xdd,0xff,0xfe,0xff,0x32,0xad,0xc2,0x10,0x44,0x29,0x23,0x21,0x23,0x21,0x44,0x29,0xc2,0x18,0x53,0xad,0xfe,0xff,0xb7,0xde,
    0x53,0xad,0x03,0x21,0x44,0x29,0x64,0x29,0xe6,0x39,0xd9,0xde,0xd2,0x9c,0x81,0x10,0x44,0x29,0x23,0x21,0x23,0x21,0x23,0x21,
    0x03,0x21,0x85,0x31,0x7b,0xf7,0x37,0xce,0x03,0x21,0x64,0x29,0xa1,0x10,0x4c,0x6b,0xb9,0xd6,0x5a,0xef,0xbc,0xff,0xbb,0xff,
    0xbc,0xff,0xbc,0xff,0xbc,0xff,0xbc,0xff,0xbc,0xff,0xbc,0xff,0xbc,0xff,0xbc,0xff,0xbc,0xff,0xbc,0xff,0xbc,0xff,0xbc,0xff,
    0xbc,0xff,0xbc,0xff,0x9b,0xf7,0xfd,0xff,0x2f,0x8c,0xc2,0x18,0x44,0x29,0x23,0x21,0x23,0x21,0x23,0x21,0x23,0x21,0x23,0x21,
    0x23,0x21,0x23,0x21,0x23,0x21,0x03,0x21,0xad,0x73,0x2f,0x8c,0xb4,0xbd,0xdd,0xff,0xbc,0xff,0xbc,0xff,0xbc,0xff,0xbc,0xff,
    0xbc,0xff,0xbc,0xff,0xbc,0xff,0xbc,0xff,0xbc,0xff,0xbc,0xff,0xbc,0xff,0xbc,0xff,0xbc,0xff,0xbc,0xff,0xbb,0xff,0x18,0xe7,
    0x55,0xce,0x71,0xa5,0xad,0x84,0xce,0x8c,0xce,0x8c,0xce,0x8c,0xcd,0x8c,0x34,0xbe,0xd7,0xde,0xbb,0xff,0xbb,0xff,0xbc,0xff,
    0xbc,0xff,0xbc,0xff,0xbc,0xff,0xbc,0xff,0x9b,0xf7,0xfd,0xff,0x4e,0x84,0x67,0x42,0x19,0xe7,0xdc,0xff,0x9b,0xff,0xbc,0xff,
    0xbc,0xff,0x9b,0xff,0xdc,0xff,0xd8,0xde,0x46,0x42,0x8f,0x8c,0xfd,0xff,0x9b,0xf7,0xbc,0xff,0xbc,0xff,0xbc,0xff,0xbc,0xff,
    0xbc,0xff,0xbc,0xff,0xbc,0xff,0xbc,0xff,0xbc,0xff,0xbc,0xff,0xbc,0xff,0x9b,0xff,0x9b,0xf7,0xbb,0xff,0xbc,0xff,0xbc,0xff,
    0xbc,0xff,0xbc,0xff,0xbc,0xff,0xfe,0xff,0xf9,0xe6,0x23,0x21,0x23,0x21,0x23,0x21,0x23,0x21,0x23,0x21,0x23,0x21,0x44,0x21,
    0x03,0x21,0x81,0x10,0xf5,0xc5,0xfd,0xff,0x9b,0xf7,0xbc,0xff,0xbc,0xff,0xbc,0xff,0xbb,0xff,0xbc,0xff,0xdd,0xff,0x89,0x4a,
    0xe2,0x18,0x44,0x29,0x23,0x21,0x23,0x21,0x23,0x21,0x23,0x21,0x23,0x21,0x24,0x21,0x23,0x21,0x44,0x29,0xe2,0x18,0xd5,0xbd,
    0xfd,0xff,0x9b,0xf7,0xbc,0xff,0xbc,0xff,0xbc,0xff,0xbc,0xff,0xbc,0xff,0xbc,0xff,0xbc,0xff,0xbc,0xff,0xbc,0xff,0xbc,0xff,
    0xbc,0xff,0xbc,0xff,0xbc,0xff,0xbc,0xff,0xbc,0xff,0x9b,0xf7,0xfd,0xff,0x37,0xce,0x03,0x21,0x23,0x21,0x23,0x21,0x23,0x21,
    0x23,0x21,0x23,0x21,0x23,0x21,0x44,0x29,0xa2,0x10,0x4f,0x8c,0xff,0xff,0xfd,0xff,0xfd,0xff,0xfe,0xff,0xfe,0xff,0xfe,0xff,
    0xfd,0xff,0xfe,0xff,0x5a,0xef,0x64,0x29,0x23,0x21,0x23,0x21,0x23,0x21,0x23,0x21,0x23,0x21,0x23,0x21,0x23,0x21,0xe3,0x18,
    0x48,0x4a,0xfd,0xff,0xfc,0xff,0xfe,0xff,0xfd,0xff,0xbb,0xff,0xbc,0xff,0xbc,0xff,0xbc,0xff,0xbb,0xff,0xdc,0xff,0x5b,0xef,
    0x2b,0x63,0xc9,0x5a,0xc9,0x5a,0xc9,0x5a,0xc9,0x5a,0xea,0x5a,0xea,0x5a,0xea,0x5a,0xea,0x5a,0xea,0x5a,0xc9,0x5a,0xea,0x5a,
    0xea,0x5a,0xc9,0x5a,0x07,0x42,0x03,0x21,0x44,0x29,0x23,0x21,0x23,0x21,0x23,0x21,0x03,0x21,0x47,0x4a,0x2b,0x63,0x9b,0xf7,
    0xfe,0xff,0x57,0xce,0x4f,0x8c,0x00,0x00,0x4f,0x8c,0xff,0xff,0x6f,0x8c,0xc2,0x18,0x44,0x29,0x23,0x21,0x23,0x21,0x23,0x21,
    0x03,0x21,0x64,0x29,0x5a,0xef,0x36,0xce,0xc2,0x18,0xa2,0x10,0x47,0x4a,0x98,0xd6,0xfe,0xff,0xbc,0xff,0xbc,0xff,0xbc,0xff,
    0xbc,0xff,0xbc,0xff,0xbc,0xff,0xbc,0xff,0xbc,0xff,0xbc,0xff,0xbc,0xff,0xbc,0xff,0xbc,0xff,0xbc,0xff,0xbc,0xff,0xbc,0xff,
    0xbc,0xff,0xbc,0xff,0x9b,0xf7,0xfe,0xff,0x0e,0x84,0xa2,0x10,0x44,0x29,0x23,0x21,0x23,0x21,0x23,0x21,0x23,0x21,0x23,0x21,
    0x23,0x21,0x23,0x21,0x44,0x29,0x03,0x21,0x77,0xce,0xfe,0xff,0xdc,0xff,0xbb,0xff,0xbc,0xff,0xbc,0xff,0xbc,0xff,0xbc,0xff,
    0xbc,0xff,0xbc,0xff,0xbc,0xff,0xbc,0xff,0xbc,0xff,0xbc,0xff,0xbc,0xff,0xbc,0xff,0xbc,0xff,0xbc,0xff,0xbb,0xff,0x9b,0xff,
    0xfd,0xff,0x56,0xce,0x0f,0x95,0x30,0x9d,0x30,0x9d,0x0f,0x95,0x0f,0x95,0x9b,0xf7,0xfd,0xff,0xbb,0xff,0xbc,0xff,0xbc,0xff,
    0xbc,0xff,0xbc,0xff,0xbc,0xff,0xbc,0xff,0x9b,0xf7,0xfd,0xff,0x4e,0x8c,0x67,0x42,0x1a,0xe7,0xdc,0xff,0x9b,0xff,0xbc,0xff,
    0xbc,0xff,0xbb,0xff,0xdc,0xff,0xd9,0xde,0x47,0x42,0x8f,0x8c,0xfd,0xff,0x9b,0xf7,0xbc,0xff,0xbc,0xff,0xbc,0xff,0xbc,0xff,
    0xbc,0xff,0xbc,0xff,0xbc,0xff,0xbc,0xff,0xbc,0xff,0xbc,0xff,0xbc,0xff,0xbc,0xff,0xbc,0xff,0xbc,0xff,0xbc,0xff,0xbc,0xff,
    0xbc,0xff,0xdc,0xff,0x3a,0xe7,0x2e,0x84,0x8c,0x73,0x23,0x21,0x23,0x21,0x23,0x21,0x23,0x21,0x24,0x21,0x44,0x29,0x03,0x21,
    0x8c,0x73,0xf2,0xa4,0xf9,0xe6,0xdc,0xff,0xbb,0xff,0xbc,0xff,0xbc,0xff,0xbc,0xff,0xbb,0xff,0xbc,0xff,0xdd,0xff,0x89,0x52,
    0xe2,0x18,0x44,0x29,0x23,0x21,0x23,0x21,0x23,0x21,0x24,0x21,0x23,0x21,0x23,0x21,0x24,0x21,0x44,0x29,0xe2,0x18,0xd5,0xbd,
    0xfd,0xff,0x9b,0xf7,0xbb,0xff,0xbc,0xff,0xbc,0xff,0xbc,0xff,0xbc,0xff,0xbc,0xff,0xbc,0xff,0xbc,0xff,0xbc,0xff,0xbc,0xff,
    0xbc,0xff,0xbc,0xff,0xbc,0xff,0xbc,0xff,0xbc,0xff,0x9b,0xff,0xfd,0xff,0x57,0xce,0xe3,0x18,0x23,0x21,0x23,0x21,0x23,0x21,
    0x23,0x21,0x23,0x21,0x23,0x21,0x44,0x29,0x03,0x21,0x68,0x4a,0xee,0x7b,0xcd,0x7b,0xcd,0x7b,0xee,0x7b,0xee,0x7b,0xcd,0x7b,
    0xce,0x7b,0xee,0x7b,0x6c,0x6b,0x24,0x21,0x23,0x21,0x23,0x21,0x23,0x21,0x23,0x21,0x23,0x21,0x23,0x21,0x23,0x21,0x03,0x21,
    0x85,0x31,0xad,0x73,0xcd,0x7b,0xad,0x73,0x32,0xa5,0xdc,0xff,0x9b,0xf7,0x9b,0xf7,0x9b,0xf7,0xbb,0xff,0xdc,0xff,0x3a,0xef,
    0x64,0x29,0xc2,0x18,0xc2,0x18,0xc2,0x18,0xc2,0x18,0xc2,0x18,0xc2,0x18,0xe2,0x18,0xe2,0x18,0xe2,0x18,0xc2,0x18,0xc2,0x18,
    0xc2,0x18,0xc2,0x18,0xe3,0x18,0x23,0x21,0x23,0x21,0x23,0x21,0x23,0x21,0x23,0x21,0x23,0x21,0xe3,0x18,0xe2,0x18,0xee,0x83,
    0x53,0xad,0xfe,0xff,0xd1,0x9c,0x89,0x52,0x53,0xad,0xff,0xff,0x70,0x94,0xc2,0x10,0x44,0x29,0x23,0x21,0x23,0x21,0x44,0x29,
    0x23,0x21,0x64,0x29,0x39,0xef,0xd8,0xde,0x4b,0x6b,0xea,0x62,0x53,0xad,0xfd,0xff,0x9b,0xf7,0xbc,0xff,0xbc,0xff,0xbc,0xff,
    0xbb,0xff,0xbc,0xff,0xbc,0xff,0xbc,0xff,0xbc,0xff,0xbc,0xff,0xbc,0xff,0xbc,0xff,0xbc,0xff,0xbc,0xff,0xbc,0xff,0xbc,0xff,
    0xbc,0xff,0xbc,0xff,0x9b,0xf7,0xfd,0xff,0x0e,0x84,0xa1,0x10,0x44,0x29,0x23,0x21,0x23,0x21,0x23,0x21,0x23,0x21,0x23,0x21,
    0x23,0x21,0x23,0x21,0x44,0x29,0x03,0x21,0x16,0xc6,0xdc,0xff,0x9b,0xf7,0xbc,0xff,0xbc,0xff,0xbc,0xff,0xbc,0xff,0xbc,0xff,
    0xbc,0xff,0xbc,0xff,0xbc,0xff,0xbc,0xff,0xbc,0xff,0xbc,0xff,0xbc,0xff,0xbc,0xff,0xbc,0xff,0xbc,0xff,0xbb,0xff,0x9b,0xf7,
    0xdc,0xff,0x76,0xce,0xee,0x94,0x18,0xdf,0x9b,0xf7,0x7b,0xf7,0x9b,0xf7,0x9b,0xf7,0xbb,0xff,0xbb,0xff,0xbc,0xff,0xbc,0xff,
    0xbc,0xff,0xbc,0xff,0xbc,0xff,0xbc,0xff,0x9b,0xff,0xfd,0xff,0x4e,0x8c,0x67,0x42,0x19,0xe7,0xdc,0xff,0xbb,0xff,0xbb,0xff,
    0xbc,0xff,0x9b,0xff,0xdc,0xff,0xf9,0xde,0x67,0x42,0x8f,0x8c,0xfd,0xff,0x9b,0xf7,0xbc,0xff,0xbc,0xff,0xbc,0xff,0xbc,0xff,
    0xbc,0xff,0xbc,0xff,0xbc,0xff,0xbc,0xff,0xbc,0xff,0xbc,0xff,0xbc,0xff,0xbc,0xff,0xbc,0xff,0xbc,0xff,0xbc,0xff,0xbc,0xff,
    0x9b,0xff,0xfd,0xff,0x98,0xd6,0x40,0x08,0x60,0x08,0x44,0x29,0x23,0x21,0x23,0x21,0x24,0x21,0x64,0x29,0x23,0x21,0x20,0x00,
    0x53,0xad,0xff,0xff,0xbc,0xff,0xbb,0xff,0xbb,0xff,0xbc,0xff,0xbc,0xff,0xbc,0xff,0xbc,0xff,0xbc,0xff,0xdc,0xff,0x88,0x52,
    0xe2,0x18,0x44,0x29,0x23,0x21,0x23,0x21,0x23,0x21,0x23,0x21,0x23,0x21,0x23,0x21,0x24,0x21,0x44,0x29,0xe2,0x18,0xd5,0xbd,
    0xfd,0xff,0x9b,0xf7,0xbc,0xff,0xbc,0xff,0xbc,0xff,0xbc,0xff,0xbc,0xff,0xbc,0xff,0xbc,0xff,0xbc,0xff,0xbc,0xff,0xbc,0xff,
    0xbc,0xff,0xbc,0xff,0xbc,0xff,0xbc,0xff,0xbc,0xff,0x9b,0xf7,0xfd,0xff,0x37,0xce,0xe3,0x18,0x23,0x21,0x23,0x21,0x23,0x21,
    0x23,0x21,0x23,0x21,0x23,0x21,0x23,0x21,0x23,0x21,0x03,0x21,0xc2,0x10,0xc2,0x18,0xc2,0x18,0xc2,0x18,0xc2,0x18,0xc2,0x18,
    0xc2,0x18,0xc2,0x18,0xc2,0x18,0x23,0x21,0x23,0x21,0x23,0x21,0x23,0x21,0x23,0x21,0x23,0x21,0x23,0x21,0x23,0x21,0x23,0x21,
    0x23,0x21,0xa2,0x10,0xe2,0x18,0x40,0x08,0x4b,0x6b,0xff,0xff,0xfd,0xff,0xfe,0xff,0xfd,0xff,0x9b,0xff,0xdc,0xff,0x3a,0xef,
    0xa5,0x31,0x23,0x21,0x44,0x29,0x44,0x29,0x44,0x29,0x44,0x29,0x44,0x29,0x44,0x29,0x44,0x29,0x44,0x29,0x44,0x29,0x44,0x21,
    0x24,0x21,0x44,0x29,0x44,0x29,0x23,0x21,0x23,0x21,0x23,0x21,0x23,0x21,0x23,0x21,0x23,0x21,0x44,0x29,0x44,0x29,0xa1,0x10,
    0xa5,0x31,0x7a,0xf7,0xbb,0xff,0xfd,0xff,0xdd,0xff,0xfd,0xff,0x90,0x94,0xa2,0x10,0x44,0x29,0x23,0x21,0x23,0x21,0x24,0x21,
    0x03,0x21,0x85,0x31,0x19,0xe7,0xfc,0xff,0xfe,0xff,0xfd,0xff,0xdc,0xff,0x9b,0xf7,0xbc,0xff,0xbc,0xff,0xbc,0xff,0xdc,0xff,
    0xdc,0xff,0xdc,0xff,0xdd,0xff,0xdd,0xff,0xdd,0xff,0xdd,0xff,0xdd,0xff,0xdd,0xff,0xdd,0xff,0xdd,0xff,0xdd,0xff,0xdd,0xff,
    0xdd,0xff,0xdd,0xff,0xbc,0xff,0xff,0xff,0x4f,0x8c,0xa1,0x10,0x44,0x29,0x23,0x21,0x23,0x21,0x23,0x21,0x23,0x21,0x23,0x21,
    0x23,0x21,0x23,0x21,0x44,0x29,0xe2,0x18,0x16,0xc6,0xfe,0xff,0xbc,0xf7,0xbc,0xff,0xbc,0xff,0xbc,0xff,0xbc,0xff,0xbc,0xff,
    0xbc,0xff,0xbc,0xff,0xbc,0xff,0xbc,0xff,0xbc,0xff,0xbc,0xff,0xbc,0xff,0xbc,0xff,0xbc,0xff,0xbc,0xff,0xbc,0xff,0x9c,0xf7,
    0xfd,0xff,0x34,0xbe,0x6b,0x7c,0x19,0xe7,0xdc,0xff,0xbb,0xff,0xbc,0xff,0xbc,0xff,0xbc,0xff,0xbc,0xff,0xbc,0xff,0xbc,0xff,
    0xbc,0xff,0xbc,0xff,0xbc,0xff,0xbc,0xff,0x9b,0xf7,0xfd,0xff,0x4f,0x8c,0x67,0x42,0x19,0xe7,0xdc,0xff,0x9b,0xff,0xbb,0xff,
    0xbc,0xff,0x9b,0xff,0xdc,0xff,0xf9,0xde,0x67,0x42,0x8f,0x8c,0xfd,0xff,0x9b,0xf7,0xbc,0xff,0xbc,0xff,0xbc,0xff,0xbc,0xff,
    0xbc,0xff,0xbc,0xff,0xbc,0xff,0xbc,0xff,0xbc,0xff,0xbc,0xff,0xbc,0xff,0xbc,0xff,0xbc,0xff,0xbc,0xff,0xbc,0xff,0xbc,0xff,
    0xbc,0xff,0xdc,0xff,0x3a,0xef,0x90,0x94,0x0e,0x84,0x44,0x29,0x23,0x21,0x24,0x21,0x23,0x21,0x81,0x10,0x88,0x52,0xd1,0x9c,
    0x77,0xd6,0xbc,0xff,0x9b,0xff,0xbc,0xff,0xbc,0xff,0xbc,0xff,0xbc,0xff,0xbc,0xff,0xbc,0xff,0xbc,0xff,0xbc,0xff,0x68,0x4a,
    0xe2,0x18,0x44,0x29,0x23,0x21,0x23,0x21,0x23,0x21,0x23,0x21,0x23,0x21,0x23,0x21,0x23,0x21,0x44,0x29,0xe2,0x18,0xf5,0xbd,
    0xfd,0xff,0x9b,0xf7,0xbc,0xff,0xbc,0xff,0xbc,0xff,0xbc,0xff,0xbc,0xff,0xbc,0xff,0xbc,0xff,0xbc,0xff,0xbc,0xff,0xbc,0xff,
    0xbc,0xff,0xbc,0xff,0xbc,0xff,0xbc,0xff,0xbc,0xff,0xbc,0xff,0xfd,0xff,0x36,0xce,0x03,0x21,0x44,0x29,0x23,0x21,0x23,0x21,
    0x23,0x21,0x23,0x21,0x23,0x21,0x23,0x21,0x23,0x21,0x24,0x21,0x44,0x29,0x44,0x29,0x44,0x29,0x44,0x29,0x44,0x29,0x44,0x29,
    0x44,0x29,0x44,0x29,0x44,0x29,0x23,0x21,0x23,0x21,0x23,0x21,0x23,0x21,0x23,0x21,0x23,0x21,0x23,0x21,0x23,0x21,0x23,0x21,
    0x23,0x21,0x44,0x29,0x44,0x29,0x03,0x21,0x27,0x42,0x2f,0x84,0x2f,0x84,0xee,0x7b,0x73,0xad,0xdd,0xff,0xbc,0xff,0x19,0xe7,
    0x64,0x29,0x03,0x21,0x23,0x21,0x23,0x21,0x23,0x21,0x23,0x21,0x23,0x21,0x23,0x21,0x23,0x21,0x23,0x21,0x23,0x21,0x23,0x21,
    0x23,0x21,0x23,0x21,0x23,0x21,0x23,0x21,0x23,0x21,0x23,0x21,0x23,0x21,0x23,0x21,0x24,0x21,0x44,0x21,0x44,0x29,0x03,0x21,
    0x06,0x42,0x7b,0xf7,0xbb,0xff,0x9b,0xf7,0x9b,0xf7,0xfd,0xff,0x90,0x94,0xa2,0x10,0x44,0x29,0x23,0x21,0x23,0x21,0x23,0x21,
    0x03,0x21,0x85,0x31,0x1a,0xe7,0xdc,0xff,0x9b,0xf7,0x9b,0xf7,0x9b,0xf7,0xbc,0xff,0xbc,0xff,0x9b,0xff,0xfd,0xff,0x0f,0x84,
    0x27,0x42,0x89,0x52,0x89,0x52,0x89,0x52,0x89,0x52,0x88,0x52,0x89,0x52,0x88,0x52,0x89,0x52,0x89,0x52,0x89,0x52,0x89,0x52,
    0x89,0x52,0x89,0x52,0x89,0x52,0xa9,0x52,0xc6,0x39,0x03,0x21,0x23,0x21,0x23,0x21,0x23,0x21,0x23,0x21,0x23,0x21,0x23,0x21,
    0x23,0x21,0x23,0x21,0x23,0x21,0x23,0x21,0xe6,0x39,0x68,0x4a,0x48,0x4a,0x48,0x4a,0x48,0x4a,0x48,0x4a,0x48,0x4a,0x48,0x4a,
    0x48,0x4a,0x48,0x4a,0x48,0x4a,0x48,0x4a,0x48,0x4a,0x48,0x4a,0x27,0x42,0x2b,0x63,0xbb,0xff,0xbb,0xff,0xdc,0xff,0x39,0xe7,
    0x30,0x9d,0x91,0xa5,0xd7,0xde,0x9b,0xf7,0xbc,0xff,0xbb,0xff,0xbb,0xff,0xbc,0xff,0xbc,0xff,0xbc,0xff,0xbc,0xff,0xbc,0xff,
    0xbc,0xff,0xbc,0xff,0xbc,0xff,0xbc,0xff,0x9b,0xf7,0xfd,0xff,0x6f,0x8c,0x67,0x42,0x19,0xe7,0xdc,0xff,0x9b,0xff,0xbb,0xff,
    0xbc,0xff,0x9b,0xff,0xdc,0xff,0xf9,0xde,0x47,0x42,0x6f,0x8c,0xfd,0xff,0x9b,0xf7,0xbb,0xff,0xbc,0xff,0xbc,0xff,0xbc,0xff,
    0xbc,0xff,0xbc,0xff,0xbc,0xff,0xbc,0xff,0xbc,0xff,0xbc,0xff,0xbc,0xff,0xbc,0xff,0xbc,0xff,0xbc,0xff,0xbc,0xff,0xbc,0xff,
    0xbc,0xff,0xbc,0xff,0xbc,0xff,0xfe,0xff,0x5b,0xef,0x64,0x29,0x44,0x29,0x03,0x21,0x89,0x52,0xb1,0x94,0x15,0xc6,0xfd,0xff,
    0xbb,0xff,0x9b,0xf7,0x9b,0xf7,0x9b,0xf7,0x9b,0xf7,0x9b,0xf7,0x9b,0xf7,0x9b,0xf7,0x9b,0xf7,0x9b,0xf7,0xbc,0xff,0x68,0x4a,
    0xe2,0x18,0x44,0x29,0x23,0x21,0x23,0x21,0x23,0x21,0x23,0x21,0x23,0x21,0x23,0x21,0x23,0x21,0x44,0x29,0xe3,0x18,0xd5,0xbd,
    0xfc,0xff,0x9b,0xf7,0x9b,0xf7,0x9b,0xf7,0x9b,0xf7,0x9b,0xf7,0x9b,0xf7,0x9b,0xf7,0x9b,0xf7,0x9b,0xf7,0x9b,0xf7,0x9b,0xf7,
    0x9b,0xf7,0x9b,0xf7,0xbc,0xff,0xbc,0xff,0xbc,0xff,0x9c,0xff,0xfd,0xff,0x57,0xce,0x24,0x21,0x44,0x29,0x23,0x21,0x23,0x21,
    0x23,0x21,0x23,0x21,0x23,0x21,0x23,0x21,0x23,0x21,0x23,0x21,0x23,0x21,0x23,0x21,0x23,0x21,0x23,0x21,0x23,0x21,0x23,0x21,
    0x23,0x21,0x23,0x21,0x23,0x21,0x23,0x21,0x23,0x21,0x23,0x21,0x23,0x21,0x23,0x21,0x23,0x21,0x23,0x21,0x23,0x21,0x23,0x21,
    0x23,0x21,0x23,0x21,0x23,0x21,0x23,0x21,0x03,0x21,0xa2,0x10,0xe3,0x18,0x40,0x08,0x2b,0x6b,0xfd,0xff,0xbc,0xff,0x19,0xe7,
    0x64,0x29,0x23,0x21,0x44,0x29,0x44,0x29,0x44,0x29,0x44,0x29,0x44,0x29,0x44,0x29,0x44,0x29,0x44,0x29,0x44,0x29,0x44,0x29,
    0x44,0x29,0x44,0x29,0x44,0x29,0x23,0x21,0x23,0x21,0x23,0x21,0x23,0x21,0x23,0x21,0x23,0x21,0x24,0x29,0x44,0x29,0x03,0x21,
    0xe6,0x41,0x9b,0xf7,0xbc,0xff,0xbb,0xff,0x7b,0xf7,0xfd,0xff,0x70,0x94,0xa2,0x10,0x44,0x29,0x23,0x21,0x23,0x21,0x23,0x21,
    0x23,0x21,0x85,0x31,0x1a,0xe7,0xdc,0xff,0x9b,0xff,0xbc,0xff,0xbc,0xff,0xbc,0xff,0xbc,0xff,0x9b,0xf7,0xfd,0xff,0xea,0x5a,
    0x61,0x08,0xe3,0x18,0xe2,0x18,0xe2,0x18,0xe2,0x18,0xe2,0x18,0xe2,0x18,0xe2,0x18,0xe2,0x18,0xc2,0x18,0xc2,0x18,0xc2,0x18,
    0xc2,0x18,0xc2,0x18,0xc2,0x18,0xc2,0x18,0x03,0x21,0x23,0x21,0x23,0x21,0x23,0x21,0x23,0x21,0x23,0x21,0x23,0x21,0x23,0x21,
    0x23,0x21,0x23,0x21,0x23,0x21,0x23,0x21,0x03,0x21,0xe3,0x18,0xe2,0x18,0xe2,0x18,0xe2,0x18,0xe2,0x18,0xe2,0x18,0xe2,0x18,
    0xe2,0x18,0xe2,0x18,0xe3,0x18,0xe2,0x18,0xe3,0x18,0x03,0x21,0xa2,0x10,0xe6,0x41,0x9b,0xf7,0x9b,0xf7,0x9b,0xf7,0xf8,0xde,
    0x8c,0x7c,0xb2,0xad,0xfd,0xff,0xbc,0xff,0xbb,0xff,0xbc,0xff,0xbc,0xff,0xbc,0xff,0xbc,0xff,0xbc,0xff,0xbc,0xff,0xbc,0xff,
    0xbc,0xff,0xbc,0xff,0xbc,0xff,0xbc,0xff,0x9b,0xff,0xfd,0xff,0x6f,0x8c,0x67,0x4a,0x3a,0xe7,0xdc,0xff,0xbb,0xff,0xbc,0xff,
    0xbc,0xff,0x9b,0xff,0xdc,0xff,0xf9,0xde,0x47,0x42,0x6f,0x8c,0xfd,0xff,0x9b,0xf7,0xbc,0xff,0xbc,0xff,0xbc,0xff,0xbc,0xff,
    0xbc,0xff,0xbc,0xff,0xbc,0xff,0xbc,0xff,0xbc,0xff,0xbc,0xff,0xbc,0xff,0xbc,0xff,0xbc,0xff,0xbc,0xff,0xbc,0xff,0xbc,0xff,
    0xbc,0xff,0xbc,0xff,0x9b,0xf7,0xdc,0xff,0xb9,0xd6,0x03,0x21,0xc2,0x18,0xa1,0x10,0xee,0x7b,0xff,0xff,0xfd,0xff,0xfd,0xff,
    0xfd,0xff,0xfd,0xff,0xfe,0xff,0xfe,0xff,0xfe,0xff,0xfe,0xff,0xfe,0xff,0xfe,0xff,0xfe,0xff,0xfd,0xff,0xfe,0xff,0x68,0x4a,
    0xe2,0x18,0x44,0x29,0x23,0x21,0x23,0x21,0x23,0x21,0x23,0x21,0x23,0x21,0x23,0x21,0x23,0x21,0x44,0x29,0xe2,0x18,0x36,0xc6,
    0xfe,0xff,0xfd,0xff,0xfd,0xff,0xfd,0xff,0xfd,0xff,0xfd,0xff,0xfd,0xff,0xfd,0xff,0xfd,0xff,0xfd,0xff,0xfd,0xff,0xfd,0xff,
    0xfd,0xff,0xfe,0xff,0xdc,0xff,0xbc,0xff,0xbc,0xff,0x9b,0xff,0xfd,0xff,0x37,0xce,0xa1,0x10,0xe2,0x18,0x23,0x21,0x23,0x21,
    0x23,0x21,0x23,0x21,0x23,0x21,0x23,0x21,0x23,0x21,0x23,0x21,0x23,0x21,0x23,0x21,0x23,0x21,0x23,0x21,0x23,0x21,0x23,0x21,
    0x23,0x21,0x23,0x21,0x23,0x21,0x24,0x21,0x23,0x21,0x23,0x21,0x23,0x21,0x23,0x21,0x23,0x21,0x23,0x21,0x23,0x21,0x23,0x21,
    0x23,0x21,0x23,0x21,0x23,0x21,0x23,0x21,0x24,0x21,0x44,0x29,0x64,0x29,0xc2,0x18,0x8c,0x73,0xfc,0xff,0xbc,0xff,0x3a,0xe7,
    0x03,0x21,0xa2,0x10,0x02,0x21,0xe2,0x18,0xc2,0x18,0xc2,0x18,0xc2,0x18,0xc2,0x18,0xc2,0x18,0xc2,0x18,0xc2,0x18,0xe2,0x18,
    0xe2,0x18,0xc2,0x18,0x03,0x21,0x44,0x29,0x23,0x21,0x23,0x21,0x23,0x21,0x23,0x21,0x23,0x21,0x23,0x21,0x44,0x29,0xa2,0x10,
    0xa5,0x39,0x9b,0xf7,0xbc,0xff,0x9b,0xff,0xbb,0xff,0xff,0xff,0x91,0x94,0xa1,0x10,0x44,0x29,0x23,0x21,0x23,0x21,0x23,0x21,
    0x23,0x21,0x85,0x31,0x19,0xe7,0xdc,0xff,0x9b,0xff,0xbb,0xff,0xbc,0xff,0xbb,0xff,0xbc,0xff,0x9b,0xf7,0xfd,0xff,0x2b,0x63,
    0xc2,0x18,0x44,0x29,0x24,0x21,0x24,0x21,0x24,0x21,0x44,0x29,0x44,0x29,0x44,0x21,0x24,0x21,0x23,0x21,0x24,0x21,0x23,0x21,
    0x23,0x21,0x23,0x21,0x23,0x21,0x23,0x21,0x24,0x21,0x23,0x21,0x23,0x21,0x23,0x21,0x23,0x21,0x23,0x21,0x23,0x21,0x23,0x21,
    0x23,0x21,0x23,0x21,0x23,0x21,0x23,0x21,0x24,0x21,0x44,0x29,0x44,0x29,0x44,0x29,0x24,0x29,0x24,0x21,0x44,0x21,0x44,0x21,
    0x44,0x21,0x44,0x29,0x44,0x29,0x44,0x29,0x44,0x29,0x44,0x29,0x03,0x21,0x68,0x4a,0xfd,0xff,0x9b,0xf7,0x0f,0x95,0x50,0xa5,
    0x5a,0xef,0x7a,0xef,0xbc,0xff,0xbc,0xff,0xbc,0xff,0xbc,0xff,0xbc,0xff,0xbc,0xff,0xbc,0xff,0xbc,0xff,0xbc,0xff,0xbc,0xff,
    0xbc,0xff,0xbc,0xff,0xbc,0xff,0xbc,0xff,0x9b,0xff,0xfd,0xff,0x6f,0x8c,0x87,0x4a,0x3a,0xe7,0xdc,0xff,0xbb,0xff,0xbc,0xff,
    0xbc,0xff,0x9b,0xff,0xdc,0xff,0xf9,0xde,0x47,0x42,0x6f,0x8c,0xfd,0xff,0x9b,0xf7,0xbb,0xff,0xbc,0xff,0xbc,0xff,0xbc,0xff,
    0xbc,0xff,0xbc,0xff,0xbc,0xff,0xbc,0xff,0xbc,0xff,0xbc,0xff,0xbc,0xff,0xbc,0xff,0xbc,0xff,0xbc,0xff,0xbc,0xff,0xbc,0xff,
    0xbc,0xff,0xbc,0xff,0xbb,0xff,0xdc,0xff,0x3a,0xef,0x50,0x8c,0x70,0x8c,0xca,0x5a,0x27,0x42,0x4f,0x8c,0x2f,0x8c,0x4f,0x8c,
    0x4f,0x8c,0x4f,0x8c,0x4f,0x8c,0x4f,0x8c,0x4f,0x8c,0x4f,0x8c,0x4f,0x8c,0x4f,0x8c,0x4f,0x8c,0x4f,0x8c,0x70,0x8c,0xc6,0x39,
    0x03,0x21,0x23,0x21,0x23,0x21,0x23,0x21,0x23,0x21,0x23,0x21,0x23,0x21,0x23,0x21,0x23,0x21,0x24,0x21,0xe3,0x18,0x2f,0x8c,
    0xd5,0xbd,0x94,0xb5,0xb4,0xbd,0xb4,0xbd,0xb4,0xbd,0xb4,0xbd,0xb4,0xbd,0xb4,0xbd,0xb4,0xbd,0xb4,0xbd,0xb4,0xbd,0x73,0xb5,
    0x73,0xb5,0x94,0xb5,0x5a,0xef,0xdc,0xff,0xbc,0xff,0xbc,0xff,0xdc,0xff,0x3b,0xef,0x74,0xad,0x0e,0x84,0x03,0x21,0x44,0x29,
    0x44,0x29,0x44,0x29,0x44,0x29,0x44,0x29,0x44,0x29,0x44,0x29,0x44,0x29,0x44,0x29,0x44,0x29,0x44,0x29,0x44,0x29,0x44,0x29,
    0x44,0x29,0x44,0x29,0x44,0x29,0x44,0x29,0x44,0x29,0x44,0x29,0x44,0x29,0x44,0x29,0x44,0x29,0x23,0x21,0x23,0x21,0x23,0x21,
    0x23,0x21,0x23,0x21,0x23,0x21,0x23,0x21,0x23,0x21,0x23,0x21,0x44,0x29,0xc2,0x10,0x8c,0x73,0xfd,0xff,0x9c,0xff,0x9b,0xf7,
    0xb4,0xbd,0x94,0xb5,0x17,0xc6,0xf6,0xc5,0xf5,0xbd,0xf6,0xbd,0xd6,0xbd,0xd5,0xbd,0xd6,0xbd,0xd5,0xbd,0xd6,0xbd,0xf6,0xc5,
    0xd6,0xbd,0xd5,0xbd,0xee,0x7b,0xe2,0x18,0x44,0x29,0x23,0x21,0x23,0x21,0x23,0x21,0x23,0x21,0x23,0x21,0x23,0x21,0xd1,0x9c,
    0x16,0xc6,0xbb,0xff,0x9b,0xff,0xdc,0xff,0x73,0xb5,0x8d,0x73,0x68,0x52,0x03,0x19,0x24,0x21,0x23,0x21,0x23,0x21,0x23,0x21,
    0x03,0x21,0xa5,0x31,0x5b,0xef,0xfd,0xff,0x9b,0xff,0xbc,0xff,0xbc,0xff,0xbc,0xff,0xbb,0xff,0x9b,0xf7,0xfd,0xff,0x2b,0x63,
    0xc2,0x18,0x44,0x29,0x23,0x21,0x24,0x21,0x44,0x21,0x24,0x21,0x44,0x29,0x44,0x21,0x23,0x21,0x23,0x21,0x23,0x21,0x23,0x21,
    0x23,0x21,0x23,0x21,0x23,0x21,0x23,0x21,0x23,0x21,0x23,0x21,0x23,0x21,0x23,0x21,0x23,0x21,0x23,0x21,0x23,0x21,0x23,0x21,
    0x23,0x21,0x23,0x21,0x23,0x21,0x24,0x29,0x23,0x21,0x44,0x29,0x44,0x29,0x44,0x29,0x24,0x21,0x24,0x21,0x24,0x21,0x44,0x21,
    0x44,0x29,0x44,0x29,0x44,0x29,0x44,0x29,0x44,0x29,0x44,0x29,0x03,0x21,0x06,0x42,0xf5,0xc5,0xd4,0xbd,0x30,0x9d,0xd3,0xb5,
    0xdc,0xff,0xbc,0xff,0xbc,0xff,0xbc,0xff,0xbc,0xff,0xbc,0xff,0xbc,0xff,0xbc,0xff,0xbc,0xff,0xbc,0xff,0xbc,0xff,0xbc,0xff,
    0xbc,0xff,0xbc,0xff,0xbc,0xff,0xbc,0xff,0x9b,0xf7,0xfd,0xff,0x6e,0x8c,0x67,0x4a,0x3a,0xe7,0xdc,0xff,0xbb,0xff,0xbc,0xff,
    0xbc,0xff,0x9b,0xf7,0xdc,0xff,0xf9,0xe6,0x47,0x42,0x6f,0x8c,0xfd,0xff,0x9b,0xf7,0xbc,0xff,0xbc,0xff,0xbc,0xff,0xbc,0xff,
    0xbc,0xff,0xbc,0xff,0xbc,0xff,0xbc,0xff,0xbc,0xff,0xbc,0xff,0xbc,0xff,0xbc,0xff,0xbc,0xff,0xbc,0xff,0xbc,0xff,0xbc,0xff,
    0xbc,0xff,0xbc,0xff,0xbc,0xff,0xbb,0xff,0xbc,0xff,0xff,0xff,0xff,0xff,0xd1,0x9c,0x60,0x08,0xc2,0x18,0xa2,0x10,0xa2,0x10,
    0xa2,0x10,0xa1,0x10,0xa2,0x10,0xa2,0x10,0xa2,0x10,0xa2,0x10,0xa2,0x10,0xa2,0x10,0xa2,0x10,0xa2,0x10,0xc2,0x18,0x23,0x21,
    0x23,0x21,0x23,0x21,0x23,0x21,0x23,0x21,0x23,0x21,0x23,0x21,0x23,0x21,0x23,0x21,0x23,0x21,0x23,0x21,0x23,0x21,0xe2,0x18,
    0xc2,0x18,0xc2,0x18,0xc2,0x18,0xc2,0x18,0xc2,0x18,0xe2,0x18,0xc2,0x18,0xe2,0x18,0xe2,0x18,0xe2,0x18,0xe2,0x18,0xc2,0x18,
    0xc2,0x18,0xa1,0x10,0x57,0xce,0xfd,0xff,0x9b,0xff,0xbc,0xff,0xbb,0xff,0xbc,0xff,0xff,0xff,0xd4,0xbd,0x20,0x00,0xc2,0x18,
    0xc2,0x10,0xa2,0x10,0xa2,0x10,0xa1,0x10,0xa1,0x10,0xa2,0x10,0xa2,0x10,0xa2,0x10,0xa1,0x10,0xa2,0x10,0xa2,0x10,0xa2,0x10,
    0xa2,0x10,0xa2,0x10,0xa2,0x10,0xc2,0x18,0xa2,0x10,0xc2,0x18,0xc2,0x18,0xc2,0x18,0xe2,0x18,0x23,0x21,0x23,0x21,0x23,0x21,
    0x23,0x21,0x23,0x21,0x23,0x21,0x23,0x21,0x23,0x21,0x23,0x21,0x44,0x29,0xc2,0x18,0xad,0x73,0xfd,0xff,0x9b,0xf7,0xbc,0xff,
    0xfd,0xff,0xdc,0xff,0x98,0xd6,0x98,0xd6,0x98,0xd6,0x98,0xd6,0x98,0xd6,0x98,0xd6,0x77,0xd6,0x98,0xd6,0x98,0xd6,0x98,0xd6,
    0x98,0xd6,0xfe,0xff,0x73,0xad,0xc2,0x10,0x44,0x29,0x23,0x21,0x23,0x21,0x23,0x21,0x23,0x21,0x23,0x21,0x23,0x21,0xf9,0xe6,
    0xfe,0xff,0xbb,0xff,0x9b,0xf7,0xfe,0xff,0x4f,0x8c,0x40,0x08,0x03,0x21,0x24,0x21,0x23,0x21,0x23,0x21,0x23,0x21,0x23,0x21,
    0x23,0x21,0x44,0x29,0x48,0x4a,0xad,0x73,0xbc,0xff,0xbb,0xff,0xbc,0xff,0xbc,0xff,0xbb,0xff,0x9b,0xf7,0xfd,0xff,0x0b,0x63,
    0x81,0x10,0x03,0x21,0xe3,0x18,0xe3,0x18,0xe3,0x18,0xe3,0x18,0xe3,0x18,0xe3,0x18,0xe3,0x18,0xe2,0x18,0xe2,0x18,0xe2,0x18,
    0xe3,0x18,0xe3,0x18,0xe3,0x18,0xe2,0x18,0x03,0x21,0x24,0x21,0x23,0x21,0x23,0x21,0x23,0x21,0x23,0x21,0x23,0x21,0x24,0x21,
    0x23,0x21,0x23,0x21,0x23,0x21,0x23,0x21,0x03,0x21,0xe3,0x18,0x03,0x21,0x03,0x21,0x03,0x21,0xe3,0x18,0xe3,0x18,0xe3,0x18,
    0x03,0x19,0x03,0x21,0x03,0x21,0x03,0x21,0x03,0x21,0x03,0x21,0x44,0x29,0x44,0x29,0xc2,0x18,0xc6,0x39,0x7b,0xf7,0xbc,0xff,
    0x9b,0xf7,0xbb,0xff,0xbc,0xff,0xbc,0xff,0xbc,0xff,0xbc,0xff,0xbc,0xff,0xbc,0xff,0xbc,0xff,0xbc,0xff,0xbc,0xff,0xbc,0xff,
    0xbc,0xff,0xbc,0xff,0xbc,0xff,0xbc,0xff,0x9b,0xf7,0xfd,0xff,0x4e,0x84,0x67,0x42,0x1a,0xe7,0xdc,0xff,0xbb,0xff,0xbc,0xff,
    0xbc,0xff,0xbb,0xf7,0xdc,0xff,0xf9,0xe6,0x67,0x42,0x6f,0x8c,0xfd,0xff,0x9b,0xf7,0xbc,0xff,0xbc,0xff,0xbc,0xff,0xbc,0xff,
    0xbc,0xff,0xbc,0xff,0xbc,0xff,0xbc,0xff,0xbc,0xff,0xbc,0xff,0xbc,0xff,0xbc,0xff,0xbc,0xff,0xbc,0xff,0xbc,0xff,0xbc,0xff,
    0xbc,0xff,0xbc,0xff,0xbc,0xff,0xbc,0xff,0x5a,0xef,0x73,0xad,0x94,0xb5,0x2b,0x63,0xc2,0x18,0x44,0x29,0x44,0x29,0x44,0x29,
    0x44,0x29,0x44,0x29,0x44,0x29,0x44,0x29,0x44,0x29,0x44,0x29,0x44,0x29,0x44,0x29,0x44,0x29,0x44,0x29,0x44,0x29,0x23,0x21,
    0x23,0x21,0x23,0x21,0x23,0x21,0x23,0x21,0x23,0x21,0x23,0x21,0x23,0x21,0x23,0x21,0x23,0x21,0x23,0x21,0x23,0x21,0x44,0x29,
    0x44,0x29,0x44,0x29,0x44,0x29,0x44,0x29,0x44,0x29,0x44,0x29,0x44,0x29,0x44,0x29,0x44,0x29,0x44,0x29,0x44,0x29,0x44,0x29,
    0x44,0x29,0x03,0x21,0x36,0xce,0xfd,0xff,0x9c,0xf7,0xbb,0xff,0xbb,0xff,0x9b,0xff,0xbc,0xff,0x97,0xd6,0x2e,0x84,0x4f,0x8c,
    0x4f,0x8c,0x4f,0x8c,0x4f,0x8c,0x4f,0x8c,0x4f,0x8c,0x4f,0x8c,0x4f,0x8c,0x4f,0x8c,0x4f,0x8c,0x6f,0x8c,0x6f,0x8c,0x6f,0x8c,
    0x6f,0x8c,0x6f,0x8c,0x4f,0x8c,0x4f,0x8c,0x6f,0x8c,0x70,0x94,0x90,0x94,0x94,0xb5,0xd1,0x9c,0x44,0x29,0x23,0x21,0x23,0x21,
    0x23,0x21,0x23,0x21,0x23,0x21,0x23,0x21,0x23,0x21,0x23,0x21,0x44,0x29,0xc2,0x18,0xad,0x73,0xfd,0xff,0x9b,0xf7,0x9b,0xff,
    0xdc,0xff,0x98,0xd6,0xe2,0x20,0xe2,0x18,0x03,0x21,0xe2,0x20,0xe2,0x18,0xe2,0x18,0xe2,0x18,0xe2,0x18,0x03,0x21,0xa1,0x10,
    0xa5,0x31,0xdd,0xff,0x32,0xa5,0xc2,0x10,0x44,0x29,0x23,0x21,0x23,0x21,0x23,0x21,0x44,0x21,0x23,0x21,0x23,0x21,0x97,0xd6,
    0xdc,0xff,0x9b,0xff,0x9b,0xf7,0xfe,0xff,0xd2,0x9c,0xc2,0x18,0x44,0x29,0x23,0x21,0x23,0x21,0x23,0x21,0x23,0x21,0x23,0x21,
    0x23,0x21,0x24,0x29,0xa1,0x10,0x48,0x4a,0xdc,0xff,0xbb,0xff,0xbb,0xff,0xbc,0xff,0xbb,0xff,0x9b,0xf7,0xfd,0xff,0x0e,0x84,
    0xc5,0x39,0x27,0x42,0x27,0x42,0x27,0x42,0x27,0x42,0x27,0x42,0x27,0x42,0x27,0x42,0x27,0x42,0x27,0x42,0x27,0x42,0x27,0x42,
    0x27,0x42,0x47,0x4a,0x47,0x4a,0x47,0x4a,0xa5,0x31,0x23,0x21,0x24,0x29,0x24,0x21,0x23,0x21,0x23,0x21,0x23,0x21,0x23,0x21,
    0x23,0x21,0x23,0x21,0x23,0x21,0xa5,0x31,0x07,0x42,0x07,0x42,0x27,0x42,0x27,0x42,0x27,0x42,0x07,0x42,0x07,0x42,0x07,0x42,
    0x07,0x42,0x07,0x42,0x07,0x42,0x27,0x42,0x07,0x42,0x07,0x42,0x23,0x21,0x03,0x21,0xc2,0x18,0xe6,0x39,0x7b,0xf7,0xbc,0xff,
    0xbb,0xff,0xbc,0xff,0xbb,0xff,0xbc,0xff,0xbc,0xff,0xbc,0xff,0xbc,0xff,0xbc,0xff,0xbc,0xff,0xbc,0xff,0xbc,0xff,0xbc,0xff,
    0xbc,0xff,0xbc,0xff,0xbc,0xff,0xbc,0xff,0x9b,0xf7,0xfd,0xff,0x4e,0x84,0x67,0x42,0x19,0xe7,0xdc,0xff,0xbb,0xff,0xbc,0xff,
    0xbc,0xff,0xbb,0xf7,0xdc,0xff,0xf9,0xe6,0x67,0x42,0x6f,0x8c,0xfd,0xff,0x9b,0xf7,0xbb,0xff,0xbc,0xff,0xbc,0xff,0xbc,0xff,
    0xbc,0xff,0xbc,0xff,0xbc,0xff,0xbc,0xff,0xbc,0xff,0xbc,0xff,0xbc,0xff,0xbc,0xff,0xbc,0xff,0xbc,0xff,0xbc,0xff,0xbc,0xff,
    0xbc,0xff,0xbc,0xff,0x9b,0xff,0xdc,0xff,0xb8,0xde,0xe3,0x18,0xc2,0x18,0xe3,0x18,0x44,0x21,0x23,0x21,0x23,0x21,0x23,0x21,
    0x23,0x21,0x23,0x21,0x23,0x21,0x23,0x21,0x23,0x21,0x23,0x21,0x23,0x21,0x23,0x21,0x23,0x21,0x23,0x21,0x23,0x21,0x23,0x21,
    0x23,0x21,0x23,0x21,0x23,0x21,0x23,0x21,0x23,0x21,0x23,0x21,0x23,0x21,0x23,0x21,0x23,0x21,0x23,0x21,0x24,0x21,0x24,0x21,
    0x23,0x21,0x23,0x21,0x23,0x21,0x23,0x21,0x23,0x21,0x23,0x21,0x23,0x21,0x23,0x21,0x23,0x21,0x23,0x21,0x23,0x21,0x44,0x29,
    0x44,0x29,0x03,0x21,0x36,0xce,0xfc,0xff,0x9b,0xf7,0xbc,0xff,0x9b,0xf7,0x9b,0xf7,0x9b,0xf7,0xbc,0xff,0xfd,0xff,0xfc,0xff,
    0xfd,0xff,0xfd,0xff,0xfd,0xff,0xfd,0xff,0xfd,0xff,0xfd,0xff,0xfd,0xff,0xfd,0xff,0xfd,0xff,0xfd,0xff,0xfd,0xff,0xfd,0xff,
    0xfd,0xff,0xfd,0xff,0xfd,0xff,0xfc,0xff,0xfd,0xff,0xfd,0xff,0xfd,0xff,0xfd,0xff,0x1a,0xe7,0x44,0x29,0x23,0x21,0x23,0x21,
    0x23,0x21,0x23,0x21,0x23,0x21,0x23,0x21,0x23,0x21,0x23,0x21,0x44,0x29,0xc2,0x18,0xad,0x73,0xfd,0xff,0x9b,0xf7,0x9b,0xff,
    0xfd,0xff,0xb8,0xd6,0x23,0x21,0x23,0x21,0x44,0x29,0x44,0x29,0x44,0x29,0x44,0x29,0x44,0x29,0x44,0x29,0x44,0x29,0x03,0x21,
    0x07,0x42,0xfd,0xff,0x32,0xa5,0xc2,0x18,0x44,0x29,0x23,0x21,0x23,0x21,0x44,0x21,0x44,0x29,0x23,0x21,0x23,0x21,0xb8,0xde,
    0xfc,0xff,0x9b,0xff,0x9b,0xf7,0xfe,0xff,0x70,0x8c,0xa1,0x10,0x44,0x29,0x23,0x21,0x23,0x21,0x23,0x21,0x23,0x21,0x23,0x21,
    0x23,0x21,0x44,0x29,0xe2,0x18,0x88,0x52,0xbc,0xff,0x9b,0xf7,0xbb,0xff,0xbb,0xff,0xbb,0xff,0xbc,0xff,0xbc,0xff,0xbc,0xff,
    0x9c,0xf7,0x9b,0xf7,0x9c,0xf7,0x9c,0xf7,0x9c,0xf7,0x9c,0xf7,0x9c,0xf7,0x9c,0xf7,0x9c,0xf7,0x9c,0xf7,0x9c,0xf7,0x9c,0xf7,
    0x9c,0xf7,0xbc,0xf7,0x9c,0xf7,0xfe,0xff,0x0e,0x84,0xc2,0x18,0x44,0x29,0x23,0x21,0x23,0x21,0x23,0x21,0x23,0x21,0x23,0x21,
    0x23,0x21,0x44,0x29,0xc2,0x18,0x12,0xa5,0xdd,0xff,0x7b,0xf7,0x9c,0xf7,0x9c,0xf7,0x9c,0xf7,0x9c,0xf7,0x9c,0xf7,0x9b,0xf7,
    0x9b,0xf7,0x9b,0xf7,0x9b,0xf7,0x9b,0xf7,0x9c,0xf7,0x9b,0xf7,0x57,0xce,0x16,0xc6,0xf5,0xc5,0x56,0xce,0x9b,0xf7,0xbc,0xff,
    0xbb,0xff,0xbb,0xff,0xbc,0xff,0xbc,0xff,0xbc,0xff,0xbc,0xff,0xbc,0xff,0xbc,0xff,0xbc,0xff,0xbc,0xff,0xbc,0xff,0xbc,0xff,
    0xbc,0xff,0xbc,0xff,0xbc,0xff,0xbc,0xff,0x9b,0xf7,0xfd,0xff,0x4e,0x8c,0x67,0x4a,0x19,0xe7,0xdc,0xff,0xbc,0xff,0xbc,0xff,
    0xbc,0xff,0x9b,0xff,0xdc,0xff,0xf9,0xe6,0x67,0x42,0x6f,0x8c,0xfd,0xff,0x9b,0xf7,0xbb,0xff,0xbb,0xff,0xbc,0xff,0xbc,0xff,
    0xbc,0xff,0xbc,0xff,0xbc,0xff,0xbc,0xff,0xbc,0xff,0xbc,0xff,0xbc,0xff,0xbc,0xff,0xbc,0xff,0xbc,0xff,0xbc,0xff,0xbc,0xff,
    0xbc,0xff,0xbc,0xff,0x9b,0xff,0xdc,0xff,0xd9,0xde,0x64,0x29,0x44,0x29,0x44,0x29,0x44,0x29,0x44,0x29,0x44,0x29,0x44,0x29,
    0x44,0x29,0x44,0x29,0x44,0x29,0x44,0x29,0x44,0x29,0x44,0x29,0x44,0x29,0x44,0x29,0x44,0x29,0x44,0x29,0x44,0x29,0x23,0x21,
    0x23,0x21,0x23,0x21,0x23,0x21,0x23,0x21,0x23,0x21,0x23,0x21,0x23,0x21,0x23,0x21,0x23,0x21,0x23,0x21,0x23,0x21,0x44,0x29,
    0x44,0x29,0x44,0x29,0x44,0x29,0x44,0x29,0x44,0x29,0x44,0x29,0x44,0x29,0x44,0x29,0x44,0x29,0x44,0x29,0x44,0x29,0x44,0x29,
    0x64,0x29,0x44,0x29,0x57,0xce,0xfc,0xff,0x9b,0xf7,0xbc,0xff,0xfd,0xff,0xfd,0xff,0xfd,0xff,0xfd,0xff,0xfd,0xff,0xfc,0xff,
    0xfd,0xff,0xfd,0xff,0xfd,0xff,0xfd,0xff,0xfd,0xff,0xfd,0xff,0xfd,0xff,0xfd,0xff,0xfd,0xff,0xfd,0xff,0xfd,0xff,0xfd,0xff,
    0xfd,0xff,0xfd,0xff,0xfd,0xff,0xfd,0xff,0xfd,0xff,0xfd,0xff,0xdc,0xff,0xbc,0xff,0xb8,0xde,0x44,0x29,0x23,0x21,0x23,0x21,
    0x23,0x21,0x23,0x21,0x23,0x21,0x23,0x21,0x23,0x21,0x23,0x21,0x44,0x29,0xc2,0x18,0xad,0x73,0xfd,0xff,0x9b,0xf7,0x9b,0xff,
    0xfd,0xff,0x98,0xd6,0x03,0x21,0x23,0x21,0x23,0x21,0x44,0x29,0x23,0x21,0x03,0x21,0x44,0x29,0x44,0x29,0x23,0x21,0x03,0x21,
    0xe6,0x39,0xdc,0xff,0x32,0xad,0xc2,0x10,0x44,0x29,0x23,0x21,0x24,0x21,0x24,0x21,0x44,0x29,0x23,0x21,0x44,0x29,0xb8,0xde,
    0xfc,0xff,0x9b,0xff,0x9b,0xf7,0xfd,0xff,0x2f,0x84,0xa2,0x10,0x44,0x29,0x23,0x21,0x23,0x21,0x23,0x21,0x23,0x21,0x23,0x21,
    0x23,0x21,0x24,0x21,0xc2,0x18,0x68,0x4a,0xfe,0xff,0xfc,0xff,0xbb,0xff,0xbb,0xff,0xbc,0xff,0xbc,0xff,0xbc,0xff,0xbc,0xff,
    0xbc,0xff,0xbc,0xff,0xbc,0xff,0xbc,0xff,0xbc,0xff,0xbc,0xff,0xbc,0xff,0xbc,0xff,0xbc,0xff,0xbc,0xff,0xbc,0xff,0xbc,0xff,
    0xbc,0xff,0xbc,0xff,0x9b,0xf7,0xfd,0xff,0x2e,0x84,0xc2,0x18,0x44,0x29,0x23,0x21,0x23,0x21,0x23,0x21,0x23,0x21,0x23,0x21,
    0x23,0x21,0x44,0x29,0xc2,0x18,0x53,0xad,0xfe,0xff,0x9b,0xf7,0xbc,0xff,0xbc,0xff,0xbc,0xff,0xbc,0xff,0xbc,0xff,0xbc,0xff,
    0xbc,0xff,0xbc,0xff,0xbc,0xff,0xbc,0xff,0xbc,0xff,0xbc,0xff,0xfd,0xff,0xfd,0xff,0xfd,0xff,0xfd,0xff,0xbc,0xff,0xbc,0xff,
    0xbc,0xff,0xbc,0xff,0xbc,0xff,0xbc,0xff,0xbc,0xff,0xbc,0xff,0xbc,0xff,0xbc,0xff,0xbc,0xff,0xbc,0xff,0xbc,0xff,0xbc,0xff,
    0xbc,0xff,0xbc,0xff,0xbc,0xff,0xbc,0xff,0x9b,0xf7,0xfd,0xff,0x4e,0x84,0x67,0x4a,0x3a,0xe7,0xdc,0xff,0xbb,0xff,0xbc,0xff,
    0xbc,0xff,0xbb,0xff,0xdc,0xff,0xf9,0xe6,0x67,0x42,0x6f,0x8c,0xfd,0xff,0x9b,0xf7,0xbc,0xff,0xbb,0xff,0xbc,0xff,0xbc,0xff,
    0xbc,0xff,0xbc,0xff,0xbc,0xff,0xbc,0xff,0xbc,0xff,0xbc,0xff,0xbc,0xff,0xbc,0xff,0xbc,0xff,0xbc,0xff,0xbc,0xff,0xbc,0xff,
    0xbc,0xff,0xbc,0xff,0x9b,0xff,0xfd,0xff,0xb9,0xde,0xc2,0x18,0xa1,0x10,0xc2,0x18,0xc2,0x18,0xc2,0x18,0xc2,0x18,0xa2,0x10,
    0xa2,0x10,0xa2,0x10,0xa2,0x10,0xa2,0x10,0xc2,0x10,0xc2,0x18,0xc2,0x18,0xa2,0x18,0xc2,0x18,0xc2,0x18,0xa1,0x10,0x03,0x21,
    0x23,0x21,0x23,0x21,0x23,0x21,0x23,0x21,0x23,0x21,0x23,0x21,0x23,0x21,0x23,0x21,0x23,0x21,0x23,0x21,0x44,0x29,0xe2,0x18,
    0xa1,0x10,0xc2,0x18,0xc2,0x18,0xc2,0x18,0xc2,0x18,0xc2,0x18,0xa2,0x10,0xa2,0x10,0xc2,0x18,0xc2,0x18,0xc2,0x18,0xc2,0x18,
    0xe2,0x18,0xc2,0x18,0x36,0xce,0xdc,0xff,0xdc,0xff,0xfd,0xff,0x90,0x8c,0xcd,0x7b,0xed,0x7b,0x0e,0x84,0x0e,0x84,0xee,0x83,
    0xee,0x7b,0xed,0x7b,0xee,0x7b,0xee,0x7b,0xee,0x7b,0xee,0x7b,0x0e,0x84,0xee,0x83,0xee,0x7b,0xee,0x7b,0xee,0x7b,0xee,0x7b,
    0xee,0x7b,0xee,0x7b,0xee,0x7b,0xee,0x7b,0x0e,0x84,0xcd,0x7b,0xf1,0x9c,0xfd,0xff,0xb8,0xde,0x44,0x21,0x23,0x21,0x23,0x21,
    0x23,0x21,0x23,0x21,0x23,0x21,0x23,0x21,0x23,0x21,0x23,0x21,0x44,0x29,0xc2,0x10,0x8d,0x73,0xfd,0xff,0x9b,0xf7,0x9b,0xf7,
    0xfd,0xff,0x97,0xd6,0x03,0x21,0x23,0x21,0x23,0x21,0x64,0x29,0xe6,0x39,0xe6,0x39,0x85,0x31,0x23,0x21,0x24,0x21,0x03,0x21,
    0xe6,0x39,0xdc,0xff,0x33,0xad,0xc2,0x10,0x44,0x29,0x23,0x21,0x23,0x21,0x44,0x21,0x44,0x29,0x23,0x21,0x44,0x29,0xb8,0xde,
    0xfc,0xff,0x9b,0xff,0xbb,0xff,0xfe,0xff,0x4f,0x8c,0xa2,0x10,0x44,0x29,0x23,0x21,0x23,0x21,0x23,0x21,0x23,0x21,0x23,0x21,
    0x23,0x21,0x24,0x21,0x03,0x21,0x07,0x42,0x94,0xb5,0x36,0xce,0xbc,0xff,0xbc,0xff,0xbc,0xff,0xbc,0xff,0xbc,0xff,0xbb,0xff,
    0xbc,0xff,0xbc,0xff,0xbb,0xff,0xbc,0xff,0xbc,0xff,0xbb,0xff,0xbc,0xff,0xbc,0xff,0xbc,0xff,0xbc,0xff,0xbc,0xff,0xbc,0xff,
    0xbc,0xff,0xbc,0xff,0x9b,0xf7,0xfd,0xff,0x2f,0x84,0xc2,0x18,0x44,0x29,0x23,0x21,0x23,0x21,0x23,0x21,0x23,0x21,0x23,0x21,
    0x23,0x21,0x44,0x29,0xc2,0x18,0x33,0xad,0xfd,0xff,0x9b,0xf7,0xbc,0xff,0xbb,0xff,0xbc,0xff,0xbc,0xff,0xbc,0xff,0xbb,0xff,
    0xbc,0xff,0xbb,0xff,0xbc,0xff,0xbc,0xff,0xbc,0xff,0xbb,0xff,0x9b,0xf7,0x9b,0xf7,0x9b,0xf7,0x9b,0xff,0xbc,0xff,0xbc,0xff,
    0xbc,0xff,0xbb,0xff,0xbc,0xff,0xbc,0xff,0xbc,0xff,0xbc,0xff,0xbc,0xff,0xbc,0xff,0xbc,0xff,0xbc,0xff,0xbc,0xff,0xbc,0xff,
    0xbc,0xff,0xbc,0xff,0xbc,0xff,0xbc,0xff,0x9b,0xf7,0xfd,0xff,0x4e,0x84,0x67,0x4a,0x3a,0xe7,0xdc,0xff,0xbb,0xff,0xbc,0xff,
    0xbc,0xff,0xbb,0xff,0xdc,0xff,0x19,0xe7,0x67,0x42,0x6f,0x8c,0xfd,0xff,0x9b,0xf7,0xbb,0xff,0xbb,0xff,0xbc,0xff,0xbc,0xff,
    0xbc,0xff,0xbc,0xff,0xbc,0xff,0xbc,0xff,0xbc,0xff,0xbc,0xff,0xbc,0xff,0xbc,0xff,0xbc,0xff,0xbc,0xff,0xbc,0xff,0xbc,0xff,
    0xbc,0xff,0xbc,0xff,0xbc,0xff,0xdc,0xff,0x1a,0xe7,0xad,0x73,0x8c,0x73,0xad,0x73,0xcd,0x7b,0xcd,0x7b,0xee,0x83,0x0e,0x84,
    0x6f,0x8c,0x90,0x94,0x90,0x94,0x90,0x94,0x90,0x94,0x90,0x94,0x90,0x94,0x90,0x94,0x90,0x94,0x90,0x94,0x90,0x94,0xa5,0x31,
    0x03,0x21,0x23,0x21,0x23,0x21,0x23,0x21,0x23,0x21,0x23,0x21,0x23,0x21,0x23,0x21,0x23,0x21,0x44,0x29,0x03,0x21,0x4b,0x6b,
    0xb1,0x94,0xf1,0x9c,0x12,0xa5,0x12,0xa5,0x12,0xa5,0x12,0xa5,0x11,0xa5,0xb0,0x9c,0x90,0x94,0x70,0x94,0x4f,0x8c,0x0e,0x84,
    0x0e,0x84,0xcd,0x7b,0xd8,0xde,0xdc,0xff,0x56,0xce,0x33,0xad,0x84,0x29,0xc2,0x18,0xa2,0x10,0xc2,0x18,0xc2,0x18,0xc2,0x18,
    0xc2,0x18,0xc2,0x18,0xc2,0x18,0xc2,0x18,0xc2,0x18,0xc2,0x18,0xc2,0x18,0xc2,0x18,0xc2,0x18,0xc2,0x18,0xc2,0x18,0xc2,0x18,
    0xc2,0x18,0xc2,0x18,0xc2,0x18,0xc2,0x18,0xe2,0x18,0x60,0x08,0x48,0x4a,0xfd,0xff,0xb8,0xde,0x44,0x29,0x23,0x21,0x23,0x21,
    0x23,0x21,0x23,0x21,0x23,0x21,0x23,0x21,0x23,0x21,0x23,0x21,0x44,0x29,0xa2,0x10,0x8d,0x73,0xfd,0xff,0x9b,0xf7,0x9b,0xff,
    0xfd,0xff,0x98,0xd6,0x23,0x21,0x24,0x21,0xc2,0x18,0x27,0x4a,0x3a,0xef,0x9c,0xf7,0x2b,0x63,0xc2,0x18,0x44,0x29,0x03,0x21,
    0xc6,0x39,0xfc,0xff,0x32,0xad,0xc2,0x10,0x44,0x29,0x23,0x21,0x23,0x21,0x44,0x21,0x44,0x29,0x23,0x21,0x44,0x21,0xb8,0xde,
    0xdc,0xff,0xdd,0xff,0x78,0xd6,0x4b,0x6b,0x27,0x4a,0x03,0x21,0x44,0x29,0x23,0x21,0x23,0x21,0x23,0x21,0x23,0x21,0x23,0x21,
    0x23,0x21,0x23,0x21,0x43,0x21,0x24,0x29,0x61,0x08,0xea,0x5a,0xfd,0xff,0x9b,0xf7,0xbc,0xff,0xbc,0xff,0xbc,0xff,0xbc,0xff,
    0xbc,0xff,0xbc,0xff,0xbc,0xff,0xbc,0xff,0xbc,0xff,0xbc,0xff,0xbc,0xff,0xbc,0xff,0xbc,0xff,0xbc,0xff,0xbc,0xff,0xbc,0xff,
    0xbc,0xff,0xbc,0xff,0x9b,0xf7,0xfd,0xff,0x2e,0x84,0xc2,0x18,0x44,0x29,0x23,0x21,0x23,0x21,0x23,0x21,0x23,0x21,0x23,0x21,
    0x23,0x21,0x44,0x29,0xc2,0x18,0x33,0xad,0xfd,0xff,0x9b,0xf7,0xbc,0xff,0xbc,0xff,0xbb,0xff,0xbc,0xff,0xbc,0xff,0xbc,0xff,
    0xbc,0xff,0xbc,0xff,0xbc,0xff,0xbc,0xff,0xbc,0xff,0xbc,0xff,0xbc,0xff,0xbc,0xff,0xbc,0xff,0xbc,0xff,0xbc,0xff,0xbc,0xff,
    0xbc,0xff,0xbc,0xff,0xbc,0xff,0xbc,0xff,0xbc,0xff,0xbc,0xff,0xbc,0xff,0xbc,0xff,0xbc,0xff,0xbc,0xff,0xbc,0xff,0xbc,0xff,
    0xbc,0xff,0xbc,0xff,0xbc,0xff,0xbc,0xff,0x9b,0xf7,0xfd,0xff,0x4e,0x8c,0x67,0x4a,0x3a,0xe7,0xdc,0xff,0xbb,0xff,0xbc,0xff,
    0xbc,0xff,0xbb,0xff,0xdc,0xff,0x19,0xe7,0x67,0x42,0x6f,0x8c,0xfd,0xff,0x9b,0xf7,0xbc,0xff,0xbb,0xff,0xbb,0xff,0xbb,0xff,
    0xbc,0xff,0xbb,0xff,0xbc,0xff,0xbc,0xff,0xbc,0xff,0xbc,0xff,0xbc,0xff,0xbc,0xff,0xbc,0xff,0xbc,0xff,0xbc,0xff,0xbc,0xff,
    0xbc,0xff,0xbc,0xff,0xbc,0xff,0xbb,0xff,0xbc,0xff,0xfd,0xff,0xfd,0xff,0xfd,0xff,0xfd,0xff,0xfd,0xff,0xfd,0xff,0xfd,0xff,
    0xfd,0xff,0xfd,0xff,0xfd,0xff,0xfd,0xff,0xfd,0xff,0xfe,0xff,0xfe,0xff,0xfd,0xff,0xfd,0xff,0xfd,0xff,0xfe,0xff,0x68,0x4a,
    0xe2,0x18,0x44,0x29,0x23,0x21,0x23,0x21,0x23,0x21,0x23,0x21,0x23,0x21,0x23,0x21,0x23,0x21,0x44,0x29,0xc2,0x18,0xf6,0xbd,
    0xff,0xff,0xfd,0xff,0xfd,0xff,0xfd,0xff,0xfd,0xff,0xfd,0xff,0xfd,0xff,0xfd,0xff,0xfd,0xff,0xfd,0xff,0xfd,0xff,0xfd,0xff,
    0xfd,0xff,0xfd,0xff,0xbc,0xff,0xfe,0xff,0x2b,0x63,0x40,0x08,0x64,0x29,0x64,0x29,0x44,0x29,0x44,0x29,0x44,0x29,0x44,0x29,
    0x44,0x29,0x44,0x29,0x44,0x29,0x44,0x29,0x44,0x29,0x44,0x29,0x44,0x29,0x44,0x29,0x44,0x29,0x44,0x29,0x44,0x29,0x44,0x29,
    0x44,0x29,0x44,0x29,0x44,0x29,0x44,0x29,0x44,0x29,0x03,0x21,0x47,0x4a,0xdc,0xff,0x98,0xd6,0x23,0x21,0x23,0x21,0x23,0x21,
    0x23,0x21,0x23,0x21,0x23,0x21,0x23,0x21,0x23,0x21,0x23,0x21,0x44,0x29,0xc2,0x10,0x8c,0x73,0xfd,0xff,0x9b,0xf7,0x9b,0xf7,
    0xfc,0xff,0x98,0xd6,0x44,0x21,0x44,0x29,0xc2,0x18,0x47,0x4a,0xdc,0xff,0xff,0xff,0x6c,0x6b,0xc2,0x18,0x44,0x29,0xe3,0x18,
    0xc6,0x39,0xfc,0xff,0x32,0xa5,0xc2,0x10,0x44,0x29,0x23,0x21,0x23,0x21,0x23,0x21,0x24,0x21,0x23,0x21,0x44,0x29,0xb8,0xde,
    0xdc,0xff,0xfd,0xff,0xb5,0xb5,0x60,0x08,0x03,0x21,0x44,0x29,0x23,0x21,0x23,0x21,0x23,0x21,0x23,0x21,0x23,0x21,0x23,0x21,
    0x23,0x21,0x23,0x21,0x23,0x21,0x44,0x29,0xe2,0x18,0x0a,0x63,0xdc,0xff,0x9b,0xf7,0xbc,0xff,0xbc,0xff,0xbc,0xff,0xbc,0xff,
    0xbc,0xff,0xbc,0xff,0xbc,0xff,0xbc,0xff,0xbc,0xff,0xbc,0xff,0xbc,0xff,0xbc,0xff,0xbc,0xff,0xbc,0xff,0xbc,0xff,0xbc,0xff,
    0xbc,0xff,0xbc,0xff,0x9b,0xf7,0xfd,0xff,0x0e,0x84,0xc2,0x18,0x44,0x29,0x23,0x21,0x23,0x21,0x23,0x21,0x23,0x21,0x23,0x21,
    0x23,0x21,0x44,0x29,0xc2,0x18,0x33,0xad,0xfd,0xff,0x9b,0xf7,0xbb,0xff,0xbc,0xff,0xbc,0xff,0xbc,0xff,0xbc,0xff,0xbc,0xff,
    0xbc,0xff,0xbc,0xff,0xbc,0xff,0xbc,0xff,0xbc,0xff,0xbc,0xff,0xbc,0xff,0xbc,0xff,0xbc,0xff,0xbc,0xff,0xbc,0xff,0xbc,0xff,
    0xbc,0xff,0xbc,0xff,0xbc,0xff,0xbc,0xff,0xbc,0xff,0xbc,0xff,0xbc,0xff,0xbc,0xff,0xbc,0xff,0xbc,0xff,0xbc,0xff,0xbc,0xff,
    0xbc,0xff,0xbc,0xff,0xbc,0xff,0xbc,0xff,0x9b,0xf7,0xfd,0xff,0x6e,0x8c,0x67,0x4a,0x3a,0xe7,0xdc,0xff,0xbb,0xff,0xbc,0xff,
    0xbc,0xff,0xbc,0xff,0xdc,0xff,0x19,0xe7,0x67,0x42,0x6f,0x8c,0xfd,0xff,0x9b,0xf7,0xbb,0xff,0xbb,0xff,0xbb,0xff,0xbb,0xff,
    0xbb,0xff,0xbc,0xff,0xbc,0xff,0xbc,0xff,0xbc,0xff,0xbc,0xff,0xbc,0xff,0xbc,0xff,0xbc,0xff,0xbc,0xff,0xbc,0xff,0xbc,0xff,
    0xbc,0xff,0xbc,0xff,0xbc,0xff,0xbc,0xff,0xbc,0xff,0x9b,0xf7,0x9b,0xf7,0x9b,0xf7,0x9b,0xf7,0x9b,0xf7,0x9b,0xf7,0x9b,0xf7,
    0x9b,0xf7,0x9b,0xf7,0x9b,0xf7,0x9b,0xf7,0x9b,0xf7,0x9b,0xf7,0x9b,0xf7,0x9b,0xf7,0x9b,0xf7,0x9b,0xf7,0xbc,0xf7,0x68,0x4a,
    0xe2,0x18,0x24,0x21,0x23,0x21,0x23,0x21,0x23,0x21,0x23,0x21,0x23,0x21,0x23,0x21,0x23,0x21,0x44,0x29,0xe2,0x18,0xd5,0xbd,
    0xfc,0xff,0x7b,0xf7,0x9b,0xf7,0x9b,0xf7,0x9b,0xf7,0x9b,0xf7,0x9b,0xf7,0x9b,0xf7,0x9b,0xf7,0x9b,0xf7,0x9b,0xf7,0x9b,0xf7,
    0x7b,0xf7,0xbc,0xff,0xfa,0xde,0xc9,0x52,0x85,0x31,0x03,0x21,0x23,0x21,0x44,0x29,0x23,0x21,0x23,0x21,0x23,0x21,0x23,0x21,
    0x23,0x21,0x23,0x21,0x23,0x21,0x23,0x21,0x23,0x21,0x23,0x21,0x23,0x21,0x23,0x21,0x23,0x21,0x23,0x21,0x23,0x21,0x23,0x21,
    0x23,0x21,0x23,0x21,0x23,0x21,0x23,0x21,0x24,0x21,0xe2,0x18,0x27,0x4a,0xfc,0xff,0x15,0xc6,0xe3,0x18,0x23,0x21,0x23,0x21,
    0x23,0x21,0x23,0x21,0x23,0x21,0x23,0x21,0x23,0x21,0x23,0x21,0x44,0x29,0xc2,0x10,0x8c,0x73,0xfd,0xff,0x9b,0xf7,0x9b,0xff,
    0xfc,0xff,0x98,0xd6,0x23,0x21,0x23,0x21,0x23,0x21,0x64,0x29,0xa9,0x52,0xca,0x5a,0xc6,0x39,0x23,0x21,0x23,0x21,0xe2,0x18,
    0xc6,0x39,0xdc,0xff,0x32,0xa5,0xc2,0x18,0x44,0x29,0x23,0x21,0x23,0x21,0x23,0x21,0x23,0x21,0x23,0x21,0x44,0x21,0xb8,0xde,
    0xdc,0xff,0xfd,0xff,0xd5,0xbd,0x03,0x21,0x44,0x29,0x23,0x21,0x23,0x21,0x23,0x21,0x23,0x21,0x24,0x21,0x24,0x21,0x23,0x21,
    0x23,0x21,0x23,0x21,0x23,0x21,0x44,0x29,0xc2,0x18,0x0a,0x63,0xfe,0xff,0xfc,0xff,0xbb,0xff,0xbc,0xff,0xbc,0xff,0xbc,0xff,
    0xbb,0xff,0xbc,0xff,0xbc,0xff,0xbc,0xff,0xbc,0xff,0xbc,0xff,0xbc,0xff,0xbc,0xff,0xbb,0xff,0xbb,0xff,0xbc,0xff,0xbc,0xff,
    0xbc,0xff,0xbc,0xff,0x9b,0xf7,0xfc,0xff,0x32,0xad,0xc2,0x18,0x44,0x29,0x23,0x21,0x24,0x21,0x23,0x21,0x23,0x21,0x23,0x21,
    0x23,0x21,0x44,0x29,0xc2,0x18,0x33,0xad,0xfd,0xff,0x9b,0xf7,0xbc,0xff,0xbc,0xff,0xbc,0xff,0xbc,0xff,0xbc,0xff,0xbc,0xff,
    0xbc,0xff,0xbc,0xff,0xbc,0xff,0xbc,0xff,0xbc,0xff,0xbc,0xff,0xbc,0xff,0xbc,0xff,0xbc,0xff,0xbc,0xff,0xbc,0xff,0xbc,0xff,
    0xbc,0xff,0xbc,0xff,0xbc,0xff,0xbc,0xff,0xbc,0xff,0xbc,0xff,0xbc,0xff,0xbc,0xff,0xbc,0xff,0xbc,0xff,0xbc,0xff,0xbc,0xff,
    0xbc,0xff,0xbc,0xff,0xbc,0xff,0xbc,0xff,0x9b,0xf7,0xfd,0xff,0x4e,0x8c,0x67,0x4a,0x3a,0xe7,0xdc,0xff,0xbb,0xff,0xbc,0xff,
    0xbc,0xff,0xbc,0xff,0xdc,0xff,0x19,0xe7,0x87,0x4a,0x6f,0x8c,0xfd,0xff,0x9b,0xf7,0xbb,0xff,0xbb,0xff,0xbb,0xff,0xbb,0xff,
    0xbc,0xff,0xbb,0xff,0xbc,0xff,0xbc,0xff,0xbc,0xff,0xbc,0xff,0xbc,0xff,0xbc,0xff,0xbc,0xff,0xbc,0xff,0xbc,0xff,0xbc,0xff,
    0xbc,0xff,0xbc,0xff,0xbc,0xff,0xbc,0xff,0xbc,0xff,0xbc,0xff,0xbc,0xff,0xbc,0xff,0xbc,0xff,0xbc,0xff,0xbc,0xff,0xbc,0xff,
    0xbc,0xff,0xbc,0xff,0xbc,0xff,0xbc,0xff,0xbc,0xff,0xbc,0xff,0xbc,0xff,0xbc,0xff,0xbc,0xff,0xbb,0xff,0xbc,0xff,0x68,0x4a,
    0xe2,0x18,0x24,0x21,0x23,0x21,0x23,0x21,0x23,0x21,0x23,0x21,0x23,0x21,0x23,0x21,0x23,0x21,0x44,0x29,0xe2,0x18,0xd5,0xbd,
    0xfd,0xff,0x9b,0xf7,0xbb,0xff,0xbc,0xff,0xbc,0xff,0xbc,0xff,0xbc,0xff,0xbc,0xff,0xbc,0xff,0xbb,0xff,0xbc,0xff,0xbc,0xff,
    0x9b,0xf7,0xfc,0xff,0x98,0xd6,0x23,0x21,0x23,0x21,0x24,0x21,0x23,0x21,0x44,0x29,0x44,0x29,0x44,0x29,0x44,0x29,0x44,0x29,
    0x44,0x29,0x44,0x29,0x44,0x29,0x44,0x29,0x44,0x29,0x44,0x29,0x44,0x29,0x44,0x29,0x44,0x29,0x24,0x21,0x24,0x21,0x24,0x21,
    0x44,0x21,0x44,0x29,0x24,0x21,0x23,0x21,0x44,0x29,0x03,0x21,0x68,0x4a,0xfe,0xff,0xf5,0xc5,0xe2,0x18,0x23,0x21,0x23,0x21,
    0x23,0x21,0x23,0x21,0x23,0x21,0x23,0x21,0x23,0x21,0x23,0x21,0x44,0x29,0xc2,0x18,0xad,0x73,0xfd,0xff,0x9b,0xf7,0x9b,0xff,
    0xfd,0xff,0x97,0xd6,0x03,0x21,0x23,0x21,0x44,0x29,0x23,0x21,0xa2,0x10,0xc2,0x18,0x23,0x21,0x24,0x21,0x23,0x21,0x03,0x21,
    0xc6,0x39,0xdc,0xff,0x33,0xad,0xc2,0x18,0x44,0x29,0x23,0x21,0x23,0x21,0x23,0x21,0x23,0x21,0x23,0x21,0x44,0x29,0xb8,0xde,
    0xdc,0xff,0xfc,0xff,0xb5,0xb5,0x03,0x19,0x44,0x29,0x23,0x21,0x23,0x21,0x23,0x21,0x24,0x21,0x44,0x29,0x03,0x21,0x03,0x21,
    0x24,0x21,0x23,0x21,0x23,0x21,0x23,0x21,0x03,0x21,0x27,0x42,0x70,0x8c,0xf5,0xc5,0xdc,0xff,0x9b,0xff,0xbc,0xff,0xbc,0xff,
    0xbb,0xff,0xbc,0xff,0xbc,0xff,0xbc,0xff,0xbc,0xff,0xbc,0xff,0xbc,0xff,0xbc,0xff,0xbc,0xff,0xbb,0xff,0xbc,0xff,0xbb,0xff,
    0xbc,0xff,0xbc,0xff,0xdc,0xff,0xfd,0xff,0xd5,0xbd,0xe2,0x18,0x44,0x29,0x23,0x21,0x23,0x21,0x23,0x21,0x23,0x21,0x23,0x21,
    0x23,0x21,0x44,0x29,0xc2,0x18,0x33,0xad,0xfd,0xff,0x9b,0xf7,0xbc,0xff,0xbc,0xff,0xbc,0xff,0xbc,0xff,0xbc,0xff,0xbc,0xff,
    0xbc,0xff,0xdc,0xff,0xbc,0xff,0xbc,0xff,0xbc,0xff,0xbc,0xff,0xbc,0xff,0xbc,0xff,0xbc,0xff,0xbc,0xff,0xbc,0xff,0xbc,0xff,
    0xbc,0xff,0xbc,0xff,0xbc,0xff,0xbc,0xff,0xbc,0xff,0xbc,0xff,0xbc,0xff,0xbc,0xff,0xbc,0xff,0xbc,0xff,0xbc,0xff,0xbc,0xff,
    0xbc,0xff,0xbc,0xff,0xbc,0xff,0xbc,0xff,0x9b,0xf7,0xfd,0xff,0x4e,0x8c,0x67,0x4a,0x3a,0xe7,0xdc,0xff,0xbb,0xff,0xbb,0xff,
    0xbc,0xff,0xbc,0xff,0xdc,0xff,0x19,0xe7,0x87,0x4a,0x8f,0x8c,0xfd,0xff,0xbc,0xff,0xbc,0xff,0xbb,0xff,0xbb,0xff,0xbb,0xff,
    0xbb,0xff,0xbb,0xff,0xbb,0xff,0xbc,0xff,0xbc,0xff,0xbc,0xff,0xbc,0xff,0xbc,0xff,0xbc,0xff,0xbc,0xff,0xbc,0xff,0xbc,0xff,
    0xbc,0xff,0xbc,0xff,0xbc,0xff,0xbc,0xff,0xbc,0xff,0xbc,0xff,0xbc,0xff,0xbc,0xff,0xbc,0xff,0xbc,0xff,0xbc,0xff,0xbc,0xff,
    0xbc,0xff,0xbc,0xff,0xbc,0xff,0xbc,0xff,0xbc,0xff,0xbc,0xff,0xbc,0xff,0xbc,0xff,0xbc,0xff,0xbb,0xff,0xbc,0xff,0x48,0x4a,
    0xe2,0x18,0x24,0x21,0x23,0x21,0x23,0x21,0x23,0x21,0x23,0x21,0x23,0x21,0x23,0x21,0x23,0x21,0x24,0x21,0xe2,0x18,0xf5,0xbd,
    0xfd,0xff,0x9b,0xf7,0xbc,0xff,0xbc,0xff,0xbc,0xff,0xbc,0xff,0xbc,0xff,0xbc,0xff,0xbc,0xff,0xbc,0xff,0xbc,0xff,0xbc,0xff,
    0x9b,0xf7,0xfc,0xff,0x98,0xd6,0x44,0x21,0x44,0x29,0x44,0x29,0xe3,0x18,0xe2,0x18,0xe2,0x18,0xe2,0x18,0xc2,0x18,0xc2,0x18,
    0xe2,0x18,0xc2,0x18,0xc2,0x18,0xc2,0x18,0xc2,0x18,0xc2,0x18,0xc2,0x18,0xc2,0x18,0xc2,0x18,0xc2,0x18,0xc2,0x18,0xc2,0x18,
    0xc2,0x18,0xc2,0x18,0xc2,0x18,0xc2,0x18,0xc2,0x18,0x81,0x10,0x07,0x42,0xfe,0xff,0xf5,0xbd,0xc2,0x18,0x23,0x21,0x23,0x21,
    0x23,0x21,0x23,0x21,0x23,0x21,0x23,0x21,0x23,0x21,0x44,0x21,0x23,0x21,0x40,0x08,0x6c,0x6b,0xfe,0xff,0x9b,0xf7,0xbb,0xff,
    0xfd,0xff,0x97,0xd6,0x03,0x21,0x23,0x21,0x44,0x29,0x44,0x29,0x44,0x29,0x44,0x29,0x44,0x29,0x23,0x21,0x44,0x29,0x03,0x21,
    0x85,0x31,0xdc,0xff,0x33,0xad,0xc2,0x18,0x44,0x29,0x23,0x21,0x23,0x21,0x23,0x21,0x23,0x21,0x23,0x21,0x44,0x29,0xb8,0xde,
    0xdc,0xff,0xfd,0xff,0xf5,0xbd,0xc2,0x18,0x44,0x29,0x23,0x21,0x23,0x21,0x23,0x21,0x23,0x21,0x44,0x29,0xd5,0xbd,0x16,0xc6,
    0x44,0x29,0x03,0x21,0x23,0x21,0x23,0x21,0x24,0x21,0x23,0x21,0x20,0x00,0x8d,0x73,0xfd,0xff,0x9b,0xf7,0xbc,0xff,0xbc,0xff,
    0xbc,0xff,0xbc,0xff,0xbc,0xff,0xbc,0xff,0xbc,0xff,0xbc,0xff,0xbc,0xff,0xbc,0xff,0xbc,0xff,0xbc,0xff,0xbb,0xff,0x9b,0xf7,
    0x9b,0xff,0x5a,0xef,0x0a,0x63,0xa9,0x5a,0x48,0x4a,0x23,0x21,0x44,0x29,0x23,0x21,0x23,0x21,0x23,0x21,0x23,0x21,0x23,0x21,
    0x23,0x21,0x44,0x29,0xc2,0x18,0x33,0xa5,0xfd,0xff,0x9b,0xf7,0xbc,0xff,0xbc,0xff,0xbc,0xff,0xbc,0xff,0xbc,0xff,0xbc,0xff,
    0xbb,0xff,0x5a,0xef,0x5a,0xef,0xbb,0xff,0xbc,0xff,0xbc,0xff,0xbc,0xff,0xbc,0xff,0xbc,0xff,0xbc,0xff,0xbc,0xff,0xbc,0xff,
    0xbc,0xff,0xbc,0xff,0xbc,0xff,0xbc,0xff,0xbc,0xff,0xbc,0xff,0xbc,0xff,0xbc,0xff,0xbc,0xff,0xbc,0xff,0xbc,0xff,0xbc,0xff,
    0xbc,0xff,0xbc,0xff,0xbc,0xff,0xbc,0xff,0x9b,0xf7,0xfd,0xff,0x4e,0x8c,0x67,0x4a,0x3a,0xe7,0xdc,0xff,0xbb,0xff,0xbb,0xff,
    0xbc,0xff,0xbb,0xff,0xdc,0xff,0x19,0xe7,0x87,0x4a,0x8f,0x8c,0xdc,0xff,0x18,0xe7,0x59,0xef,0xbc,0xff,0xbb,0xff,0xbb,0xff,
    0xbb,0xff,0xbb,0xff,0xbb,0xff,0xbc,0xff,0xbc,0xff,0xbb,0xff,0xbc,0xff,0xbc,0xff,0xbc,0xff,0xbc,0xff,0xbc,0xff,0xbc,0xff,
    0xbc,0xff,0xbc,0xff,0xbc,0xff,0xbc,0xff,0xbc,0xff,0xbc,0xff,0xbc,0xff,0xbc,0xff,0xbc,0xff,0xbc,0xff,0xbc,0xff,0xbc,0xff,
    0xbc,0xff,0xbc,0xff,0xbc,0xff,0xbc,0xff,0xbc,0xff,0xbc,0xff,0xbc,0xff,0xbc,0xff,0xbc,0xff,0xbc,0xff,0xdc,0xff,0x68,0x4a,
    0xe2,0x18,0x24,0x29,0x23,0x21,0x23,0x21,0x23,0x21,0x23,0x21,0x23,0x21,0x23,0x21,0x23,0x21,0x24,0x21,0xe2,0x18,0xf5,0xbd,
    0xfd,0xff,0x9b,0xf7,0xbb,0xff,0xbc,0xff,0xbc,0xff,0xbc,0xff,0xbc,0xff,0xbc,0xff,0xbc,0xff,0xbc,0xff,0xbc,0xff,0xbc,0xff,
    0x9b,0xff,0xfc,0xff,0x98,0xd6,0x44,0x29,0x84,0x31,0x85,0x31,0xc6,0x39,0x27,0x42,0xea,0x5a,0xea,0x5a,0xea,0x5a,0xca,0x5a,
    0xea,0x5a,0xea,0x5a,0xea,0x5a,0xea,0x5a,0xea,0x5a,0xea,0x5a,0xea,0x5a,0xea,0x5a,0xea,0x5a,0xea,0x5a,0xea,0x5a,0xea,0x5a,
    0xea,0x5a,0xea,0x62,0xea,0x5a,0xea,0x5a,0xea,0x5a,0xc9,0x5a,0xad,0x7b,0xfe,0xff,0x16,0xc6,0xc2,0x18,0x23,0x21,0x23,0x21,
    0x23,0x21,0x23,0x21,0x23,0x21,0x23,0x21,0x23,0x21,0x03,0x21,0xc6,0x39,0x0b,0x63,0x12,0xa5,0xfd,0xff,0x9b,0xf7,0xbc,0xff,
    0xfd,0xff,0x98,0xd6,0x03,0x21,0x03,0x21,0x23,0x21,0x23,0x21,0x23,0x21,0x03,0x21,0x03,0x21,0x03,0x21,0x03,0x21,0xe6,0x39,
    0xd1,0x9c,0xfd,0xff,0x12,0xa5,0xc2,0x10,0x44,0x29,0x23,0x21,0x23,0x21,0x23,0x21,0x23,0x21,0x23,0x21,0x44,0x21,0x97,0xd6,
    0xfd,0xff,0xb0,0x94,0x27,0x4a,0x03,0x21,0x23,0x21,0x23,0x21,0x23,0x21,0x44,0x29,0x23,0x21,0x23,0x21,0x5b,0xef,0x7c,0xf7,
    0x64,0x29,0x03,0x21,0x23,0x21,0x23,0x21,0x23,0x21,0x44,0x29,0xe2,0x18,0xee,0x7b,0xdd,0xff,0x9b,0xf7,0xbc,0xff,0xbc,0xff,
    0xbc,0xff,0xbc,0xff,0xbc,0xff,0xbc,0xff,0xbc,0xff,0xbc,0xff,0xbc,0xff,0xbc,0xff,0xbc,0xff,0xbc,0xff,0xbc,0xff,0xfd,0xff,
    0xfd,0xff,0xfe,0xff,0xcd,0x7b,0x81,0x10,0x03,0x21,0x44,0x29,0x23,0x21,0x23,0x21,0x23,0x21,0x23,0x21,0x23,0x21,0x23,0x21,
    0x23,0x21,0x44,0x29,0xc2,0x18,0x33,0xad,0xfd,0xff,0x9b,0xf7,0xbc,0xff,0xbc,0xff,0xbc,0xff,0xbc,0xff,0xbc,0xff,0xdd,0xff,
    0x9b,0xf7,0x0e,0x95,0x2f,0x95,0xbb,0xff,0xdc,0xff,0xbc,0xff,0xbc,0xff,0xbc,0xff,0xbc,0xff,0xbc,0xff,0xbc,0xff,0xbc,0xff,
    0xbc,0xff,0xbc,0xff,0xbc,0xff,0xbc,0xff,0xbc,0xff,0xbc,0xff,0xbc,0xff,0xbc,0xff,0xbc,0xff,0xbc,0xff,0xbc,0xff,0xbc,0xff,
    0xbc,0xff,0xbc,0xff,0xbc,0xff,0xbc,0xff,0x9b,0xf7,0xfd,0xff,0x4e,0x8c,0x67,0x4a,0x3a,0xe7,0xdc,0xff,0xbb,0xff,0xbb,0xff,
    0xbc,0xff,0xbb,0xff,0xdc,0xff,0x19,0xe7,0x87,0x4a,0xb0,0x94,0xbb,0xf7,0x13,0xbe,0x95,0xce,0x9b,0xf7,0xbc,0xff,0xbc,0xff,
    0xbb,0xff,0xbb,0xff,0xbb,0xff,0xbc,0xff,0xbb,0xff,0xbc,0xff,0xbc,0xff,0xbc,0xff,0xbc,0xff,0xbc,0xff,0xbc,0xff,0xbc,0xff,
    0xbc,0xff,0xbc,0xff,0xbc,0xff,0xbc,0xff,0xbc,0xff,0xbc,0xff,0xbc,0xff,0xbc,0xff,0xbc,0xff,0xbc,0xff,0xbc,0xff,0xbc,0xff,
    0xbc,0xff,0xbc,0xff,0xbc,0xff,0xbc,0xff,0xbc,0xff,0xbc,0xff,0xbc,0xff,0xbc,0xff,0xbc,0xff,0xbc,0xff,0xdc,0xff,0x68,0x4a,
    0xe2,0x18,0x44,0x29,0x23,0x21,0x23,0x21,0x23,0x21,0x23,0x21,0x23,0x21,0x23,0x21,0x23,0x21,0x24,0x29,0xe2,0x18,0xf5,0xbd,
    0xfd,0xff,0x9b,0xf7,0xbb,0xff,0xbc,0xff,0xbc,0xff,0xbc,0xff,0xbc,0xff,0xbc,0xff,0xbc,0xff,0xbc,0xff,0xbc,0xff,0xbc,0xff,
    0xbc,0xff,0xbc,0xff,0x9b,0xf7,0xd9,0xde,0xd9,0xde,0xf9,0xde,0x5a,0xef,0x9b,0xf7,0xfd,0xff,0xfd,0xff,0xfd,0xff,0xfd,0xff,
    0xfd,0xff,0xfd,0xff,0xfd,0xff,0xfd,0xff,0xfd,0xff,0xfd,0xff,0xfd,0xff,0xfd,0xff,0xfd,0xff,0xfd,0xff,0xfd,0xff,0xfd,0xff,
    0xfd,0xff,0xfd,0xff,0xfc,0xff,0xdc,0xff,0xfd,0xff,0xdc,0xff,0x9a,0xff,0xd8,0xde,0xf1,0xa4,0xe3,0x18,0x44,0x29,0x23,0x21,
    0x23,0x21,0x23,0x21,0x23,0x21,0x23,0x21,0x44,0x29,0xc2,0x10,0x4b,0x6b,0xff,0xff,0xdd,0xff,0xbb,0xff,0xbc,0xff,0xbc,0xff,
    0xfd,0xff,0xb8,0xde,0xa5,0x31,0x85,0x31,0x85,0x31,0xa5,0x31,0xa5,0x31,0x85,0x31,0x85,0x31,0xa5,0x31,0x44,0x29,0x4b,0x6b,
    0xfe,0xff,0xfd,0xff,0xf1,0xa4,0xa2,0x10,0x44,0x29,0x23,0x21,0x23,0x21,0x24,0x21,0x24,0x21,0x44,0x21,0x64,0x29,0xb7,0xd6,
    0xfd,0xff,0xca,0x5a,0x61,0x08,0x44,0x29,0x23,0x21,0x23,0x21,0x23,0x21,0x44,0x29,0xe3,0x18,0x0a,0x63,0xbc,0xff,0x1a,0xe7,
    0x85,0x31,0x03,0x21,0x23,0x21,0x23,0x21,0x23,0x21,0x44,0x29,0xc2,0x10,0x2f,0x84,0xff,0xff,0xbc,0xff,0xbb,0xff,0xbc,0xff,
    0xbc,0xff,0xbc,0xff,0xbc,0xff,0xbc,0xff,0xbc,0xff,0xbc,0xff,0xbc,0xff,0xbc,0xff,0xbc,0xff,0xdc,0xff,0x5a,0xef,0xf1,0x9c,
    0xd1,0x9c,0xf2,0x9c,0x8c,0x73,0x03,0x21,0x44,0x29,0x23,0x21,0x23,0x21,0x23,0x21,0x23,0x21,0x23,0x21,0x24,0x21,0x23,0x21,
    0x23,0x21,0x44,0x29,0xc2,0x18,0x33,0xad,0xfd,0xff,0x9b,0xf7,0xbc,0xff,0xbc,0xff,0xbc,0xff,0xbc,0xff,0xbc,0xff,0x5a,0xef,
    0x19,0xe7,0x2f,0x9d,0x4f,0x9d,0x19,0xe7,0x7a,0xef,0xbc,0xff,0xbc,0xff,0xbc,0xff,0xbc,0xff,0xbc,0xff,0xbc,0xff,0xbc,0xff,
    0xbc,0xff,0xbc,0xff,0xbc,0xff,0xbc,0xff,0xbc,0xff,0xbc,0xff,0xbc,0xff,0xbc,0xff,0xbc,0xff,0xbc,0xff,0xbc,0xff,0xbc,0xff,
    0xbc,0xff,0xbc,0xff,0xbc,0xff,0xbb,0xff,0x9b,0xf7,0xfd,0xff,0x4e,0x8c,0x67,0x4a,0x3a,0xe7,0xdc,0xff,0x9b,0xff,0xbc,0xff,
    0xbc,0xff,0xbb,0xff,0xdc,0xff,0x19,0xe7,0x87,0x4a,0xb0,0x94,0xbb,0xf7,0x34,0xbe,0x54,0xc6,0x75,0xce,0x75,0xce,0x7a,0xef,
    0xbc,0xff,0xbb,0xff,0xbb,0xff,0xbb,0xff,0xbb,0xff,0xbc,0xff,0xbc,0xff,0xbc,0xff,0xbc,0xff,0xbc,0xff,0xbc,0xff,0xbc,0xff,
    0xbc,0xff,0xbc,0xff,0xbc,0xff,0xbc,0xff,0xbc,0xff,0xbc,0xff,0xbc,0xff,0xbc,0xff,0xbc,0xff,0xbc,0xff,0xbc,0xff,0xbc,0xff,
    0xbc,0xff,0xbc,0xff,0xbc,0xff,0xbc,0xff,0xbc,0xff,0xbc,0xff,0xbc,0xff,0xbc,0xff,0xbc,0xff,0xbc,0xff,0xdc,0xff,0x68,0x4a,
    0xe2,0x18,0x44,0x29,0x23,0x21,0x23,0x21,0x23,0x21,0x23,0x21,0x23,0x21,0x23,0x21,0x23,0x21,0x24,0x21,0xe2,0x18,0xf5,0xbd,
    0xfd,0xff,0x9b,0xf7,0xbc,0xff,0xbc,0xff,0xbc,0xff,0xbc,0xff,0xbc,0xff,0xbc,0xff,0xbc,0xff,0xbc,0xff,0xbc,0xff,0xbc,0xff,
    0xbc,0xff,0xbc,0xff,0xbc,0xff,0xdc,0xff,0xdc,0xff,0xdc,0xff,0xbc,0xff,0xbc,0xff,0x9b,0xff,0x9b,0xff,0xbb,0xff,0xbb,0xff,
    0x9b,0xff,0xbb,0xff,0xbb,0xff,0xbb,0xff,0xbb,0xff,0x9b,0xff,0x9b,0xff,0x9b,0xff,0x9b,0xff,0xbb,0xff,0x9b,0xff,0x9b,0xf7,
    0x9b,0xff,0x9b,0xf7,0xbc,0xff,0xfd,0xff,0xfe,0xff,0xfd,0xff,0xbb,0xff,0xa6,0x31,0xe2,0x18,0x24,0x21,0x23,0x21,0x23,0x21,
    0x23,0x21,0x23,0x21,0x23,0x21,0x23,0x21,0x44,0x29,0xc2,0x18,0x4b,0x6b,0xfd,0xff,0x9b,0xf7,0xbc,0xff,0xbc,0xff,0xbc,0xff,
    0xbc,0xff,0x9b,0xf7,0x3a,0xe7,0x1a,0xe7,0x19,0xe7,0x19,0xe7,0x3a,0xe7,0x3a,0xef,0x39,0xe7,0x19,0xe7,0x1a,0xe7,0x19,0xe7,
    0x9b,0xff,0xff,0xff,0x53,0xad,0xa2,0x10,0x44,0x29,0x23,0x21,0x23,0x21,0x23,0x21,0x24,0x21,0xe3,0x18,0x23,0x21,0xb8,0xde,
    0xfd,0xff,0xea,0x5a,0xe2,0x18,0x24,0x21,0x23,0x21,0x23,0x21,0x23,0x21,0x44,0x29,0x81,0x10,0x4f,0x8c,0xfe,0xff,0xf9,0xe6,
    0x85,0x31,0x23,0x21,0x44,0x29,0x23,0x21,0x23,0x21,0x44,0x29,0x03,0x19,0x89,0x52,0x50,0x8c,0x98,0xd6,0xdc,0xff,0xbb,0xff,
    0xbc,0xff,0xbc,0xff,0xbc,0xff,0xbc,0xff,0xbc,0xff,0xbc,0xff,0xbc,0xff,0xbc,0xff,0x9b,0xff,0xfc,0xff,0xb8,0xde,0x03,0x21,
    0xe2,0x18,0xc2,0x18,0xe2,0x18,0x44,0x29,0x23,0x21,0x23,0x21,0x23,0x21,0x23,0x21,0x23,0x21,0x23,0x21,0x23,0x21,0x23,0x21,
    0x23,0x21,0x44,0x29,0xc2,0x18,0x33,0xad,0xfd,0xff,0x9b,0xf7,0xbc,0xff,0xbc,0xff,0xbb,0xff,0xbc,0xff,0x9b,0xf7,0xee,0x8c,
    0xee,0x8c,0x54,0xc6,0x33,0xbe,0xcd,0x8c,0x0f,0x95,0x9b,0xf7,0xbc,0xff,0xbc,0xff,0xbc,0xff,0xbc,0xff,0xbc,0xff,0xbc,0xff,
    0xbc,0xff,0xbc,0xff,0xbc,0xff,0xbc,0xff,0xbc,0xff,0xbc,0xff,0xbc,0xff,0xbc,0xff,0xbc,0xff,0xbc,0xff,0xbc,0xff,0xbc,0xff,
    0xbc,0xff,0xbb,0xff,0xbc,0xff,0xbc,0xff,0x9b,0xf7,0xfd,0xff,0x4e,0x8c,0x67,0x4a,0x3a,0xe7,0xdc,0xff,0xbb,0xff,0xbc,0xff,
    0xbc,0xff,0x9b,0xff,0xdc,0xff,0x19,0xe7,0x87,0x4a,0x8f,0x94,0xbb,0xf7,0x34,0xbe,0x54,0xc6,0x34,0xbe,0x33,0xbe,0x59,0xef,
    0x7b,0xf7,0x9b,0xf7,0xbb,0xff,0xbb,0xff,0xbb,0xff,0xbb,0xff,0xbc,0xff,0xbc,0xff,0xbc,0xff,0xbc,0xff,0xbc,0xff,0xbc,0xff,
    0xbc,0xff,0xbc,0xff,0xbc,0xff,0xbc,0xff,0xbc,0xff,0xbc,0xff,0xbc,0xff,0xbc,0xff,0xbc,0xff,0xbc,0xff,0xbc,0xff,0xbc,0xff,
    0xbc,0xff,0xbc,0xff,0xbc,0xff,0xbc,0xff,0xbc,0xff,0xbc,0xff,0xbc,0xff,0xbc,0xff,0xbc,0xff,0xbb,0xff,0xbc,0xff,0x68,0x4a,
    0xe2,0x18,0x44,0x29,0x23,0x21,0x23,0x21,0x23,0x21,0x23,0x21,0x23,0x21,0x23,0x21,0x23,0x21,0x24,0x21,0xe2,0x18,0xf5,0xbd,
    0xfd,0xff,0x9b,0xf7,0xbc,0xff,0xbc,0xff,0xbc,0xff,0xbc,0xff,0xbc,0xff,0xbc,0xff,0xbc,0xff,0xbc,0xff,0xbc,0xff,0xbc,0xff,
    0xbc,0xff,0xbc,0xff,0xbc,0xff,0xbc,0xff,0xbb,0xff,0xbb,0xff,0xbb,0xff,0xbc,0xff,0xbc,0xff,0xbc,0xff,0xbc,0xff,0xbc,0xff,
    0xbc,0xff,0xbc,0xff,0xbc,0xff,0xbc,0xff,0xbc,0xff,0xbc,0xff,0xbc,0xff,0xbc,0xff,0xbc,0xff,0xbc,0xff,0xbc,0xff,0xbc,0xff,
    0x9b,0xff,0xdc,0xff,0x97,0xd6,0xcd,0x7b,0x2e,0x84,0x0e,0x84,0xad,0x7b,0x65,0x31,0x23,0x21,0x23,0x21,0x24,0x21,0x23,0x21,
    0x23,0x21,0x23,0x21,0x23,0x21,0x23,0x21,0x44,0x29,0xe2,0x18,0x6c,0x73,0xfd,0xff,0x9b,0xf7,0xbc,0xff,0xbc,0xff,0xbc,0xff,
    0xbc,0xff,0xbc,0xff,0xdc,0xff,0xdc,0xff,0xdc,0xff,0xdc,0xff,0xdc,0xff,0xdc,0xff,0xbb,0xff,0xfc,0xff,0xff,0xff,0xfe,0xff,
    0x73,0xb5,0x6c,0x6b,0xc9,0x5a,0x03,0x21,0x44,0x29,0x23,0x21,0x23,0x21,0x44,0x29,0xe2,0x18,0x0e,0x84,0x16,0xc6,0xbd,0xff,
    0x9c,0xf7,0xc6,0x39,0x03,0x21,0x23,0x21,0x23,0x21,0x23,0x21,0x23,0x21,0x03,0x21,0x70,0x94,0xfa,0xde,0xdc,0xff,0xf8,0xe6,
    0x03,0x21,0xe2,0x18,0x44,0x29,0x23,0x21,0x23,0x21,0x23,0x21,0x23,0x21,0x03,0x21,0x81,0x10,0x94,0xb5,0xfd,0xff,0x9b,0xf7,
    0xbc,0xff,0xbc,0xff,0xbc,0xff,0xbc,0xff,0xbc,0xff,0xbc,0xff,0xbc,0xff,0xbc,0xff,0x9b,0xff,0xdc,0xff,0xd9,0xde,0x64,0x29,
    0x44,0x29,0x64,0x29,0x44,0x29,0x23,0x21,0x23,0x21,0x23,0x21,0x23,0x21,0x23,0x21,0x23,0x21,0x23,0x21,0x23,0x21,0x23,0x21,
    0x23,0x21,0x44,0x29,0xe2,0x18,0x53,0xad,0xfd,0xff,0x9b,0xf7,0xbc,0xff,0xbc,0xff,0xbc,0xff,0xbc,0xff,0x9b,0xf7,0x71,0xa5,
    0x50,0xa5,0x13,0xbe,0x13,0xbe,0x50,0x9d,0x91,0xa5,0x9b,0xf7,0xbc,0xff,0xbc,0xff,0xbc,0xff,0xbc,0xff,0xbc,0xff,0xbc,0xff,
    0xbc,0xff,0xbc,0xff,0xbc,0xff,0xbc,0xff,0xbc,0xff,0xbc,0xff,0xbc,0xff,0xbc,0xff,0xbc,0xff,0xbc,0xff,0xbc,0xff,0xbc,0xff,
    0xbc,0xff,0xbc,0xff,0xbc,0xff,0xbc,0xff,0x9b,0xf7,0xfd,0xff,0x4e,0x8c,0x67,0x4a,0x3a,0xef,0xdc,0xff,0xbb,0xff,0xbc,0xff,
    0xbc,0xff,0xbb,0xff,0xdc,0xff,0x3a,0xe7,0x87,0x4a,0x8f,0x94,0xbb,0xf7,0x54,0xc6,0x54,0xc6,0x54,0xc6,0x54,0xc6,0x54,0xc6,
    0x75,0xce,0xbc,0xff,0xbc,0xff,0xbb,0xff,0x9b,0xff,0xbb,0xff,0xbb,0xff,0xbb,0xff,0xbb,0xff,0xbc,0xff,0xbc,0xff,0xbc,0xff,
    0xbc,0xff,0xbc,0xff,0xbc,0xff,0xbc,0xff,0xbc,0xff,0xbc,0xff,0xbc,0xff,0xbc,0xff,0xbc,0xff,0xbc,0xff,0xbc,0xff,0xbc,0xff,
    0xbc,0xff,0xbc,0xff,0xbc,0xff,0xbc,0xff,0xbc,0xff,0xbc,0xff,0xbc,0xff,0xbc,0xff,0xbc,0xff,0xbb,0xff,0xbc,0xff,0x68,0x4a,
    0xe2,0x18,0x24,0x21,0x23,0x21,0x23,0x21,0x23,0x21,0x23,0x21,0x23,0x21,0x23,0x21,0x23,0x21,0x44,0x29,0x03,0x21,0xf5,0xbd,
    0xfd,0xff,0x9b,0xf7,0xbc,0xff,0xbc,0xff,0xbc,0xff,0xbc,0xff,0xbc,0xff,0xbc,0xff,0xbc,0xff,0xbc,0xff,0xbc,0xff,0xbc,0xff,
    0xbc,0xff,0xbc,0xff,0xbc,0xff,0xbc,0xff,0xbc,0xff,0xbc,0xff,0xbc,0xff,0xbc,0xff,0xbc,0xff,0xbc,0xff,0xbc,0xff,0xbc,0xff,
    0xbc,0xff,0xbc,0xff,0xbc,0xff,0xbc,0xff,0xbc,0xff,0xbc,0xff,0xbc,0xff,0xbc,0xff,0xbc,0xff,0xbc,0xff,0xbc,0xff,0xbc,0xff,
    0x9b,0xf7,0xfd,0xff,0x94,0xb5,0x81,0x08,0x03,0x21,0xc2,0x18,0xc2,0x18,0x24,0x29,0x44,0x29,0x23,0x21,0x23,0x21,0x23,0x21,
    0x23,0x21,0x23,0x21,0x23,0x21,0x43,0x21,0x23,0x21,0x20,0x00,0x0a,0x63,0xfd,0xff,0x9b,0xf7,0xbc,0xff,0xbc,0xff,0xbc,0xff,
    0xbc,0xff,0xbc,0xff,0x9b,0xff,0xbb,0xff,0xbb,0xff,0xbb,0xff,0x9b,0xff,0x9b,0xff,0xdc,0xff,0xb8,0xde,0x90,0x94,0xf2,0x9c,
    0x27,0x4a,0x61,0x08,0x03,0x21,0x44,0x29,0x24,0x29,0x43,0x21,0x23,0x21,0x44,0x29,0xc2,0x18,0x94,0xb5,0xff,0xff,0x7b,0xef,
    0x0e,0x84,0x23,0x21,0x43,0x29,0x23,0x21,0x23,0x21,0x23,0x21,0xc2,0x18,0x40,0x08,0x37,0xce,0xfe,0xff,0xbb,0xff,0x5a,0xef,
    0xb1,0x94,0xad,0x7b,0x44,0x21,0x23,0x29,0x23,0x21,0x44,0x29,0x23,0x21,0x44,0x29,0x03,0x21,0xf6,0xc5,0xff,0xff,0xbc,0xff,
    0xbc,0xff,0xbc,0xff,0xbc,0xff,0xbc,0xff,0xbc,0xff,0xbc,0xff,0xbc,0xff,0xbc,0xff,0x9b,0xff,0xdc,0xff,0xd9,0xde,0x44,0x29,
    0x23,0x21,0x44,0x29,0x23,0x21,0x23,0x21,0x23,0x21,0x23,0x21,0x23,0x21,0x23,0x21,0x23,0x21,0x23,0x21,0x23,0x21,0x23,0x21,
    0x23,0x21,0xe3,0x20,0x40,0x08,0x32,0xa5,0xfd,0xff,0x9b,0xf7,0xbc,0xff,0xbc,0xff,0xbc,0xff,0xbc,0xff,0xbc,0xff,0xbc,0xff,
    0x5a,0xef,0xce,0x8c,0xee,0x94,0x9b,0xf7,0xbc,0xff,0xbb,0xff,0xbc,0xff,0xbc,0xff,0xbc,0xff,0xbc,0xff,0xbc,0xff,0xbc,0xff,
    0xbc,0xff,0xbc,0xff,0xbc,0xff,0xbc,0xff,0xbc,0xff,0xbc,0xff,0xbc,0xff,0xbc,0xff,0xbc,0xff,0xbc,0xff,0xbc,0xff,0xbc,0xff,
    0xbc,0xff,0xbc,0xff,0xbc,0xff,0xbc,0xff,0x9b,0xf7,0xfd,0xff,0x4e,0x8c,0x87,0x4a,0x3a,0xef,0xdc,0xff,0xbc,0xff,0xbc,0xff,
    0xbc,0xff,0xbb,0xff,0xdc,0xff,0x3a,0xe7,0x87,0x4a,0x4e,0x8c,0x59,0xef,0xb2,0xad,0x33,0xbe,0x34,0xbe,0x54,0xc6,0x34,0xbe,
    0x54,0xc6,0xf7,0xde,0x59,0xef,0xbb,0xff,0x9b,0xff,0xbb,0xff,0xbb,0xff,0xbb,0xff,0xbb,0xff,0xbb,0xff,0xbc,0xff,0xbc,0xff,
    0xbc,0xff,0xbc,0xff,0xbc,0xff,0xbc,0xff,0xbc,0xff,0xbc,0xff,0xbc,0xff,0xbc,0xff,0xbc,0xff,0xbc,0xff,0xbc,0xff,0xbc,0xff,
    0xbc,0xff,0xbc,0xff,0xbc,0xff,0xbc,0xff,0xbc,0xff,0xbc,0xff,0xbc,0xff,0xbc,0xff,0xbc,0xff,0xbb,0xff,0xbc,0xff,0x68,0x4a,
    0xe2,0x18,0x24,0x21,0x23,0x21,0x23,0x21,0x23,0x21,0x23,0x21,0x23,0x21,0x23,0x21,0x44,0x29,0x03,0x21,0x60,0x08,0xd5,0xbd,
    0xfd,0xff,0x9b,0xf7,0xbc,0xff,0xbc,0xff,0xbc,0xff,0xbc,0xff,0xbc,0xff,0xbc,0xff,0xbc,0xff,0xbc,0xff,0xbc,0xff,0xbc,0xff,
    0xbc,0xff,0xbc,0xff,0xbc,0xff,0xbc,0xff,0xbc,0xff,0xbc,0xff,0xbc,0xff,0xbc,0xff,0xbc,0xff,0xbc,0xff,0xbc,0xff,0xbc,0xff,
    0xbc,0xff,0xbc,0xff,0xbc,0xff,0xbc,0xff,0xbc,0xff,0xbc,0xff,0xbc,0xff,0xbc,0xff,0xbc,0xff,0xbc,0xff,0xbc,0xff,0xbc,0xff,
    0x9b,0xf7,0xfd,0xff,0xb5,0xbd,0x03,0x21,0x64,0x29,0x44,0x29,0x44,0x29,0x24,0x21,0x43,0x21,0x23,0x21,0x23,0x21,0x23,0x21,
    0x23,0x21,0x23,0x21,0x44,0x29,0x03,0x21,0xe6,0x39,0x70,0x8c,0x94,0xb5,0xdc,0xff,0x9b,0xff,0xbc,0xff,0xbc,0xff,0xbc,0xff,
    0xbc,0xff,0xbc,0xff,0xbc,0xff,0xbc,0xff,0xbc,0xff,0xbc,0xff,0xbc,0xff,0x9b,0xf7,0xfd,0xff,0x74,0xad,0x60,0x08,0xc2,0x18,
    0xe3,0x18,0x44,0x29,0x44,0x29,0x23,0x21,0x44,0x29,0x23,0x21,0x23,0x21,0x44,0x29,0xe2,0x18,0x32,0xad,0xfd,0xff,0xb1,0x94,
    0xa1,0x10,0x44,0x29,0x23,0x21,0x23,0x21,0x44,0x29,0xe3,0x20,0x2b,0x63,0xf1,0x9c,0xd8,0xde,0xdc,0xff,0x9b,0xff,0xbc,0xff,
    0xff,0xff,0xb8,0xd6,0x81,0x10,0xe2,0x18,0x24,0x21,0x44,0x29,0x23,0x29,0x23,0x21,0x03,0x21,0xa9,0x5a,0x2b,0x63,0x53,0xad,
    0xfd,0xff,0x9b,0xf7,0xbc,0xff,0xbc,0xff,0xbc,0xff,0xbc,0xff,0xbc,0xff,0xbc,0xff,0x9b,0xff,0xdc,0xff,0xd8,0xde,0x44,0x29,
    0x23,0x21,0x44,0x29,0x44,0x29,0x23,0x21,0x23,0x21,0x23,0x21,0x23,0x21,0x23,0x21,0x23,0x21,0x23,0x21,0x43,0x21,0x44,0x29,
    0x03,0x21,0xa9,0x52,0x0f,0x84,0x57,0xce,0xdd,0xff,0xbb,0xff,0xbc,0xff,0xbc,0xff,0xbc,0xff,0xbc,0xff,0xbc,0xff,0xbc,0xff,
    0x7a,0xef,0x50,0x9d,0x71,0xa5,0x9b,0xf7,0xbc,0xff,0xbb,0xff,0xbc,0xff,0xbc,0xff,0xbc,0xff,0xbc,0xff,0xbc,0xff,0xbc,0xff,
    0xbc,0xff,0xbc,0xff,0xbc,0xff,0xbc,0xff,0xbc,0xff,0xbc,0xff,0xbc,0xff,0xbc,0xff,0xbc,0xff,0xbc,0xff,0xbc,0xff,0xbc,0xff,
    0xbc,0xff,0xbc,0xff,0xbc,0xff,0xbc,0xff,0x9b,0xf7,0xfd,0xff,0x6e,0x8c,0x87,0x4a,0x3a,0xef,0xdc,0xff,0xbb,0xff,0xbc,0xff,
    0xbc,0xff,0xbb,0xff,0xdc,0xff,0x3a,0xe7,0xa7,0x4a,0x2e,0x84,0x97,0xd6,0x8a,0x63,0x34,0xbe,0x75,0xc6,0x34,0xbe,0x34,0xbe,
    0x34,0xbe,0x12,0xb6,0xd7,0xd6,0xdc,0xff,0x9b,0xf7,0xbb,0xff,0xbb,0xff,0xbb,0xff,0xbb,0xff,0xbb,0xff,0xbb,0xff,0xbc,0xff,
    0xbc,0xff,0xbc,0xff,0xbc,0xff,0xbc,0xff,0xbc,0xff,0xbc,0xff,0xbc,0xff,0xbc,0xff,0xbc,0xff,0xbc,0xff,0xbc,0xff,0xbc,0xff,
    0xbc,0xff,0xbc,0xff,0xbc,0xff,0xbc,0xff,0xbc,0xff,0xbc,0xff,0xbc,0xff,0xbc,0xff,0xbc,0xff,0xbc,0xff,0xdc,0xff,0x68,0x4a,
    0xe2,0x18,0x24,0x21,0x23,0x21,0x23,0x21,0x23,0x21,0x23,0x21,0x23,0x29,0x44,0x29,0xe2,0x18,0x0b,0x63,0xb1,0x94,0xd9,0xde,
    0xdc,0xff,0xbb,0xff,0xbc,0xff,0xbc,0xff,0xbc,0xff,0xbc,0xff,0xbc,0xff,0xbc,0xff,0xbc,0xff,0xbc,0xff,0xbc,0xff,0xbc,0xff,
    0xbc,0xff,0xbc,0xff,0xbc,0xff,0xbc,0xff,0xbc,0xff,0xbc,0xff,0xbc,0xff,0xbc,0xff,0xbc,0xff,0xbc,0xff,0xbc,0xff,0xbc,0xff,
    0xbc,0xff,0xbc,0xff,0xbc,0xff,0xbc,0xff,0xbc,0xff,0xbc,0xff,0xbc,0xff,0xbc,0xff,0xbc,0xff,0xbc,0xff,0xbc,0xff,0xbc,0xff,
    0x9b,0xf7,0xfd,0xff,0xb4,0xb5,0xc2,0x18,0x44,0x29,0x44,0x29,0x23,0x21,0x23,0x21,0x44,0x29,0x24,0x29,0x23,0x21,0x23,0x21,
    0x44,0x29,0x44,0x29,0x44,0x29,0xc2,0x18,0x27,0x42,0xfe,0xff,0xfc,0xff,0xbb,0xff,0xbc,0xff,0xbc,0xff,0xbc,0xff,0xbc,0xff,
    0xbc,0xff,0xbc,0xff,0xbc,0xff,0xbc,0xff,0xbc,0xff,0xbc,0xff,0xbc,0xff,0x9b,0xf7,0xfd,0xff,0xb5,0xb5,0xe2,0x18,0x44,0x29,
    0x23,0x21,0x23,0x21,0x24,0x29,0x24,0x29,0x24,0x29,0x23,0x29,0x23,0x21,0x03,0x21,0x81,0x10,0x53,0xad,0xfd,0xff,0x27,0x42,
    0xe3,0x18,0x44,0x29,0x44,0x29,0x44,0x29,0x44,0x29,0x60,0x08,0xd1,0x9c,0xff,0xff,0xbb,0xff,0xbb,0xff,0xbc,0xff,0xbb,0xff,
    0xdc,0xff,0xb8,0xde,0x6c,0x6b,0x68,0x4a,0x23,0x21,0x44,0x29,0x44,0x29,0x43,0x29,0x23,0x21,0x03,0x21,0x20,0x00,0xcd,0x7b,
    0xfe,0xff,0x9b,0xf7,0xbc,0xff,0xbc,0xff,0xbc,0xff,0xbc,0xff,0xbc,0xff,0xbc,0xff,0xbb,0xff,0xfc,0xff,0xb8,0xde,0xc2,0x18,
    0xa1,0x10,0xc2,0x18,0xe2,0x18,0x23,0x21,0x23,0x21,0x23,0x21,0x23,0x21,0x23,0x21,0x23,0x21,0x23,0x21,0x23,0x21,0x44,0x29,
    0x81,0x10,0x70,0x8c,0xff,0xff,0xbc,0xff,0xbc,0xff,0xbc,0xff,0xbc,0xff,0xbc,0xff,0xbc,0xff,0xbc,0xff,0xbc,0xff,0xbc,0xff,
    0xbc,0xff,0xbb,0xff,0xbb,0xff,0xbc,0xff,0xbc,0xff,0xbc,0xff,0xbc,0xff,0xbc,0xff,0xbc,0xff,0xbc,0xff,0xbc,0xff,0xbc,0xff,
    0xbc,0xff,0xbc,0xff,0xbc,0xff,0xbc,0xff,0xbc,0xff,0xbc,0xff,0xbc,0xff,0xbc,0xff,0xbc,0xff,0xbc,0xff,0xbc,0xff,0xbc,0xff,
    0xbc,0xff,0xbc,0xff,0xbc,0xff,0xbc,0xff,0x9b,0xf7,0xfd,0xff,0x6e,0x8c,0x87,0x4a,0x3a,0xef,0xdc,0xff,0xbb,0xff,0xbb,0xff,
    0xbc,0xff,0xbc,0xff,0xdc,0xff,0x3a,0xe7,0x87,0x4a,0x6f,0x8c,0xb7,0xd6,0x29,0x5b,0x2d,0x7c,0x10,0x9d,0x95,0xce,0x33,0xbe,
    0x33,0xbe,0x34,0xbe,0x54,0xc6,0xb6,0xd6,0xbc,0xff,0xbc,0xff,0x9b,0xff,0xbb,0xff,0xbb,0xff,0xbb,0xff,0xbb,0xff,0xbc,0xff,
    0xbc,0xff,0xbc,0xff,0xbc,0xff,0xbc,0xff,0xbc,0xff,0xbc,0xff,0xbc,0xff,0xbc,0xff,0xbc,0xff,0xbc,0xff,0xbc,0xff,0xbc,0xff,
    0xbc,0xff,0xbc,0xff,0xbc,0xff,0xbc,0xff,0xbc,0xff,0xbc,0xff,0xbc,0xff,0xbc,0xff,0xbc,0xff,0xbc,0xff,0xdc,0xff,0x68,0x4a,
    0xe2,0x18,0x44,0x29,0x23,0x21,0x23,0x21,0x23,0x21,0x23,0x21,0x03,0x21,0x23,0x21,0x81,0x10,0xb1,0x9c,0xff,0xff,0xbc,0xff,
    0xbb,0xff,0xbc,0xff,0xbc,0xff,0xbc,0xff,0xbc,0xff,0xbc,0xff,0xbc,0xff,0xbc,0xff,0xbc,0xff,0xbc,0xff,0xbc,0xff,0xbc,0xff,
    0xbc,0xff,0xbc,0xff,0xbc,0xff,0xbc,0xff,0xbc,0xff,0xbc,0xff,0xbc,0xff,0xbc,0xff,0xbc,0xff,0xbc,0xff,0xbc,0xff,0xbc,0xff,
    0xbc,0xff,0xbc,0xff,0xbc,0xff,0xbc,0xff,0xbc,0xff,0xbc,0xff,0xbc,0xff,0xbc,0xff,0xbc,0xff,0xbc,0xff,0xbc,0xff,0xbc,0xff,
    0x9b,0xf7,0xfd,0xff,0xb4,0xb5,0x81,0x10,0x03,0x21,0x03,0x21,0x03,0x21,0x44,0x29,0x23,0x21,0x23,0x21,0x23,0x21,0x23,0x21,
    0x44,0x29,0x44,0x29,0x64,0x29,0x64,0x29,0x50,0x8c,0xbc,0xff,0x9b,0xf7,0xbc,0xff,0xbc,0xff,0xbc,0xff,0xbc,0xff,0xbc,0xff,
    0xbc,0xff,0xbc,0xff,0xbc,0xff,0xbc,0xff,0xbc,0xff,0xbc,0xff,0xbc,0xff,0x9b,0xf7,0xfd,0xff,0x95,0xb5,0x81,0x10,0xe2,0x18,
    0x03,0x21,0x44,0x29,0x23,0x29,0x23,0x21,0x44,0x29,0x44,0x29,0x23,0x21,0x85,0x31,0xe6,0x39,0xd5,0xbd,0xff,0xff,0x68,0x4a,
    0xc2,0x18,0xe3,0x18,0x03,0x21,0x81,0x10,0xa9,0x52,0x74,0xad,0x98,0xd6,0xbc,0xff,0x9b,0xff,0xbc,0xff,0xbc,0xff,0xbc,0xff,
    0xbc,0xff,0x9b,0xff,0xff,0xff,0xd1,0x9c,0x60,0x08,0x24,0x21,0x44,0x29,0x44,0x29,0x03,0x21,0xe6,0x39,0xea,0x5a,0x53,0xad,
    0xfd,0xff,0x9b,0xf7,0xbc,0xff,0xbc,0xff,0xbc,0xff,0xbc,0xff,0xbc,0xff,0xbc,0xff,0xbc,0xff,0xdc,0xff,0x1a,0xe7,0xad,0x73,
    0x6c,0x6b,0x8d,0x73,0x89,0x52,0x03,0x21,0x23,0x21,0x23,0x21,0x23,0x21,0x23,0x21,0x23,0x21,0x23,0x21,0x44,0x29,0xe6,0x39,
    0x07,0x42,0xf5,0xc5,0xdc,0xff,0x9b,0xf7,0xbc,0xff,0xbc,0xff,0xbc,0xff,0xbc,0xff,0xbc,0xff,0xbc,0xff,0xbc,0xff,0xbc,0xff,
    0xbc,0xff,0xbc,0xff,0xbc,0xff,0xbc,0xff,0xbc,0xff,0xbc,0xff,0xbc,0xff,0xbc,0xff,0xbc,0xff,0xbc,0xff,0xbc,0xff,0xbc,0xff,
    0xbc,0xff,0xbc,0xff,0xbc,0xff,0xbc,0xff,0xbc,0xff,0xbc,0xff,0xbc,0xff,0xbc,0xff,0xbc,0xff,0xbc,0xff,0xbc,0xff,0xbc,0xff,
    0xbc,0xff,0xbc,0xff,0xbc,0xff,0xbc,0xff,0x9b,0xf7,0xfd,0xff,0x6e,0x8c,0x87,0x4a,0x3a,0xe7,0xdc,0xff,0xbb,0xff,0xbc,0xff,
    0xbc,0xff,0xbc,0xff,0xdc,0xff,0x3a,0xe7,0x87,0x4a,0x8f,0x8c,0x19,0xe7,0x2d,0x7c,0x6a,0x63,0xec,0x73,0x51,0xa5,0xb2,0xad,
    0x33,0xbe,0x34,0xbe,0x33,0xbe,0x54,0xc6,0x38,0xe7,0x5a,0xef,0xbb,0xff,0xbb,0xff,0xbb,0xff,0xbb,0xff,0xbc,0xff,0xbb,0xff,
    0xbc,0xff,0xbc,0xff,0xbc,0xff,0xbc,0xff,0xbc,0xff,0xbc,0xff,0xbc,0xff,0xbc,0xff,0xbc,0xff,0xbc,0xff,0xbc,0xff,0xbc,0xff,
    0xbc,0xff,0xbc,0xff,0xbc,0xff,0xbc,0xff,0xbc,0xff,0xbc,0xff,0xbc,0xff,0xbc,0xff,0xbc,0xff,0xbc,0xff,0xdc,0xff,0xa9,0x52,
    0x03,0x21,0x44,0x29,0x44,0x29,0x44,0x29,0x64,0x29,0x03,0x19,0x4b,0x6b,0x78,0xce,0x16,0xc6,0xf9,0xe6,0xbb,0xff,0x9b,0xf7,
    0xbc,0xff,0xbc,0xff,0xbc,0xff,0xbc,0xff,0xbc,0xff,0xbc,0xff,0xbc,0xff,0xbc,0xff,0xbc,0xff,0xbc,0xff,0xbc,0xff,0xbc,0xff,
    0xbc,0xff,0xbc,0xff,0xbc,0xff,0xbc,0xff,0xbc,0xff,0xbc,0xff,0xbc,0xff,0xbc,0xff,0xbc,0xff,0xbc,0xff,0xbc,0xff,0xbc,0xff,
    0xbc,0xff,0xbc,0xff,0xbc,0xff,0xbc,0xff,0xbc,0xff,0xbc,0xff,0xbc,0xff,0xbc,0xff,0xbc,0xff,0xbc,0xff,0xbc,0xff,0xbc,0xff,
    0xbc,0xff,0xdc,0xff,0x5a,0xef,0x16,0xc6,0x36,0xce,0x57,0xce,0x69,0x4a,0x23,0x21,0x44,0x29,0x44,0x29,0x44,0x29,0x64,0x29,
    0x44,0x29,0xc6,0x39,0x57,0xce,0xfa,0xe6,0xfd,0xff,0xbc,0xff,0xbc,0xff,0xbc,0xff,0xbc,0xff,0xbc,0xff,0xbc,0xff,0xbc,0xff,
    0xbc,0xff,0xbc,0xff,0xbc,0xff,0xbc,0xff,0xbc,0xff,0xbc,0xff,0xbc,0xff,0xbb,0xff,0xdc,0xff,0x3a,0xef,0x36,0xc6,0xd5,0xbd,
    0xa5,0x31,0x44,0x29,0x64,0x29,0x44,0x29,0x44,0x29,0x64,0x29,0xe2,0x18,0xac,0x73,0xfd,0xff,0x5b,0xef,0x33,0xa5,0xe6,0x39,
    0xe2,0x18,0x48,0x4a,0xca,0x5a,0x68,0x4a,0xb1,0x94,0xff,0xff,0xdc,0xff,0xbb,0xff,0xbc,0xff,0xbc,0xff,0xbc,0xff,0xbc,0xff,
    0xbc,0xff,0x9b,0xf7,0xdd,0xff,0x74,0xad,0x07,0x42,0x64,0x29,0x44,0x29,0x85,0x31,0xe2,0x18,0xad,0x73,0xff,0xff,0xdc,0xff,
    0xbc,0xff,0xbc,0xff,0xbc,0xff,0xbc,0xff,0xbc,0xff,0xbc,0xff,0xbc,0xff,0xbc,0xff,0xbc,0xff,0xbc,0xff,0xbc,0xff,0xfd,0xff,
    0xfd,0xff,0xff,0xff,0x73,0xad,0xc2,0x18,0x64,0x29,0x44,0x29,0x44,0x29,0x44,0x29,0x64,0x29,0x23,0x21,0x48,0x4a,0x5b,0xef,
    0x9b,0xf7,0xdc,0xff,0xbb,0xff,0xbc,0xff,0xbc,0xff,0xbc,0xff,0xbc,0xff,0xbc,0xff,0xbc,0xff,0xbc,0xff,0xbc,0xff,0xbc,0xff,
    0xbc,0xff,0xbc,0xff,0xbc,0xff,0xbc,0xff,0xbc,0xff,0xbc,0xff,0xbc,0xff,0xbc,0xff,0xbc,0xff,0xbc,0xff,0xbc,0xff,0xbc,0xff,
    0xbc,0xff,0xbc,0xff,0xbc,0xff,0xbc,0xff,0xbc,0xff,0xbc,0xff,0xbc,0xff,0xbc,0xff,0xbc,0xff,0xbc,0xff,0xbc,0xff,0xbc,0xff,
    0xbc,0xff,0xbc,0xff,0xbc,0xff,0xbc,0xff,0x9b,0xf7,0xfd,0xff,0x6e,0x8c,0x87,0x4a,0x3a,0xef,0xdc,0xff,0xbb,0xff,0xbb,0xff,
    0xbc,0xff,0xbb,0xff,0xdc,0xff,0x3a,0xe7,0x87,0x4a,0x6e,0x8c,0xfd,0xff,0x9b,0xf7,0xac,0x73,0x09,0x53,0xe8,0x52,0xef,0x94,
    0xb5,0xce,0x54,0xc6,0x34,0xbe,0x34,0xbe,0x12,0xb6,0x95,0xce,0xdc,0xff,0xbc,0xff,0xbb,0xff,0xbb,0xff,0xbb,0xff,0xbb,0xff,
    0xbc,0xff,0xbc,0xff,0xbb,0xff,0xbc,0xff,0xbc,0xff,0xbc,0xff,0xbc,0xff,0xbc,0xff,0xbc,0xff,0xbc,0xff,0xbc,0xff,0xbc,0xff,
    0xbc,0xff,0xbc,0xff,0xbc,0xff,0xbc,0xff,0xbc,0xff,0xbc,0xff,0xbc,0xff,0xbc,0xff,0xbc,0xff,0xbc,0xff,0xdc,0xff,0x47,0x42,
    0x81,0x08,0xc2,0x18,0xc2,0x18,0xc2,0x18,0xe2,0x18,0x40,0x08,0xed,0x7b,0xff,0xff,0xdc,0xff,0xdc,0xff,0xbc,0xff,0xbc,0xff,
    0xbc,0xff,0xbc,0xff,0xbc,0xff,0xbc,0xff,0xbc,0xff,0xbc,0xff,0xbc,0xff,0xbc,0xff,0xbc,0xff,0xbc,0xff,0xbc,0xff,0xbc,0xff,
    0xbc,0xff,0xbc,0xff,0xbc,0xff,0xbc,0xff,0xbc,0xff,0xbc,0xff,0xbc,0xff,0xbc,0xff,0xbc,0xff,0xbc,0xff,0xbc,0xff,0xbc,0xff,
    0xbc,0xff,0xbc,0xff,0xbc,0xff,0xbc,0xff,0xbc,0xff,0xbc,0xff,0xbc,0xff,0xbc,0xff,0xbc,0xff,0xbc,0xff,0xbc,0xff,0xbc,0xff,
    0xbc,0xff,0xbc,0xff,0xdc,0xff,0xfd,0xff,0xfc,0xff,0xfe,0xff,0xa9,0x52,0x61,0x08,0xc2,0x18,0xc2,0x18,0xc2,0x18,0xe2,0x18,
    0x61,0x08,0x68,0x52,0xfd,0xff,0xdc,0xff,0x9b,0xff,0xbc,0xff,0xbc,0xff,0xbc,0xff,0xbc,0xff,0xbc,0xff,0xbc,0xff,0xbc,0xff,
    0xbc,0xff,0xbc,0xff,0xbc,0xff,0xbc,0xff,0xbc,0xff,0xbc,0xff,0xbc,0xff,0xbc,0xff,0xbb,0xff,0xbc,0xff,0xfd,0xff,0x7b,0xf7,
    0x64,0x29,0xc2,0x18,0xc2,0x18,0xc2,0x18,0xc2,0x18,0xe2,0x18,0x61,0x08,0x6c,0x73,0xfd,0xff,0xb8,0xd6,0xa1,0x10,0xc2,0x10,
    0x81,0x10,0x37,0xce,0xfd,0xff,0xdc,0xff,0xdd,0xff,0x9b,0xf7,0xbb,0xff,0xbc,0xff,0xbc,0xff,0xbc,0xff,0xbc,0xff,0xbc,0xff,
    0xbc,0xff,0xbc,0xff,0xbc,0xff,0xdd,0xff,0x3a,0xef,0x44,0x29,0xc2,0x18,0x23,0x21,0x61,0x10,0x2b,0x63,0xfc,0xff,0x9b,0xf7,
    0xbc,0xff,0xbc,0xff,0xbc,0xff,0xbc,0xff,0xbc,0xff,0xbc,0xff,0xbc,0xff,0xbc,0xff,0xbc,0xff,0xbc,0xff,0xbc,0xff,0x9b,0xf7,
    0x7b,0xf7,0xfd,0xff,0xf2,0xa4,0x40,0x08,0xc2,0x18,0xc2,0x18,0xc2,0x18,0xc2,0x18,0xc2,0x18,0x81,0x10,0x06,0x42,0xbc,0xff,
    0xbc,0xff,0x9b,0xf7,0xbc,0xff,0xbc,0xff,0xbc,0xff,0xbc,0xff,0xbc,0xff,0xbc,0xff,0xbc,0xff,0xbc,0xff,0xbc,0xff,0xbc,0xff,
    0xbc,0xff,0xbc,0xff,0xbc,0xff,0xbc,0xff,0xbc,0xff,0xbc,0xff,0xbc,0xff,0xbc,0xff,0xbc,0xff,0xbc,0xff,0xbc,0xff,0xbc,0xff,
    0xbc,0xff,0xbc,0xff,0xbc,0xff,0xbc,0xff,0xbc,0xff,0xbc,0xff,0xbc,0xff,0xbc,0xff,0xbc,0xff,0xbc,0xff,0xbc,0xff,0xbc,0xff,
    0xbc,0xff,0xbc,0xff,0xbc,0xff,0xbc,0xff,0x9b,0xf7,0xfd,0xff,0x6e,0x8c,0x87,0x4a,0x3a,0xe7,0xdc,0xff,0x9b,0xff,0xbb,0xff,
    0xbc,0xff,0xbc,0xff,0xdc,0xff,0x3a,0xe7,0x87,0x4a,0x6f,0x8c,0xfd,0xff,0x7b,0xf7,0x35,0xc6,0xd0,0x94,0xe8,0x52,0xec,0x73,
    0x6d,0x84,0x91,0xad,0x74,0xc6,0x33,0xbe,0x33,0xbe,0x54,0xc6,0xd6,0xd6,0xf7,0xde,0xbb,0xff,0xbc,0xff,0xbb,0xff,0xbc,0xff,
    0xbc,0xff,0xbb,0xff,0xbb,0xff,0xbc,0xff,0xbc,0xff,0xbc,0xff,0xbc,0xff,0xbc,0xff,0xbc,0xff,0xbc,0xff,0xbc,0xff,0xbc,0xff,
    0xbc,0xff,0xbc,0xff,0xbc,0xff,0xbc,0xff,0xbc,0xff,0xbc,0xff,0xbc,0xff,0xbc,0xff,0xbc,0xff,0xbc,0xff,0xbc,0xff,0xb4,0xb5,
    0xf1,0x9c,0x12,0xa5,0xf2,0xa4,0xf2,0xa4,0xf2,0x9c,0xd1,0x9c,0x36,0xce,0xbc,0xff,0x9b,0xf7,0xbb,0xff,0xbc,0xff,0xbc,0xff,
    0xbc,0xff,0xbc,0xff,0xbc,0xff,0xbc,0xff,0xbc,0xff,0xbc,0xff,0xbc,0xff,0xbc,0xff,0xbc,0xff,0xbc,0xff,0xbc,0xff,0xbc,0xff,
    0xbc,0xff,0xbc,0xff,0xbc,0xff,0xbc,0xff,0xbc,0xff,0xbc,0xff,0xbc,0xff,0xbc,0xff,0xbc,0xff,0xbc,0xff,0xbc,0xff,0xbc,0xff,
    0xbc,0xff,0xbc,0xff,0xbc,0xff,0xbc,0xff,0xbc,0xff,0xbc,0xff,0xbc,0xff,0xbc,0xff,0xbc,0xff,0xbc,0xff,0xbc,0xff,0xbc,0xff,
    0xbc,0xff,0xbc,0xff,0xbc,0xff,0x9b,0xf7,0x9b,0xf7,0xdc,0xff,0x33,0xa5,0xee,0x83,0x0e,0x84,0x0e,0x84,0x4f,0x8c,0x90,0x94,
    0x70,0x8c,0x53,0xad,0xbc,0xff,0x9b,0xf7,0xbc,0xff,0xbc,0xff,0xbc,0xff,0xbc,0xff,0xbc,0xff,0xbc,0xff,0xbc,0xff,0xbc,0xff,
    0xbc,0xff,0xbc,0xff,0xbc,0xff,0xbc,0xff,0xbc,0xff,0xbc,0xff,0xbc,0xff,0xbc,0xff,0xbb,0xff,0xbb,0xff,0x9b,0xff,0x7b,0xf7,
    0xb4,0xb5,0x53,0xad,0x32,0xad,0x53,0xad,0x53,0xad,0x53,0xad,0x32,0xa5,0x36,0xce,0xbb,0xff,0x5a,0xef,0xb4,0xb5,0x74,0xad,
    0x73,0xad,0x3a,0xef,0xbb,0xff,0x9b,0xf7,0xbc,0xff,0xbc,0xff,0xbc,0xff,0xbc,0xff,0xbc,0xff,0xbc,0xff,0xbc,0xff,0xbc,0xff,
    0xbc,0xff,0xbc,0xff,0xbc,0xff,0xbc,0xff,0x7b,0xf7,0x73,0xb5,0x32,0xad,0x74,0xb5,0xf1,0x9c,0xd5,0xbd,0xdc,0xff,0x9b,0xff,
    0xbc,0xff,0xbc,0xff,0xbc,0xff,0xbc,0xff,0xbc,0xff,0xbc,0xff,0xbc,0xff,0xbc,0xff,0xbc,0xff,0xbc,0xff,0xbc,0xff,0xbc,0xff,
    0xbc,0xff,0xdc,0xff,0xb8,0xde,0xf1,0x9c,0x12,0xa5,0x12,0xa5,0x12,0xa5,0x12,0xa5,0x12,0xa5,0x12,0xa5,0xb4,0xb5,0xbc,0xff,
    0xbb,0xff,0xbc,0xff,0xbc,0xff,0xbc,0xff,0xbc,0xff,0xbc,0xff,0xbc,0xff,0xbc,0xff,0xbc,0xff,0xbc,0xff,0xbc,0xff,0xbc,0xff,
    0xbc,0xff,0xbc,0xff,0xbc,0xff,0xbc,0xff,0xbc,0xff,0xbc,0xff,0xbc,0xff,0xbc,0xff,0xbc,0xff,0xbc,0xff,0xbc,0xff,0xbc,0xff,
    0xbc,0xff,0xbc,0xff,0xbc,0xff,0xbc,0xff,0xbc,0xff,0xbc,0xff,0xbc,0xff,0xbc,0xff,0xbc,0xff,0xbb,0xff,0xbc,0xff,0xbc,0xff,
    0xbc,0xff,0xbc,0xff,0xbc,0xff,0xbc,0xff,0x9b,0xf7,0xfd,0xff,0x6f,0x8c,0x87,0x4a,0x3a,0xef,0xdc,0xff,0xbb,0xff,0xbb,0xff,
    0xbc,0xff,0xbc,0xff,0xdc,0xff,0x3a,0xe7,0x87,0x4a,0x6e,0x8c,0xfd,0xff,0x9b,0xf7,0xfd,0xff,0x77,0xce,0x8a,0x63,0x6a,0x63,
    0x08,0x53,0xae,0x8c,0x13,0xbe,0xf3,0xb5,0x33,0xbe,0x33,0xbe,0x33,0xbe,0x54,0xc6,0x7a,0xf7,0x9b,0xf7,0xbb,0xff,0xbb,0xff,
    0xbb,0xff,0xbc,0xff,0xbc,0xff,0xbb,0xff,0xbc,0xff,0xbc,0xff,0xbc,0xff,0xbc,0xff,0xbc,0xff,0xbc,0xff,0xbc,0xff,0xbc,0xff,
    0xbc,0xff,0xbc,0xff,0xbc,0xff,0xbc,0xff,0xbc,0xff,0xbc,0xff,0xbc,0xff,0xbc,0xff,0xbc,0xff,0xbc,0xff,0xbc,0xff,0xfd,0xff,
    0xfd,0xff,0xfd,0xff,0xfd,0xff,0xfd,0xff,0xfd,0xff,0xfd,0xff,0xfd,0xff,0xbc,0xff,0xbc,0xff,0xbc,0xff,0xbc,0xff,0xbc,0xff,
    0xbc,0xff,0xbc,0xff,0xbc,0xff,0xbc,0xff,0xbc,0xff,0xbc,0xff,0xbc,0xff,0xbc,0xff,0xbc,0xff,0xbc,0xff,0xbc,0xff,0xbc,0xff,
    0xbc,0xff,0xbc,0xff,0xbc,0xff,0xbc,0xff,0xbc,0xff,0xbc,0xff,0xbc,0xff,0xbc,0xff,0xbc,0xff,0xbc,0xff,0xbc,0xff,0xbc,0xff,
    0xbc,0xff,0xbc,0xff,0xbc,0xff,0xbc,0xff,0xbc,0xff,0xbc,0xff,0xbc,0xff,0xbc,0xff,0xbc,0xff,0xbc,0xff,0xbc,0xff,0xbc,0xff,
    0xbc,0xff,0xbc,0xff,0xbc,0xff,0xbc,0xff,0xbc,0xff,0xbc,0xff,0xfd,0xff,0xfd,0xff,0xfd,0xff,0xfd,0xff,0xfd,0xff,0xfd,0xff,
    0xfe,0xff,0xfd,0xff,0xbb,0xff,0xbb,0xff,0xbb,0xff,0xbc,0xff,0xbc,0xff,0xbc,0xff,0xbc,0xff,0xbc,0xff,0xbc,0xff,0xbc,0xff,
    0xbc,0xff,0xbc,0xff,0xbc,0xff,0xbc,0xff,0xbc,0xff,0xbc,0xff,0xbc,0xff,0xbc,0xff,0xbc,0xff,0xbc,0xff,0xbb,0xff,0xbc,0xff,
    0xfe,0xff,0xfd,0xff,0xfd,0xff,0xfd,0xff,0xfd,0xff,0xfd,0xff,0xfd,0xff,0xfd,0xff,0x9b,0xff,0xbb,0xff,0xfe,0xff,0xfe,0xff,
    0xfe,0xff,0xdc,0xff,0xbb,0xff,0xbb,0xff,0xbc,0xff,0xbc,0xff,0xbc,0xff,0xbc,0xff,0xbc,0xff,0xbc,0xff,0xbc,0xff,0xbc,0xff,
    0xbc,0xff,0xbc,0xff,0xbc,0xff,0xbc,0xff,0xbc,0xff,0xfd,0xff,0xfd,0xff,0xfd,0xff,0xfd,0xff,0xfd,0xff,0xbb,0xff,0xbb,0xff,
    0xbb,0xff,0xbc,0xff,0xbc,0xff,0xbc,0xff,0xbc,0xff,0xbc,0xff,0xbc,0xff,0xbc,0xff,0xbc,0xff,0xbc,0xff,0xbc,0xff,0xbc,0xff,
    0xbc,0xff,0xbc,0xff,0xdc,0xff,0xfd,0xff,0xfd,0xff,0xfd,0xff,0xfd,0xff,0xfd,0xff,0xfd,0xff,0xfd,0xff,0xfd,0xff,0xbc,0xff,
    0xbc,0xff,0xbb,0xff,0xbb,0xff,0xbc,0xff,0xbc,0xff,0xbb,0xff,0xbc,0xff,0xbc,0xff,0xbc,0xff,0xbc,0xff,0xbc,0xff,0xbc,0xff,
    0xbc,0xff,0xbc,0xff,0xbc,0xff,0xbc,0xff,0xbc,0xff,0xbc,0xff,0xbc,0xff,0xbc,0xff,0xbc,0xff,0xbc,0xff,0xbc,0xff,0xbc,0xff,
    0xbc,0xff,0xbc,0xff,0xbc,0xff,0xbc,0xff,0xbc,0xff,0xbc,0xff,0xbc,0xff,0xbc,0xff,0xbc,0xff,0xbc,0xff,0xbc,0xff,0xbc,0xff,
    0xbb,0xff,0xbb,0xff,0xbb,0xff,0x9b,0xff,0x9b,0xf7,0xfd,0xff,0x6f,0x8c,0x87,0x4a,0x3a,0xe7,0xdc,0xff,0xbb,0xff,0xbc,0xff,
    0xbc,0xff,0xbb,0xff,0xdc,0xff,0x3a,0xe7,0x87,0x4a,0x6f,0x8c,0xfd,0xff,0x9b,0xf7,0x9b,0xf7,0x9b,0xf7,0x9b,0xf7,0x2d,0x84,
    0x29,0x5b,0x4a,0x63,0x09,0x5b,0x91,0xad,0x95,0xce,0x34,0xbe,0x54,0xc6,0x54,0xc6,0x33,0xbe,0xb6,0xce,0xdc,0xff,0xbc,0xff,
    0xbb,0xff,0xbc,0xff,0xbc,0xff,0xbb,0xff,0xbc,0xff,0xbc,0xff,0xbc,0xff,0xbc,0xff,0xbc,0xff,0xbc,0xff,0xbc,0xff,0xbc,0xff,
    0xbc,0xff,0xbc,0xff,0xbc,0xff,0xbc,0xff,0xbc,0xff,0xbc,0xff,0xbc,0xff,0xbc,0xff,0xbc,0xff,0xbc,0xff,0xbc,0xff,0x9b,0xf7,
    0x9b,0xf7,0x9b,0xf7,0x9b,0xf7,0x9b,0xf7,0x9b,0xf7,0x9b,0xf7,0x9b,0xf7,0xbc,0xff,0xbc,0xff,0xbc,0xff,0xbc,0xff,0xbc,0xff,
    0xbc,0xff,0xbc,0xff,0xbc,0xff,0xbc,0xff,0xbc,0xff,0xbc,0xff,0xbc,0xff,0xbc,0xff,0xbc,0xff,0xbc,0xff,0xbc,0xff,0xbc,0xff,
    0xbc,0xff,0xbc,0xff,0xbc,0xff,0xbc,0xff,0xbc,0xff,0xbc,0xff,0xbc,0xff,0xbc,0xff,0xbc,0xff,0xbc,0xff,0xbc,0xff,0xbc,0xff,
    0xbc,0xff,0xbc,0xff,0xbc,0xff,0xbc,0xff,0xbc,0xff,0xbc,0xff,0xbc,0xff,0xbc,0xff,0xbc,0xff,0xbc,0xff,0xbc,0xff,0xbc,0xff,
    0xbc,0xff,0xbc,0xff,0xbc,0xff,0xbc,0xff,0xbc,0xff,0xbc,0xff,0x9b,0xf7,0x7b,0xf7,0x7b,0xf7,0x7a,0xf7,0x7b,0xf7,0x7b,0xf7,
    0x7b,0xf7,0x9b,0xf7,0xbb,0xff,0xbb,0xff,0xbb,0xff,0xbc,0xff,0xbb,0xff,0x9b,0xf7,0x9b,0xf7,0x9b,0xf7,0xbc,0xff,0x9b,0xf7,
    0x9b,0xf7,0x9b,0xf7,0x9b,0xff,0xbc,0xff,0xbc,0xff,0xbc,0xff,0xbc,0xff,0xbc,0xff,0xbc,0xff,0xbc,0xff,0x9b,0xff,0x9b,0xf7,
    0x7b,0xf7,0x7b,0xf7,0x7b,0xf7,0x9b,0xf7,0x9b,0xf7,0x9b,0xf7,0x9b,0xf7,0x9b,0xff,0xbc,0xff,0xbb,0xff,0x9b,0xf7,0x9b,0xf7,
    0x9b,0xf7,0xbb,0xff,0xbb,0xff,0xbb,0xff,0x9b,0xff,0xbc,0xff,0xbc,0xff,0xbc,0xff,0xbc,0xff,0xbc,0xff,0x9b,0xff,0x9b,0xf7,
    0x9b,0xf7,0x9c,0xf7,0x9b,0xf7,0x9b,0xf7,0x9b,0xf7,0x9b,0xf7,0x9b,0xf7,0x9b,0xf7,0x9b,0xf7,0x9b,0xf7,0xbc,0xff,0xbc,0xff,
    0xbc,0xff,0xbc,0xff,0xbc,0xff,0xbc,0xff,0xbc,0xff,0xbc,0xff,0xbc,0xff,0xbc,0xff,0xbc,0xff,0xbc,0xff,0xbc,0xff,0xbc,0xff,
    0xbc,0xff,0xbc,0xff,0xbc,0xff,0x9b,0xf7,0x9b,0xf7,0x9b,0xf7,0x9b,0xf7,0x9b,0xf7,0x9b,0xf7,0x9b,0xf7,0x9b,0xf7,0xbc,0xff,
    0xbc,0xff,0xbc,0xff,0xbb,0xff,0xbc,0xff,0xbc,0xff,0xbc,0xff,0xbc,0xff,0xbc,0xff,0xbc,0xff,0xbc,0xff,0xbc,0xff,0xbc,0xff,
    0xbc,0xff,0xbc,0xff,0xbc,0xff,0xbc,0xff,0xbc,0xff,0xbc,0xff,0xbc,0xff,0xbc,0xff,0xbc,0xff,0xbc,0xff,0xbc,0xff,0xbc,0xff,
    0xbc,0xff,0xbc,0xff,0xbc,0xff,0xbc,0xff,0xbc,0xff,0xbc,0xff,0xbc,0xff,0xbc,0xff,0xbc,0xff,0xbc,0xff,0x9b,0xff,0xbc,0xff,
    0xdc,0xff,0xdc,0xff,0xdc,0xff,0xbc,0xff,0xbc,0xff,0xfd,0xff,0x6f,0x8c,0x67,0x4a,0x3a,0xe7,0xdc,0xff,0xbb,0xff,0xbc,0xff,
    0xbc,0xff,0xbb,0xff,0xdc,0xff,0x3a,0xe7,0x87,0x4a,0x4f,0x8c,0xfd,0xff,0x9b,0xff,0xbb,0xff,0xbb,0xff,0xdc,0xff,0x2d,0x84,
    0x09,0x5b,0x29,0x5b,0xe8,0x52,0x2d,0x7c,0x10,0x9d,0x54,0xc6,0x54,0xc6,0x33,0xbe,0x33,0xbe,0x74,0xc6,0xf7,0xde,0x5a,0xef,
    0xbc,0xff,0xbb,0xff,0xbb,0xff,0xbb,0xff,0xbc,0xff,0xbc,0xff,0xbc,0xff,0xbc,0xff,0xbc,0xff,0xbc,0xff,0xbc,0xff,0xbc,0xff,
    0xbc,0xff,0xbc,0xff,0xbc,0xff,0xbc,0xff,0xbc,0xff,0xbc,0xff,0xbc,0xff,0xbc,0xff,0xbc,0xff,0xbc,0xff,0xbc,0xff,0xbc,0xff,
    0xbc,0xff,0xbc,0xff,0xbc,0xff,0xbc,0xff,0xbc,0xff,0xbc,0xff,0xbc,0xff,0xbc,0xff,0xbc,0xff,0xbc,0xff,0xbc,0xff,0xbc,0xff,
    0xbc,0xff,0xbc,0xff,0xbc,0xff,0xbc,0xff,0xbc,0xff,0xbc,0xff,0xbc,0xff,0xbc,0xff,0xbc,0xff,0xbc,0xff,0xbc,0xff,0xbc,0xff,
    0xbc,0xff,0xbc,0xff,0xbc,0xff,0xbc,0xff,0xdc,0xff,0xbc,0xff,0x9b,0xf7,0xdc,0xff,0xdc,0xff,0x9b,0xf7,0xbc,0xff,0xdc,0xff,
    0xbc,0xff,0xbc,0xff,0xbc,0xff,0xbc,0xff,0xbc,0xff,0xbc,0xff,0xbc,0xff,0xbc,0xff,0xbc,0xff,0xbc,0xff,0xbc,0xff,0xbc,0xff,
    0xbc,0xff,0xbc,0xff,0xbc,0xff,0xbc,0xff,0xbc,0xff,0xbc,0xff,0xdc,0xff,0xfd,0xff,0xfd,0xff,0xfd,0xff,0xfd,0xff,0xfd,0xff,
    0xfd,0xff,0xbc,0xff,0xbb,0xff,0xbc,0xff,0xbc,0xff,0xbc,0xff,0xfd,0xff,0xfe,0xff,0xfd,0xff,0xfe,0xff,0xfd,0xff,0xfd,0xff,
    0xfd,0xff,0xfd,0xff,0xdc,0xff,0xbc,0xff,0xbc,0xff,0xbc,0xff,0xbc,0xff,0xbc,0xff,0xdc,0xff,0xbc,0xff,0xdc,0xff,0xfd,0xff,
    0xfd,0xff,0xfd,0xff,0xfd,0xff,0xbb,0xff,0xbb,0xff,0xbc,0xff,0xbc,0xff,0xbc,0xff,0xbc,0xff,0x9b,0xf7,0x9b,0xff,0xbb,0xff,
    0x9a,0xf7,0xdc,0xff,0xdc,0xff,0xbb,0xff,0xdc,0xff,0xbc,0xff,0xbc,0xff,0xbc,0xff,0xbc,0xff,0xbc,0xff,0xfd,0xff,0xfe,0xff,
    0xfd,0xff,0xfd,0xff,0xfd,0xff,0xfd,0xff,0xfd,0xff,0xbc,0xff,0xbb,0xff,0xbc,0xff,0xbc,0xff,0xbb,0xff,0xbc,0xff,0xbc,0xff,
    0xbc,0xff,0xbc,0xff,0xbc,0xff,0xbc,0xff,0xbc,0xff,0xbc,0xff,0xbc,0xff,0xbc,0xff,0xbc,0xff,0xbc,0xff,0xbc,0xff,0xbc,0xff,
    0xbc,0xff,0xbc,0xff,0xbc,0xff,0xbc,0xff,0xbc,0xff,0xbc,0xff,0xbc,0xff,0xbc,0xff,0xbc,0xff,0xbc,0xff,0xbc,0xff,0xbc,0xff,
    0xbc,0xff,0xbc,0xff,0xbc,0xff,0xbc,0xff,0xbc,0xff,0xbc,0xff,0xbc,0xff,0xbc,0xff,0xbc,0xff,0xbc,0xff,0xbc,0xff,0xbc,0xff,
    0xbc,0xff,0xbc,0xff,0xbc,0xff,0xbc,0xff,0xbc,0xff,0xbc,0xff,0xbc,0xff,0xbc,0xff,0xbc,0xff,0xbc,0xff,0xbc,0xff,0xbc,0xff,
    0xbc,0xff,0xbc,0xff,0xbc,0xff,0xbc,0xff,0xbc,0xff,0xbc,0xff,0xbc,0xff,0xbc,0xff,0xbc,0xff,0xbc,0xff,0xdc,0xff,0x5a,0xef,
    0x96,0xd6,0xb7,0xd6,0xf8,0xde,0x38,0xe7,0xf8,0xde,0x7a,0xef,0x6e,0x8c,0x67,0x4a,0x3a,0xe7,0xdc,0xff,0xbb,0xff,0xbc,0xff,
    0xbc,0xff,0xbc,0xff,0xdc,0xff,0x1a,0xe7,0x67,0x4a,0x4e,0x8c,0xfd,0xff,0x9b,0xf7,0xbb,0xff,0x9b,0xff,0xdc,0xff,0x2d,0x7c,
    0x09,0x53,0x8b,0x6b,0x8b,0x6b,0x4a,0x5b,0x6a,0x63,0xd2,0xb5,0x13,0xbe,0x33,0xbe,0x33,0xbe,0x33,0xbe,0x12,0xb6,0xd6,0xd6,
    0x9b,0xff,0x9b,0xf7,0xbb,0xff,0xbc,0xff,0xbb,0xff,0xbc,0xff,0xbb,0xff,0xbc,0xff,0xbc,0xff,0xbc,0xff,0xbc,0xff,0xbc,0xff,
    0xbc,0xff,0xbc,0xff,0xbc,0xff,0xbc,0xff,0xbc,0xff,0xbc,0xff,0xbc,0xff,0xbc,0xff,0xbc,0xff,0xbc,0xff,0xbc,0xff,0xbc,0xff,
    0xbc,0xff,0xbc,0xff,0xbc,0xff,0xbc,0xff,0xbc,0xff,0xbc,0xff,0xbc,0xff,0xbc,0xff,0xbc,0xff,0xbc,0xff,0xbc,0xff,0xbc,0xff,
    0xbc,0xff,0xbc,0xff,0xbc,0xff,0xbc,0xff,0xbc,0xff,0xbc,0xff,0xbc,0xff,0xbc,0xff,0xbc,0xff,0xbc,0xff,0xbc,0xff,0xbc,0xff,
    0xbc,0xff,0xbc,0xff,0xbc,0xff,0x9c,0xff,0x7b,0xef,0xd4,0xb5,0x4a,0x63,0x19,0xe7,0xd8,0xde,0x09,0x5b,0xd5,0xbd,0x9c,0xf7,
    0xbc,0xff,0xbc,0xff,0xbc,0xff,0xbc,0xff,0xbc,0xff,0xbc,0xff,0xbc,0xff,0xbc,0xff,0xbc,0xff,0xbc,0xff,0xbc,0xff,0xbc,0xff,
    0xbc,0xff,0xbc,0xff,0xbc,0xff,0xbc,0xff,0xbc,0xff,0xbc,0xff,0x56,0xce,0x93,0xb5,0xb4,0xb5,0xb4,0xb5,0xb4,0xb5,0xb4,0xb5,
    0xf5,0xbd,0x9b,0xf7,0xbb,0xff,0xbb,0xff,0xbc,0xff,0xbc,0xff,0xd4,0xb5,0x11,0xa5,0xf1,0x9c,0x52,0xa5,0x36,0xc6,0xb4,0xb5,
    0xd4,0xb5,0xd4,0xbd,0x97,0xd6,0xdc,0xff,0xbc,0xff,0xbc,0xff,0xbb,0xff,0xdc,0xff,0x6f,0x8c,0x77,0xce,0xb8,0xd6,0x8f,0x8c,
    0xf1,0x9c,0x52,0xad,0x73,0xad,0x9b,0xf7,0xbb,0xff,0xbc,0xff,0xbc,0xff,0xdc,0xff,0xbd,0xff,0xcc,0x73,0xf8,0xe6,0x56,0xce,
    0x6a,0x63,0xd8,0xde,0xf5,0xbd,0x0d,0x7c,0xf9,0xe6,0xbb,0xff,0xbb,0xff,0xbc,0xff,0xbc,0xff,0xdd,0xff,0x36,0xc6,0x32,0xa5,
    0x52,0xa5,0x31,0xa5,0x72,0xad,0x93,0xb5,0x93,0xb5,0x7b,0xf7,0xbc,0xff,0xbb,0xff,0xbb,0xff,0xbb,0xff,0xbb,0xff,0xbc,0xff,
    0xbc,0xff,0xbc,0xff,0xbc,0xff,0xbc,0xff,0xbc,0xff,0xbc,0xff,0xbc,0xff,0xbc,0xff,0xbc,0xff,0xbc,0xff,0xbc,0xff,0xbc,0xff,
    0xbc,0xff,0xbc,0xff,0xbc,0xff,0xbc,0xff,0xbc,0xff,0xbc,0xff,0xbc,0xff,0xbc,0xff,0xbc,0xff,0xbc,0xff,0xbc,0xff,0xbc,0xff,
    0xbc,0xff,0xbc,0xff,0xbc,0xff,0xbc,0xff,0xbc,0xff,0xbc,0xff,0xbc,0xff,0xbc,0xff,0xbc,0xff,0xbc,0xff,0xbc,0xff,0xbc,0xff,
    0xbc,0xff,0xbc,0xff,0xbc,0xff,0xbc,0xff,0xbc,0xff,0xbc,0xff,0xbc,0xff,0xbc,0xff,0xbc,0xff,0xbc,0xff,0xbc,0xff,0xbc,0xff,
    0xbb,0xff,0xbb,0xff,0xbb,0xff,0xbc,0xff,0x9b,0xf7,0x9b,0xf7,0x9b,0xf7,0x9b,0xf7,0x9b,0xf7,0x9b,0xf7,0x9b,0xff,0xf7,0xde,
    0xd2,0xb5,0xf2,0xb5,0x13,0xbe,0x54,0xc6,0x34,0xbe,0xd6,0xd6,0x4e,0x8c,0x87,0x4a,0x3a,0xe7,0xdc,0xff,0xbb,0xff,0xbc,0xff,
    0xbc,0xff,0xbc,0xff,0xdc,0xff,0x3a,0xe7,0x87,0x4a,0x4e,0x8c,0xfd,0xff,0x9b,0xf7,0xbc,0xff,0xbb,0xff,0xdc,0xff,0x2d,0x7c,
    0xc8,0x52,0x4e,0x84,0xbc,0xf7,0x93,0xad,0xc8,0x4a,0x29,0x5b,0x0c,0x74,0x74,0xc6,0x33,0xbe,0x33,0xbe,0x33,0xbe,0x33,0xbe,
    0x75,0xc6,0xbc,0xff,0xbc,0xff,0x9b,0xff,0xbb,0xff,0xbc,0xff,0xbc,0xff,0xbc,0xff,0xbc,0xff,0xbc,0xff,0xbc,0xff,0xbc,0xff,
    0xbc,0xff,0xbb,0xff,0xbc,0xff,0xbc,0xff,0xbc,0xff,0xbc,0xff,0xbc,0xff,0xbc,0xff,0xbc,0xff,0xbc,0xff,0xbc,0xff,0xbc,0xff,
    0xbc,0xff,0xbc,0xff,0xbc,0xff,0xbc,0xff,0xbc,0xff,0xbc,0xff,0xbc,0xff,0xbc,0xff,0xbc,0xff,0xbc,0xff,0xbc,0xff,0xbc,0xff,
    0xbc,0xff,0xbc,0xff,0xbc,0xff,0xbc,0xff,0xbc,0xff,0xbc,0xff,0xbc,0xff,0xbc,0xff,0xbc,0xff,0xbc,0xff,0xbc,0xff,0xbc,0xff,
    0xbb,0xff,0xbb,0xff,0xbc,0xff,0x9b,0xf7,0xec,0x7b,0x8b,0x6b,0x2a,0x5b,0xa7,0x4a,0xc8,0x52,0x09,0x5b,0x4a,0x63,0xf1,0x9c,
    0xfd,0xff,0x9b,0xf7,0xbb,0xff,0xbc,0xff,0xbc,0xff,0xbb,0xff,0xbc,0xff,0xbb,0xff,0xbc,0xff,0xbc,0xff,0xbb,0xff,0xbc,0xff,
    0xbb,0xff,0xbc,0xff,0xbc,0xff,0xbc,0xff,0x9b,0xf7,0xfc,0xff,0x8b,0x6b,0x46,0x42,0xac,0x6b,0x8b,0x6b,0x8b,0x6b,0xe9,0x52,
    0x67,0x42,0x39,0xef,0xbc,0xff,0xbb,0xff,0xbb,0xff,0xfd,0xff,0x2e,0x84,0xe9,0x52,0x6b,0x6b,0xa8,0x4a,0xed,0x7b,0x46,0x42,
    0xac,0x73,0xa7,0x4a,0x0d,0x7c,0xfd,0xff,0x9b,0xf7,0xbb,0xff,0x9b,0xff,0xfd,0xff,0x2a,0x63,0x36,0xc6,0x98,0xce,0x0d,0x7c,
    0x6a,0x63,0x63,0x21,0xec,0x7b,0xbc,0xff,0xbc,0xff,0xbc,0xff,0xbb,0xff,0xbc,0xff,0x97,0xd6,0xe8,0x52,0x52,0xa5,0x29,0x5b,
    0x05,0x32,0xab,0x6b,0x6a,0x63,0x05,0x32,0xcc,0x73,0xbb,0xff,0xbb,0xff,0xbc,0xff,0xbc,0xff,0xfd,0xff,0x53,0xad,0xac,0x6b,
    0xab,0x6b,0xcc,0x73,0x29,0x5b,0xa4,0x29,0x2a,0x63,0x7b,0xf7,0xbc,0xff,0xbb,0xff,0xbb,0xff,0xbb,0xff,0xbc,0xff,0xbc,0xff,
    0xbc,0xff,0xbc,0xff,0xbc,0xff,0xbc,0xff,0xbc,0xff,0xbc,0xff,0xbc,0xff,0xbc,0xff,0xbc,0xff,0xbc,0xff,0xbc,0xff,0xbc,0xff,
    0xbc,0xff,0xbc,0xff,0xbc,0xff,0xbc,0xff,0xbc,0xff,0xbc,0xff,0xbc,0xff,0xbc,0xff,0xbc,0xff,0xbc,0xff,0xbc,0xff,0xbc,0xff,
    0xbc,0xff,0xbc,0xff,0xbc,0xff,0xbc,0xff,0xbc,0xff,0xbc,0xff,0xbc,0xff,0xbc,0xff,0xbc,0xff,0xbc,0xff,0xbc,0xff,0xbc,0xff,
    0xbc,0xff,0xbc,0xff,0xbc,0xff,0xbc,0xff,0xbc,0xff,0xbc,0xff,0xbc,0xff,0xbc,0xff,0xbb,0xff,0xbb,0xff,0xbb,0xff,0xbc,0xff,
    0xdc,0xff,0xdc,0xff,0xbc,0xff,0xfd,0xff,0xb6,0xd6,0x33,0xbe,0x75,0xce,0x74,0xc6,0x75,0xc6,0x75,0xc6,0x54,0xc6,0x74,0xc6,
    0x74,0xc6,0x74,0xc6,0x74,0xc6,0x74,0xc6,0x54,0xc6,0xd6,0xd6,0x4e,0x84,0x87,0x4a,0x3a,0xef,0xdc,0xff,0xbb,0xff,0xbc,0xff,
    0xbc,0xff,0xbb,0xff,0xdc,0xff,0x3a,0xe7,0x87,0x4a,0x4e,0x8c,0xfd,0xff,0x9b,0xf7,0xbb,0xff,0xbb,0xff,0xdc,0xff,0x2d,0x7c,
    0xc8,0x52,0x6e,0x8c,0xfd,0xff,0xd8,0xde,0x93,0xad,0x8b,0x6b,0x09,0x5b,0x4d,0x84,0xd2,0xb5,0x74,0xc6,0x34,0xbe,0x34,0xbe,
    0x54,0xc6,0xb6,0xd6,0x39,0xe7,0xdc,0xff,0xbb,0xff,0xbb,0xff,0xbc,0xff,0xbc,0xff,0xbb,0xff,0xbb,0xff,0xbc,0xff,0xbc,0xff,
    0xbc,0xff,0xbc,0xff,0xbc,0xff,0xbc,0xff,0xbc,0xff,0xbc,0xff,0xbc,0xff,0xbc,0xff,0xbb,0xff,0xbb,0xff,0xbc,0xff,0xbb,0xff,
    0xbc,0xff,0xbc,0xff,0xbb,0xff,0xbb,0xff,0xbb,0xff,0xbc,0xff,0xbb,0xff,0xbc,0xff,0xbc,0xff,0xbb,0xff,0xbb,0xff,0xbc,0xff,
    0xbc,0xff,0xbc,0xff,0xbc,0xff,0xbc,0xff,0xbc,0xff,0xbb,0xff,0xbb,0xff,0xbb,0xff,0xbb,0xff,0xbb,0xff,0xbc,0xff,0xbc,0xff,
    0xbc,0xff,0xbb,0xff,0x9b,0xff,0xdc,0xff,0x56,0xce,0x2e,0x84,0xd0,0x94,0xc8,0x52,0x4a,0x63,0x6f,0x84,0x2e,0x84,0x1a,0xe7,
    0xdc,0xff,0xbb,0xff,0xbc,0xff,0xbc,0xff,0xbc,0xff,0xdc,0xff,0xdc,0xff,0xdc,0xff,0xdc,0xff,0xdc,0xff,0xdc,0xff,0xdc,0xff,
    0xdc,0xff,0xbc,0xff,0xbc,0xff,0xbc,0xff,0x9b,0xff,0xfd,0xff,0xcc,0x73,0xd0,0x94,0xfe,0xff,0xbd,0xff,0xfd,0xff,0x56,0xce,
    0x87,0x4a,0x39,0xef,0xdc,0xff,0xbb,0xff,0x9b,0xf7,0xfe,0xff,0xf6,0xbd,0x4a,0x63,0xcc,0x73,0x4e,0x84,0xd0,0x94,0x4e,0x84,
    0xff,0xff,0xd1,0x94,0x0d,0x7c,0xfd,0xff,0x9b,0xf7,0x9b,0xff,0xbc,0xff,0x11,0x9d,0xe8,0x52,0xac,0x73,0x9c,0xf7,0xf9,0xde,
    0x2a,0x63,0xb0,0x94,0xfe,0xff,0xfe,0xff,0xbc,0xff,0xbc,0xff,0xbb,0xff,0xbb,0xff,0xec,0x73,0x66,0x42,0xac,0x73,0xb7,0xd6,
    0x6f,0x8c,0x2e,0x84,0x6f,0x8c,0x12,0x9d,0x7a,0xf7,0x9b,0xff,0xbb,0xff,0xbc,0xff,0xbc,0xff,0x9b,0xff,0xdd,0xff,0xfe,0xff,
    0xfd,0xff,0xb8,0xd6,0xc8,0x52,0xec,0x7b,0x7a,0xef,0xbc,0xff,0xbc,0xff,0xbc,0xff,0xbb,0xff,0xbc,0xff,0xbc,0xff,0xbb,0xff,
    0xbb,0xff,0xbb,0xff,0xbb,0xff,0xbb,0xff,0xbb,0xff,0xbc,0xff,0xbb,0xff,0xbb,0xff,0xbb,0xff,0xbb,0xff,0xbb,0xff,0xbb,0xff,
    0xbb,0xff,0xbc,0xff,0xbb,0xff,0x9b,0xff,0xbb,0xff,0xbc,0xff,0x9b,0xff,0xbb,0xff,0x9b,0xff,0xbb,0xff,0xbb,0xff,0xbb,0xff,
    0xbb,0xff,0xbb,0xff,0xbb,0xff,0xbc,0xff,0xbc,0xff,0xbc,0xff,0xbc,0xff,0xbc,0xff,0xbc,0xff,0xbc,0xff,0xbc,0xff,0xbc,0xff,
    0xbc,0xff,0xbc,0xff,0xbb,0xff,0xbc,0xff,0xbc,0xff,0xbc,0xff,0xbc,0xff,0xbc,0xff,0xbc,0xff,0xbc,0xff,0xdc,0xff,0xbb,0xff,
    0xf7,0xde,0xd7,0xde,0xf7,0xde,0xf7,0xde,0x75,0xce,0x34,0xbe,0x54,0xc6,0x54,0xc6,0x54,0xc6,0x54,0xc6,0x54,0xc6,0x54,0xc6,
    0x54,0xc6,0x54,0xc6,0x54,0xc6,0x74,0xc6,0x54,0xc6,0xb5,0xce,0x2d,0x84,0x87,0x4a,0x3a,0xef,0xdc,0xff,0xbb,0xff,0xbc,0xff,
    0xbc,0xff,0xbb,0xff,0xdc,0xff,0x3a,0xe7,0x87,0x4a,0x6f,0x8c,0xfd,0xff,0x9b,0xf7,0xbb,0xff,0xbb,0xff,0xdc,0xff,0x2d,0x7c,
    0xc8,0x52,0x6e,0x8c,0xdc,0xff,0xbb,0xff,0xfc,0xff,0xf0,0x9c,0x6a,0x63,0x09,0x5b,0xef,0x94,0xd2,0xb5,0x34,0xbe,0x34,0xbe,
    0x34,0xbe,0x12,0xb6,0x96,0xce,0x7a,0xef,0x9b,0xf7,0xbb,0xff,0xbb,0xff,0xbb,0xff,0xbb,0xff,0xbb,0xff,0xbb,0xff,0xbc,0xff,
    0xbc,0xff,0xbc,0xff,0xbc,0xff,0xbc,0xff,0xbc,0xff,0xbc,0xff,0xbc,0xff,0xbc,0xff,0xdc,0xff,0xdc,0xff,0xdc,0xff,0xdd,0xff,
    0xdd,0xff,0xdc,0xff,0xdd,0xff,0xdc,0xff,0xdd,0xff,0xdd,0xff,0xdd,0xff,0xdd,0xff,0xdd,0xff,0xdd,0xff,0xdd,0xff,0xdd,0xff,
    0xdd,0xff,0xdd,0xff,0xdd,0xff,0xdd,0xff,0xdd,0xff,0xdc,0xff,0xdc,0xff,0xdc,0xff,0xdc,0xff,0xdd,0xff,0xbc,0xff,0xbb,0xff,
    0xbb,0xff,0xbb,0xff,0xbb,0xff,0xbc,0xff,0x15,0xc6,0x6f,0x84,0xed,0x7b,0x08,0x53,0xd1,0x94,0x90,0x8c,0x8f,0x8c,0x97,0xd6,
    0xbb,0xff,0xbc,0xff,0xbc,0xff,0xbc,0xff,0x7b,0xf7,0x19,0xe7,0x19,0xe7,0x19,0xe7,0x19,0xe7,0x19,0xe7,0x19,0xe7,0x19,0xe7,
    0x19,0xe7,0x9b,0xf7,0xbc,0xff,0xbc,0xff,0x9b,0xff,0xfd,0xff,0xec,0x73,0xf1,0x9c,0xff,0xff,0xfd,0xff,0xfe,0xff,0x97,0xd6,
    0xa8,0x4a,0x39,0xef,0xdc,0xff,0xbc,0xff,0x9b,0xf7,0xfd,0xff,0xd4,0xb5,0xe9,0x52,0x6b,0x6b,0x2e,0x84,0xf0,0x9c,0x8f,0x8c,
    0xff,0xff,0xd0,0x94,0xed,0x7b,0xfd,0xff,0x9b,0xf7,0x9b,0xff,0xbb,0xff,0x32,0xa5,0xc8,0x52,0x2e,0x84,0xd0,0x94,0x46,0x42,
    0xa8,0x4a,0x8f,0x8c,0x4e,0x84,0x12,0xa5,0xbc,0xff,0xbb,0xff,0xbb,0xff,0xbb,0xff,0x7b,0xf7,0x29,0x5b,0xb8,0xd6,0xfe,0xff,
    0x8f,0x8c,0x2a,0x63,0xab,0x73,0xf5,0xbd,0xfd,0xff,0xbc,0xff,0xbc,0xff,0xbc,0xff,0x9b,0xff,0xdc,0xff,0xfc,0xff,0xfd,0xff,
    0xfd,0xff,0xe9,0x52,0x8f,0x8c,0xfd,0xff,0xfc,0xff,0xfd,0xff,0xbc,0xff,0xbb,0xff,0xbb,0xff,0xbc,0xff,0xbc,0xff,0xdc,0xff,
    0xdc,0xff,0xdc,0xff,0xdc,0xff,0xdc,0xff,0xdc,0xff,0xdc,0xff,0xdc,0xff,0xdd,0xff,0xdd,0xff,0xdd,0xff,0xdd,0xff,0xdc,0xff,
    0xdd,0xff,0xdd,0xff,0xdd,0xff,0xdc,0xff,0xdd,0xff,0xdd,0xff,0xdc,0xff,0xdc,0xff,0xdc,0xff,0xdc,0xff,0xdc,0xff,0xdc,0xff,
    0xdd,0xff,0xdc,0xff,0xdc,0xff,0xdd,0xff,0xbc,0xff,0xbc,0xff,0xbc,0xff,0xbc,0xff,0xbc,0xff,0xbc,0xff,0xbc,0xff,0xbb,0xff,
    0xbc,0xff,0xbc,0xff,0xbb,0xff,0xbc,0xff,0xbc,0xff,0xbc,0xff,0xbc,0xff,0x9b,0xf7,0x5a,0xef,0x5a,0xef,0x7a,0xef,0x39,0xef,
    0x54,0xc6,0x34,0xbe,0x54,0xc6,0x34,0xbe,0x54,0xc6,0x54,0xc6,0x54,0xc6,0x54,0xc6,0x54,0xc6,0x54,0xc6,0x54,0xc6,0x54,0xc6,
    0x54,0xc6,0x54,0xc6,0x54,0xc6,0x74,0xc6,0x54,0xc6,0xb5,0xce,0x0c,0x7c,0x87,0x4a,0x3a,0xe7,0xdc,0xff,0xbb,0xff,0xbc,0xff,
    0xbc,0xff,0x9b,0xff,0xdc,0xff,0x3a,0xe7,0x87,0x4a,0x6f,0x8c,0xfd,0xff,0x9b,0xf7,0xbb,0xff,0xbc,0xff,0xdc,0xff,0x2d,0x84,
    0xc8,0x52,0x6e,0x84,0xdc,0xff,0x9b,0xf7,0x9a,0xf7,0xdc,0xff,0xb8,0xde,0x29,0x5b,0x4a,0x5b,0x8a,0x63,0xf3,0xb5,0x34,0xbe,
    0x13,0xbe,0x34,0xbe,0x33,0xbe,0x33,0xbe,0x7a,0xf7,0xbc,0xff,0x9b,0xf7,0xbb,0xff,0xbc,0xff,0xbb,0xff,0xbb,0xff,0xbb,0xff,
    0xbc,0xff,0xbc,0xff,0xbc,0xff,0xbc,0xff,0xbc,0xff,0xbc,0xff,0xbc,0xff,0x5a,0xef,0x55,0xc6,0x55,0xc6,0x55,0xc6,0x55,0xc6,
    0x55,0xc6,0x55,0xc6,0x55,0xc6,0x34,0xc6,0x34,0xc6,0x35,0xc6,0x35,0xc6,0x55,0xc6,0x55,0xc6,0x55,0xc6,0x55,0xc6,0x55,0xc6,
    0x55,0xc6,0x55,0xc6,0x55,0xc6,0x55,0xc6,0x55,0xc6,0x55,0xc6,0x55,0xc6,0x55,0xc6,0x55,0xce,0x55,0xc6,0x7a,0xef,0xbc,0xff,
    0xbb,0xff,0x9b,0xff,0xdc,0xff,0xd9,0xde,0xcc,0x73,0x8b,0x6b,0xc8,0x52,0x4a,0x63,0xac,0x6b,0x29,0x5b,0xac,0x6b,0xcc,0x73,
    0x5a,0xef,0xbc,0xff,0x9b,0xf7,0xfd,0xff,0x15,0xc6,0x46,0x42,0x87,0x4a,0x87,0x4a,0x87,0x4a,0xa7,0x4a,0xc8,0x4a,0xa8,0x4a,
    0x09,0x5b,0x3a,0xef,0xdc,0xff,0xbb,0xff,0x9c,0xff,0xfe,0xff,0xcc,0x73,0xa8,0x4a,0x0d,0x7c,0xcc,0x73,0xcc,0x73,0x6b,0x63,
    0x87,0x42,0x3a,0xef,0xdc,0xff,0xbb,0xff,0x9b,0xf7,0xfd,0xff,0x93,0xb5,0xe9,0x52,0xab,0x6b,0x6e,0x84,0xf1,0x9c,0x87,0x42,
    0xed,0x7b,0x67,0x42,0xcc,0x73,0xfc,0xff,0x9b,0xf7,0xbb,0xff,0x9b,0xff,0xfe,0xff,0x6b,0x6b,0x35,0xc6,0xd9,0xde,0x8b,0x6b,
    0xcc,0x73,0x4a,0x63,0x2a,0x5b,0x4a,0x63,0xdc,0xff,0xbb,0xff,0xbb,0xff,0xdc,0xff,0xb8,0xd6,0xe8,0x52,0xac,0x6b,0xac,0x6b,
    0xc4,0x29,0x2e,0x7c,0xab,0x6b,0x25,0x3a,0x2e,0x84,0x9b,0xf7,0xbc,0xff,0x9b,0xf7,0xdc,0xff,0xd0,0x9c,0x4a,0x63,0x8b,0x6b,
    0xab,0x6b,0xe8,0x52,0x6b,0x6b,0x6b,0x6b,0x4a,0x63,0x2e,0x84,0x9b,0xf7,0xbb,0xff,0xbb,0xff,0xbb,0xff,0xdc,0xff,0xd7,0xde,
    0x34,0xc6,0x55,0xc6,0x55,0xc6,0x55,0xc6,0x55,0xc6,0x55,0xc6,0x55,0xc6,0x55,0xc6,0x35,0xc6,0x35,0xc6,0x35,0xc6,0x35,0xc6,
    0x35,0xc6,0x55,0xc6,0x55,0xc6,0x55,0xc6,0x55,0xc6,0x55,0xc6,0x55,0xc6,0x55,0xc6,0x55,0xc6,0x55,0xc6,0x55,0xc6,0x55,0xc6,
    0x55,0xc6,0x55,0xc6,0x55,0xc6,0x35,0xc6,0x5a,0xef,0xbc,0xff,0xbc,0xff,0xbc,0xff,0xbc,0xff,0xbc,0xff,0xbc,0xff,0xbc,0xff,
    0xbc,0xff,0xbc,0xff,0xbb,0xff,0xbb,0xff,0xbb,0xff,0xbc,0xff,0xdc,0xff,0x18,0xe7,0x13,0xbe,0x54,0xc6,0x54,0xc6,0x54,0xbe,
    0x54,0xc6,0x54,0xc6,0x54,0xc6,0x54,0xc6,0x54,0xc6,0x54,0xc6,0x54,0xc6,0x54,0xc6,0x54,0xc6,0x54,0xc6,0x54,0xc6,0x54,0xc6,
    0x74,0xc6,0x74,0xc6,0x54,0xc6,0x54,0xc6,0x54,0xc6,0xb5,0xce,0x0c,0x7c,0x87,0x4a,0x39,0xe7,0xdc,0xff,0xbb,0xff,0xbc,0xff,
    0xbc,0xff,0x9b,0xff,0xdc,0xff,0x3a,0xe7,0x87,0x4a,0x6f,0x8c,0xfd,0xff,0x9b,0xf7,0xbb,0xff,0xbc,0xff,0xdc,0xff,0x2d,0x7c,
    0xc8,0x52,0x4e,0x84,0xdc,0xff,0x9b,0xff,0xbb,0xff,0xbc,0xff,0x7b,0xf7,0x97,0xd6,0xec,0x73,0xc8,0x4a,0x8b,0x6b,0x51,0xa5,
    0x95,0xce,0x33,0xbe,0x34,0xbe,0x34,0xbe,0x75,0xc6,0xf7,0xde,0xdc,0xff,0xbc,0xff,0xbb,0xff,0xbc,0xff,0xbc,0xff,0xbc,0xff,
    0xbb,0xff,0xbb,0xff,0xbc,0xff,0xbc,0xff,0xbc,0xff,0xbb,0xff,0xdc,0xff,0x19,0xe7,0x2f,0x9d,0x2f,0x9d,0x2f,0x9d,0x2f,0x9d,
    0x0f,0x9d,0x0f,0x9d,0x0f,0x9d,0x0f,0x9d,0x0f,0x9d,0x0f,0x9d,0x0f,0x9d,0x2f,0x9d,0x2f,0x9d,0x2f,0x9d,0x2f,0x9d,0x0f,0x9d,
    0x2f,0x9d,0x2f,0x9d,0x2f,0x9d,0x2f,0x9d,0x2f,0x9d,0x2f,0x9d,0x30,0x9d,0x50,0x9d,0x4f,0x9d,0x2f,0x9d,0x39,0xe7,0xdc,0xff,
    0xbb,0xff,0xbb,0xff,0xbc,0xff,0x5b,0xef,0x73,0xad,0x46,0x42,0x09,0x5b,0x5a,0xef,0xf8,0xe6,0xa8,0x4a,0xe9,0x52,0xb4,0xb5,
    0x7a,0xef,0xbc,0xff,0xbc,0xff,0xbc,0xff,0x5a,0xef,0x97,0xd6,0xb8,0xd6,0xb8,0xd6,0xb8,0xd6,0xd8,0xde,0xd8,0xde,0xb8,0xde,
    0xd9,0xde,0x9b,0xf7,0xbb,0xff,0xbb,0xff,0xbc,0xff,0xdc,0xff,0xf4,0xbd,0x31,0xa5,0x11,0xa5,0xd0,0x94,0xd0,0x94,0x11,0x9d,
    0x73,0xad,0x7b,0xf7,0xbc,0xff,0xbb,0xff,0x9b,0xf7,0xfc,0xff,0x93,0xb5,0x0a,0x5b,0xed,0x73,0x4e,0x84,0xd8,0xde,0xf0,0x9c,
    0x11,0xa5,0x31,0xa5,0x15,0xc6,0xbc,0xff,0xbc,0xff,0xbc,0xff,0xbc,0xff,0xfe,0xff,0xac,0x73,0x6f,0x8c,0x7a,0xef,0x6a,0x6b,
    0x52,0xa5,0x2d,0x84,0xf1,0x9c,0x8b,0x6b,0xdc,0xff,0x9b,0xff,0xbc,0xff,0xbc,0xff,0x6b,0x63,0x26,0x3a,0x11,0x9d,0x73,0xad,
    0x32,0xa5,0x2e,0x7c,0x6f,0x8c,0x93,0xb5,0xb4,0xb5,0x9b,0xff,0xbc,0xff,0xbb,0xff,0xdc,0xff,0xf5,0xbd,0x11,0x9d,0x11,0xa5,
    0x11,0x9d,0xe8,0x52,0x6e,0x84,0x32,0xa5,0x11,0x9d,0x93,0xb5,0x9b,0xff,0xbb,0xff,0xbb,0xff,0x9b,0xff,0xdc,0xff,0x14,0xbe,
    0x0f,0x95,0x2f,0x9d,0x2f,0x9d,0x2f,0x9d,0x2f,0x9d,0x0f,0x9d,0x0f,0x9d,0x0f,0x9d,0x0f,0x9d,0x0f,0x95,0x0f,0x9d,0x0f,0x9d,
    0x0f,0x9d,0x0f,0x9d,0x2f,0x9d,0x2f,0x9d,0x2f,0x9d,0x2f,0x9d,0x2f,0x9d,0x2f,0x9d,0x2f,0x9d,0x2f,0x9d,0x2f,0x9d,0x2f,0x9d,
    0x2f,0x9d,0x2f,0x9d,0x2f,0x9d,0x0f,0x9d,0x39,0xe7,0xdc,0xff,0xbb,0xff,0xbc,0xff,0xbb,0xff,0xbc,0xff,0xbc,0xff,0xbc,0xff,
    0xbb,0xff,0xbc,0xff,0xdc,0xff,0xbc,0xff,0xdc,0xff,0xf8,0xde,0x75,0xce,0x74,0xc6,0x33,0xbe,0x54,0xc6,0x54,0xc6,0x54,0xc6,
    0x54,0xc6,0x54,0xc6,0x54,0xc6,0x54,0xc6,0x54,0xc6,0x54,0xc6,0x54,0xc6,0x54,0xc6,0x54,0xc6,0x54,0xc6,0x54,0xc6,0x54,0xc6,
    0x74,0xc6,0x74,0xc6,0x54,0xc6,0x54,0xc6,0x54,0xc6,0xb5,0xce,0x0c,0x7c,0x87,0x4a,0x19,0xe7,0xdc,0xff,0xbb,0xff,0xbc,0xff,
    0xbc,0xff,0xbb,0xff,0xdc,0xff,0x1a,0xe7,0x87,0x4a,0x6f,0x8c,0xfd,0xff,0x9b,0xf7,0xbc,0xff,0xbb,0xff,0xdc,0xff,0x0d,0x7c,
    0xa7,0x4a,0x2d,0x84,0xdc,0xff,0xbb,0xff,0xbc,0xff,0xbc,0xff,0xbb,0xff,0xfd,0xff,0xb4,0xb5,0x2d,0x7c,0xe9,0x52,0x2d,0x7c,
    0x50,0xa5,0x34,0xbe,0x54,0xc6,0x34,0xbe,0x13,0xbe,0x54,0xc6,0x18,0xe7,0x7b,0xf7,0xbc,0xff,0xbb,0xff,0xbb,0xff,0xbb,0xff,
    0xbc,0xff,0xbc,0xff,0xbc,0xff,0xbb,0xff,0xbc,0xff,0xbc,0xff,0xbc,0xff,0x9b,0xf7,0x5a,0xef,0x5a,0xef,0x5a,0xef,0x5a,0xef,
    0x7a,0xf7,0x7a,0xf7,0x7a,0xf7,0x5a,0xf7,0x5a,0xef,0x5a,0xef,0x5a,0xef,0x7a,0xef,0x7a,0xf7,0x7a,0xef,0x7a,0xf7,0x7a,0xf7,
    0x7a,0xf7,0x7a,0xf7,0x7a,0xf7,0x7a,0xf7,0x7a,0xf7,0x5a,0xef,0x7a,0xf7,0x7a,0xf7,0x7a,0xf7,0x5a,0xf7,0x9b,0xf7,0xbc,0xff,
    0xbb,0xff,0x9b,0xf7,0xfd,0xff,0x15,0xbe,0x29,0x5b,0xb0,0x94,0x09,0x5b,0x7b,0xf7,0xf9,0xe6,0xe8,0x52,0xd0,0x94,0x2a,0x63,
    0xd8,0xde,0xdc,0xff,0xbc,0xff,0xbc,0xff,0xbc,0xff,0xfc,0xff,0xfc,0xff,0xdc,0xff,0xdc,0xff,0xdc,0xff,0xdc,0xff,0xdc,0xff,
    0xdc,0xff,0xbc,0xff,0xbb,0xff,0xbb,0xff,0xbc,0xff,0xbc,0xff,0xfe,0xff,0x73,0xad,0x11,0xa5,0xff,0xff,0x97,0xd6,0xed,0x7b,
    0xdd,0xff,0xfd,0xff,0x9c,0xff,0xbb,0xff,0x9b,0xf7,0xfc,0xff,0xf0,0x9c,0x4a,0x5b,0x8f,0x8c,0xc8,0x52,0xd8,0xde,0x4e,0x84,
    0xb7,0xde,0x4e,0x84,0x7a,0xf7,0xbb,0xff,0xbb,0xff,0xbc,0xff,0xdd,0xff,0xb4,0xb5,0x66,0x42,0xc8,0x52,0x29,0x5b,0x0d,0x7c,
    0xf1,0x9c,0xaf,0x94,0x52,0xa5,0xac,0x6b,0xfc,0xff,0x9b,0xff,0xbb,0xff,0xdc,0xff,0xf9,0xe6,0xe8,0x52,0x3a,0xef,0x15,0xc6,
    0x09,0x5b,0x0d,0x7c,0x0d,0x7c,0x09,0x5b,0xf9,0xde,0xfc,0xff,0x9b,0xf7,0xbc,0xff,0x9b,0xff,0xfd,0xff,0xfd,0xff,0xfc,0xff,
    0xfc,0xff,0x09,0x5b,0x77,0xce,0xff,0xff,0xfd,0xff,0xfd,0xff,0xbb,0xff,0xbc,0xff,0xbc,0xff,0xbb,0xff,0xbc,0xff,0x7b,0xf7,
    0x5a,0xef,0x7a,0xf7,0x7a,0xef,0x7a,0xef,0x7a,0xf7,0x7a,0xf7,0x7a,0xf7,0x7a,0xef,0x7a,0xef,0x7a,0xef,0x7a,0xf7,0x5a,0xef,
    0x7a,0xf7,0x7a,0xf7,0x7a,0xf7,0x5a,0xef,0x7a,0xef,0x7a,0xf7,0x7a,0xef,0x7a,0xef,0x7a,0xf7,0x7a,0xf7,0x5a,0xf7,0x7a,0xef,
    0x7a,0xf7,0x7a,0xef,0x7a,0xf7,0x7a,0xef,0x9b,0xf7,0xbc,0xff,0xbb,0xff,0xbb,0xff,0xbc,0xff,0xbc,0xff,0xbc,0xff,0xbc,0xff,
    0xbc,0xff,0x9b,0xf7,0x18,0xe7,0x39,0xe7,0x39,0xe7,0x95,0xce,0x13,0xbe,0x33,0xbe,0x34,0xc6,0x54,0xc6,0x54,0xc6,0x54,0xc6,
    0x54,0xc6,0x54,0xc6,0x54,0xc6,0x54,0xc6,0x54,0xc6,0x54,0xc6,0x54,0xc6,0x54,0xc6,0x54,0xc6,0x54,0xc6,0x74,0xc6,0x74,0xc6,
    0x54,0xc6,0x74,0xc6,0x54,0xc6,0x54,0xc6,0x54,0xc6,0x95,0xce,0x0c,0x7c,0x87,0x4a,0x3a,0xe7,0xdc,0xff,0xbb,0xff,0xbc,0xff,
    0xbc,0xff,0xbb,0xff,0xdc,0xff,0x1a,0xe7,0x87,0x4a,0x6f,0x8c,0xfd,0xff,0x9b,0xf7,0xbc,0xff,0xbc,0xff,0xdc,0xff,0x0d,0x7c,
    0xa7,0x4a,0x2d,0x84,0xdc,0xff,0xbb,0xff,0xbc,0xff,0xbc,0xff,0xbb,0xff,0x9b,0xf7,0xfd,0xff,0x3a,0xef,0xab,0x6b,0x4a,0x5b,
    0x29,0x5b,0xd2,0xb5,0x33,0xbe,0x33,0xbe,0x33,0xbe,0x33,0xbe,0xf2,0xb5,0x18,0xe7,0xbb,0xff,0xbb,0xff,0xbb,0xff,0xbc,0xff,
    0xbb,0xff,0xbb,0xff,0xbc,0xff,0xbb,0xff,0xbb,0xff,0xbc,0xff,0xbc,0xff,0xbc,0xff,0xbc,0xff,0xbc,0xff,0xbc,0xff,0xbc,0xff,
    0xbc,0xff,0xbc,0xff,0xbc,0xff,0xbc,0xff,0xbc,0xff,0xbc,0xff,0xbc,0xff,0xbc,0xff,0xbc,0xff,0xbc,0xff,0xbc,0xff,0xdc,0xff,
    0xbc,0xff,0xbc,0xff,0xdc,0xff,0xbc,0xff,0xbc,0xff,0xbc,0xff,0xbc,0xff,0xbc,0xff,0xbc,0xff,0xbc,0xff,0xbc,0xff,0xbc,0xff,
    0xbc,0xff,0xbc,0xff,0xbc,0xff,0x9b,0xf7,0x9b,0xf7,0xf1,0x9c,0x29,0x5b,0xdd,0xff,0xf9,0xde,0xc8,0x52,0x5a,0xef,0xbb,0xff,
    0xbb,0xff,0xbb,0xff,0xbc,0xff,0xbc,0xff,0xbc,0xff,0x9b,0xff,0x9b,0xff,0x9b,0xf7,0x9b,0xf7,0x9b,0xff,0x9b,0xf7,0x9b,0xff,
    0x9b,0xff,0xbc,0xff,0xbb,0xff,0xbb,0xff,0xbb,0xff,0xbc,0xff,0xf1,0x9c,0x05,0x3a,0x36,0xc6,0xbc,0xff,0x5a,0xef,0x8b,0x6b,
    0x6a,0x63,0x7b,0xef,0xdc,0xff,0xbb,0xff,0xbb,0xff,0xbc,0xff,0x0d,0x7c,0x8b,0x6b,0x4a,0x63,0x8b,0x6b,0x2e,0x84,0xe8,0x52,
    0x9c,0xf7,0x4b,0x63,0x6f,0x8c,0xfc,0xff,0x9b,0xf7,0xbc,0xff,0xdd,0xff,0x2d,0x7c,0xf1,0x9c,0x37,0xc6,0x6a,0x63,0x15,0xbe,
    0xc8,0x52,0x98,0xd6,0x6f,0x8c,0x0d,0x7c,0xfe,0xff,0x9b,0xff,0xbc,0xff,0xbb,0xff,0x19,0xe7,0xc8,0x4a,0xf8,0xe6,0x52,0xa5,
    0x4a,0x63,0x77,0xce,0x15,0xc6,0xa8,0x4a,0x56,0xce,0xfd,0xff,0x9b,0xff,0xbb,0xff,0xbc,0xff,0x9c,0xff,0x9b,0xf7,0x59,0xef,
    0xd8,0xde,0xa8,0x4a,0xf5,0xbd,0xfd,0xff,0x9b,0xf7,0x9b,0xf7,0xbb,0xff,0xbc,0xff,0xbc,0xff,0xbc,0xff,0xbb,0xff,0xbc,0xff,
    0xbc,0xff,0xbc,0xff,0xbc,0xff,0xbc,0xff,0xbc,0xff,0xbc,0xff,0xbc,0xff,0xbc,0xff,0xbc,0xff,0xbc,0xff,0xbc,0xff,0xbc,0xff,
    0xbc,0xff,0xbc,0xff,0xbc,0xff,0xbc,0xff,0xbc,0xff,0xbc,0xff,0xbc,0xff,0xbc,0xff,0xbc,0xff,0xbc,0xff,0xbc,0xff,0xbc,0xff,
    0xbc,0xff,0xbc,0xff,0xbc,0xff,0xbc,0xff,0xbc,0xff,0xbc,0xff,0xbc,0xff,0xbb,0xff,0xbb,0xff,0xbb,0xff,0xbb,0xff,0x9b,0xf7,
    0xbc,0xff,0x38,0xe7,0x13,0xbe,0x33,0xbe,0x13,0xbe,0x33,0xbe,0x34,0xbe,0x34,0xbe,0x34,0xc6,0x54,0xc6,0x54,0xc6,0x54,0xc6,
    0x54,0xc6,0x54,0xc6,0x54,0xc6,0x54,0xc6,0x54,0xc6,0x54,0xc6,0x54,0xc6,0x54,0xc6,0x54,0xc6,0x54,0xc6,0x54,0xc6,0x54,0xc6,
    0x54,0xc6,0x74,0xc6,0x54,0xc6,0x54,0xc6,0x33,0xbe,0x95,0xce,0xec,0x7b,0xa8,0x4a,0x3a,0xe7,0xdc,0xff,0xbc,0xff,0xbc,0xff,
    0xbc,0xff,0xbb,0xff,0xdc,0xff,0x1a,0xe7,0x67,0x4a,0x6f,0x8c,0xfd,0xff,0x9b,0xf7,0xbc,0xff,0x9b,0xff,0xbc,0xff,0x2d,0x7c,
    0xc8,0x52,0x2d,0x7c,0xbb,0xff,0x9b,0xf7,0xbc,0xff,0xbc,0xff,0xbb,0xff,0xbb,0xff,0x9b,0xff,0x9b,0xf7,0x7b,0xf7,0x4e,0x84,
    0xc8,0x4a,0x4a,0x63,0xae,0x8c,0x74,0xc6,0x13,0xbe,0x33,0xbe,0x54,0xbe,0x34,0xbe,0x75,0xce,0xbc,0xff,0xbc,0xff,0xbb,0xff,
    0xbb,0xff,0xbb,0xff,0xbb,0xff,0xbb,0xff,0xbb,0xff,0xbc,0xff,0xbc,0xff,0xbc,0xff,0xbb,0xff,0xbb,0xff,0xbb,0xff,0xbb,0xff,
    0xbb,0xff,0xbb,0xff,0xbb,0xff,0xbb,0xff,0xbb,0xff,0xbb,0xff,0xbb,0xff,0xbb,0xff,0xbc,0xff,0xbc,0xff,0xbc,0xff,0xbc,0xff,
    0xbc,0xff,0xbc,0xff,0xbc,0xff,0xbc,0xff,0xbb,0xff,0xbb,0xff,0xbb,0xff,0xbb,0xff,0xbb,0xff,0xbb,0xff,0xbc,0xff,0xbc,0xff,
    0xbc,0xff,0xbc,0xff,0x9b,0xf7,0xfd,0xff,0x52,0xa5,0x26,0x3a,0x15,0xbe,0xfe,0xff,0xd9,0xde,0xa8,0x4a,0xf8,0xe6,0xdc,0xff,
    0xbb,0xff,0xbb,0xff,0xbc,0xff,0xbc,0xff,0xbc,0xff,0xbc,0xff,0xbc,0xff,0xbc,0xff,0xbc,0xff,0xbc,0xff,0xbc,0xff,0xbc,0xff,
    0xbc,0xff,0xbc,0xff,0xbc,0xff,0x9b,0xf7,0xfd,0xff,0xf5,0xbd,0x46,0x3a,0xf5,0xc5,0xfd,0xff,0x9b,0xf7,0xdc,0xff,0x9c,0xf7,
    0x6b,0x63,0x6f,0x8c,0xfd,0xff,0x9b,0xff,0xbb,0xff,0xbc,0xff,0x9c,0xf7,0xff,0xff,0xb4,0xb5,0x4a,0x63,0x2a,0x5b,0xf4,0xbd,
    0xff,0xff,0x36,0xc6,0x87,0x4a,0x3a,0xef,0xdc,0xff,0xbc,0xff,0xbc,0xff,0xdc,0xff,0xfd,0xff,0xbc,0xff,0x19,0xe7,0x0a,0x5b,
    0xd0,0x94,0xd0,0x94,0x46,0x42,0xb4,0xb5,0xfd,0xff,0x9b,0xf7,0xbb,0xff,0xfc,0xff,0x2e,0x84,0x46,0x42,0x5a,0xef,0x52,0xa5,
    0x46,0x42,0x8b,0x6b,0x4a,0x63,0x46,0x3a,0x77,0xce,0xfd,0xff,0x9b,0xff,0xbb,0xff,0xbc,0xff,0x9b,0xf7,0xfd,0xff,0xd4,0xb5,
    0x67,0x42,0x87,0x4a,0x97,0xd6,0xfd,0xff,0x9b,0xff,0xbb,0xff,0xbc,0xff,0xbc,0xff,0xbc,0xff,0xbb,0xff,0xbc,0xff,0xbb,0xff,
    0xbb,0xff,0xbb,0xff,0xbb,0xff,0xbb,0xff,0xbb,0xff,0xbb,0xff,0xbb,0xff,0xbb,0xff,0xbb,0xff,0xbb,0xff,0xbb,0xff,0xbb,0xff,
    0xbc,0xff,0xbc,0xff,0xbc,0xff,0xbb,0xff,0xbb,0xff,0xbb,0xff,0xbb,0xff,0xbb,0xff,0xbb,0xff,0xbc,0xff,0xbb,0xff,0xbb,0xff,
    0xbb,0xff,0x9b,0xff,0x9b,0xff,0xbb,0xff,0xbc,0xff,0xbb,0xff,0xbb,0xff,0x9b,0xff,0xbb,0xff,0xbc,0xff,0xdc,0xff,0xd7,0xd6,
    0x34,0xbe,0x54,0xc6,0x34,0xc6,0x54,0xc6,0x34,0xbe,0x33,0xbe,0x34,0xbe,0x34,0xbe,0x54,0xc6,0x54,0xc6,0x54,0xc6,0x54,0xbe,
    0x34,0xbe,0x54,0xc6,0x54,0xc6,0x54,0xc6,0x54,0xc6,0x54,0xc6,0x54,0xc6,0x54,0xc6,0x54,0xc6,0x74,0xc6,0x75,0xce,0x95,0xce,
    0xb2,0xad,0x10,0x9d,0x30,0x9d,0x0f,0x9d,0xef,0x94,0x0f,0x95,0x6a,0x63,0xc8,0x52,0x3a,0xef,0xdc,0xff,0xbb,0xff,0xbc,0xff,
    0xbc,0xff,0xbb,0xff,0xdc,0xff,0x1a,0xe7,0x67,0x4a,0x6f,0x8c,0xfd,0xff,0x9b,0xff,0xbb,0xff,0xdc,0xff,0xfd,0xff,0x4e,0x84,
    0xc8,0x52,0x0d,0x7c,0xfd,0xff,0xfc,0xff,0xbb,0xff,0xbb,0xff,0xbb,0xff,0xbc,0xff,0xbb,0xff,0xbb,0xff,0xdc,0xff,0x97,0xd6,
    0x52,0xa5,0x09,0x53,0x4a,0x5b,0x0c,0x7c,0x13,0xbe,0x75,0xc6,0x34,0xbe,0x33,0xbe,0x54,0xc6,0x95,0xce,0x39,0xe7,0xdc,0xff,
    0xbc,0xff,0x9b,0xff,0xbb,0xff,0xbb,0xff,0xbc,0xff,0xbb,0xff,0xbb,0xff,0xbc,0xff,0xbc,0xff,0xbc,0xff,0xbb,0xff,0xbc,0xff,
    0xbc,0xff,0xbc,0xff,0xbc,0xff,0xbc,0xff,0xbc,0xff,0xbc,0xff,0xbc,0xff,0xbc,0xff,0xbc,0xff,0xbc,0xff,0xbc,0xff,0xbc,0xff,
    0xbc,0xff,0xbc,0xff,0xbc,0xff,0xbc,0xff,0xbc,0xff,0xbc,0xff,0xbc,0xff,0xbc,0xff,0xbc,0xff,0xbc,0xff,0xbb,0xff,0xbc,0xff,
    0xbc,0xff,0xbc,0xff,0xbc,0xff,0xbc,0xff,0x1a,0xe7,0x19,0xe7,0xdc,0xff,0xbb,0xff,0x9b,0xf7,0xb7,0xd6,0x9b,0xf7,0xbc,0xff,
    0xbc,0xff,0xbc,0xff,0xbc,0xff,0xbc,0xff,0xbc,0xff,0xbc,0xff,0xbc,0xff,0xbc,0xff,0xbc,0xff,0xbc,0xff,0xbc,0xff,0xbc,0xff,
    0xbc,0xff,0xbc,0xff,0xbc,0xff,0xbc,0xff,0xbc,0xff,0x7b,0xf7,0x19,0xe7,0xdc,0xff,0x9b,0xf7,0xbc,0xff,0x9b,0xf7,0xdc,0xff,
    0x7a,0xf7,0x39,0xef,0xbb,0xff,0xbb,0xff,0xbb,0xff,0xbc,0xff,0xbc,0xff,0xdd,0xff,0x3a,0xef,0xb7,0xde,0x18,0xe7,0x9b,0xff,
    0xbc,0xff,0x9b,0xf7,0xf9,0xe6,0xbb,0xff,0xbc,0xff,0xbc,0xff,0xbc,0xff,0xbc,0xff,0x9b,0xf7,0xbc,0xff,0xdc,0xff,0xb7,0xde,
    0xbb,0xff,0x19,0xe7,0xf9,0xde,0xdd,0xff,0xbc,0xff,0xbc,0xff,0xbb,0xff,0xbb,0xff,0xf8,0xe6,0xf8,0xde,0xdd,0xff,0x19,0xe7,
    0xd8,0xde,0xbc,0xff,0x9b,0xf7,0xb7,0xd6,0x7b,0xf7,0xbc,0xff,0xbb,0xff,0xbc,0xff,0xbc,0xff,0xbc,0xff,0xbc,0xff,0x7b,0xf7,
    0xb7,0xd6,0xf9,0xe6,0xbc,0xff,0xbb,0xff,0xbc,0xff,0xbc,0xff,0xbc,0xff,0xbc,0xff,0xbc,0xff,0xbb,0xff,0xbb,0xff,0xbc,0xff,
    0xbb,0xff,0xbc,0xff,0xbb,0xff,0xbb,0xff,0xbc,0xff,0xbc,0xff,0xbc,0xff,0xbc,0xff,0xbc,0xff,0xbc,0xff,0xbc,0xff,0xbc,0xff,
    0xbc,0xff,0xbc,0xff,0xbc,0xff,0xbc,0xff,0xbc,0xff,0xbc,0xff,0xbc,0xff,0xbc,0xff,0xbc,0xff,0xbc,0xff,0xbc,0xff,0xbc,0xff,
    0xbc,0xff,0xbc,0xff,0xbb,0xff,0xbc,0xff,0xbb,0xff,0xbb,0xff,0xbc,0xff,0xbc,0xff,0xbc,0xff,0xd7,0xd6,0xb6,0xd6,0x54,0xc6,
    0x33,0xbe,0x33,0xbe,0x34,0xbe,0x34,0xbe,0x34,0xbe,0x33,0xbe,0x34,0xbe,0x54,0xc6,0x34,0xbe,0x33,0xbe,0x54,0xc6,0x54,0xc6,
    0x74,0xc6,0x74,0xc6,0x74,0xc6,0x74,0xc6,0x75,0xc6,0x30,0x9d,0xce,0x94,0x0f,0x9d,0x30,0x9d,0x50,0xa5,0x71,0xa5,0x30,0x9d,
    0xae,0x8c,0x8d,0x84,0xad,0x8c,0xad,0x8c,0x92,0xad,0xf7,0xde,0x0c,0x7c,0xa8,0x4a,0x3a,0xef,0xdc,0xff,0xbb,0xff,0xbc,0xff,
    0xbc,0xff,0xbc,0xff,0xdc,0xff,0x3a,0xe7,0x87,0x4a,0x6f,0x8c,0xfd,0xff,0x9b,0xf7,0xdc,0xff,0xd8,0xde,0xd4,0xbd,0xec,0x73,
    0x08,0x53,0x8b,0x6b,0xb3,0xb5,0x55,0xce,0xbc,0xff,0xbb,0xff,0xbb,0xff,0xbc,0xff,0xbc,0xff,0xbc,0xff,0x9b,0xff,0xfd,0xff,
    0xbb,0xf7,0x11,0x9d,0xcc,0x73,0xe8,0x52,0xcf,0x94,0x92,0xad,0x54,0xc6,0x34,0xbe,0x54,0xbe,0x33,0xbe,0xb6,0xd6,0x18,0xe7,
    0x5a,0xef,0xbc,0xff,0xbb,0xff,0xbc,0xff,0xbc,0xff,0xbc,0xff,0xbb,0xff,0xbc,0xff,0xbc,0xff,0xbc,0xff,0xbc,0xff,0xbb,0xff,
    0xbc,0xff,0xbc,0xff,0xbc,0xff,0xbc,0xff,0xbc,0xff,0xbc,0xff,0xbc,0xff,0xbc,0xff,0xbc,0xff,0xbc,0xff,0xbc,0xff,0xbc,0xff,
    0xbc,0xff,0xbc,0xff,0xbc,0xff,0xbc,0xff,0xbc,0xff,0xbc,0xff,0xbc,0xff,0xbc,0xff,0xbc,0xff,0xbc,0xff,0xbc,0xff,0xbc,0xff,
    0xbc,0xff,0xbc,0xff,0xbc,0xff,0xbb,0xff,0xdc,0xff,0xdc,0xff,0x9b,0xff,0xbb,0xff,0xbc,0xff,0xdc,0xff,0xbc,0xff,0xbc,0xff,
    0xbc,0xff,0xbc,0xff,0xbc,0xff,0xbc,0xff,0xbc,0xff,0xbc,0xff,0xbc,0xff,0xbc,0xff,0xbc,0xff,0xbc,0xff,0xbc,0xff,0xbc,0xff,
    0xbc,0xff,0xbc,0xff,0xbc,0xff,0xbc,0xff,0xbb,0xff,0xbb,0xff,0xdc,0xff,0x9b,0xf7,0xbb,0xff,0xbc,0xff,0xbb,0xff,0x9b,0xff,
    0xbb,0xff,0xdc,0xff,0xbb,0xff,0xbc,0xff,0xbc,0xff,0xbc,0xff,0xbc,0xff,0xbc,0xff,0xdc,0xff,0xdc,0xff,0xbb,0xff,0x9b,0xff,
    0xbb,0xff,0xbb,0xff,0xdc,0xff,0xbc,0xff,0xbc,0xff,0xbb,0xff,0xbb,0xff,0xbc,0xff,0xbc,0xff,0xbb,0xff,0xbb,0xff,0xdc,0xff,
    0x9b,0xff,0xdc,0xff,0xdc,0xff,0xbc,0xff,0xbb,0xff,0xbb,0xff,0xbb,0xff,0xbb,0xff,0xdc,0xff,0xdc,0xff,0xbc,0xff,0xdc,0xff,
    0xdc,0xff,0xbc,0xff,0xbb,0xff,0xdc,0xff,0xbc,0xff,0xbb,0xff,0xbb,0xff,0xbc,0xff,0xbc,0xff,0xbc,0xff,0xbb,0xff,0xbc,0xff,
    0xdc,0xff,0xdc,0xff,0xbb,0xff,0xbb,0xff,0xbc,0xff,0xbc,0xff,0xbc,0xff,0xbb,0xff,0xbc,0xff,0xbc,0xff,0xbb,0xff,0xbc,0xff,
    0xbb,0xff,0xbb,0xff,0xbc,0xff,0xbb,0xff,0xbc,0xff,0xbc,0xff,0xbc,0xff,0xbc,0xff,0xbc,0xff,0xbc,0xff,0xbc,0xff,0xbc,0xff,
    0xbc,0xff,0xbc,0xff,0xbc,0xff,0xbc,0xff,0xbc,0xff,0xbc,0xff,0xbc,0xff,0xbc,0xff,0xbc,0xff,0xbc,0xff,0xbc,0xff,0xbb,0xff,
    0xbc,0xff,0xbc,0xff,0xbc,0xff,0xbc,0xff,0xbc,0xff,0xbb,0xff,0x39,0xe7,0x39,0xe7,0x39,0xe7,0x55,0xc6,0x33,0xbe,0x33,0xbe,
    0x54,0xc6,0x34,0xbe,0x34,0xbe,0x54,0xc6,0x34,0xc6,0x33,0xbe,0x34,0xbe,0x54,0xc6,0x34,0xbe,0x34,0xbe,0x54,0xc6,0x13,0xbe,
    0xd2,0xb5,0xd2,0xb5,0xd2,0xb5,0xb2,0xad,0xd2,0xb5,0x10,0x9d,0xce,0x94,0xae,0x8c,0xce,0x94,0xef,0x94,0xef,0x94,0x71,0xad,
    0xd3,0xbd,0xd3,0xb5,0xf3,0xbd,0xf4,0xbd,0xd7,0xde,0xfd,0xff,0x6e,0x8c,0x87,0x4a,0x3a,0xef,0xdc,0xff,0xbc,0xff,0xbc,0xff,
    0xbc,0xff,0xbb,0xff,0xdc,0xff,0x1a,0xe7,0x87,0x4a,0x6f,0x8c,0xfd,0xff,0x9b,0xf7,0xfd,0xff,0x93,0xb5,0x87,0x4a,0x4a,0x63,
    0x29,0x5b,0x09,0x5b,0x87,0x4a,0x0d,0x7c,0xdc,0xff,0xbb,0xff,0xbc,0xff,0xbc,0xff,0xbc,0xff,0xbc,0xff,0xbc,0xff,0x9b,0xf7,
    0x9b,0xf7,0xfe,0xff,0xb4,0xb5,0x09,0x53,0x29,0x5b,0xec,0x73,0x34,0xbe,0x34,0xbe,0x34,0xbe,0x54,0xc6,0x34,0xbe,0xf2,0xb5,
    0xf7,0xde,0xbc,0xff,0xbb,0xff,0xbc,0xff,0xbb,0xff,0xbb,0xff,0xbb,0xff,0xbb,0xff,0xbc,0xff,0xbc,0xff,0xbc,0xff,0xbb,0xff,
    0xbc,0xff,0xbc,0xff,0xbc,0xff,0xbc,0xff,0xbc,0xff,0xbc,0xff,0xbc,0xff,0xbc,0xff,0xbc,0xff,0xbc,0xff,0xbc,0xff,0xbc,0xff,
    0xbc,0xff,0xbc,0xff,0xbc,0xff,0xbc,0xff,0xbc,0xff,0xbc,0xff,0xbc,0xff,0xbc,0xff,0xbc,0xff,0xbc,0xff,0xbc,0xff,0xbc,0xff,
    0xbc,0xff,0xbc,0xff,0xbc,0xff,0xbc,0xff,0xbc,0xff,0xbb,0xff,0xbc,0xff,0xbc,0xff,0xbc,0xff,0x9b,0xff,0xbc,0xff,0xbc,0xff,
    0xbb,0xff,0xbc,0xff,0xbc,0xff,0xbc,0xff,0xbc,0xff,0xbc,0xff,0xbc,0xff,0xbc,0xff,0xbc,0xff,0xbc,0xff,0xbc,0xff,0xbc,0xff,
    0xbc,0xff,0xbc,0xff,0xbc,0xff,0xbc,0xff,0xbc,0xff,0xbc,0xff,0xbb,0xff,0xbc,0xff,0xbc,0xff,0xbb,0xff,0xbb,0xff,0xbb,0xff,
    0xbb,0xff,0xbb,0xff,0xbc,0xff,0xbc,0xff,0xbc,0xff,0xbc,0xff,0xbb,0xff,0xbb,0xff,0xbb,0xff,0xbc,0xff,0x9b,0xff,0xbb,0xff,
    0xbb,0xff,0xbc,0xff,0xbc,0xff,0xbc,0xff,0xbc,0xff,0xbb,0xff,0xbb,0xff,0xbc,0xff,0xbb,0xff,0xbb,0xff,0xbc,0xff,0xbc,0xff,
    0xbc,0xff,0xbb,0xff,0x9b,0xff,0xbb,0xff,0xbb,0xff,0xbb,0xff,0xbc,0xff,0xbc,0xff,0xbc,0xff,0x9b,0xff,0xbb,0xff,0x9b,0xff,
    0x9b,0xff,0xbc,0xff,0xbb,0xff,0xbb,0xff,0xbb,0xff,0xbb,0xff,0xbb,0xff,0xbb,0xff,0xbc,0xff,0x9b,0xff,0xbb,0xff,0xbb,0xff,
    0x9b,0xff,0xbb,0xff,0xbb,0xff,0xbc,0xff,0xbc,0xff,0xbc,0xff,0xbc,0xff,0xbc,0xff,0xbc,0xff,0xbb,0xff,0xbc,0xff,0xbb,0xff,
    0xbc,0xff,0xbb,0xff,0xbc,0xff,0xbb,0xff,0xbb,0xff,0xbb,0xff,0xbc,0xff,0xbc,0xff,0xbc,0xff,0xbc,0xff,0xbc,0xff,0xbc,0xff,
    0xbc,0xff,0xbc,0xff,0xbc,0xff,0xbc,0xff,0xbc,0xff,0xbc,0xff,0xbc,0xff,0xbb,0xff,0xbc,0xff,0xbc,0xff,0xbc,0xff,0xbb,0xff,
    0xbb,0xff,0xbb,0xff,0xbb,0xff,0xbc,0xff,0xbb,0xff,0x9b,0xf7,0x54,0xc6,0x33,0xbe,0x54,0xc6,0x54,0xc6,0x54,0xc6,0x54,0xc6,
    0x54,0xc6,0x34,0xc6,0x34,0xbe,0x34,0xbe,0x34,0xbe,0x54,0xc6,0x74,0xc6,0x54,0xc6,0x33,0xbe,0x33,0xbe,0x74,0xc6,0x71,0xa5,
    0xae,0x8c,0xce,0x94,0xce,0x8c,0xae,0x8c,0xae,0x8c,0xcf,0x94,0xef,0x94,0xef,0x94,0x0f,0x9d,0xef,0x94,0x71,0xa5,0xf7,0xde,
    0xfc,0xff,0xdc,0xff,0xdc,0xff,0xfd,0xff,0xbc,0xff,0xfd,0xff,0x6f,0x8c,0x87,0x4a,0x3a,0xef,0xdc,0xff,0xbc,0xff,0xbc,0xff,
    0xbc,0xff,0xbb,0xff,0xdc,0xff,0x1a,0xe7,0x87,0x4a,0x6f,0x8c,0xfd,0xff,0x9b,0xf7,0xfd,0xff,0xd4,0xb5,0x09,0x53,0x4a,0x63,
    0x29,0x5b,0x2a,0x5b,0x09,0x5b,0x6e,0x8c,0xdc,0xff,0xbb,0xff,0xbc,0xff,0xbc,0xff,0xbc,0xff,0xbc,0xff,0xbc,0xff,0xbb,0xff,
    0x9b,0xff,0xbc,0xff,0x5a,0xef,0xd8,0xde,0x6a,0x63,0x09,0x53,0x8a,0x63,0xb2,0xad,0xb5,0xce,0x33,0xbe,0x34,0xbe,0x33,0xbe,
    0x54,0xc6,0x75,0xc6,0xd7,0xde,0xdc,0xff,0xbc,0xff,0xbc,0xff,0xbc,0xff,0xbc,0xff,0xbc,0xff,0xbc,0xff,0xbc,0xff,0xbb,0xff,
    0xbb,0xff,0xbc,0xff,0xbc,0xff,0xbb,0xff,0xbc,0xff,0xbc,0xff,0xbc,0xff,0xbc,0xff,0xbc,0xff,0xbc,0xff,0xbc,0xff,0xbc,0xff,
    0xbc,0xff,0xbc,0xff,0xbc,0xff,0xbc,0xff,0xbc,0xff,0xbc,0xff,0xbc,0xff,0xbc,0xff,0xbc,0xff,0xbc,0xff,0xbc,0xff,0xbc,0xff,
    0xbc,0xff,0xbc,0xff,0xbc,0xff,0xbc,0xff,0xbc,0xff,0xbc,0xff,0xbc,0xff,0xbc,0xff,0xbc,0xff,0xbc,0xff,0xbc,0xff,0x9b,0xff,
    0xdc,0xff,0xdc,0xff,0xbb,0xff,0xbc,0xff,0xbc,0xff,0xbc,0xff,0xbc,0xff,0xbc,0xff,0xbc,0xff,0xbc,0xff,0xbc,0xff,0xbc,0xff,
    0xbb,0xff,0xbc,0xff,0xbc,0xff,0xbb,0xff,0xbc,0xff,0xbb,0xff,0x9b,0xff,0xbc,0xff,0x9b,0xff,0x9b,0xff,0xbb,0xff,0x9b,0xff,
    0xbc,0xff,0xbc,0xff,0xbc,0xff,0xbc,0xff,0xbc,0xff,0xbb,0xff,0xbb,0xff,0xbb,0xff,0x9b,0xff,0x9b,0xff,0x9b,0xff,0xbb,0xff,
    0xbb,0xff,0xbc,0xff,0xbc,0xff,0xbc,0xff,0xbc,0xff,0xbc,0xff,0x9b,0xff,0x9b,0xff,0x9b,0xff,0xbb,0xff,0xbc,0xff,0xbc,0xff,
    0xbc,0xff,0x9b,0xff,0xbb,0xff,0xbb,0xff,0xbb,0xff,0x9b,0xff,0x9b,0xff,0xbb,0xff,0xbc,0xff,0xbb,0xff,0x9b,0xff,0xbb,0xff,
    0xbc,0xff,0xbc,0xff,0xbb,0xff,0xbc,0xff,0xbc,0xff,0xbb,0xff,0xbb,0xff,0xbb,0xff,0xbb,0xff,0xdc,0xff,0xbb,0xff,0x9b,0xff,
    0xbc,0xff,0xbc,0xff,0xbb,0xff,0xbb,0xff,0xbb,0xff,0xbc,0xff,0xbc,0xff,0xbc,0xff,0xbc,0xff,0xbb,0xff,0xbc,0xff,0xbc,0xff,
    0xbb,0xff,0xbc,0xff,0xbc,0xff,0xbb,0xff,0xbb,0xff,0xbc,0xff,0xbc,0xff,0xbc,0xff,0xbc,0xff,0xbc,0xff,0xbc,0xff,0xbc,0xff,
    0xbc,0xff,0xbc,0xff,0xbc,0xff,0xbb,0xff,0xbb,0xff,0xbc,0xff,0xbc,0xff,0xbb,0xff,0xbc,0xff,0xbc,0xff,0xbc,0xff,0xbc,0xff,
    0xbc,0xff,0xbc,0xff,0xdc,0xff,0xf7,0xde,0x74,0xc6,0x75,0xce,0x54,0xc6,0x54,0xc6,0x54,0xc6,0x54,0xc6,0x54,0xc6,0x54,0xc6,
    0x34,0xbe,0x54,0xc6,0x74,0xc6,0x54,0xc6,0x74,0xc6,0x13,0xbe,0x30,0x9d,0x30,0x9d,0xef,0x94,0xae,0x8c,0xce,0x94,0x8d,0x8c,
    0x8d,0x84,0xae,0x8c,0x8d,0x84,0x71,0xad,0x59,0xef,0x39,0xe7,0x5a,0xef,0x5a,0xef,0x5a,0xef,0x5a,0xef,0x59,0xef,0x9a,0xf7,
    0x9b,0xff,0xbb,0xff,0xbc,0xff,0xbc,0xff,0x9b,0xf7,0xfd,0xff,0x6e,0x8c,0x87,0x4a,0x3a,0xef,0xdc,0xff,0xbb,0xff,0xbc,0xff,
    0xbc,0xff,0x9b,0xff,0xdc,0xff,0x1a,0xe7,0x87,0x4a,0x6f,0x8c,0xfd,0xff,0x7b,0xf7,0xfc,0xff,0x93,0xb5,0xe8,0x52,0x4a,0x63,
    0x29,0x5b,0x29,0x5b,0x09,0x5b,0x4e,0x84,0xfd,0xff,0xbc,0xff,0xbb,0xff,0xbb,0xff,0xbc,0xff,0xbc,0xff,0xbc,0xff,0xbc,0xff,
    0xbc,0xff,0xbc,0xff,0xdc,0xff,0xbc,0xff,0x52,0xa5,0x0d,0x7c,0x29,0x5b,0x8e,0x8c,0x30,0x9d,0x33,0xbe,0x54,0xc6,0x34,0xbe,
    0x33,0xbe,0x34,0xbe,0x55,0xc6,0x39,0xef,0x5a,0xef,0x5a,0xef,0x5a,0xef,0x7b,0xf7,0xbb,0xff,0xbb,0xff,0xbb,0xff,0xbc,0xff,
    0xbc,0xff,0xbc,0xff,0xbc,0xff,0xbc,0xff,0xbc,0xff,0xbc,0xff,0xbc,0xff,0xbc,0xff,0xbc,0xff,0xbc,0xff,0xbc,0xff,0xbc,0xff,
    0xbc,0xff,0xbc,0xff,0xbc,0xff,0xbc,0xff,0xbc,0xff,0xbc,0xff,0xbc,0xff,0xbc,0xff,0xbc,0xff,0xbc,0xff,0xbc,0xff,0xbc,0xff,
    0xbc,0xff,0xbc,0xff,0xbc,0xff,0xbc,0xff,0xbc,0xff,0xbc,0xff,0xbc,0xff,0xbc,0xff,0xbc,0xff,0xbc,0xff,0xbb,0xff,0xbb,0xff,
    0xf7,0xde,0xd7,0xde,0xbc,0xff,0xbc,0xff,0xbc,0xff,0xbc,0xff,0xbc,0xff,0xbc,0xff,0xbc,0xff,0xbc,0xff,0xbc,0xff,0xdd,0xff,
    0xdc,0xff,0xbc,0xff,0xdc,0xff,0xfd,0xff,0xbc,0xff,0xdc,0xff,0xdc,0xff,0x9b,0xff,0xdc,0xff,0xdc,0xff,0xbb,0xff,0xfd,0xff,
    0xbc,0xff,0xbb,0xff,0xfc,0xff,0xbb,0xff,0xbb,0xff,0xdc,0xff,0xbb,0xff,0x9b,0xff,0xbb,0xff,0xfc,0xff,0xdc,0xff,0xbc,0xff,
    0xbc,0xff,0xbb,0xff,0xbb,0xff,0xbc,0xff,0xbc,0xff,0xbc,0xff,0xdc,0xff,0xdc,0xff,0xdc,0xff,0xbc,0xff,0xbb,0xff,0xfd,0xff,
    0xfd,0xff,0xfd,0xff,0xbb,0xff,0x9b,0xff,0xdc,0xff,0xfd,0xff,0xdc,0xff,0xdc,0xff,0xbc,0xff,0xbc,0xff,0xdc,0xff,0xbc,0xff,
    0xbc,0xff,0xbc,0xff,0xbc,0xff,0xbc,0xff,0xbc,0xff,0xbc,0xff,0xbc,0xff,0xbc,0xff,0x9b,0xf7,0x96,0xd6,0x59,0xef,0xbc,0xff,
    0xbb,0xff,0xbc,0xff,0xbc,0xff,0xbb,0xff,0xbc,0xff,0xbc,0xff,0xbc,0xff,0xbc,0xff,0xbb,0xff,0xbb,0xff,0xbc,0xff,0xbb,0xff,
    0xbc,0xff,0xbc,0xff,0xbc,0xff,0xbb,0xff,0xbc,0xff,0xbc,0xff,0xbc,0xff,0xbc,0xff,0xbc,0xff,0xbc,0xff,0xbc,0xff,0xbc,0xff,
    0xbc,0xff,0xbb,0xff,0xbc,0xff,0xbc,0xff,0xbc,0xff,0xbc,0xff,0xbb,0xff,0xbb,0xff,0xbb,0xff,0xbb,0xff,0xbb,0xff,0xbb,0xff,
    0x5a,0xef,0x59,0xef,0x5a,0xef,0x95,0xce,0x33,0xbe,0x33,0xbe,0x54,0xc6,0x54,0xc6,0x54,0xc6,0x54,0xc6,0x74,0xc6,0x54,0xc6,
    0x74,0xc6,0x13,0xbe,0x50,0xa5,0x70,0xa5,0x71,0xa5,0x50,0xa5,0xae,0x94,0xae,0x8c,0x8d,0x8c,0x71,0xa5,0xf3,0xbd,0xb2,0xb5,
    0xd3,0xb5,0xf4,0xbd,0xd3,0xb5,0x76,0xce,0xdc,0xff,0xbb,0xff,0xbc,0xff,0xdc,0xff,0xdc,0xff,0xbc,0xff,0xbb,0xff,0xbb,0xff,
    0xbb,0xff,0xbc,0xff,0xbc,0xff,0xbc,0xff,0x9b,0xff,0xfd,0xff,0x6f,0x8c,0x87,0x4a,0x3a,0xef,0xdc,0xff,0xbb,0xff,0xbc,0xff,
    0xbc,0xff,0x9b,0xff,0xdc,0xff,0x1a,0xe7,0x87,0x4a,0x6e,0x8c,0xfd,0xff,0x7b,0xf7,0xfd,0xff,0x73,0xad,0xe8,0x52,0x4a,0x63,
    0x29,0x5b,0x49,0x63,0xe8,0x52,0x0d,0x7c,0x5a,0xef,0x9b,0xf7,0xbb,0xff,0xbc,0xff,0xbc,0xff,0xbc,0xff,0xbc,0xff,0xbc,0xff,
    0xbc,0xff,0xbc,0xff,0xbb,0xff,0x9b,0xf7,0xfe,0xff,0x77,0xce,0xab,0x6b,0x6a,0x63,0x4a,0x63,0x91,0xad,0xd2,0xb5,0x13,0xbe,
    0x34,0xbe,0x34,0xc6,0x54,0xc6,0x33,0xbe,0x33,0xbe,0x54,0xc6,0x33,0xbe,0xd7,0xd6,0xdc,0xff,0xbc,0xff,0xbc,0xff,0xbc,0xff,
    0xbc,0xff,0xbc,0xff,0xbc,0xff,0xbc,0xff,0xbc,0xff,0xbc,0xff,0xbb,0xff,0xbc,0xff,0xbc,0xff,0xbc,0xff,0xbc,0xff,0xbc,0xff,
    0xbc,0xff,0xbc,0xff,0xbc,0xff,0xbc,0xff,0xbc,0xff,0xbc,0xff,0xbc,0xff,0xbc,0xff,0xbc,0xff,0xbc,0xff,0xbc,0xff,0xbc,0xff,
    0xbc,0xff,0xbc,0xff,0xbc,0xff,0xbc,0xff,0xbc,0xff,0xbc,0xff,0xbc,0xff,0xbc,0xff,0xbc,0xff,0xbc,0xff,0x9b,0xff,0xdc,0xff,
    0x91,0xa5,0x30,0x9d,0x9b,0xff,0xbb,0xff,0xbc,0xff,0xbc,0xff,0xbc,0xff,0xbc,0xff,0xbc,0xff,0x9b,0xff,0xfd,0xff,0xb4,0xb5,
    0x77,0xce,0xff,0xff,0xb8,0xd6,0x32,0xa5,0xfe,0xff,0xf5,0xbd,0x93,0xb5,0xdd,0xff,0x73,0xad,0x36,0xc6,0xdd,0xff,0x11,0x9d,
    0xbc,0xf7,0xd8,0xde,0x11,0x9d,0xfc,0xff,0x5a,0xef,0xb0,0x94,0x7b,0xef,0xdc,0xff,0xb7,0xd6,0xab,0x73,0xf5,0xbd,0xfe,0xff,
    0xbc,0xff,0xbb,0xff,0xbb,0xff,0xbb,0xff,0x9b,0xf7,0xfd,0xff,0xf5,0xbd,0xcc,0x73,0x6e,0x84,0x7b,0xf7,0x7a,0xf7,0x8f,0x8c,
    0x6f,0x8c,0x4e,0x84,0x35,0xc6,0xfd,0xff,0xd4,0xb5,0x2d,0x7c,0x2d,0x84,0x4e,0x84,0x9b,0xff,0x1a,0xe7,0x32,0xa5,0xbc,0xff,
    0xbc,0xff,0xbc,0xff,0xbc,0xff,0xbc,0xff,0xbc,0xff,0xbb,0xff,0xbb,0xf7,0xbc,0xff,0x39,0xe7,0xad,0x84,0x96,0xce,0xdc,0xff,
    0x9b,0xff,0xbc,0xff,0xbc,0xff,0xbc,0xff,0xbc,0xff,0xbc,0xff,0xbc,0xff,0xbc,0xff,0xbc,0xff,0xbc,0xff,0xbc,0xff,0xbb,0xff,
    0xbb,0xff,0xbc,0xff,0xbb,0xff,0xbb,0xff,0xbc,0xff,0xbc,0xff,0xbc,0xff,0xbc,0xff,0xbc,0xff,0xbc,0xff,0xbc,0xff,0xbc,0xff,
    0xbb,0xff,0xbc,0xff,0xbc,0xff,0xbc,0xff,0xbc,0xff,0xbc,0xff,0xbb,0xff,0xbc,0xff,0xdc,0xff,0xbc,0xff,0xbc,0xff,0xbc,0xff,
    0x75,0xce,0x33,0xbe,0x34,0xbe,0x34,0xc6,0x54,0xc6,0x54,0xc6,0x54,0xc6,0x54,0xc6,0x54,0xc6,0x33,0xbe,0x13,0xbe,0x34,0xbe,
    0x54,0xc6,0xd2,0xb5,0x8e,0x8c,0xae,0x8c,0x8d,0x8c,0xcf,0x94,0x30,0xa5,0x30,0xa5,0x0f,0x9d,0xf8,0xde,0xfd,0xff,0xbb,0xff,
    0xdc,0xff,0xdc,0xff,0xdb,0xff,0xbc,0xff,0x9b,0xf7,0x9b,0xf7,0x9b,0xf7,0x9b,0xf7,0x9b,0xf7,0x9b,0xf7,0x9b,0xf7,0xbb,0xff,
    0xbc,0xff,0xbc,0xff,0xbc,0xff,0xbc,0xff,0x9b,0xf7,0xfd,0xff,0x6f,0x8c,0xa7,0x4a,0x3a,0xef,0xdc,0xff,0xbb,0xff,0xbc,0xff,
    0xbc,0xff,0x9b,0xff,0xdc,0xff,0x3a,0xe7,0x87,0x4a,0x4e,0x8c,0xfd,0xff,0x9b,0xf7,0xfd,0xff,0x73,0xad,0xe8,0x52,0x4a,0x63,
    0x29,0x5b,0x29,0x5b,0x09,0x5b,0x29,0x5b,0x29,0x5b,0x76,0xce,0xdc,0xff,0x9b,0xf7,0xbc,0xff,0xbc,0xff,0xbc,0xff,0xbc,0xff,
    0xbb,0xff,0xbc,0xff,0xbb,0xff,0xbb,0xff,0x9b,0xff,0x9b,0xf7,0x9b,0xf7,0xec,0x7b,0xc8,0x4a,0x6a,0x63,0xaa,0x6b,0x91,0xad,
    0x95,0xce,0x75,0xc6,0x54,0xc6,0x54,0xc6,0x34,0xbe,0x54,0xc6,0x54,0xbe,0x95,0xce,0x18,0xe7,0xf8,0xde,0x39,0xe7,0xbc,0xff,
    0xbb,0xff,0xbb,0xff,0x9b,0xff,0xbb,0xff,0xbb,0xff,0xbb,0xff,0xbc,0xff,0xbc,0xff,0xbb,0xff,0xbc,0xff,0xbc,0xff,0xbc,0xff,
    0xbc,0xff,0xbc,0xff,0xbc,0xff,0xbc,0xff,0xbc,0xff,0xbc,0xff,0xbc,0xff,0xbc,0xff,0xbc,0xff,0xbc,0xff,0xbc,0xff,0xbc,0xff,
    0xbc,0xff,0xbc,0xff,0xbc,0xff,0xbc,0xff,0xbc,0xff,0xbc,0xff,0xbc,0xff,0xbb,0xff,0xbb,0xff,0xdc,0xff,0x19,0xe7,0x0f,0x95,
    0x0f,0x95,0x70,0xa5,0xb6,0xd6,0x7b,0xf7,0xfd,0xff,0xbb,0xff,0xbc,0xff,0xbc,0xff,0xbc,0xff,0x9b,0xf7,0xfd,0xff,0xd1,0x94,
    0x09,0x53,0xf9,0xde,0x56,0xce,0xab,0x6b,0xfd,0xff,0x10,0x9d,0x6e,0x8c,0xfe,0xff,0x6e,0x84,0x73,0xad,0xdd,0xff,0xab,0x6b,
    0x9b,0xf7,0x97,0xd6,0x26,0x3a,0x93,0xb5,0x6f,0x8c,0xc8,0x4a,0xbc,0xff,0xf9,0xde,0x6e,0x84,0xfa,0xde,0xd0,0x94,0xd5,0xbd,
    0xfd,0xff,0x9b,0xf7,0xbc,0xff,0x9b,0xf7,0xfd,0xff,0xd4,0xbd,0xd0,0x94,0x16,0xc6,0x36,0xc6,0xbb,0xff,0x39,0xef,0x2a,0x5b,
    0x93,0xad,0xd4,0xb5,0x1a,0xe7,0xdd,0xff,0x3a,0xe7,0x57,0xce,0x4a,0x63,0x31,0xa5,0xfd,0xff,0xb8,0xd6,0xcc,0x73,0xdc,0xff,
    0xbb,0xff,0xbc,0xff,0xbc,0xff,0xbc,0xff,0xbc,0xff,0xbc,0xff,0xfd,0xff,0x96,0xd6,0xf3,0xbd,0x50,0xa5,0x2f,0x9d,0xd2,0xb5,
    0xbb,0xff,0xbc,0xff,0xbb,0xff,0xbc,0xff,0xbb,0xff,0xbc,0xff,0xbc,0xff,0xbc,0xff,0xbc,0xff,0xbc,0xff,0xbc,0xff,0xbb,0xff,
    0xbb,0xff,0xbb,0xff,0xbb,0xff,0xbc,0xff,0xbc,0xff,0x9b,0xff,0x9b,0xff,0x9b,0xff,0xbb,0xff,0xbb,0xff,0xbb,0xff,0xbb,0xff,
    0xbb,0xff,0x9b,0xff,0xbb,0xff,0xbb,0xff,0xbb,0xff,0xbb,0xff,0xbc,0xff,0x7a,0xf7,0x18,0xe7,0x18,0xe7,0x18,0xe7,0x18,0xe7,
    0x75,0xc6,0x54,0xc6,0x54,0xc6,0x54,0xc6,0x54,0xc6,0x34,0xbe,0x54,0xc6,0x74,0xc6,0x74,0xc6,0xd2,0xb5,0x2d,0x7c,0xef,0x94,
    0xce,0x8c,0xae,0x8c,0xce,0x8c,0xae,0x8c,0xce,0x8c,0x13,0xbe,0xbb,0xff,0x9b,0xf7,0xbc,0xf7,0x9c,0xf7,0x9b,0xf7,0x9b,0xf7,
    0x9b,0xf7,0xdc,0xff,0xdb,0xff,0xdc,0xff,0xfd,0xff,0xdc,0xff,0xdc,0xff,0xdc,0xff,0xdc,0xff,0xfd,0xff,0xfd,0xff,0xbc,0xff,
    0xbb,0xff,0xbc,0xff,0xbb,0xff,0xbb,0xff,0x9b,0xf7,0xfd,0xff,0x8f,0x8c,0xa7,0x4a,0x5a,0xef,0xdc,0xff,0xbb,0xff,0xbc,0xff,
    0xbc,0xff,0xbb,0xff,0xdc,0xff,0x3a,0xe7,0x87,0x4a,0x4e,0x84,0xfc,0xff,0x7b,0xf7,0xfd,0xff,0x73,0xad,0xe8,0x52,0x29,0x63,
    0x29,0x5b,0x29,0x5b,0x09,0x5b,0x29,0x5b,0xc8,0x52,0x56,0xce,0xfc,0xff,0x9b,0xf7,0xbc,0xff,0xbc,0xff,0xbb,0xff,0xbb,0xff,
    0xbc,0xff,0xbc,0xff,0xbb,0xff,0xbc,0xff,0xbc,0xff,0xbb,0xff,0xbc,0xff,0x56,0xce,0x52,0xa5,0x29,0x5b,0x6a,0x63,0x4d,0x84,
    0xae,0x8c,0xef,0x94,0x54,0xc6,0x54,0xc6,0x34,0xbe,0x54,0xbe,0x54,0xc6,0x54,0xc6,0x33,0xbe,0x13,0xbe,0x95,0xce,0xdc,0xff,
    0xbc,0xff,0xbc,0xff,0xbc,0xff,0xbc,0xff,0xbc,0xff,0xbb,0xff,0xbb,0xff,0xbc,0xff,0xbb,0xff,0xbc,0xff,0xbc,0xff,0xbc,0xff,
    0xbc,0xff,0xbc,0xff,0xbc,0xff,0xbc,0xff,0xbc,0xff,0xbc,0xff,0xbc,0xff,0xbc,0xff,0xbc,0xff,0xbc,0xff,0xbc,0xff,0xbc,0xff,
    0xbc,0xff,0xbc,0xff,0xbc,0xff,0xbc,0xff,0xbc,0xff,0xbc,0xff,0xbc,0xff,0xbc,0xff,0xbb,0xff,0xbc,0xff,0x5a,0xef,0xd3,0xb5,
    0x91,0xa5,0xd3,0xb5,0x34,0xbe,0x56,0xce,0xf8,0xde,0xbb,0xff,0xbc,0xff,0xbb,0xff,0xbb,0xff,0x9b,0xf7,0xfd,0xff,0xd0,0x94,
    0x12,0x9d,0xf1,0x9c,0xd0,0x94,0x0d,0x7c,0xfd,0xff,0x52,0xa5,0xd0,0x9c,0xff,0xff,0x8f,0x8c,0xd4,0xb5,0xff,0xff,0xab,0x6b,
    0x9b,0xf7,0x77,0xd6,0xed,0x73,0xf1,0x9c,0x72,0xad,0xec,0x73,0x9b,0xf7,0xb8,0xde,0xcc,0x73,0xd9,0xde,0xed,0x7b,0x52,0xa5,
    0xfd,0xff,0x9b,0xf7,0xbc,0xff,0x9b,0xf7,0xfd,0xff,0xf0,0x9c,0x32,0xa5,0x56,0xce,0xcb,0x73,0x7b,0xef,0x7b,0xf7,0x4a,0x63,
    0x2d,0x7c,0x11,0x9d,0xdd,0xff,0xbd,0xff,0xde,0xff,0x73,0xad,0xd4,0xbd,0xfd,0xff,0xdb,0xff,0xb8,0xde,0x0d,0x7c,0xdc,0xff,
    0xbb,0xff,0xbc,0xff,0xbc,0xff,0xbc,0xff,0xbc,0xff,0x7b,0xf7,0xb7,0xd6,0xb2,0xad,0x70,0xa5,0x34,0xbe,0xd2,0xb5,0x34,0xc6,
    0xbb,0xff,0xbb,0xff,0xbc,0xff,0xbb,0xff,0xbc,0xff,0xbc,0xff,0xbc,0xff,0xbc,0xff,0xbc,0xff,0xbb,0xff,0xbc,0xff,0xbc,0xff,
    0xbc,0xff,0xbb,0xff,0xbb,0xff,0xbb,0xff,0xbc,0xff,0xdc,0xff,0xdc,0xff,0xbc,0xff,0xbc,0xff,0xbc,0xff,0xdc,0xff,0xdc,0xff,
    0xdc,0xff,0xdc,0xff,0xdc,0xff,0xdc,0xff,0xdc,0xff,0xbc,0xff,0xdc,0xff,0x39,0xe7,0x33,0xbe,0x34,0xbe,0x54,0xc6,0x33,0xbe,
    0x54,0xc6,0x54,0xc6,0x54,0xc6,0x54,0xc6,0x54,0xc6,0x54,0xc6,0xd2,0xad,0x50,0xa5,0x50,0xa5,0xce,0x94,0x6d,0x84,0x6d,0x84,
    0x30,0x9d,0x97,0xd6,0x96,0xd6,0x97,0xd6,0xb7,0xd6,0x18,0xe7,0xbb,0xff,0xbc,0xff,0xbc,0xff,0xbc,0xff,0xdc,0xff,0xbc,0xff,
    0xfd,0xff,0x56,0xce,0x92,0xad,0xb3,0xb5,0xd4,0xb5,0xd3,0xb5,0xb2,0xb5,0x92,0xad,0x92,0xad,0x31,0xa5,0x72,0xad,0xbc,0xff,
    0xfd,0xff,0xbc,0xff,0xbb,0xff,0xbb,0xff,0x9b,0xf7,0xfd,0xff,0x6f,0x8c,0xa7,0x4a,0x5a,0xef,0xdc,0xff,0xbc,0xff,0xbc,0xff,
    0xbc,0xff,0xbc,0xff,0xdc,0xff,0x3a,0xe7,0xa7,0x4a,0x4e,0x8c,0xfc,0xff,0x9b,0xf7,0xfd,0xff,0x52,0xad,0xc8,0x52,0x29,0x63,
    0x09,0x5b,0x09,0x5b,0x09,0x5b,0x29,0x63,0xe9,0x52,0x56,0xce,0xfd,0xff,0x9b,0xf7,0xbc,0xff,0xbc,0xff,0xbc,0xff,0xbc,0xff,
    0xbc,0xff,0xbc,0xff,0xbc,0xff,0xbc,0xff,0xbc,0xff,0xbc,0xff,0x9b,0xff,0xfd,0xff,0x9b,0xf7,0xd0,0x94,0x4d,0x84,0x4a,0x63,
    0x49,0x5b,0x0c,0x74,0xb1,0xad,0x13,0xbe,0x34,0xbe,0x34,0xbe,0x54,0xc6,0x54,0xc6,0x34,0xbe,0x33,0xbe,0x55,0xc6,0xb7,0xd6,
    0xb6,0xd6,0xb6,0xd6,0xd6,0xd6,0xd7,0xd6,0xd7,0xd6,0x9b,0xf7,0xbc,0xff,0xbb,0xff,0xbb,0xff,0xbb,0xff,0xbb,0xff,0xbc,0xff,
    0xbc,0xff,0xbc,0xff,0xbb,0xff,0xbc,0xff,0xbc,0xff,0xbc,0xff,0xbc,0xff,0xbc,0xff,0xbc,0xff,0xbc,0xff,0xbc,0xff,0xbc,0xff,
    0xbc,0xff,0xbc,0xff,0xbc,0xff,0xbc,0xff,0xbc,0xff,0xbb,0xff,0xbb,0xff,0xbc,0xff,0xbc,0xff,0xbb,0xff,0xbc,0xff,0xfd,0xff,
    0x76,0xce,0xb2,0xad,0x30,0x9d,0xee,0x94,0x50,0xa5,0xbc,0xff,0xbc,0xff,0xbc,0xff,0xbc,0xff,0x9b,0xf7,0xfd,0xff,0x4e,0x84,
    0x94,0xb5,0xdd,0xff,0x6a,0x63,0xcc,0x73,0xfd,0xff,0x11,0xa5,0xb0,0x94,0xff,0xff,0xb4,0xb5,0xf0,0x9c,0x94,0xb5,0x8f,0x8c,
    0xbb,0xff,0x56,0xce,0xac,0x6b,0xfd,0xff,0x5a,0xef,0x6a,0x63,0x7a,0xf7,0xb7,0xde,0xe8,0x52,0x4e,0x84,0xe8,0x52,0x93,0xad,
    0xfd,0xff,0x9b,0xf7,0xbc,0xff,0x9b,0xff,0xdd,0xff,0x36,0xc6,0xd0,0x94,0x93,0xad,0x4a,0x63,0x5b,0xef,0x7b,0xf7,0x29,0x5b,
    0x31,0xa5,0x72,0xad,0xb8,0xd6,0xff,0xff,0xf1,0x9c,0x0d,0x7c,0xf4,0xbd,0xb3,0xbd,0xbb,0xff,0x76,0xd6,0x8c,0x6b,0xdd,0xff,
    0xbc,0xff,0xbc,0xff,0xbc,0xff,0xbc,0xff,0xdc,0xff,0x39,0xe7,0xee,0x94,0x0f,0x95,0x0f,0x95,0x30,0x9d,0x5a,0xef,0xfd,0xff,
    0x9b,0xff,0xbb,0xff,0xbb,0xff,0xbb,0xff,0xbb,0xff,0xbb,0xff,0xbc,0xff,0xbc,0xff,0xbb,0xff,0xbb,0xff,0xbc,0xff,0xbb,0xff,
    0xbb,0xff,0xbb,0xff,0x9b,0xff,0xbc,0xff,0x9b,0xf7,0xd7,0xd6,0xd7,0xd6,0xd7,0xd6,0xd7,0xd6,0xd7,0xde,0xd7,0xd6,0xd7,0xd6,
    0xd7,0xd6,0xd7,0xde,0xd7,0xd6,0xd7,0xd6,0xb6,0xd6,0xb6,0xd6,0xd6,0xd6,0x95,0xce,0x54,0xc6,0x54,0xc6,0x54,0xc6,0x54,0xc6,
    0x54,0xc6,0x54,0xc6,0x54,0xc6,0x54,0xc6,0x54,0xc6,0x74,0xc6,0x50,0xa5,0x6d,0x84,0xcf,0x94,0x51,0xa5,0x92,0xad,0x71,0xad,
    0x55,0xce,0xfd,0xff,0xdc,0xff,0xdd,0xff,0xdd,0xff,0xbc,0xff,0xbb,0xff,0x9b,0xff,0xbc,0xff,0x7b,0xef,0x39,0xe7,0x19,0xe7,
    0x3a,0xe7,0xf0,0x94,0x4c,0x84,0xae,0x8c,0xce,0x8c,0xae,0x8c,0x6d,0x84,0x4c,0x84,0xad,0x8c,0xab,0x6b,0xab,0x6b,0x97,0xd6,
    0xd8,0xde,0x7b,0xf7,0xbc,0xff,0x9b,0xff,0x9b,0xf7,0xfd,0xff,0x6f,0x8c,0xa7,0x4a,0x5a,0xef,0xdc,0xff,0xbc,0xff,0xbc,0xff,
    0xbc,0xff,0xbc,0xff,0xdc,0xff,0x3a,0xe7,0xa8,0x4a,0x8f,0x8c,0x5a,0xef,0xec,0x73,0x0d,0x7c,0x8b,0x6b,0xe9,0x52,0x09,0x5b,
    0x09,0x5b,0x09,0x5b,0x09,0x5b,0x09,0x5b,0x09,0x5b,0x8b,0x6b,0x2e,0x84,0x9c,0xf7,0xdc,0xff,0x9b,0xf7,0xbc,0xff,0xbc,0xff,
    0xbc,0xff,0xbc,0xff,0xbc,0xff,0xbc,0xff,0xbc,0xff,0xbc,0xff,0xbc,0xff,0x9b,0xf7,0x9b,0xf7,0xfe,0xff,0x56,0xce,0x09,0x53,
    0x6a,0x63,0x2c,0x7c,0x4c,0x7c,0x6d,0x84,0x0f,0x95,0xef,0x94,0xef,0x94,0xf3,0xb5,0x54,0xc6,0x54,0xc6,0x54,0xc6,0x33,0xbe,
    0x13,0xbe,0x33,0xbe,0x34,0xbe,0x33,0xbe,0x54,0xc6,0x9b,0xf7,0xbc,0xff,0xbc,0xff,0xbc,0xff,0xbc,0xff,0xbc,0xff,0xbc,0xff,
    0xbc,0xff,0xbc,0xff,0xbc,0xff,0xbc,0xff,0xbc,0xff,0xbc,0xff,0xbc,0xff,0xbc,0xff,0xbc,0xff,0xbb,0xff,0xbb,0xff,0xbc,0xff,
    0xbc,0xff,0xbc,0xff,0xbc,0xff,0xbc,0xff,0xbc,0xff,0xbb,0xff,0xbc,0xff,0xbc,0xff,0xbc,0xff,0xbb,0xff,0xbb,0xff,0xbb,0xff,
    0x9b,0xf7,0x76,0xce,0xee,0x94,0xce,0x8c,0x50,0xa5,0xbc,0xff,0xbc,0xff,0xbc,0xff,0xbc,0xff,0x9b,0xff,0xdd,0xff,0x15,0xc6,
    0x97,0xd6,0xfe,0xff,0x19,0xe7,0x93,0xb5,0xdd,0xff,0x56,0xce,0x36,0xce,0xdd,0xff,0xfd,0xff,0xd4,0xbd,0x6e,0x8c,0x5a,0xef,
    0xdc,0xff,0xf9,0xe6,0xb4,0xb5,0xdd,0xff,0x7b,0xf7,0x72,0xad,0x9a,0xf7,0x18,0xe7,0xb3,0xb5,0xff,0xff,0x57,0xce,0x97,0xd6,
    0xdc,0xff,0x9b,0xff,0xbc,0xff,0xbc,0xff,0x9b,0xff,0xfd,0xff,0x35,0xc6,0x4e,0x84,0x52,0xad,0xbb,0xff,0x9b,0xf7,0x52,0xa5,
    0xb0,0x94,0x8f,0x8c,0x56,0xce,0xdd,0xff,0x35,0xc6,0xaf,0x94,0x8f,0x8c,0x11,0x9d,0xbb,0xff,0x19,0xe7,0xb4,0xb5,0xdd,0xff,
    0xbc,0xff,0xbc,0xff,0xbc,0xff,0xbc,0xff,0xdc,0xff,0x39,0xe7,0xce,0x8c,0xee,0x94,0x50,0x9d,0x19,0xe7,0x9b,0xf7,0xbb,0xff,
    0xbb,0xff,0xbb,0xff,0xbb,0xff,0xbb,0xff,0xbb,0xff,0xbc,0xff,0xbc,0xff,0xbc,0xff,0xbc,0xff,0xbb,0xff,0xbb,0xff,0xbb,0xff,
    0xbc,0xff,0xbc,0xff,0xbc,0xff,0xdc,0xff,0x7a,0xf7,0x33,0xbe,0x33,0xbe,0x33,0xbe,0x33,0xbe,0x33,0xbe,0x33,0xbe,0x33,0xbe,
    0x33,0xbe,0x33,0xbe,0x33,0xbe,0x33,0xbe,0x33,0xbe,0x33,0xbe,0x33,0xbe,0x33,0xbe,0x54,0xc6,0x54,0xc6,0x54,0xc6,0x54,0xc6,
    0x54,0xc6,0x54,0xc6,0x54,0xc6,0x54,0xc6,0x54,0xc6,0x74,0xc6,0x71,0xa5,0x4c,0x84,0x92,0xad,0xfd,0xff,0xbc,0xff,0xdc,0xff,
    0xbc,0xff,0x9b,0xf7,0x9b,0xf7,0x9b,0xff,0xbb,0xff,0xbb,0xff,0xbb,0xff,0x9b,0xf7,0xfd,0xff,0x72,0xa5,0x4c,0x7c,0x6d,0x84,
    0x0c,0x74,0xcb,0x73,0xb2,0xb5,0xf7,0xde,0x39,0xef,0x39,0xe7,0x39,0xef,0x96,0xd6,0x91,0xad,0x50,0xa5,0x8e,0x84,0xe9,0x52,
    0x09,0x5b,0xf9,0xde,0xfd,0xff,0xbc,0xff,0x9b,0xf7,0xfd,0xff,0x6e,0x8c,0xa7,0x4a,0x5a,0xef,0xdc,0xff,0xbc,0xff,0xbc,0xff,
    0xbc,0xff,0xbb,0xff,0xdc,0xff,0x3a,0xe7,0xc8,0x52,0xaf,0x94,0x3a,0xef,0xa8,0x4a,0xa7,0x4a,0xc8,0x52,0x09,0x5b,0x09,0x5b,
    0x09,0x5b,0x09,0x5b,0x09,0x5b,0x09,0x5b,0x09,0x5b,0xe8,0x52,0x09,0x5b,0x0d,0x7c,0xd4,0xbd,0xfe,0xff,0x9b,0xf7,0x9b,0xff,
    0xbc,0xff,0xbc,0xff,0xbc,0xff,0xbc,0xff,0xbc,0xff,0xbc,0xff,0xbc,0xff,0xbc,0xff,0x9b,0xf7,0xfd,0xff,0x15,0xc6,0xc8,0x52,
    0x29,0x5b,0x0f,0x9d,0xf3,0xb5,0x55,0xc6,0xcf,0x94,0x8d,0x84,0x8d,0x84,0x0f,0x95,0x50,0xa5,0x91,0xa5,0x13,0xbe,0x74,0xc6,
    0x74,0xc6,0x95,0xce,0x54,0xc6,0x54,0xc6,0x54,0xc6,0x95,0xce,0xb6,0xce,0xb6,0xce,0xb6,0xce,0xb6,0xce,0xb6,0xce,0x96,0xce,
    0x96,0xce,0x96,0xce,0xb6,0xce,0x96,0xce,0xb6,0xd6,0x96,0xce,0x7a,0xf7,0xbc,0xff,0xbc,0xff,0xbc,0xff,0xbc,0xff,0xbc,0xff,
    0xbc,0xff,0xbc,0xff,0xbc,0xff,0xbc,0xff,0xbb,0xff,0xbc,0xff,0xbc,0xff,0xbc,0xff,0xbb,0xff,0xbc,0xff,0xbc,0xff,0xbc,0xff,
    0xdc,0xff,0x7b,0xf7,0xd7,0xde,0xd7,0xde,0xf8,0xde,0xbc,0xff,0xbc,0xff,0xbc,0xff,0xbc,0xff,0xbc,0xff,0xbc,0xff,0xfd,0xff,
    0xdc,0xff,0x9b,0xff,0xbb,0xff,0xfd,0xff,0xbc,0xff,0xdc,0xff,0xdc,0xff,0xbb,0xff,0x9b,0xf7,0xdc,0xff,0xfd,0xff,0xbb,0xff,
    0x9b,0xff,0xbc,0xff,0xfd,0xff,0xbc,0xff,0xbc,0xff,0xfc,0xff,0xbb,0xff,0xbb,0xff,0xfc,0xff,0x9b,0xf7,0xdd,0xff,0xdc,0xff,
    0xbb,0xff,0xbc,0xff,0xbb,0xff,0xbb,0xff,0xbc,0xff,0x9b,0xff,0xdc,0xff,0xfe,0xff,0xfc,0xff,0x9b,0xff,0xbc,0xff,0xfd,0xff,
    0xfe,0xff,0xfe,0xff,0xdc,0xff,0xbb,0xff,0xdc,0xff,0xfd,0xff,0xfd,0xff,0xfd,0xff,0xbc,0xff,0xbc,0xff,0xfd,0xff,0xbc,0xff,
    0xbc,0xff,0xbc,0xff,0xbc,0xff,0xbc,0xff,0xbc,0xff,0x7b,0xf7,0xd7,0xde,0xd8,0xde,0x18,0xe7,0xbc,0xff,0xbb,0xff,0xbb,0xff,
    0xbb,0xff,0xbb,0xff,0xbc,0xff,0xbb,0xff,0xbb,0xff,0xbb,0xff,0xbc,0xff,0xbc,0xff,0xbb,0xff,0xbc,0xff,0xbc,0xff,0xdc,0xff,
    0x19,0xe7,0x75,0xce,0x96,0xce,0x96,0xce,0x75,0xce,0x54,0xc6,0x54,0xc6,0x54,0xc6,0x54,0xc6,0x54,0xc6,0x54,0xc6,0x54,0xc6,
    0x54,0xc6,0x54,0xc6,0x54,0xc6,0x54,0xc6,0x54,0xc6,0x54,0xc6,0x54,0xc6,0x54,0xc6,0x54,0xc6,0x54,0xc6,0x54,0xc6,0x54,0xc6,
    0x54,0xc6,0x54,0xc6,0x54,0xc6,0x54,0xc6,0x54,0xc6,0x74,0xc6,0x50,0xa5,0x4c,0x7c,0x71,0xa5,0xdc,0xff,0x9b,0xf7,0x9b,0xff,
    0xbb,0xff,0xbb,0xff,0xbb,0xff,0xbb,0xff,0xbc,0xff,0x9c,0xff,0xbc,0xff,0x7a,0xf7,0x92,0xad,0x8e,0x84,0xef,0x94,0xf3,0xbd,
    0x35,0xc6,0x55,0xce,0xb2,0xb5,0xd3,0xb5,0xdd,0xff,0xbb,0xff,0xdc,0xff,0x7a,0xef,0xf8,0xde,0x14,0xbe,0x0f,0x95,0x8e,0x8c,
    0xcb,0x73,0xed,0x7b,0x92,0xad,0x18,0xe7,0x9b,0xf7,0xfd,0xff,0x6e,0x8c,0xa7,0x4a,0x5a,0xef,0xdc,0xff,0xbc,0xff,0xbc,0xff,
    0xbc,0xff,0xbb,0xff,0xdc,0xff,0x3a,0xe7,0xe9,0x52,0x4a,0x63,0x0d,0x7c,0x29,0x5b,0x09,0x5b,0xe9,0x5a,0xe9,0x5a,0xe9,0x5a,
    0x09,0x5b,0x09,0x5b,0x09,0x5b,0x09,0x5b,0x09,0x5b,0x09,0x5b,0x09,0x5b,0x87,0x4a,0x6a,0x6b,0x32,0xa5,0xbc,0xff,0xdc,0xff,
    0xbb,0xff,0xbb,0xff,0xbb,0xff,0xbc,0xff,0xbc,0xff,0xbc,0xff,0xbc,0xff,0xbc,0xff,0x9b,0xff,0xfd,0xff,0x15,0xc6,0xc8,0x52,
    0x29,0x5b,0xb1,0xad,0xf7,0xde,0xdd,0xff,0x30,0x9d,0xae,0x8c,0xce,0x8c,0x8e,0x8c,0x6d,0x84,0x8d,0x84,0x8e,0x8c,0xae,0x8c,
    0x10,0x9d,0x51,0xa5,0x13,0xbe,0x34,0xc6,0x34,0xc6,0x33,0xbe,0x33,0xbe,0x34,0xbe,0x33,0xbe,0x33,0xbe,0x33,0xbe,0x33,0xbe,
    0x33,0xbe,0x33,0xbe,0x33,0xbe,0x54,0xc6,0x54,0xc6,0x33,0xbe,0x39,0xe7,0x9b,0xf7,0x7a,0xf7,0x9a,0xf7,0x9b,0xf7,0x9b,0xf7,
    0x9b,0xf7,0x9b,0xf7,0xbb,0xff,0xbb,0xff,0xbb,0xff,0xbb,0xff,0xbc,0xff,0xbb,0xff,0xbb,0xff,0xbc,0xff,0xbc,0xff,0xbc,0xff,
    0xbb,0xff,0xbb,0xff,0xdc,0xff,0xdc,0xff,0xdc,0xff,0xbb,0xff,0xbb,0xff,0xbb,0xff,0xbc,0xff,0xbc,0xff,0xbc,0xff,0x9b,0xf7,
    0x9b,0xff,0xbb,0xff,0xbb,0xff,0xbb,0xf7,0xbc,0xff,0x9b,0xff,0x9b,0xff,0xbb,0xff,0xbb,0xff,0x9b,0xff,0x9b,0xf7,0xbb,0xff,
    0xbb,0xff,0xbb,0xff,0x9b,0xff,0xbb,0xff,0xbb,0xff,0x9b,0xf7,0xbc,0xff,0xbb,0xff,0x9b,0xf7,0xbc,0xff,0x9b,0xff,0x9b,0xff,
    0xbc,0xff,0xbc,0xff,0xbc,0xff,0xbc,0xff,0xbc,0xff,0xbc,0xff,0xbb,0xff,0x9b,0xf7,0x9b,0xff,0xbc,0xff,0xbc,0xff,0x9b,0xf7,
    0x9b,0xf7,0x9b,0xf7,0xbb,0xff,0xbc,0xff,0xbb,0xff,0x9b,0xf7,0x9b,0xf7,0x9b,0xf7,0xbc,0xff,0xbc,0xff,0x9b,0xf7,0xbc,0xff,
    0xbc,0xff,0xbc,0xff,0xbc,0xff,0xbc,0xff,0xbc,0xff,0xbc,0xff,0xdc,0xff,0xdc,0xff,0xdc,0xff,0xbb,0xff,0xbb,0xff,0xbb,0xff,
    0xbc,0xff,0xbb,0xff,0xbb,0xff,0xbb,0xff,0xbb,0xff,0xbb,0xff,0xbb,0xff,0xbb,0xff,0xbc,0xff,0x9b,0xf7,0x7a,0xef,0xf8,0xde,
    0x95,0xce,0x13,0xbe,0x34,0xbe,0x33,0xbe,0x33,0xbe,0x34,0xc6,0x34,0xbe,0x34,0xc6,0x54,0xc6,0x54,0xc6,0x54,0xc6,0x54,0xc6,
    0x54,0xc6,0x54,0xc6,0x54,0xc6,0x54,0xc6,0x54,0xc6,0x54,0xc6,0x54,0xc6,0x54,0xc6,0x54,0xc6,0x54,0xc6,0x54,0xc6,0x54,0xc6,
    0x54,0xc6,0x54,0xc6,0x54,0xc6,0x54,0xc6,0x54,0xc6,0x74,0xc6,0x50,0x9d,0x4c,0x7c,0x71,0xa5,0xdc,0xff,0xbb,0xff,0xbb,0xff,
    0xbb,0xff,0xbb,0xff,0xbb,0xff,0xbb,0xff,0xbb,0xff,0xbc,0xff,0xdc,0xff,0x96,0xd6,0x0c,0x7c,0x0b,0x74,0x92,0xad,0x19,0xe7,
    0xbb,0xff,0xfd,0xff,0xf4,0xbd,0x31,0x9d,0xdc,0xff,0x9b,0xf7,0x9b,0xf7,0xbc,0xff,0xfd,0xff,0xd7,0xd6,0xb1,0xad,0x91,0xad,
    0x2c,0x7c,0xc8,0x52,0x49,0x63,0x30,0x9d,0xbb,0xff,0xfd,0xff,0x6f,0x8c,0xa7,0x4a,0x5a,0xef,0xdc,0xff,0xbc,0xff,0xbc,0xff,
    0xbc,0xff,0xbb,0xff,0xdc,0xff,0x1a,0xe7,0x09,0x5b,0xc8,0x52,0xe8,0x52,0x09,0x5b,0x09,0x5b,0xe9,0x5a,0x09,0x5b,0x09,0x5b,
    0x09,0x5b,0x09,0x5b,0x09,0x5b,0x09,0x5b,0x09,0x5b,0x09,0x5b,0xe9,0x5a,0x09,0x5b,0x09,0x5b,0x29,0x5b,0x56,0xce,0x3a,0xef,
    0xbb,0xf7,0xbb,0xff,0xbb,0xff,0xbc,0xff,0xbc,0xff,0xbc,0xff,0xbc,0xff,0xbc,0xff,0x9b,0xf7,0xfd,0xff,0x15,0xbe,0xe8,0x52,
    0x29,0x5b,0xb1,0xad,0xd7,0xd6,0xbc,0xff,0x7a,0xef,0x5a,0xef,0x5a,0xef,0x5a,0xef,0x9b,0xf7,0xb7,0xd6,0x8d,0x84,0x0c,0x7c,
    0x0c,0x7c,0x4c,0x84,0x8d,0x84,0x30,0x9d,0x74,0xc6,0x74,0xc6,0x74,0xc6,0x75,0xce,0x75,0xc6,0x74,0xc6,0x75,0xc6,0x54,0xc6,
    0x34,0xc6,0x54,0xc6,0x54,0xc6,0x54,0xc6,0x54,0xc6,0x54,0xc6,0x54,0xc6,0x54,0xc6,0x54,0xc6,0x54,0xc6,0x54,0xc6,0x75,0xc6,
    0x54,0xc6,0xf7,0xde,0xdc,0xff,0xbc,0xff,0xbc,0xff,0xbc,0xff,0xbc,0xff,0xbc,0xff,0xbc,0xff,0xbc,0xff,0xbc,0xff,0xbc,0xff,
    0xbb,0xff,0xbb,0xff,0xbb,0xff,0x9b,0xff,0xbb,0xff,0xbc,0xff,0xbc,0xff,0xbc,0xff,0xbc,0xff,0xbc,0xff,0xbc,0xff,0xbb,0xff,
    0xbb,0xff,0xbb,0xff,0xbc,0xff,0xbc,0xff,0xbc,0xff,0xbb,0xff,0xbb,0xff,0xbb,0xff,0xbb,0xff,0xbc,0xff,0xbc,0xff,0xbc,0xff,
    0xbc,0xff,0xbc,0xff,0xbb,0xff,0xbc,0xff,0xbb,0xff,0xbc,0xff,0xbc,0xff,0xbc,0xff,0xbc,0xff,0xbc,0xff,0xbb,0xff,0xbb,0xff,
    0xbc,0xff,0xbc,0xff,0xbc,0xff,0xbc,0xff,0xbc,0xff,0xbc,0xff,0xbc,0xff,0xbc,0xff,0xbc,0xff,0xbc,0xff,0xbc,0xff,0xbc,0xff,
    0xbc,0xff,0xbc,0xff,0xbc,0xff,0xbc,0xff,0xbc,0xff,0xbc,0xff,0xbc,0xff,0xbc,0xff,0xbc,0xff,0xbc,0xff,0xbc,0xff,0xbc,0xff,
    0xbb,0xff,0xbc,0xff,0xbc,0xff,0xbc,0xff,0xbc,0xff,0xbc,0xff,0xbb,0xff,0xbb,0xff,0xbb,0xff,0xbb,0xff,0xbb,0xff,0xbb,0xff,
    0xbc,0xff,0xbc,0xff,0xbb,0xff,0xbb,0xff,0xbc,0xff,0xbc,0xff,0xbc,0xff,0xbc,0xff,0xdc,0xff,0xb6,0xd6,0x33,0xbe,0x33,0xbe,
    0x33,0xbe,0x54,0xc6,0x54,0xc6,0x34,0xc6,0x34,0xbe,0x34,0xc6,0x34,0xbe,0x34,0xbe,0x34,0xbe,0x54,0xc6,0x34,0xbe,0x34,0xbe,
    0x54,0xc6,0x54,0xc6,0x54,0xc6,0x54,0xc6,0x54,0xc6,0x54,0xc6,0x54,0xc6,0x54,0xc6,0x54,0xc6,0x54,0xc6,0x54,0xc6,0x54,0xc6,
    0x54,0xc6,0x54,0xc6,0x54,0xc6,0x54,0xc6,0x54,0xc6,0x74,0xc6,0x50,0xa5,0x4c,0x7c,0x71,0xa5,0xdc,0xff,0xbb,0xff,0xbc,0xff,
    0xbb,0xff,0xbb,0xff,0xbb,0xff,0xbb,0xff,0xbb,0xff,0x9b,0xf7,0x5a,0xef,0xec,0x73,0x2d,0x7c,0xb6,0xd6,0xd8,0xde,0xbc,0xff,
    0x9b,0xf7,0x9b,0xf7,0xdc,0xff,0xbb,0xff,0x9b,0xff,0xbb,0xff,0xbb,0xff,0xbb,0xff,0x9b,0xf7,0xbb,0xff,0x38,0xe7,0xb1,0xad,
    0xae,0x8c,0x8e,0x8c,0x29,0x5b,0x0d,0x7c,0xbc,0xf7,0xfd,0xff,0x6e,0x8c,0x87,0x4a,0x5a,0xef,0xdc,0xff,0xbc,0xff,0xbc,0xff,
    0xbc,0xff,0xbc,0xff,0xdc,0xff,0x39,0xe7,0x09,0x5b,0xe8,0x52,0x09,0x5b,0x09,0x5b,0x09,0x5b,0x09,0x5b,0x09,0x5b,0x09,0x5b,
    0x09,0x5b,0x09,0x5b,0x09,0x5b,0x09,0x5b,0x09,0x5b,0x09,0x5b,0x09,0x5b,0x09,0x5b,0x29,0x5b,0x4a,0x63,0xa8,0x4a,0xf0,0x9c,
    0xfd,0xff,0x9b,0xff,0xbb,0xff,0xbc,0xff,0xbc,0xff,0xbc,0xff,0xbc,0xff,0xbc,0xff,0x9b,0xf7,0xfd,0xff,0x15,0xbe,0xc8,0x52,
    0x4a,0x5b,0xd2,0xb5,0xf7,0xde,0xbc,0xff,0xbb,0xff,0xbc,0xff,0xbc,0xff,0xbc,0xff,0xdc,0xff,0x7a,0xef,0xd3,0xb5,0x92,0xad,
    0x92,0xad,0xb3,0xb5,0x51,0xa5,0xae,0x8c,0x50,0xa5,0x50,0xa5,0x50,0xa5,0x71,0xa5,0x91,0xad,0x91,0xad,0xb2,0xad,0x54,0xc6,
    0x54,0xc6,0x54,0xc6,0x54,0xc6,0x54,0xc6,0x54,0xc6,0x54,0xc6,0x54,0xc6,0x33,0xbe,0x33,0xbe,0x34,0xc6,0x54,0xc6,0x54,0xc6,
    0x33,0xbe,0x95,0xce,0x39,0xe7,0x39,0xe7,0x39,0xef,0x39,0xe7,0x39,0xe7,0x9b,0xf7,0xbc,0xff,0xbb,0xff,0xbb,0xff,0xbb,0xff,
    0x9b,0xff,0xbb,0xff,0xbc,0xff,0xbb,0xff,0xbb,0xff,0xbc,0xff,0xbc,0xff,0xbc,0xff,0xbc,0xff,0xbc,0xff,0xbb,0xff,0xbb,0xff,
    0xbb,0xff,0xbc,0xff,0xbc,0xff,0xbc,0xff,0xbc,0xff,0xbb,0xff,0xbb,0xff,0xbc,0xff,0xbc,0xff,0xbc,0xff,0xbb,0xff,0xbb,0xff,
    0xbb,0xff,0xbc,0xff,0xbb,0xff,0xbc,0xff,0xbb,0xff,0xbc,0xff,0xbc,0xff,0xbc,0xff,0xbc,0xff,0xbc,0xff,0xbb,0xff,0xbb,0xff,
    0xbc,0xff,0xbc,0xff,0xbc,0xff,0xbc,0xff,0xbc,0xff,0xbc,0xff,0xbc,0xff,0xbc,0xff,0xbc,0xff,0xbc,0xff,0xbc,0xff,0xbc,0xff,
    0xbc,0xff,0xbc,0xff,0xbc,0xff,0xbc,0xff,0xbc,0xff,0xbc,0xff,0xbc,0xff,0xbc,0xff,0xbc,0xff,0xbc,0xff,0xbc,0xff,0xbb,0xff,
    0xbb,0xff,0xbc,0xff,0xbc,0xff,0x9b,0xf7,0x9b,0xf7,0x9b,0xf7,0x9b,0xf7,0x9b,0xff,0xbb,0xff,0xbb,0xff,0x9b,0xff,0x9b,0xf7,
    0x9b,0xf7,0x9b,0xf7,0x9b,0xf7,0xbb,0xff,0x9b,0xf7,0x59,0xef,0x39,0xe7,0x38,0xe7,0x39,0xef,0x75,0xce,0x33,0xbe,0x54,0xc6,
    0x34,0xc6,0x34,0xbe,0x34,0xbe,0x34,0xbe,0x33,0xbe,0x34,0xbe,0x34,0xbe,0x34,0xbe,0x54,0xc6,0x54,0xc6,0x34,0xbe,0x34,0xbe,
    0x34,0xc6,0x54,0xc6,0x54,0xc6,0x54,0xc6,0x54,0xc6,0x54,0xc6,0x54,0xc6,0x54,0xc6,0x54,0xc6,0x54,0xc6,0x54,0xc6,0x54,0xc6,
    0x54,0xc6,0x54,0xc6,0x54,0xc6,0x54,0xc6,0x54,0xc6,0x74,0xc6,0x50,0xa5,0x4c,0x7c,0x71,0xa5,0xdc,0xff,0xbb,0xff,0xbc,0xff,
    0xbb,0xff,0xbb,0xff,0xbb,0xff,0x9b,0xf7,0xdc,0xff,0x97,0xd6,0x6e,0x84,0x4d,0x7c,0x10,0x9d,0xdb,0xff,0x3a,0xef,0xbc,0xff,
    0xbb,0xff,0xdc,0xff,0x35,0xc6,0x14,0xc6,0xbb,0xff,0xbb,0xff,0xbb,0xff,0xbb,0xff,0xbb,0xff,0x7a,0xf7,0x75,0xce,0x75,0xce,
    0x71,0xa5,0xef,0x94,0x4a,0x63,0x0d,0x7c,0x9b,0xf7,0xfd,0xff,0x4e,0x84,0x87,0x4a,0x5a,0xef,0xdc,0xff,0xbc,0xff,0xbc,0xff,
    0xbc,0xff,0xbb,0xff,0xdc,0xff,0x39,0xe7,0x09,0x5b,0xe8,0x52,0xe9,0x5a,0xe9,0x5a,0x09,0x5b,0x09,0x5b,0x09,0x5b,0x09,0x5b,
    0x09,0x5b,0x09,0x5b,0x09,0x5b,0x09,0x5b,0x09,0x5b,0x09,0x5b,0x09,0x5b,0x09,0x5b,0x09,0x5b,0x29,0x5b,0xe9,0x52,0x8b,0x6b,
    0xb0,0x94,0x5a,0xef,0xdc,0xff,0x9b,0xff,0xbc,0xff,0xbc,0xff,0xbc,0xff,0xbc,0xff,0x9b,0xf7,0xfd,0xff,0x15,0xc6,0xc8,0x52,
    0x4a,0x5b,0xb2,0xad,0xd7,0xd6,0xbc,0xff,0x9b,0xf7,0x9b,0xff,0xbb,0xff,0xbc,0xff,0xbc,0xff,0xbc,0xff,0xdc,0xff,0xdc,0xff,
    0xdc,0xff,0xfd,0xff,0x7b,0xf7,0x6d,0x84,0x2c,0x7c,0x4c,0x7c,0x4c,0x7c,0x4c,0x84,0x6d,0x84,0x6d,0x84,0xce,0x8c,0xf3,0xb5,
    0x13,0xbe,0xf3,0xbd,0x13,0xbe,0xf3,0xb5,0xf3,0xb5,0x54,0xc6,0x54,0xc6,0x33,0xbe,0x34,0xbe,0x54,0xc6,0x54,0xc6,0x34,0xbe,
    0x54,0xc6,0x33,0xbe,0x13,0xbe,0x33,0xbe,0x34,0xbe,0x33,0xbe,0x33,0xbe,0x7a,0xf7,0xdc,0xff,0xdc,0xff,0xdc,0xff,0xbc,0xff,
    0xbc,0xff,0xdc,0xff,0xbb,0xff,0xbb,0xff,0xbc,0xff,0xbc,0xff,0xbc,0xff,0xbc,0xff,0xbc,0xff,0xbb,0xff,0xbb,0xff,0xbc,0xff,
    0xbb,0xff,0xbc,0xff,0xbc,0xff,0xbb,0xff,0xbb,0xff,0xbc,0xff,0xbc,0xff,0xbb,0xff,0xbc,0xff,0xbc,0xff,0xbb,0xff,0xbb,0xff,
    0xbb,0xff,0xbc,0xff,0xbb,0xff,0xbb,0xff,0xbc,0xff,0xbc,0xff,0xbc,0xff,0xbc,0xff,0xbb,0xff,0xbc,0xff,0xbc,0xff,0xbc,0xff,
    0xbc,0xff,0xbc,0xff,0xbc,0xff,0xbc,0xff,0xbc,0xff,0xbc,0xff,0xbc,0xff,0xbc,0xff,0xbc,0xff,0xbc,0xff,0xbc,0xff,0xbc,0xff,
    0xbc,0xff,0xbc,0xff,0xbc,0xff,0xbc,0xff,0xbc,0xff,0xbc,0xff,0xbc,0xff,0xbc,0xff,0xbc,0xff,0xbc,0xff,0xbc,0xff,0xbc,0xff,
    0xbc,0xff,0xbc,0xff,0xdc,0xff,0xfe,0xff,0xfe,0xff,0xfd,0xff,0xfd,0xff,0xbb,0xff,0x9b,0xff,0xbb,0xff,0xdc,0xff,0xfe,0xff,
    0xfd,0xff,0xfd,0xff,0xfd,0xff,0xbb,0xff,0x7a,0xef,0x34,0xbe,0x34,0xbe,0x33,0xbe,0x33,0xbe,0x54,0xc6,0x54,0xc6,0x34,0xc6,
    0x54,0xc6,0x54,0xc6,0x34,0xbe,0x33,0xbe,0x33,0xbe,0x54,0xc6,0x54,0xc6,0x54,0xc6,0x54,0xc6,0x54,0xc6,0x54,0xc6,0x54,0xc6,
    0x34,0xc6,0x54,0xc6,0x54,0xc6,0x54,0xc6,0x54,0xc6,0x54,0xc6,0x54,0xc6,0x54,0xc6,0x54,0xc6,0x54,0xc6,0x54,0xc6,0x54,0xc6,
    0x54,0xc6,0x54,0xc6,0x54,0xc6,0x54,0xc6,0x54,0xc6,0x74,0xc6,0x71,0xa5,0x4c,0x7c,0x71,0xa5,0xdc,0xff,0xbb,0xff,0xbc,0xff,
    0xbb,0xff,0xbc,0xff,0xbc,0xff,0x9b,0xf7,0xfd,0xff,0x76,0xce,0x29,0x53,0xae,0x8c,0x75,0xc6,0xdc,0xff,0xbb,0xff,0xbb,0xff,
    0xbb,0xff,0xdc,0xff,0x4d,0x84,0x2d,0x7c,0xdb,0xff,0x9b,0xff,0xbc,0xff,0xbc,0xff,0xbb,0xff,0x39,0xef,0xb6,0xd6,0xfc,0xff,
    0x75,0xce,0x50,0x9d,0x49,0x5b,0xec,0x73,0x9b,0xf7,0xfd,0xff,0x4e,0x8c,0xa7,0x4a,0x5a,0xef,0xdc,0xff,0xbc,0xff,0xbc,0xff,
    0xbc,0xff,0xbb,0xff,0xdc,0xff,0x19,0xe7,0x09,0x5b,0xe9,0x52,0x09,0x5b,0x09,0x5b,0x09,0x5b,0x09,0x5b,0x09,0x5b,0x09,0x5b,
    0x09,0x5b,0x09,0x5b,0x09,0x5b,0x09,0x5b,0x09,0x5b,0x09,0x5b,0x09,0x5b,0x09,0x5b,0x09,0x5b,0x09,0x5b,0x09,0x5b,0xe9,0x52,
    0xe9,0x5a,0xf9,0xde,0xbc,0xff,0xbc,0xff,0xbc,0xff,0xbc,0xff,0xbc,0xff,0xbc,0xff,0x9b,0xf7,0xfd,0xff,0x36,0xc6,0xe8,0x52,
    0x4a,0x5b,0xb2,0xad,0xd6,0xd6,0xbc,0xff,0x9b,0xff,0xbb,0xff,0xbc,0xff,0xbc,0xff,0xbc,0xff,0xbc,0xff,0xbb,0xff,0x9b,0xff,
    0x9b,0xff,0xbb,0xff,0x9b,0xf7,0x76,0xce,0x76,0xce,0x76,0xce,0x76,0xce,0x76,0xce,0x76,0xce,0x76,0xce,0xae,0x8c,0x6d,0x84,
    0x8d,0x84,0x6d,0x84,0x6d,0x84,0x6d,0x84,0xae,0x8c,0x34,0xbe,0x74,0xc6,0x54,0xc6,0x74,0xc6,0x75,0xc6,0x75,0xc6,0x54,0xc6,
    0x34,0xbe,0x54,0xc6,0x54,0xc6,0x34,0xc6,0x54,0xc6,0x54,0xc6,0x54,0xc6,0xb6,0xd6,0xd7,0xd6,0xd7,0xde,0xd7,0xd6,0xb6,0xd6,
    0xb6,0xd6,0xf7,0xde,0x9b,0xff,0xbb,0xff,0xbc,0xff,0xbb,0xff,0xbb,0xff,0xbb,0xff,0xbb,0xff,0xbb,0xff,0xbb,0xff,0xbb,0xff,
    0xbb,0xff,0xbb,0xff,0xbb,0xff,0xbb,0xff,0xbb,0xff,0xbc,0xff,0xbc,0xff,0xbb,0xff,0xbb,0xff,0xbc,0xff,0xbb,0xff,0xbb,0xff,
    0xbc,0xff,0xbc,0xff,0xbb,0xff,0xbb,0xff,0xbc,0xff,0xbb,0xff,0xbb,0xff,0xbb,0xff,0xbc,0xff,0xbb,0xff,0xbc,0xff,0xbc,0xff,
    0xbc,0xff,0xbb,0xff,0xbc,0xff,0xbc,0xff,0xbc,0xff,0xbc,0xff,0xbc,0xff,0xbc,0xff,0xbc,0xff,0xbc,0xff,0xbc,0xff,0xbc,0xff,
    0xbc,0xff,0xbc,0xff,0xbc,0xff,0xbc,0xff,0xbc,0xff,0xbc,0xff,0xbc,0xff,0xbc,0xff,0xbc,0xff,0xbc,0xff,0xbc,0xff,0xbc,0xff,
    0xbc,0xff,0xdc,0xff,0xd8,0xde,0x4f,0x8c,0x90,0x94,0x4f,0x8c,0x2e,0x84,0x97,0xd6,0xbb,0xff,0xdc,0xff,0xd9,0xde,0x4f,0x8c,
    0x4f,0x8c,0x2e,0x84,0x4f,0x8c,0x39,0xef,0xdc,0xff,0x18,0xdf,0x54,0xc6,0x54,0xc6,0x54,0xc6,0x54,0xc6,0x54,0xc6,0x54,0xc6,
    0x54,0xc6,0x54,0xc6,0x54,0xc6,0x54,0xc6,0x54,0xc6,0x54,0xc6,0x54,0xc6,0x54,0xc6,0x54,0xc6,0x54,0xc6,0x54,0xc6,0x54,0xc6,
    0x54,0xc6,0x54,0xc6,0x54,0xc6,0x54,0xc6,0x54,0xc6,0x54,0xc6,0x54,0xc6,0x54,0xc6,0x54,0xc6,0x54,0xc6,0x54,0xc6,0x54,0xc6,
    0x54,0xc6,0x54,0xc6,0x54,0xc6,0x54,0xc6,0x54,0xc6,0x75,0xc6,0x71,0xa5,0x6d,0x84,0x71,0xad,0xdc,0xff,0xbb,0xff,0xbc,0xff,
    0xbc,0xff,0xbc,0xff,0xbb,0xff,0xbc,0xff,0x96,0xd6,0x92,0xad,0x2c,0x7c,0x14,0xbe,0x34,0xc6,0x5a,0xef,0xbc,0xff,0xbb,0xff,
    0xbb,0xff,0xdc,0xff,0xaf,0x8c,0xae,0x8c,0xbb,0xff,0xbb,0xff,0x7b,0xf7,0x5a,0xef,0x9b,0xff,0xbb,0xff,0xdb,0xff,0xdc,0xff,
    0x75,0xce,0x50,0x9d,0x09,0x5b,0xcc,0x73,0x9b,0xf7,0xfd,0xff,0x6e,0x8c,0xa8,0x4a,0x5a,0xef,0xdc,0xff,0xbb,0xff,0xbc,0xff,
    0xbc,0xff,0xbc,0xff,0xdc,0xff,0x19,0xe7,0x09,0x5b,0xe8,0x52,0xe8,0x52,0xe8,0x52,0xe8,0x52,0xe8,0x52,0xe8,0x52,0xe8,0x52,
    0xc8,0x52,0xe8,0x52,0xe8,0x52,0xe9,0x52,0xe8,0x52,0xe8,0x52,0xe8,0x52,0xe8,0x52,0xe8,0x52,0xc8,0x52,0xc8,0x52,0xe9,0x5a,
    0x6b,0x6b,0x8b,0x6b,0x31,0xa5,0xfd,0xff,0x9b,0xff,0xbc,0xff,0xbc,0xff,0xbc,0xff,0x9b,0xf7,0xfd,0xff,0x56,0xce,0xe8,0x52,
    0x2a,0x5b,0xb2,0xad,0xd6,0xd6,0xbc,0xff,0xbb,0xff,0xbc,0xff,0xbc,0xff,0xbc,0xff,0xbc,0xff,0xbc,0xff,0xbc,0xff,0xbc,0xff,
    0xbc,0xff,0xbc,0xff,0xbc,0xff,0xdc,0xff,0xdd,0xff,0xfd,0xff,0xfd,0xff,0xdd,0xff,0xdd,0xff,0xdc,0xff,0xd3,0xbd,0x92,0xad,
    0xb2,0xb5,0x92,0xad,0x92,0xad,0xb3,0xb5,0x51,0xa5,0x50,0xa5,0x71,0xa5,0x50,0xa5,0x71,0xa5,0x91,0xad,0x71,0xa5,0x71,0xa5,
    0x54,0xbe,0x54,0xc6,0x54,0xc6,0x54,0xc6,0x54,0xc6,0x54,0xc6,0x54,0xc6,0x33,0xbe,0x33,0xbe,0x33,0xbe,0x33,0xbe,0x33,0xbe,
    0x13,0xbe,0x54,0xc6,0x9b,0xff,0xbc,0xff,0xbc,0xff,0xbc,0xff,0xbb,0xff,0xbb,0xff,0xbb,0xff,0xbb,0xff,0xbb,0xff,0xbb,0xff,
    0xbc,0xff,0xbc,0xff,0xbc,0xff,0xbc,0xff,0xbc,0xff,0xbc,0xff,0xbc,0xff,0xbc,0xff,0xbc,0xff,0xbb,0xff,0xbb,0xff,0xbb,0xff,
    0xbb,0xff,0xbb,0xff,0xbb,0xff,0xbb,0xff,0xbb,0xff,0xbb,0xff,0xbb,0xff,0xbb,0xff,0xbb,0xff,0xbc,0xff,0xbb,0xff,0xbb,0xff,
    0xbb,0xff,0xbb,0xff,0xbb,0xff,0xbb,0xff,0xbb,0xff,0xbc,0xff,0xbc,0xff,0xbc,0xff,0xbc,0xff,0xbc,0xff,0xbc,0xff,0xbc,0xff,
    0xbc,0xff,0xbc,0xff,0xbc,0xff,0xbc,0xff,0xbc,0xff,0xbc,0xff,0xbc,0xff,0xbc,0xff,0xbc,0xff,0xbc,0xff,0xbc,0xff,0xbc,0xff,
    0x9b,0xf7,0xfd,0xff,0x94,0xb5,0x20,0x00,0x81,0x10,0x60,0x08,0x00,0x00,0x12,0xa5,0xfd,0xff,0xfd,0xff,0xb5,0xb5,0x00,0x00,
    0x81,0x10,0x61,0x08,0xa1,0x10,0xb8,0xd6,0xfe,0xff,0x9c,0xf7,0x34,0xbe,0x53,0xc6,0x74,0xc6,0x74,0xc6,0x74,0xc6,0x74,0xc6,
    0x75,0xc6,0x75,0xc6,0x74,0xc6,0x54,0xc6,0x54,0xc6,0x54,0xc6,0x54,0xc6,0x74,0xc6,0x54,0xc6,0x54,0xc6,0x54,0xc6,0x54,0xc6,
    0x54,0xc6,0x54,0xc6,0x74,0xc6,0x75,0xc6,0x74,0xc6,0x54,0xc6,0x54,0xc6,0x54,0xc6,0x54,0xc6,0x54,0xc6,0x54,0xc6,0x54,0xc6,
    0x54,0xc6,0x54,0xc6,0x54,0xc6,0x74,0xc6,0x54,0xc6,0x95,0xce,0x91,0xa5,0x6d,0x84,0x92,0xad,0xdc,0xff,0xbb,0xff,0xbc,0xff,
    0xbc,0xff,0xbc,0xff,0xbc,0xff,0xdc,0xff,0x71,0xa5,0x6d,0x84,0xcf,0x94,0x39,0xe7,0x7a,0xf7,0x7a,0xf7,0xbc,0xff,0xbb,0xff,
    0xbb,0xff,0xdc,0xff,0xcf,0x94,0xaf,0x8c,0xbc,0xff,0xfd,0xff,0x15,0xbe,0xcf,0x94,0xdc,0xff,0xbb,0xff,0x9b,0xf7,0xdc,0xff,
    0x96,0xce,0x2f,0x9d,0x09,0x5b,0xcc,0x73,0x9b,0xf7,0xfc,0xff,0x6e,0x8c,0xa8,0x4a,0x5a,0xef,0xdc,0xff,0xbc,0xff,0xbc,0xff,
    0xbc,0xff,0xbb,0xff,0xdc,0xff,0x3a,0xe7,0xc8,0x52,0x2e,0x84,0xd9,0xde,0xb8,0xd6,0xb8,0xd6,0xb7,0xd6,0xb7,0xd6,0x97,0xd6,
    0x97,0xd6,0x97,0xd6,0xb8,0xd6,0x97,0xd6,0x97,0xd6,0x97,0xd6,0x97,0xd6,0x97,0xd6,0x97,0xd6,0x97,0xd6,0x97,0xd6,0xd9,0xde,
    0x2e,0x84,0x66,0x42,0x8f,0x94,0xfd,0xff,0x9b,0xff,0xbc,0xff,0xbc,0xff,0xbc,0xff,0x9b,0xf7,0xfd,0xff,0x56,0xce,0xe8,0x52,
    0x4a,0x5b,0xb2,0xad,0xd6,0xd6,0xbc,0xff,0xbb,0xff,0xbc,0xff,0xbc,0xff,0xbc,0xff,0xbc,0xff,0xbc,0xff,0xbb,0xff,0xbc,0xff,
    0xbc,0xff,0xbc,0xff,0xbc,0xff,0x9b,0xff,0x9b,0xff,0x9b,0xff,0x9b,0xf7,0x9b,0xf7,0x9b,0xff,0xbb,0xff,0xdc,0xff,0xdc,0xff,
    0xdc,0xff,0xdc,0xff,0xdc,0xff,0xfd,0xff,0x35,0xc6,0x6d,0x84,0x8d,0x84,0x6d,0x84,0x8d,0x84,0x8d,0x84,0x6d,0x84,0xae,0x8c,
    0x33,0xbe,0x33,0xbe,0x34,0xbe,0x54,0xc6,0x33,0xbe,0x54,0xc6,0x54,0xc6,0x54,0xc6,0x54,0xc6,0x34,0xc6,0x34,0xc6,0x54,0xc6,
    0x54,0xc6,0x54,0xc6,0x95,0xce,0x95,0xce,0x95,0xce,0x95,0xce,0x75,0xce,0x75,0xce,0x75,0xce,0x75,0xce,0x75,0xce,0x95,0xce,
    0xd7,0xde,0x18,0xe7,0x39,0xe7,0x39,0xef,0x59,0xef,0x18,0xe7,0x75,0xce,0xf0,0x94,0x97,0xd6,0xdc,0xff,0xbb,0xff,0xbc,0xff,
    0xbb,0xff,0xbc,0xff,0xbc,0xff,0xbc,0xff,0xbc,0xff,0xbc,0xff,0xbc,0xff,0xbc,0xff,0xbc,0xff,0xbc,0xff,0xbc,0xff,0xbc,0xff,
    0xbc,0xff,0xbb,0xff,0xbb,0xff,0xbb,0xff,0xbc,0xff,0xbc,0xff,0xbb,0xff,0xbc,0xff,0xbc,0xff,0xbb,0xff,0xbc,0xff,0xbc,0xff,
    0xbc,0xff,0xbc,0xff,0xbc,0xff,0xbc,0xff,0xbc,0xff,0xbc,0xff,0xbc,0xff,0xbc,0xff,0xbc,0xff,0xbc,0xff,0xbb,0xff,0xfd,0xff,
    0x7b,0xf7,0x27,0x42,0x07,0x42,0xd5,0xbd,0x78,0xd6,0x36,0xce,0x77,0xce,0xb1,0x94,0x2b,0x63,0xfe,0xff,0x7b,0xf7,0x77,0xd6,
    0xca,0x5a,0xc2,0x18,0x44,0x29,0x48,0x4a,0x07,0x42,0x53,0xad,0xfc,0xff,0x18,0xe7,0x95,0xce,0x95,0xce,0x75,0xce,0x74,0xc6,
    0x75,0xce,0x95,0xce,0x74,0xc6,0xd6,0xd6,0x59,0xef,0x7a,0xef,0x7a,0xf7,0x9a,0xf7,0x7a,0xf7,0x7a,0xf7,0x7a,0xf7,0x7a,0xef,
    0x79,0xef,0x39,0xe7,0x95,0xce,0x75,0xce,0x74,0xc6,0x74,0xc6,0x74,0xc6,0x74,0xc6,0x74,0xc6,0x74,0xc6,0x74,0xc6,0x75,0xc6,
    0x74,0xc6,0x75,0xc6,0x75,0xc6,0x75,0xc6,0x74,0xc6,0x95,0xce,0x91,0xad,0x8d,0x84,0x92,0xad,0xdc,0xff,0xbb,0xff,0xbc,0xff,
    0xbc,0xff,0xbc,0xff,0xbc,0xff,0xdc,0xff,0x71,0xad,0x6d,0x84,0xf9,0xde,0x9c,0xf7,0xdc,0xff,0xbb,0xff,0xbb,0xff,0xbb,0xff,
    0xbb,0xff,0xdd,0xff,0xcf,0x94,0xae,0x8c,0xfd,0xff,0x92,0xad,0x92,0xad,0xf8,0xde,0xbb,0xff,0x9b,0xff,0xdc,0xff,0xfd,0xff,
    0x75,0xce,0x2f,0x9d,0x09,0x5b,0xcc,0x73,0x9b,0xf7,0xfc,0xff,0x6e,0x8c,0xa8,0x4a,0x5a,0xef,0xdc,0xff,0xbb,0xff,0xbc,0xff,
    0xbc,0xff,0xbb,0xff,0xdc,0xff,0x3a,0xe7,0xa8,0x4a,0x8f,0x8c,0xfc,0xff,0xbb,0xff,0xdc,0xff,0xbb,0xff,0xdc,0xff,0xdc,0xff,
    0xdc,0xff,0xdc,0xff,0xfc,0xff,0xdc,0xff,0xbb,0xff,0xbb,0xff,0xbb,0xff,0xbb,0xff,0xbb,0xff,0xbb,0xff,0x59,0xef,0x18,0xdf,
    0xaf,0x8c,0xe9,0x5a,0x11,0x9d,0xfd,0xff,0x9b,0xff,0xbc,0xff,0xbc,0xff,0xbc,0xff,0x9b,0xff,0xfd,0xff,0x56,0xce,0xe8,0x52,
    0x2a,0x5b,0xb2,0xad,0xd6,0xd6,0xbc,0xff,0xbb,0xff,0xbc,0xff,0xbc,0xff,0xbc,0xff,0xbc,0xff,0xbc,0xff,0xbc,0xff,0xbb,0xff,
    0xbb,0xff,0xbb,0xff,0xbc,0xff,0xbc,0xff,0xbc,0xff,0xbc,0xff,0xbc,0xff,0xbc,0xff,0xbc,0xff,0xbc,0xff,0xbb,0xff,0xbb,0xff,
    0xbb,0xff,0xbb,0xff,0x9b,0xf7,0xbc,0xff,0x3a,0xef,0xf8,0xde,0xf8,0xde,0xf8,0xde,0xf8,0xde,0xf8,0xe6,0xb3,0xb5,0x4c,0x84,
    0xae,0x8c,0x8d,0x8c,0xae,0x8c,0xae,0x8c,0xae,0x8c,0x50,0xa5,0x95,0xce,0x74,0xc6,0x54,0xc6,0x54,0xc6,0x74,0xc6,0x75,0xc6,
    0x54,0xc6,0x54,0xc6,0x33,0xbe,0x33,0xbe,0x33,0xbe,0x33,0xbe,0x13,0xbe,0x13,0xbe,0x13,0xbe,0x33,0xbe,0x33,0xbe,0x33,0xbe,
    0x54,0xc6,0x54,0xc6,0x54,0xc6,0x54,0xc6,0x54,0xc6,0x74,0xc6,0xd2,0xb5,0xeb,0x73,0x35,0xc6,0xfc,0xff,0x7b,0xf7,0x9b,0xf7,
    0x9b,0xf7,0x9b,0xf7,0x9b,0xf7,0x9b,0xf7,0x9b,0xf7,0x9b,0xf7,0x9b,0xf7,0x9b,0xf7,0x9b,0xf7,0x9b,0xf7,0x9b,0xf7,0x9b,0xf7,
    0x9b,0xf7,0x9b,0xf7,0x9b,0xf7,0x9b,0xf7,0x9b,0xf7,0xbb,0xff,0xbb,0xff,0xbb,0xff,0xbb,0xff,0xbb,0xff,0xbb,0xff,0xbc,0xff,
    0xbb,0xff,0xbc,0xff,0xbc,0xff,0xbc,0xff,0xbb,0xff,0xbb,0xff,0xbb,0xff,0xbc,0xff,0xbc,0xff,0xbb,0xff,0xbc,0xff,0x7b,0xf7,
    0x95,0xb5,0xa5,0x31,0x88,0x52,0xdc,0xff,0x5b,0xef,0xd8,0xde,0x5a,0xef,0x4f,0x8c,0x07,0x42,0xb9,0xde,0x56,0xce,0xf8,0xe6,
    0x0a,0x63,0xe2,0x18,0x64,0x29,0x23,0x21,0xa1,0x10,0xcd,0x7b,0xb8,0xd6,0x39,0xe7,0xd6,0xd6,0xb6,0xd6,0xb6,0xd6,0xb6,0xd6,
    0xb6,0xd6,0xb6,0xd6,0xb6,0xd6,0x39,0xe7,0xbc,0xff,0x3a,0xef,0x3a,0xe7,0x19,0xe7,0x3a,0xef,0x3a,0xef,0x39,0xef,0x3a,0xef,
    0x9b,0xf7,0x9c,0xf7,0xd7,0xd6,0xb6,0xd6,0x95,0xce,0x75,0xce,0x75,0xce,0x75,0xce,0x75,0xce,0x75,0xce,0x75,0xce,0x75,0xce,
    0x75,0xce,0x75,0xce,0x75,0xce,0x75,0xce,0x75,0xce,0x95,0xce,0x91,0xad,0x8d,0x8c,0xb2,0xb5,0xdc,0xff,0xbb,0xff,0xbc,0xff,
    0xbc,0xff,0xbc,0xff,0xbc,0xff,0xdc,0xff,0x51,0xa5,0x4d,0x84,0x9b,0xff,0xbc,0xff,0x9b,0xf7,0xbc,0xff,0xbc,0xff,0xbb,0xff,
    0xbb,0xff,0xdc,0xff,0xaf,0x8c,0x8e,0x8c,0xd8,0xde,0x8d,0x8c,0x14,0xbe,0xfd,0xff,0x9b,0xf7,0xdc,0xff,0x97,0xd6,0x97,0xd6,
    0x96,0xce,0x50,0x9d,0x09,0x5b,0xcc,0x73,0x9b,0xf7,0xfc,0xff,0x6e,0x8c,0xa8,0x4a,0x5a,0xef,0xdc,0xff,0xbb,0xff,0xbc,0xff,
    0xbc,0xff,0x9b,0xff,0xdc,0xff,0x3a,0xe7,0xa8,0x52,0x2d,0x84,0xd6,0xd6,0x54,0xc6,0x75,0xce,0x54,0xc6,0x59,0xef,0xbc,0xff,
    0x9b,0xf7,0x9b,0xf7,0xbc,0xff,0x7a,0xef,0x34,0xbe,0x54,0xc6,0x54,0xc6,0x54,0xc6,0x54,0xc6,0x54,0xc6,0x54,0xc6,0x34,0xbe,
    0x18,0xe7,0x7b,0xf7,0x9b,0xf7,0xbc,0xff,0xbb,0xff,0xbc,0xff,0xbc,0xff,0xbc,0xff,0x9b,0xf7,0xfd,0xff,0x56,0xce,0xe8,0x52,
    0x2a,0x5b,0xb2,0xad,0xd7,0xd6,0xbc,0xff,0xbb,0xff,0xbb,0xff,0xbc,0xff,0xbc,0xff,0xbc,0xff,0xbc,0xff,0xbc,0xff,0xbb,0xff,
    0xbc,0xff,0xbc,0xff,0xbc,0xff,0xbc,0xff,0xbc,0xff,0xbc,0xff,0xbc,0xff,0xbc,0xff,0xbc,0xff,0xbc,0xff,0xbc,0xff,0xbc,0xff,
    0xbc,0xff,0xbb,0xff,0xbc,0xff,0xbc,0xff,0xdc,0xff,0xdc,0xff,0xdc,0xff,0xdc,0xff,0xdc,0xff,0xfc,0xff,0xb7,0xd6,0x30,0x9d,
    0x71,0xad,0x51,0xa5,0x30,0xa5,0x30,0xa5,0xcf,0x94,0xef,0x94,0xd2,0xb5,0xb2,0xad,0x91,0xad,0x91,0xad,0x91,0xad,0xf3,0xb5,
    0x75,0xc6,0x54,0xc6,0x54,0xc6,0x54,0xc6,0x33,0xbe,0x34,0xbe,0x34,0xbe,0x34,0xbe,0x33,0xbe,0x33,0xbe,0x34,0xc6,0x33,0xc6,
    0x54,0xc6,0x54,0xc6,0x54,0xc6,0x54,0xc6,0x34,0xc6,0x54,0xc6,0xb2,0xad,0x2c,0x74,0x55,0xc6,0xdc,0xff,0xd6,0xd6,0xb6,0xd6,
    0xd6,0xd6,0xd6,0xd6,0xd6,0xd6,0xd6,0xd6,0xd6,0xd6,0xd6,0xd6,0xd6,0xd6,0xd6,0xd6,0xd6,0xd6,0xd6,0xd6,0xd6,0xd6,0xf7,0xde,
    0xf7,0xde,0x18,0xe7,0x38,0xe7,0x38,0xe7,0x7a,0xef,0xbc,0xff,0xbc,0xff,0xdc,0xff,0xbc,0xff,0xdc,0xff,0xdc,0xff,0xdc,0xff,
    0xdc,0xff,0xbc,0xff,0xdc,0xff,0xdc,0xff,0xdc,0xff,0xbc,0xff,0xbc,0xff,0xbb,0xff,0xbc,0xff,0x9b,0xf7,0xfc,0xff,0xd5,0xbd,
    0x40,0x08,0x37,0xce,0xff,0xff,0xdc,0xff,0x48,0x4a,0xa2,0x10,0x23,0x21,0x64,0x29,0x64,0x29,0x43,0x29,0xe2,0x18,0xc2,0x18,
    0x03,0x21,0xa5,0x31,0xc5,0x39,0x44,0x29,0x44,0x29,0x03,0x21,0xe2,0x18,0x78,0xce,0xdc,0xff,0x59,0xf7,0x9b,0xf7,0xbc,0xff,
    0x9b,0xf7,0x7a,0xf7,0x7a,0xf7,0xfd,0xff,0xdd,0xff,0x47,0x4a,0x44,0x29,0x85,0x31,0x64,0x29,0xe3,0x18,0xe3,0x18,0xc2,0x18,
    0x74,0xad,0xff,0xff,0x7b,0xf7,0xbb,0xff,0x38,0xe7,0x54,0xc6,0x95,0xce,0x75,0xce,0x75,0xce,0x75,0xce,0x75,0xce,0x75,0xce,
    0x75,0xce,0x75,0xce,0x75,0xce,0x75,0xce,0x75,0xce,0x95,0xce,0xb2,0xad,0xae,0x8c,0xb3,0xb5,0xdc,0xff,0xbc,0xff,0xbc,0xff,
    0xbb,0xff,0xbc,0xff,0xbc,0xff,0xdc,0xff,0x51,0xa5,0x6d,0x84,0x5a,0xf7,0xfc,0xff,0xfd,0xff,0xbb,0xff,0xbc,0xff,0xbb,0xff,
    0xbb,0xff,0xdc,0xff,0xd0,0x94,0xec,0x73,0xeb,0x73,0x96,0xd6,0xbc,0xff,0x9b,0xf7,0x9b,0xff,0xfc,0xff,0xb2,0xad,0x51,0xa5,
    0x96,0xce,0x50,0x9d,0x09,0x5b,0xcc,0x73,0x9b,0xf7,0xfc,0xff,0x6e,0x8c,0xa8,0x52,0x5a,0xef,0xdc,0xff,0xbc,0xff,0xbc,0xff,
    0xbc,0xff,0x9b,0xff,0xdc,0xff,0x3a,0xe7,0xa8,0x4a,0x2d,0x84,0xd6,0xd6,0x33,0xbe,0x55,0xc6,0x33,0xbe,0x54,0xc6,0x7a,0xf7,
    0xbc,0xff,0x9b,0xf7,0x9a,0xf7,0xb6,0xd6,0x33,0xbe,0x54,0xc6,0x54,0xc6,0x54,0xc6,0x54,0xc6,0x34,0xbe,0x96,0xce,0x9b,0xf7,
    0x9b,0xff,0xbc,0xff,0xbc,0xff,0xbb,0xff,0xbc,0xff,0xbc,0xff,0xbc,0xff,0xbc,0xff,0x9b,0xff,0xfd,0xff,0x56,0xce,0xe8,0x52,
    0x4a,0x63,0xb2,0xad,0xd7,0xd6,0xbc,0xff,0xbb,0xff,0xbb,0xff,0xbc,0xff,0xbc,0xff,0xbc,0xff,0xbc,0xff,0xbc,0xff,0xbc,0xff,
    0xbc,0xff,0xbc,0xff,0xbc,0xff,0xbc,0xff,0xbc,0xff,0xbc,0xff,0xbc,0xff,0xbc,0xff,0xbc,0xff,0xbc,0xff,0xbc,0xff,0xbc,0xff,
    0xbc,0xff,0xbc,0xff,0xbc,0xff,0xbc,0xff,0xbb,0xff,0xbb,0xff,0xbb,0xff,0xbb,0xff,0xbb,0xff,0x9b,0xf7,0xbb,0xff,0xdc,0xff,
    0xdc,0xff,0xdc,0xff,0xbb,0xff,0xfd,0xff,0xf4,0xbd,0x6d,0x84,0xae,0x8c,0xae,0x8c,0x8d,0x84,0x6d,0x84,0x8d,0x8c,0x50,0xa5,
    0x75,0xce,0x54,0xc6,0x54,0xc6,0x34,0xbe,0x33,0xbe,0x33,0xbe,0x34,0xc6,0x34,0xc6,0x33,0xbe,0x33,0xbe,0x33,0xbe,0x33,0xbe,
    0x33,0xbe,0x54,0xc6,0x54,0xc6,0x33,0xbe,0x33,0xbe,0x54,0xc6,0xb2,0xad,0x0b,0x74,0x35,0xc6,0xdc,0xff,0xd6,0xd6,0xb5,0xce,
    0xb6,0xce,0xb6,0xce,0x95,0xce,0x95,0xce,0x95,0xce,0x95,0xce,0xb6,0xce,0xb6,0xce,0x95,0xce,0xb6,0xce,0xb6,0xce,0xb6,0xd6,
    0xb6,0xd6,0xb6,0xd6,0xb6,0xd6,0xb6,0xd6,0xd7,0xd6,0xf7,0xde,0xf7,0xde,0xf8,0xde,0xf8,0xde,0xf8,0xde,0xf8,0xde,0xf8,0xde,
    0xf8,0xde,0xf8,0xde,0x18,0xdf,0x18,0xdf,0x18,0xe7,0x18,0xdf,0x18,0xe7,0x9b,0xff,0xbc,0xff,0xdc,0xff,0xfd,0xff,0x5a,0xef,
    0xd5,0xbd,0x1a,0xe7,0xad,0x73,0x4b,0x6b,0x64,0x29,0x03,0x21,0x43,0x29,0x44,0x29,0x23,0x21,0x23,0x21,0x03,0x21,0xe3,0x20,
    0x23,0x21,0x44,0x29,0x44,0x29,0x23,0x21,0x23,0x21,0x23,0x21,0xe3,0x18,0xcd,0x7b,0xfc,0xff,0xbb,0xff,0xbb,0xff,0xbc,0xff,
    0xbb,0xff,0xdb,0xff,0xdc,0xff,0x2f,0x84,0x6c,0x6b,0x44,0x29,0x03,0x19,0xe2,0x18,0xca,0x5a,0x90,0x94,0x4f,0x8c,0x0f,0x84,
    0x07,0x42,0xce,0x7b,0xfd,0xff,0x9b,0xff,0x7a,0xf7,0x18,0xe7,0xb6,0xd6,0x75,0xce,0x75,0xce,0x75,0xce,0x75,0xce,0x75,0xce,
    0x75,0xce,0x75,0xce,0x75,0xce,0x75,0xce,0x75,0xce,0x95,0xce,0xb2,0xb5,0xce,0x8c,0xb3,0xb5,0xdc,0xff,0xbb,0xff,0xbc,0xff,
    0xbc,0xff,0xbc,0xff,0xbc,0xff,0xdc,0xff,0x51,0xa5,0x6e,0x8c,0x9b,0xff,0x14,0xc6,0x35,0xc6,0xdc,0xff,0xbb,0xff,0xbb,0xff,
    0x9b,0xff,0xdc,0xff,0x0d,0x7c,0xab,0x6b,0x76,0xce,0x5a,0xef,0xbb,0xff,0xbb,0xff,0xbc,0xff,0xbb,0xff,0x9b,0xf7,0xbb,0xff,
    0x75,0xce,0x50,0xa5,0x09,0x5b,0xab,0x73,0x9b,0xf7,0xfc,0xff,0x6e,0x8c,0xc8,0x52,0x5a,0xef,0xdc,0xff,0xbc,0xff,0xbc,0xff,
    0xbc,0xff,0xbb,0xff,0xdc,0xff,0x3a,0xe7,0x87,0x4a,0x4e,0x84,0xbb,0xff,0x59,0xef,0x7a,0xef,0x39,0xef,0xb7,0xd6,0x54,0xc6,
    0x96,0xce,0x74,0xc6,0x33,0xbe,0xb6,0xd6,0x7a,0xef,0x7a,0xf7,0x7a,0xf7,0x7a,0xf7,0x7a,0xf7,0x7a,0xf7,0x7b,0xf7,0xbc,0xff,
    0xbb,0xff,0xbb,0xff,0xbb,0xff,0xbc,0xff,0xbc,0xff,0xbc,0xff,0xbc,0xff,0xbc,0xff,0x9b,0xf7,0xfd,0xff,0x56,0xce,0xe8,0x52,
    0x4a,0x63,0xb2,0xad,0xd6,0xd6,0xbc,0xff,0xbb,0xff,0xbc,0xff,0xbb,0xff,0xbb,0xff,0xbc,0xff,0xbc,0xff,0xbc,0xff,0xbc,0xff,
    0xbc,0xff,0xbc,0xff,0xbc,0xff,0xbc,0xff,0xbc,0xff,0xbc,0xff,0xbc,0xff,0xbc,0xff,0xbc,0xff,0xbc,0xff,0xbc,0xff,0xbc,0xff,
    0xbc,0xff,0xbc,0xff,0xbb,0xff,0xbc,0xff,0xbc,0xff,0xbc,0xff,0xbc,0xff,0xbc,0xff,0xbc,0xff,0xbc,0xff,0xbb,0xff,0xbb,0xff,
    0xbb,0xff,0xbb,0xff,0xbb,0xff,0xbc,0xff,0x5a,0xef,0x19,0xe7,0x39,0xe7,0x39,0xe7,0x18,0xe7,0x39,0xef,0x71,0xad,0xae,0x8c,
    0xef,0x94,0xce,0x94,0xce,0x94,0xae,0x8c,0xce,0x8c,0xce,0x94,0xce,0x94,0xef,0x94,0xef,0x94,0x91,0xad,0x74,0xc6,0x54,0xc6,
    0x54,0xc6,0x74,0xc6,0x74,0xc6,0x54,0xc6,0x54,0xc6,0x74,0xce,0xd2,0xb5,0xcb,0x6b,0x35,0xc6,0xdc,0xff,0xd6,0xd6,0x95,0xce,
    0x95,0xce,0x95,0xce,0x95,0xce,0x95,0xce,0x95,0xce,0x95,0xce,0x95,0xce,0x95,0xce,0x95,0xce,0x75,0xce,0x95,0xce,0x75,0xce,
    0x74,0xc6,0x74,0xc6,0x74,0xc6,0x54,0xc6,0x54,0xc6,0x54,0xc6,0x54,0xc6,0x54,0xc6,0x54,0xc6,0x54,0xc6,0x54,0xc6,0x74,0xc6,
    0x54,0xc6,0x54,0xc6,0x54,0xc6,0x54,0xc6,0x74,0xc6,0x75,0xc6,0x95,0xce,0x7a,0xf7,0xdc,0xff,0x16,0xc6,0xc9,0x5a,0x2b,0x6b,
    0x8c,0x73,0x0a,0x63,0xc2,0x18,0xa1,0x10,0x03,0x21,0x44,0x29,0x44,0x29,0x84,0x31,0x64,0x29,0x64,0x29,0x44,0x29,0x44,0x29,
    0x85,0x31,0xa5,0x31,0x85,0x31,0x44,0x29,0x23,0x21,0x44,0x29,0x23,0x21,0x64,0x29,0x0a,0x63,0xea,0x62,0xb8,0xde,0xbc,0xff,
    0xbc,0xf7,0xb4,0xb5,0xea,0x5a,0x24,0x21,0xc2,0x18,0x24,0x21,0x44,0x29,0xe2,0x18,0x90,0x94,0xbc,0xf7,0x5a,0xef,0xbd,0xf7,
    0x48,0x4a,0x27,0x42,0x12,0xa5,0x5a,0xf7,0xbc,0xff,0xdd,0xff,0xf8,0xde,0x54,0xc6,0x75,0xce,0x74,0xc6,0x74,0xc6,0x74,0xc6,
    0x74,0xc6,0x74,0xc6,0x74,0xc6,0x74,0xc6,0x74,0xc6,0x75,0xce,0xb2,0xad,0xee,0x94,0xb3,0xb5,0xdc,0xff,0xbb,0xff,0xbc,0xff,
    0xbc,0xff,0xbc,0xff,0xbc,0xff,0xdc,0xff,0x51,0xa5,0x8e,0x8c,0xbc,0xff,0x92,0xad,0xb2,0xb5,0xfc,0xff,0xbb,0xff,0xbb,0xff,
    0xbb,0xff,0xdc,0xff,0x8e,0x8c,0x0c,0x74,0xdc,0xff,0xbb,0xff,0x9b,0xff,0xbb,0xff,0xbb,0xff,0x9b,0xff,0x9b,0xff,0xbc,0xff,
    0x95,0xce,0x50,0xa5,0x09,0x5b,0xcc,0x73,0x9b,0xf7,0xfc,0xff,0x6e,0x8c,0xa8,0x52,0x5a,0xef,0xdc,0xff,0xbc,0xff,0xbc,0xff,
    0xbc,0xff,0xbb,0xff,0xdc,0xff,0x3a,0xe7,0x87,0x4a,0x4e,0x8c,0xfd,0xff,0x9b,0xff,0xbb,0xff,0xbc,0xff,0x9b,0xf7,0xd7,0xd6,
    0xd7,0xd6,0xb6,0xd6,0xb6,0xd6,0x9b,0xf7,0xbc,0xff,0xbc,0xff,0xbc,0xff,0xbc,0xff,0xbc,0xff,0xbc,0xff,0xbc,0xff,0xbb,0xff,
    0xbb,0xff,0xbb,0xff,0xbc,0xff,0xbc,0xff,0xbc,0xff,0xbc,0xff,0xbc,0xff,0xbc,0xff,0x9b,0xf7,0xfd,0xff,0x56,0xce,0xe8,0x52,
    0x4a,0x63,0xb2,0xad,0xd6,0xd6,0xbc,0xff,0xbb,0xff,0xbc,0xff,0xbc,0xff,0xbc,0xff,0xbc,0xff,0xbc,0xff,0xbc,0xff,0xbc,0xff,
    0xbb,0xff,0xbc,0xff,0xbc,0xff,0xbc,0xff,0xbc,0xff,0xbc,0xff,0xbc,0xff,0xbc,0xff,0xbc,0xff,0xbc,0xff,0xbc,0xff,0xbc,0xff,
    0xbc,0xff,0xbc,0xff,0xbc,0xff,0xbc,0xff,0xbc,0xff,0xbc,0xff,0xbc,0xff,0xbc,0xff,0xbc,0xff,0xbc,0xff,0xbc,0xff,0xbc,0xff,
    0xbc,0xff,0xbc,0xff,0xbc,0xff,0xbc,0xff,0xbc,0xff,0xdc,0xff,0xdc,0xff,0xdc,0xff,0xdc,0xff,0xfd,0xff,0x56,0xce,0x71,0xad,
    0x92,0xad,0x92,0xad,0x92,0xad,0x72,0xad,0x72,0xad,0x92,0xad,0x92,0xad,0x51,0xa5,0xae,0x8c,0x0f,0x9d,0xb1,0xad,0x91,0xad,
    0x91,0xad,0x92,0xad,0xb2,0xb5,0x91,0xad,0x50,0xa5,0xb2,0xad,0x51,0xa5,0xcb,0x6b,0x14,0xc6,0xdc,0xff,0x18,0xdf,0xd6,0xd6,
    0x95,0xce,0x95,0xce,0x95,0xce,0x95,0xce,0x95,0xce,0x95,0xce,0x95,0xce,0x95,0xce,0xb6,0xce,0xd7,0xd6,0xd7,0xde,0xf7,0xde,
    0xd7,0xde,0xd7,0xde,0xd7,0xd6,0xd7,0xd6,0xd7,0xde,0xd7,0xde,0xd7,0xd6,0xd7,0xd6,0xd7,0xd6,0xd7,0xde,0xd7,0xde,0xd7,0xde,
    0xd7,0xde,0xd7,0xd6,0xd7,0xd6,0xd7,0xde,0xd6,0xd6,0xb7,0xd6,0x39,0xe7,0xdc,0xff,0xfe,0xff,0x53,0xad,0x60,0x08,0x03,0x21,
    0xc2,0x18,0x03,0x21,0x44,0x29,0x23,0x21,0x03,0x21,0x23,0x21,0x44,0x29,0x27,0x42,0x88,0x52,0x88,0x52,0x88,0x52,0xa8,0x52,
    0xc9,0x5a,0xc9,0x5a,0xc9,0x5a,0xc5,0x39,0xe3,0x20,0x23,0x21,0x23,0x21,0x23,0x21,0xe2,0x18,0xe2,0x18,0xb8,0xde,0xff,0xff,
    0xb5,0xbd,0xe3,0x18,0xc2,0x18,0x03,0x21,0x24,0x21,0x43,0x29,0x03,0x21,0x23,0x21,0x44,0x29,0x64,0x29,0xe2,0x18,0xd2,0x9c,
    0xff,0xff,0x73,0xb5,0xc2,0x18,0x9b,0xf7,0xbc,0xff,0x9b,0xf7,0x39,0xe7,0xd7,0xd6,0xd7,0xd6,0xd7,0xd6,0xd7,0xd6,0xd7,0xd6,
    0xd7,0xd6,0xd7,0xd6,0xd7,0xd6,0xd6,0xd6,0xd6,0xd6,0xf7,0xde,0xd2,0xb5,0xee,0x94,0xd3,0xb5,0xdc,0xff,0xbc,0xff,0xbc,0xff,
    0xbc,0xff,0xbc,0xff,0xbc,0xff,0xdc,0xff,0x30,0xa5,0xae,0x8c,0x9b,0xf7,0xbb,0xff,0xbc,0xff,0xbc,0xff,0xbc,0xff,0xbc,0xff,
    0xbc,0xff,0xbc,0xff,0x19,0xe7,0xf8,0xde,0x9b,0xf7,0xbb,0xff,0xbb,0xff,0xbb,0xff,0xbb,0xff,0x9b,0xff,0x9b,0xf7,0xdc,0xff,
    0x96,0xce,0x50,0xa5,0x09,0x5b,0xcc,0x73,0x9b,0xf7,0xfc,0xff,0x4e,0x8c,0xa8,0x4a,0x5a,0xef,0xdc,0xff,0xbc,0xff,0xbc,0xff,
    0xbc,0xff,0xbb,0xff,0xdc,0xff,0x3a,0xe7,0x87,0x4a,0x4e,0x84,0xfc,0xff,0x9b,0xf7,0x9b,0xff,0x9b,0xff,0xbb,0xff,0xbc,0xff,
    0xbc,0xff,0xbc,0xff,0xbc,0xff,0xbb,0xff,0x9b,0xff,0xbb,0xff,0xbb,0xff,0xbb,0xff,0xbb,0xff,0xbb,0xff,0xbb,0xff,0xbb,0xff,
    0xbb,0xff,0xbc,0xff,0xbc,0xff,0xbc,0xff,0xbc,0xff,0xbc,0xff,0xbc,0xff,0xbc,0xff,0x9b,0xf7,0xfd,0xff,0x56,0xce,0xe8,0x52,
    0x4a,0x63,0xb2,0xad,0xd6,0xd6,0xbc,0xff,0xbb,0xff,0xbc,0xff,0xbc,0xff,0xbc,0xff,0xbc,0xff,0xbc,0xff,0xbc,0xff,0xbc,0xff,
    0xbc,0xff,0xbc,0xff,0xbc,0xff,0xbc,0xff,0xbc,0xff,0xbc,0xff,0xbc,0xff,0xbc,0xff,0xbc,0xff,0xbc,0xff,0xbc,0xff,0xbc,0xff,
    0xbc,0xff,0xbc,0xff,0xbc,0xff,0xbc,0xff,0xbc,0xff,0xbc,0xff,0xbc,0xff,0xbc,0xff,0xbc,0xff,0xbc,0xff,0xbc,0xff,0xbc,0xff,
    0xbc,0xff,0xbc,0xff,0xbc,0xff,0xbc,0xff,0xbc,0xff,0xbb,0xff,0x9b,0xff,0xbb,0xff,0xbb,0xff,0xbc,0xff,0xdc,0xff,0xdc,0xff,
    0xdc,0xff,0xdc,0xff,0xdc,0xff,0xdc,0xff,0xdc,0xff,0xdc,0xff,0xdc,0xff,0x9b,0xf7,0xb6,0xd6,0xef,0x94,0x8d,0x8c,0x8d,0x8c,
    0x6d,0x84,0x8d,0x8c,0xae,0x8c,0xae,0x8c,0x8d,0x84,0xae,0x8c,0xae,0x8c,0xeb,0x73,0x14,0xc6,0xdc,0xff,0x7a,0xf7,0x18,0xdf,
    0x95,0xce,0x95,0xce,0x95,0xce,0x95,0xce,0x75,0xce,0x95,0xce,0x95,0xce,0x75,0xce,0xd6,0xd6,0xbc,0xff,0xbc,0xff,0xbc,0xff,
    0xbc,0xff,0xbc,0xff,0xbc,0xff,0xbc,0xff,0xbc,0xff,0xbc,0xff,0xbc,0xff,0xbc,0xff,0xbc,0xff,0xbc,0xff,0xbc,0xff,0xbc,0xff,
    0xbc,0xff,0xbc,0xff,0xbb,0xff,0x9b,0xff,0xfc,0xff,0xfd,0xff,0xcd,0x7b,0x0a,0x63,0x4b,0x6b,0x27,0x4a,0x03,0x21,0x44,0x29,
    0x44,0x29,0x44,0x29,0x03,0x21,0xa5,0x39,0x06,0x42,0x27,0x4a,0x47,0x4a,0x64,0x29,0xc5,0x39,0xc9,0x5a,0xc9,0x5a,0xc8,0x5a,
    0xa8,0x5a,0xa8,0x5a,0xa8,0x52,0x67,0x4a,0xc5,0x39,0x03,0x21,0x23,0x21,0x44,0x29,0x44,0x29,0x44,0x29,0xea,0x5a,0x4c,0x6b,
    0x27,0x42,0xe3,0x18,0x44,0x29,0xc5,0x39,0x26,0x42,0x47,0x4a,0x27,0x42,0x06,0x42,0x27,0x42,0x84,0x31,0xc2,0x18,0xc6,0x39,
    0xca,0x5a,0x27,0x4a,0x44,0x29,0x2f,0x84,0xfe,0xff,0xfe,0xff,0xfd,0xff,0xbc,0xff,0xbb,0xff,0xbc,0xff,0xbc,0xff,0xbc,0xff,
    0xbc,0xff,0xbc,0xff,0xbc,0xff,0xbc,0xff,0xbb,0xff,0xdc,0xff,0x34,0xc6,0xce,0x94,0xd3,0xb5,0xdc,0xff,0xbc,0xff,0xbc,0xff,
    0xbc,0xff,0xbc,0xff,0xbc,0xff,0xdc,0xff,0x30,0x9d,0x8e,0x8c,0x9b,0xf7,0xbb,0xff,0xbb,0xff,0xbc,0xff,0xbc,0xff,0xbc,0xff,
    0xbc,0xff,0xbc,0xff,0xdc,0xff,0xdc,0xff,0xbc,0xff,0xbb,0xff,0xbb,0xff,0xbb,0xff,0xbb,0xff,0xbc,0xff,0xbc,0xff,0xdd,0xff,
    0x75,0xce,0x2f,0x9d,0x09,0x5b,0xcc,0x73,0x9b,0xf7,0xfc,0xff,0x4e,0x84,0xa7,0x4a,0x5a,0xef,0xdc,0xff,0xbc,0xff,0xbc,0xff,
    0xbb,0xff,0x9b,0xff,0xdc,0xff,0x3a,0xe7,0x87,0x4a,0x4e,0x8c,0xfd,0xff,0x9b,0xff,0xbb,0xff,0xbb,0xff,0xbb,0xff,0xbb,0xff,
    0xbb,0xff,0xbb,0xff,0xbb,0xff,0xbb,0xff,0xbb,0xff,0xbb,0xff,0xbb,0xff,0xbc,0xff,0xbc,0xff,0xbc,0xff,0xbc,0xff,0xbc,0xff,
    0xbc,0xff,0xbc,0xff,0xbc,0xff,0xbc,0xff,0xbc,0xff,0xbc,0xff,0xbc,0xff,0xbc,0xff,0x9b,0xf7,0xfd,0xff,0x56,0xce,0xe8,0x52,
    0x2a,0x5b,0xb2,0xad,0xd6,0xd6,0xbc,0xff,0xbb,0xff,0xbc,0xff,0xbc,0xff,0xbc,0xff,0xbc,0xff,0xbc,0xff,0xbc,0xff,0xbb,0xff,
    0xb6,0xce,0x39,0xe7,0xbc,0xff,0xbb,0xff,0xbc,0xff,0xbc,0xff,0xbc,0xff,0xbc,0xff,0xbc,0xff,0xbc,0xff,0xbc,0xff,0xbc,0xff,
    0xbc,0xff,0xbc,0xff,0xbc,0xff,0xbc,0xff,0xbc,0xff,0xbc,0xff,0xbc,0xff,0xbc,0xff,0xbc,0xff,0xbc,0xff,0xbc,0xff,0xbc,0xff,
    0xbc,0xff,0xbc,0xff,0xbc,0xff,0xbc,0xff,0xbc,0xff,0xbc,0xff,0xbc,0xff,0xbc,0xff,0xbc,0xff,0xbc,0xff,0xbc,0xff,0xbb,0xff,
    0xbc,0xff,0x9b,0xff,0x9b,0xff,0xbb,0xff,0xbb,0xff,0xbb,0xff,0xbb,0xff,0xbb,0xff,0xbb,0xff,0x19,0xe7,0xf9,0xe6,0xf8,0xde,
    0xd8,0xde,0xf8,0xde,0xf9,0xe6,0xcf,0x94,0x0c,0x7c,0x91,0xad,0xd2,0xb5,0x0c,0x74,0x35,0xc6,0xdc,0xff,0x7a,0xef,0x18,0xdf,
    0x5a,0xef,0x5a,0xef,0x59,0xef,0x5a,0xef,0x5a,0xef,0x5a,0xef,0x5a,0xef,0x5a,0xef,0x7a,0xef,0xbb,0xff,0xbb,0xff,0xbb,0xff,
    0xbc,0xff,0xbb,0xff,0xbb,0xff,0xbc,0xff,0xbc,0xff,0xbb,0xff,0xbb,0xff,0xbb,0xff,0xbb,0xff,0xbc,0xff,0x9b,0xff,0x9b,0xff,
    0xbb,0xff,0xbc,0xff,0xbb,0xff,0xdb,0xff,0x73,0xad,0xcd,0x7b,0x44,0x29,0xc2,0x18,0xe2,0x18,0xc2,0x18,0x03,0x21,0x44,0x29,
    0xc5,0x39,0xc5,0x39,0xa5,0x31,0x67,0x4a,0xa8,0x5a,0xa8,0x52,0xa8,0x52,0xa5,0x31,0x64,0x31,0xe6,0x39,0x26,0x42,0xa8,0x5a,
    0xc8,0x5a,0xa8,0x52,0xa8,0x52,0xa8,0x52,0x47,0x4a,0x23,0x21,0x44,0x21,0x23,0x21,0x23,0x21,0x23,0x21,0x03,0x21,0xa1,0x10,
    0x03,0x21,0xa5,0x31,0xc5,0x39,0x87,0x52,0xa8,0x52,0xa8,0x52,0xa8,0x52,0x88,0x52,0xa8,0x52,0xe6,0x39,0x64,0x29,0x44,0x29,
    0x43,0x29,0x64,0x29,0x23,0x29,0xa5,0x39,0x12,0xa5,0xd1,0x9c,0xb8,0xd6,0xdc,0xff,0x7b,0xf7,0xbb,0xff,0x9b,0xff,0x9b,0xff,
    0xbb,0xff,0xbb,0xff,0xbb,0xff,0xbb,0xff,0x9b,0xf7,0xdc,0xff,0x14,0xc6,0xee,0x94,0xd3,0xb5,0xdc,0xff,0xbb,0xff,0xbc,0xff,
    0xbc,0xff,0xbc,0xff,0xbc,0xff,0xdc,0xff,0x30,0xa5,0x4d,0x84,0x7a,0xf7,0xdc,0xff,0xbc,0xff,0xbc,0xff,0xbc,0xff,0xbc,0xff,
    0xbc,0xff,0xbc,0xff,0xbb,0xff,0x9b,0xff,0xbc,0xff,0xbc,0xff,0xbb,0xff,0xbb,0xff,0xdc,0xff,0xf8,0xde,0xb7,0xd6,0xfd,0xff,
    0x13,0xbe,0xce,0x94,0x09,0x53,0xcc,0x73,0x9b,0xf7,0xfc,0xff,0x4e,0x84,0xa7,0x4a,0x3a,0xef,0xdc,0xff,0xbb,0xff,0xbc,0xff,
    0xbc,0xff,0x9b,0xff,0xdc,0xff,0x1a,0xe7,0x67,0x4a,0x4e,0x8c,0xfd,0xff,0x9b,0xf7,0xbb,0xff,0xbb,0xff,0xbb,0xff,0xbb,0xff,
    0xbb,0xff,0xbc,0xff,0xbc,0xff,0xbc,0xff,0xbb,0xff,0xbb,0xff,0xbc,0xff,0xbc,0xff,0xbc,0xff,0xbc,0xff,0xbc,0xff,0xbc,0xff,
    0xbc,0xff,0xbc,0xff,0xbc,0xff,0xbc,0xff,0xbc,0xff,0xbc,0xff,0xbc,0xff,0xbc,0xff,0x9b,0xf7,0xfd,0xff,0x36,0xc6,0xc8,0x52,
    0x29,0x5b,0xb2,0xad,0xd6,0xd6,0xbc,0xff,0xbb,0xff,0xbb,0xff,0xbb,0xff,0xbc,0xff,0xbc,0xff,0xbb,0xff,0xbc,0xff,0x9b,0xf7,
    0x13,0xbe,0xf7,0xde,0xdc,0xff,0xbb,0xff,0xbc,0xff,0xbc,0xff,0xbc,0xff,0xbc,0xff,0xbc,0xff,0xbc,0xff,0xbc,0xff,0xbc,0xff,
    0xbc,0xff,0xbc,0xff,0xbc,0xff,0xbc,0xff,0xbc,0xff,0xbc,0xff,0xbc,0xff,0xbc,0xff,0xbc,0xff,0xbc,0xff,0xbc,0xff,0xbc,0xff,
    0xbc,0xff,0xbc,0xff,0xbc,0xff,0xbc,0xff,0xbc,0xff,0xbc,0xff,0xbc,0xff,0xbc,0xff,0xbc,0xff,0xbc,0xff,0xbc,0xff,0xbc,0xff,
    0xbc,0xff,0xbc,0xff,0xbc,0xff,0xbc,0xff,0xbc,0xff,0xbc,0xff,0xbb,0xff,0xbb,0xff,0xbb,0xff,0xdc,0xff,0xdd,0xff,0xdc,0xff,
    0xdc,0xff,0xdc,0xff,0xdc,0xff,0xaf,0x94,0xcb,0x6b,0xd2,0xad,0x54,0xc6,0x2c,0x7c,0x35,0xc6,0xdc,0xff,0x7a,0xf7,0x18,0xe7,
    0xbc,0xff,0xbc,0xff,0xbc,0xff,0xbc,0xff,0xbc,0xff,0xbc,0xff,0xbc,0xff,0xbc,0xff,0xbc,0xff,0xbc,0xff,0xbb,0xff,0xbc,0xff,
    0xbc,0xff,0xbc,0xff,0xbc,0xff,0xbc,0xff,0xbc,0xff,0xbb,0xff,0xbb,0xff,0xbb,0xff,0xbb,0xff,0xbc,0xff,0xbc,0xff,0xbc,0xff,
    0x9b,0xf7,0x7b,0xf7,0x7b,0xf7,0xdc,0xff,0x2b,0x63,0x40,0x00,0x24,0x21,0x44,0x29,0x44,0x29,0x23,0x21,0x03,0x21,0x64,0x29,
    0xa8,0x52,0x88,0x52,0x88,0x52,0x88,0x52,0x87,0x52,0x67,0x52,0x67,0x4a,0x88,0x52,0xa5,0x31,0xe3,0x18,0x44,0x29,0x87,0x52,
    0xa8,0x52,0x88,0x52,0x88,0x52,0xa8,0x52,0x68,0x52,0x44,0x29,0x24,0x29,0x23,0x21,0x23,0x21,0x23,0x21,0x44,0x29,0x24,0x21,
    0x26,0x42,0xc8,0x5a,0xe9,0x5a,0xc8,0x5a,0x88,0x52,0xa8,0x52,0xa8,0x52,0x68,0x52,0x88,0x52,0x88,0x52,0x68,0x4a,0x88,0x52,
    0xc8,0x5a,0x67,0x4a,0x44,0x29,0x44,0x29,0x03,0x21,0x40,0x08,0x6f,0x8c,0xfc,0xff,0xdc,0xff,0xbc,0xff,0x9b,0xf7,0x9b,0xf7,
    0xbb,0xff,0xbb,0xff,0xbb,0xff,0xbb,0xff,0x9b,0xf7,0xdc,0xff,0x34,0xc6,0xee,0x94,0xd3,0xb5,0xbc,0xff,0x9b,0xff,0xbc,0xff,
    0xbc,0xff,0xbc,0xff,0xbc,0xff,0xdc,0xff,0x31,0xa5,0x4d,0x84,0x39,0xe7,0xdc,0xff,0x7a,0xf7,0xbb,0xff,0xbc,0xff,0xbc,0xff,
    0xbc,0xff,0xbc,0xff,0xbb,0xff,0xbb,0xff,0xbc,0xff,0xbc,0xff,0xbc,0xff,0xbb,0xff,0xbb,0xff,0x7a,0xf7,0xf8,0xde,0x9a,0xf7,
    0xb2,0xb5,0xad,0x8c,0x29,0x5b,0xac,0x73,0x9b,0xf7,0xfc,0xff,0x4e,0x84,0xa7,0x4a,0x5a,0xef,0xdc,0xff,0xbc,0xff,0xbc,0xff,
    0xbc,0xff,0xbb,0xff,0xdc,0xff,0x1a,0xe7,0x67,0x42,0x4e,0x8c,0xfd,0xff,0x9b,0xf7,0xbc,0xff,0xbc,0xff,0xbb,0xff,0xbc,0xff,
    0xbc,0xff,0xbc,0xff,0xbc,0xff,0xbc,0xff,0xbc,0xff,0xbb,0xff,0xbc,0xff,0xbb,0xff,0xbc,0xff,0xbc,0xff,0xbb,0xff,0xbc,0xff,
    0xbc,0xff,0xbc,0xff,0xbc,0xff,0xbc,0xff,0xbc,0xff,0xbc,0xff,0xbc,0xff,0xbc,0xff,0x9b,0xf7,0xfd,0xff,0x36,0xc6,0xc8,0x52,
    0x29,0x5b,0xb1,0xad,0xd6,0xd6,0xbc,0xff,0xbb,0xff,0xbb,0xff,0xbc,0xff,0xbc,0xff,0xbc,0xff,0xbb,0xff,0xbc,0xff,0xbc,0xf7,
    0x34,0xbe,0xf8,0xde,0xdc,0xff,0xbb,0xff,0xbb,0xff,0xbc,0xff,0xbc,0xff,0xbc,0xff,0xbc,0xff,0xbc,0xff,0xbc,0xff,0xbc,0xff,
    0xbc,0xff,0xbc,0xff,0xbc,0xff,0xbc,0xff,0xbc,0xff,0xbc,0xff,0xbc,0xff,0xbc,0xff,0xbc,0xff,0xbc,0xff,0xbc,0xff,0xbc,0xff,
    0xbc,0xff,0xbc,0xff,0xbc,0xff,0xbc,0xff,0xbc,0xff,0xbc,0xff,0xbc,0xff,0xbc,0xff,0xbc,0xff,0xbc,0xff,0xbc,0xff,0xbc,0xff,
    0xbc,0xff,0xbc,0xff,0xbc,0xff,0xbc,0xff,0xbc,0xff,0xbb,0xff,0xbb,0xff,0xbc,0xff,0xbc,0xff,0xbb,0xff,0xbb,0xff,0xbb,0xff,
    0x9b,0xff,0x9b,0xff,0x9b,0xff,0xaf,0x8c,0xcb,0x73,0xb2,0xad,0x34,0xbe,0x2c,0x7c,0x55,0xc6,0xdc,0xff,0x9b,0xf7,0x9b,0xf7,
    0xbb,0xff,0xbb,0xff,0xbb,0xff,0xbb,0xff,0xbb,0xff,0xbb,0xff,0xbc,0xff,0xbc,0xff,0xbb,0xff,0xbc,0xff,0xbc,0xff,0xbc,0xff,
    0xbc,0xff,0xbc,0xff,0xbc,0xff,0xbc,0xff,0xbc,0xff,0xbc,0xff,0xbc,0xff,0xbb,0xff,0x9b,0xff,0x7a,0xf7,0xfd,0xff,0xcd,0x7b,
    0x85,0x29,0x27,0x42,0xe6,0x39,0x07,0x42,0xa5,0x31,0x44,0x29,0x23,0x21,0x03,0x21,0x03,0x21,0x84,0x31,0x47,0x4a,0x47,0x4a,
    0x68,0x52,0x67,0x52,0x67,0x52,0x88,0x52,0x88,0x52,0x68,0x52,0x67,0x52,0x68,0x52,0x88,0x52,0xa8,0x5a,0x68,0x52,0x64,0x29,
    0x44,0x29,0x84,0x31,0xa8,0x52,0xa8,0x5a,0x68,0x52,0x44,0x29,0x23,0x21,0x44,0x29,0x23,0x21,0x64,0x29,0x88,0x52,0x88,0x52,
    0x88,0x52,0xa8,0x52,0xa8,0x52,0xa5,0x31,0x44,0x29,0x64,0x29,0x64,0x29,0x47,0x4a,0xc8,0x5a,0xa8,0x52,0xa8,0x52,0x88,0x52,
    0x88,0x52,0x67,0x4a,0x27,0x4a,0xc9,0x5a,0x47,0x4a,0xc2,0x18,0x44,0x29,0x47,0x4a,0x4c,0x6b,0x3a,0xef,0xbb,0xff,0xbc,0xff,
    0xbc,0xff,0xbb,0xff,0xbb,0xff,0xbb,0xff,0x9b,0xf7,0xdc,0xff,0x34,0xc6,0xee,0x94,0xd3,0xb5,0xbc,0xff,0xbc,0xff,0xbc,0xff,
    0xbc,0xff,0xbc,0xff,0xbc,0xff,0xdc,0xff,0x34,0xc6,0xcf,0x94,0x0d,0x7c,0xd7,0xde,0xf8,0xde,0x7a,0xef,0xbc,0xff,0xbc,0xff,
    0xbc,0xff,0xbc,0xff,0xdd,0xff,0xdc,0xff,0xbb,0xff,0xbb,0xff,0xbb,0xff,0xbc,0xff,0xbb,0xff,0xfd,0xff,0x19,0xe7,0x50,0xa5,
    0xae,0x8c,0x4a,0x63,0x49,0x63,0xcf,0x94,0x9b,0xf7,0xfc,0xff,0x4e,0x84,0x87,0x4a,0x3a,0xef,0xdc,0xff,0xbc,0xff,0xbc,0xff,
    0xbc,0xff,0xbb,0xff,0xdc,0xff,0x1a,0xe7,0x67,0x42,0x4e,0x84,0xfd,0xff,0x9b,0xf7,0xbb,0xff,0xbc,0xff,0xbc,0xff,0xbc,0xff,
    0xbc,0xff,0xbc,0xff,0xbc,0xff,0xbc,0xff,0xbc,0xff,0xbc,0xff,0xbc,0xff,0xbb,0xff,0xbc,0xff,0xbc,0xff,0xbc,0xff,0xbc,0xff,
    0xbc,0xff,0xbc,0xff,0xbc,0xff,0xbc,0xff,0xbc,0xff,0xbc,0xff,0xbc,0xff,0xbc,0xff,0xbc,0xff,0xfd,0xff,0x36,0xc6,0xc8,0x52,
    0x29,0x5b,0xb1,0xad,0xd6,0xd6,0xbc,0xff,0xbb,0xff,0xbb,0xff,0xbc,0xff,0xbc,0xff,0xbc,0xff,0xbc,0xff,0xbc,0xff,0x9c,0xf7,
    0x34,0xbe,0xf8,0xde,0xdc,0xff,0xbc,0xff,0xbc,0xff,0xbc,0xff,0xbc,0xff,0xbc,0xff,0xbc,0xff,0xbc,0xff,0xbc,0xff,0xbc,0xff,
    0xbc,0xff,0xbc,0xff,0xbc,0xff,0xbc,0xff,0xbc,0xff,0xbc,0xff,0xbc,0xff,0xbc,0xff,0xbc,0xff,0xbc,0xff,0xbc,0xff,0xbc,0xff,
    0xbc,0xff,0xbc,0xff,0xbc,0xff,0xbc,0xff,0xbc,0xff,0xbc,0xff,0xbc,0xff,0xbc,0xff,0xbc,0xff,0xbc,0xff,0xbc,0xff,0xbc,0xff,
    0xbc,0xff,0xbc,0xff,0xbc,0xff,0xbc,0xff,0xbc,0xff,0xbc,0xff,0xbc,0xff,0xbc,0xff,0xbc,0xff,0xbc,0xff,0xbc,0xff,0xbc,0xff,
    0xbc,0xff,0xbc,0xff,0xbc,0xff,0xaf,0x8c,0xeb,0x73,0xd2,0xb5,0x54,0xc6,0x2c,0x7c,0x35,0xc6,0xdc,0xff,0x9b,0xf7,0xbb,0xff,
    0xbb,0xff,0xbc,0xff,0xbc,0xff,0xbc,0xff,0xbb,0xff,0xbc,0xff,0xbc,0xff,0xbc,0xff,0xbc,0xff,0xbc,0xff,0xbc,0xff,0xbc,0xff,
    0xbc,0xff,0xbc,0xff,0xbc,0xff,0xbc,0xff,0xbc,0xff,0xbc,0xff,0xbc,0xff,0xdd,0xff,0xdc,0xff,0xbb,0xff,0xfd,0xff,0xb5,0xb5,
    0x07,0x42,0xe2,0x18,0xe3,0x18,0xe3,0x20,0x44,0x29,0x44,0x29,0x23,0x21,0xa5,0x31,0xc5,0x39,0x06,0x42,0x88,0x52,0x67,0x52,
    0x88,0x52,0x67,0x52,0x67,0x52,0x88,0x52,0x88,0x52,0x67,0x52,0x88,0x52,0xa8,0x52,0x67,0x52,0x47,0x4a,0x06,0x42,0x23,0x21,
    0x23,0x21,0x24,0x21,0xe6,0x39,0x47,0x4a,0x88,0x52,0x44,0x29,0x23,0x21,0x44,0x29,0x44,0x29,0x06,0x42,0xe9,0x5a,0xa8,0x5a,
    0xa8,0x52,0xa8,0x52,0xa8,0x52,0xa5,0x31,0x64,0x29,0x85,0x31,0x23,0x21,0xc6,0x39,0x47,0x4a,0x27,0x4a,0x47,0x4a,0x88,0x52,
    0x88,0x52,0x88,0x52,0x88,0x52,0x6a,0x6b,0x09,0x63,0xc5,0x39,0x44,0x29,0xe3,0x18,0x23,0x21,0xb7,0xde,0x7a,0xf7,0xf9,0xe6,
    0x7b,0xf7,0xbc,0xff,0xbc,0xff,0xbb,0xff,0x9b,0xf7,0xdc,0xff,0x34,0xc6,0xef,0x94,0xd3,0xb5,0xbc,0xff,0xbc,0xff,0xbc,0xff,
    0xbc,0xff,0xbc,0xff,0xbc,0xff,0xbc,0xff,0xf8,0xde,0x30,0xa5,0xe9,0x5a,0x92,0xad,0x39,0xe7,0xbc,0xff,0xbc,0xff,0xbc,0xff,
    0xbb,0xff,0xbc,0xff,0x3a,0xe7,0x39,0xe7,0xbc,0xff,0xbb,0xff,0xbc,0xff,0x7b,0xf7,0xbc,0xf7,0x5a,0xef,0x35,0xc6,0xae,0x8c,
    0xab,0x6b,0xc8,0x52,0x4d,0x84,0x96,0xce,0x9b,0xf7,0xfd,0xff,0x6e,0x8c,0xa7,0x4a,0x5a,0xef,0xdc,0xff,0xbb,0xff,0xbc,0xff,
    0xbc,0xff,0x9b,0xff,0xdc,0xff,0x1a,0xe7,0x67,0x4a,0x4e,0x84,0xfd,0xff,0x9b,0xff,0xbc,0xff,0xbc,0xff,0xbb,0xff,0xbc,0xff,
    0xbb,0xff,0xbc,0xff,0xbc,0xff,0xbc,0xff,0xbc,0xff,0xbc,0xff,0xbb,0xff,0xbc,0xff,0xbc,0xff,0xbc,0xff,0xbc,0xff,0xbc,0xff,
    0xbc,0xff,0xbc,0xff,0xbc,0xff,0xbc,0xff,0xbc,0xff,0xbc,0xff,0xbc,0xff,0xbc,0xff,0x9b,0xf7,0xfd,0xff,0x56,0xc6,0xc8,0x52,
    0x29,0x5b,0xb1,0xad,0xd6,0xd6,0xbc,0xff,0xbb,0xff,0xbc,0xff,0xbc,0xff,0xbb,0xff,0x9b,0xff,0xbb,0xff,0xbc,0xff,0x9b,0xf7,
    0x34,0xbe,0xf8,0xde,0xbc,0xff,0x9b,0xf7,0xbb,0xff,0xbb,0xff,0xbc,0xff,0xbc,0xff,0xbc,0xff,0xbc,0xff,0xbc,0xff,0xbc,0xff,
    0xbc,0xff,0xbc,0xff,0xbc,0xff,0xbc,0xff,0xbc,0xff,0xbc,0xff,0xbc,0xff,0xbc,0xff,0xbc,0xff,0xbc,0xff,0xbc,0xff,0xbc,0xff,
    0xbc,0xff,0xbc,0xff,0xbc,0xff,0xbc,0xff,0xbc,0xff,0xbc,0xff,0xbc,0xff,0xbc,0xff,0xbc,0xff,0xbc,0xff,0xbc,0xff,0xbc,0xff,
    0xbc,0xff,0xbc,0xff,0xbc,0xff,0xbc,0xff,0xbc,0xff,0xbc,0xff,0xbc,0xff,0xbc,0xff,0xbc,0xff,0xbc,0xff,0xbc,0xff,0xbc,0xff,
    0xbc,0xff,0xbc,0xff,0xbc,0xff,0xcf,0x94,0xeb,0x73,0xd2,0xb5,0x54,0xc6,0x0c,0x7c,0x35,0xc6,0xfd,0xff,0x9b,0xf7,0xbc,0xff,
    0xbc,0xff,0xbc,0xff,0xbc,0xff,0xbc,0xff,0xbc,0xff,0xbc,0xff,0xbc,0xff,0xbc,0xff,0xbc,0xff,0xbc,0xff,0xbc,0xff,0xbc,0xff,
    0xbc,0xff,0xbc,0xff,0xbc,0xff,0x9b,0xf7,0x9b,0xf7,0x9b,0xf7,0xbc,0xff,0xd9,0xde,0x2a,0x63,0x88,0x52,0xa9,0x5a,0x6c,0x6b,
    0x47,0x4a,0x23,0x21,0x23,0x21,0x23,0x21,0x23,0x21,0xa5,0x39,0x47,0x4a,0x88,0x52,0xa8,0x5a,0x88,0x52,0x67,0x52,0x67,0x52,
    0x67,0x52,0x67,0x52,0x68,0x52,0x88,0x52,0x88,0x52,0x88,0x52,0x88,0x52,0xa8,0x5a,0xe6,0x39,0x23,0x21,0x03,0x21,0x23,0x21,
    0x44,0x29,0x24,0x21,0xe2,0x18,0xe6,0x39,0x88,0x52,0x44,0x29,0x44,0x29,0x23,0x29,0x44,0x29,0xc8,0x5a,0xc8,0x5a,0xa8,0x52,
    0xa8,0x52,0xa8,0x52,0xa8,0x52,0xa8,0x52,0xa8,0x52,0xe9,0x5a,0xc5,0x31,0x03,0x21,0x44,0x29,0x23,0x21,0x64,0x29,0x88,0x52,
    0x68,0x52,0x88,0x52,0x88,0x52,0xab,0x73,0xcb,0x7b,0xab,0x73,0x09,0x63,0xe6,0x39,0x03,0x21,0xc6,0x39,0xe6,0x39,0x6b,0x6b,
    0x7b,0xf7,0xdd,0xff,0x7b,0xf7,0x9b,0xf7,0x9b,0xff,0xdc,0xff,0x14,0xc6,0xef,0x94,0xd3,0xb5,0xbc,0xff,0xbc,0xff,0xbc,0xff,
    0xbc,0xff,0xbc,0xff,0xbc,0xff,0x9b,0xf7,0xfd,0xff,0xd4,0xbd,0x67,0x42,0x2d,0x7c,0x35,0xc6,0xdd,0xff,0x7a,0xf7,0xbb,0xff,
    0x9b,0xf7,0xfd,0xff,0x31,0x9d,0xcf,0x94,0xdc,0xff,0x9b,0xf7,0xdc,0xff,0xb7,0xd6,0x39,0xe7,0x14,0xbe,0x0f,0x95,0x6d,0x84,
    0xa7,0x4a,0x46,0x42,0x31,0xa5,0xfd,0xff,0x9b,0xf7,0xfd,0xff,0x6f,0x8c,0xa8,0x4a,0x5a,0xef,0xdc,0xff,0xbc,0xff,0xbc,0xff,
    0xbc,0xff,0xbc,0xff,0xdc,0xff,0x3a,0xe7,0x67,0x4a,0x4e,0x8c,0xfd,0xff,0x9b,0xf7,0xbc,0xff,0xbc,0xff,0xbb,0xff,0xbc,0xff,
    0xbc,0xff,0xbc,0xff,0xbc,0xff,0xbc,0xff,0xbc,0xff,0xbc,0xff,0xbc,0xff,0xbc,0xff,0xbc,0xff,0xbc,0xff,0xbc,0xff,0xbc,0xff,
    0xbc,0xff,0xbc,0xff,0xbc,0xff,0xbc,0xff,0xbc,0xff,0xbc,0xff,0xbc,0xff,0xbc,0xff,0x9b,0xf7,0xfd,0xff,0x56,0xce,0xe8,0x52,
    0x29,0x5b,0xb1,0xad,0xd6,0xd6,0xbc,0xff,0xbb,0xff,0xbb,0xff,0xbc,0xff,0x7a,0xef,0x54,0xc6,0x54,0xc6,0x75,0xc6,0x54,0xc6,
    0x13,0xbe,0x34,0xbe,0x54,0xc6,0x54,0xc6,0x34,0xc6,0xd7,0xde,0xdc,0xff,0xbb,0xff,0xbc,0xff,0xbc,0xff,0xbc,0xff,0xbc,0xff,
    0xbc,0xff,0xbc,0xff,0xbc,0xff,0xbc,0xff,0xbc,0xff,0xbc,0xff,0xbc,0xff,0xbc,0xff,0xbc,0xff,0xbc,0xff,0xbc,0xff,0xbc,0xff,
    0xbc,0xff,0xbc,0xff,0xbc,0xff,0xbc,0xff,0xbc,0xff,0xbc,0xff,0xbc,0xff,0xbc,0xff,0xbc,0xff,0xbc,0xff,0xbc,0xff,0xbc,0xff,
    0xbc,0xff,0xbc,0xff,0xbc,0xff,0xbc,0xff,0xbc,0xff,0xbc,0xff,0xbc,0xff,0xbc,0xff,0xbc,0xff,0xbc,0xff,0xbc,0xff,0xbc,0xff,
    0xbc,0xff,0xbc,0xff,0xbc,0xff,0xf0,0x94,0x0c,0x74,0xd2,0xb5,0x54,0xc6,0x0c,0x7c,0x35,0xc6,0xfd,0xff,0x9b,0xff,0xbc,0xff,
    0xbc,0xff,0xbc,0xff,0xbc,0xff,0xbc,0xff,0xbc,0xff,0xbc,0xff,0xbc,0xff,0xbc,0xff,0xbc,0xff,0xbc,0xff,0xbc,0xff,0xbc,0xff,
    0xbc,0xff,0xbc,0xff,0xbc,0xff,0xfd,0xff,0xfc,0xff,0xfd,0xff,0xff,0xff,0x4b,0x6b,0xc2,0x18,0xe3,0x18,0xe2,0x18,0xe2,0x18,
    0x43,0x29,0x44,0x29,0x44,0x29,0xa5,0x39,0x06,0x42,0x47,0x4a,0x68,0x52,0x67,0x52,0x67,0x52,0x67,0x52,0x68,0x52,0x67,0x52,
    0x67,0x52,0x67,0x52,0x88,0x52,0xa8,0x52,0xa8,0x5a,0xa8,0x5a,0x88,0x52,0x88,0x52,0x88,0x52,0x88,0x52,0x47,0x4a,0x23,0x21,
    0x03,0x21,0x23,0x21,0x03,0x21,0x85,0x31,0xc8,0x5a,0x64,0x29,0x03,0x21,0x84,0x31,0x88,0x52,0xc9,0x5a,0xc9,0x5a,0xc8,0x5a,
    0xc9,0x5a,0xe9,0x5a,0xc9,0x5a,0xa8,0x52,0x88,0x52,0xa8,0x52,0x67,0x4a,0x67,0x4a,0x67,0x4a,0x84,0x31,0x03,0x21,0x23,0x21,
    0x06,0x42,0x09,0x63,0xab,0x73,0xcb,0x7b,0xab,0x73,0x8b,0x73,0xe9,0x5a,0x68,0x4a,0x23,0x21,0xe3,0x18,0x23,0x21,0x0b,0x63,
    0x2b,0x63,0xea,0x5a,0xdb,0xff,0xbb,0xff,0x9b,0xf7,0xdc,0xff,0x34,0xc6,0xef,0x94,0xd3,0xb5,0xbc,0xff,0xbc,0xff,0xbc,0xff,
    0xbc,0xff,0xbc,0xff,0xbc,0xff,0x9c,0xff,0xdc,0xff,0x96,0xce,0x8e,0x84,0xec,0x73,0x8e,0x8c,0x71,0xad,0x75,0xce,0xfc,0xff,
    0xbc,0xff,0xfd,0xff,0xf9,0xe6,0xd8,0xde,0xfd,0xff,0xbc,0xff,0xfc,0xff,0xb6,0xd6,0x0f,0x9d,0x50,0xa5,0x6d,0x84,0x49,0x5b,
    0x6a,0x63,0x92,0xad,0xb7,0xd6,0xbb,0xff,0x9b,0xf7,0xfd,0xff,0x8f,0x8c,0xc8,0x52,0x5a,0xef,0xdc,0xff,0xbc,0xff,0xbc,0xff,
    0xbc,0xff,0xbc,0xff,0xdc,0xff,0x3a,0xe7,0x67,0x4a,0x4e,0x8c,0xfd,0xff,0x9b,0xf7,0xbb,0xff,0xbc,0xff,0xbc,0xff,0xbb,0xff,
    0xbc,0xff,0xbc,0xff,0xbb,0xff,0xbc,0xff,0xbc,0xff,0xbb,0xff,0xbb,0xff,0x9b,0xff,0xbc,0xff,0xbc,0xff,0xbb,0xff,0xbc,0xff,
    0xbc,0xff,0xbc,0xff,0xbc,0xff,0xbc,0xff,0xbc,0xff,0xbc,0xff,0xbc,0xff,0xbc,0xff,0x9b,0xf7,0xfd,0xff,0x56,0xce,0xe8,0x52,
    0x29,0x5b,0xb1,0xad,0xd6,0xd6,0xbc,0xff,0xbb,0xff,0xbb,0xff,0xdc,0xff,0x5a,0xef,0x13,0xb6,0x13,0xbe,0x33,0xbe,0x13,0xbe,
    0x13,0xbe,0x13,0xbe,0x13,0xbe,0x13,0xbe,0x13,0xb6,0xd7,0xd6,0xdc,0xff,0xbb,0xff,0xbc,0xff,0xbc,0xff,0xbc,0xff,0xbc,0xff,
    0xbc,0xff,0xbc,0xff,0xbc,0xff,0xbc,0xff,0xbc,0xff,0xbc,0xff,0xbc,0xff,0xbc,0xff,0xbc,0xff,0xbc,0xff,0xbc,0xff,0xbc,0xff,
    0xbc,0xff,0xbc,0xff,0xbc,0xff,0xbc,0xff,0xbc,0xff,0xbc,0xff,0xbc,0xff,0xbc,0xff,0xbc,0xff,0xbc,0xff,0xbc,0xff,0xbc,0xff,
    0xbc,0xff,0xbc,0xff,0xbc,0xff,0xbc,0xff,0x9b,0xff,0x59,0xef,0x7a,0xf7,0xbc,0xff,0xbc,0xff,0xbc,0xff,0xbc,0xff,0xbc,0xff,
    0xbc,0xff,0xbc,0xff,0xbc,0xff,0xf0,0x94,0x0c,0x74,0xd2,0xad,0x54,0xc6,0x0c,0x7c,0x35,0xc6,0xfd,0xff,0x9b,0xff,0xbc,0xff,
    0xbc,0xff,0xbc,0xff,0xbc,0xff,0xbc,0xff,0xbc,0xff,0xbc,0xff,0xbc,0xff,0xbc,0xff,0xbc,0xff,0xbc,0xff,0xbc,0xff,0xbc,0xff,
    0xbc,0xff,0xbc,0xff,0x5a,0xf7,0xd5,0xbd,0xd4,0xbd,0xd5,0xbd,0x17,0xc6,0xca,0x5a,0x23,0x21,0x64,0x29,0x44,0x29,0x44,0x29,
    0x64,0x29,0x84,0x31,0xa5,0x39,0xe6,0x41,0x67,0x4a,0x67,0x52,0x67,0x52,0x67,0x52,0x67,0x52,0x67,0x52,0x88,0x52,0x88,0x52,
    0x67,0x52,0x67,0x52,0x67,0x4a,0x47,0x4a,0x26,0x42,0x85,0x31,0x64,0x29,0x44,0x21,0xc5,0x39,0x87,0x52,0x88,0x52,0x85,0x31,
    0x44,0x29,0x23,0x21,0x03,0x21,0x64,0x29,0x47,0x4a,0x44,0x29,0x24,0x21,0xe6,0x39,0xe9,0x5a,0xc9,0x5a,0xa8,0x52,0x47,0x4a,
    0x67,0x4a,0x67,0x4a,0x47,0x4a,0x27,0x42,0x88,0x52,0xa8,0x52,0xa8,0x52,0xa8,0x5a,0xa8,0x5a,0xe6,0x39,0x64,0x29,0x64,0x29,
    0xc5,0x39,0xc8,0x5a,0xec,0x83,0xab,0x7b,0x6a,0x73,0x2a,0x63,0xa8,0x52,0x88,0x52,0xa5,0x31,0x44,0x29,0x44,0x29,0x85,0x31,
    0x68,0x4a,0x48,0x4a,0xac,0x73,0x19,0xe7,0xfe,0xff,0xdc,0xff,0x34,0xc6,0x0f,0x95,0xd3,0xb5,0xbc,0xff,0xbc,0xff,0xbc,0xff,
    0xbc,0xff,0xbc,0xff,0xbc,0xff,0xbc,0xff,0xdc,0xff,0x39,0xe7,0x75,0xce,0x8e,0x8c,0xab,0x73,0xec,0x73,0x14,0xbe,0x39,0xe7,
    0x39,0xe7,0x39,0xe7,0x38,0xe7,0x39,0xef,0x5a,0xe7,0x39,0xe7,0x59,0xef,0x14,0xbe,0x4c,0x7c,0x6d,0x84,0xec,0x73,0xcb,0x6b,
    0x8e,0x84,0x5a,0xef,0xbb,0xff,0x9b,0xff,0x9b,0xf7,0xfd,0xff,0x6f,0x8c,0xc8,0x4a,0x5a,0xef,0xdc,0xff,0xbc,0xff,0xbc,0xff,
    0xbc,0xff,0xbc,0xff,0xdc,0xff,0x3a,0xe7,0x87,0x4a,0x6f,0x8c,0xfd,0xff,0x9b,0xf7,0xbb,0xff,0xbb,0xff,0xbb,0xff,0xbb,0xff,
    0xbb,0xff,0xbc,0xff,0xbb,0xff,0xbb,0xff,0xbc,0xff,0xdc,0xff,0xbc,0xff,0xbc,0xff,0xbc,0xff,0xbc,0xff,0xbb,0xff,0xbc,0xff,
    0xbc,0xff,0xbc,0xff,0xbc,0xff,0xbc,0xff,0xbc,0xff,0xbc,0xff,0xbc,0xff,0xbc,0xff,0x9b,0xf7,0xfd,0xff,0x56,0xce,0xc8,0x52,
    0x29,0x5b,0xb2,0xad,0xd7,0xd6,0xbc,0xff,0xbb,0xff,0xbb,0xff,0xdc,0xff,0x5a,0xef,0x13,0xbe,0x33,0xbe,0x33,0xbe,0x33,0xbe,
    0x13,0xbe,0x13,0xbe,0x33,0xbe,0x34,0xbe,0x13,0xbe,0xd7,0xd6,0xdc,0xff,0xbb,0xff,0xbb,0xff,0xbb,0xff,0xbc,0xff,0xbc,0xff,
    0xbc,0xff,0xbc,0xff,0xbc,0xff,0xbc,0xff,0xbc,0xff,0xbc,0xff,0xbc,0xff,0xbc,0xff,0xbc,0xff,0xbc,0xff,0xbc,0xff,0xbc,0xff,
    0xbc,0xff,0xbc,0xff,0xbc,0xff,0xbc,0xff,0xbc,0xff,0xbc,0xff,0xbc,0xff,0xbc,0xff,0xbc,0xff,0xbc,0xff,0xbc,0xff,0xbc,0xff,
    0xbc,0xff,0xbc,0xff,0xbc,0xff,0xbc,0xff,0x9b,0xf7,0x33,0xbe,0xf7,0xde,0xdc,0xff,0xbb,0xff,0xbc,0xff,0xbc,0xff,0xbc,0xff,
    0xbc,0xff,0xbc,0xff,0xbc,0xff,0xef,0x94,0xeb,0x73,0xb2,0xad,0x54,0xc6,0x2c,0x7c,0x35,0xc6,0xfd,0xff,0x9b,0xff,0xbc,0xff,
    0xbc,0xff,0xbc,0xff,0xbc,0xff,0xbc,0xff,0xbc,0xff,0xbc,0xff,0xbc,0xff,0xbc,0xff,0xbc,0xff,0xbc,0xff,0xbc,0xff,0xbb,0xff,
    0x9b,0xf7,0xfd,0xff,0x19,0xe7,0x03,0x21,0x03,0x21,0x03,0x21,0xe2,0x18,0x43,0x21,0x44,0x29,0x44,0x29,0x44,0x29,0x24,0x29,
    0x44,0x29,0xe6,0x41,0x06,0x42,0xe6,0x41,0x47,0x4a,0x67,0x52,0x67,0x52,0x67,0x52,0x67,0x52,0x67,0x52,0x88,0x52,0x88,0x52,
    0x67,0x52,0x87,0x52,0xe6,0x41,0x03,0x21,0x23,0x29,0x44,0x29,0x23,0x21,0x23,0x21,0x23,0x21,0x23,0x21,0x47,0x4a,0x88,0x52,
    0x47,0x4a,0x23,0x21,0x23,0x21,0x23,0x29,0x23,0x21,0x03,0x21,0xe6,0x39,0xa8,0x52,0xa8,0x52,0xc8,0x5a,0x27,0x42,0x03,0x21,
    0x44,0x29,0x24,0x21,0x03,0x21,0x44,0x29,0x88,0x52,0xa8,0x5a,0x88,0x52,0x88,0x52,0x88,0x52,0xa8,0x52,0x88,0x52,0xc9,0x5a,
    0xa5,0x31,0x84,0x31,0xab,0x7b,0xab,0x7b,0x29,0x63,0x27,0x42,0x88,0x52,0x88,0x52,0x67,0x4a,0x64,0x29,0x03,0x19,0x48,0x4a,
    0xbc,0xff,0x93,0xb5,0x40,0x08,0x0b,0x63,0xd5,0xbd,0xfd,0xff,0x34,0xc6,0x0f,0x95,0xd3,0xb5,0xbc,0xff,0xbc,0xff,0xbc,0xff,
    0xbc,0xff,0xbc,0xff,0xbc,0xff,0xbc,0xff,0xbc,0xff,0xbc,0xff,0xfd,0xff,0x75,0xce,0x4d,0x84,0xa8,0x4a,0x8e,0x8c,0xd2,0xad,
    0xb2,0xad,0xb1,0xad,0x70,0xa5,0x70,0xa5,0x71,0xa5,0x71,0xa5,0x71,0xa5,0x6d,0x84,0xe8,0x52,0x88,0x4a,0x8b,0x6b,0x13,0xbe,
    0x54,0xc6,0xbc,0xff,0xbb,0xff,0xbb,0xff,0x9b,0xf7,0xfc,0xff,0x6e,0x8c,0xa7,0x4a,0x5a,0xef,0xdc,0xff,0xbc,0xff,0xbc,0xff,
    0xbc,0xff,0xbc,0xff,0xdc,0xff,0x3a,0xef,0xa7,0x4a,0x6f,0x8c,0xfd,0xff,0x9b,0xf7,0xbb,0xff,0xbb,0xff,0xbb,0xff,0xbb,0xff,
    0xbc,0xff,0xbb,0xff,0xbb,0xff,0xbc,0xff,0x39,0xe7,0x95,0xce,0xb6,0xce,0xd7,0xd6,0xbb,0xff,0xbc,0xff,0xbb,0xff,0xbc,0xff,
    0xbc,0xff,0xbc,0xff,0xbc,0xff,0xbc,0xff,0xbc,0xff,0xbc,0xff,0xbc,0xff,0xbc,0xff,0x9b,0xf7,0xfd,0xff,0x56,0xce,0xc8,0x52,
    0x29,0x5b,0xb2,0xad,0xd7,0xd6,0xbc,0xff,0xbb,0xff,0xbb,0xff,0xbc,0xff,0x5a,0xef,0x33,0xbe,0x33,0xbe,0x33,0xbe,0x13,0xbe,
    0x13,0xbe,0x33,0xbe,0x33,0xbe,0x34,0xbe,0x13,0xbe,0xd7,0xd6,0xdc,0xff,0xbb,0xff,0xbb,0xff,0xbb,0xff,0xbc,0xff,0xbc,0xff,
    0xbc,0xff,0xbc,0xff,0xbc,0xff,0xbc,0xff,0xbc,0xff,0xbc,0xff,0xbc,0xff,0xbc,0xff,0xbc,0xff,0xbc,0xff,0xbc,0xff,0xbc,0xff,
    0xbc,0xff,0xbc,0xff,0xbc,0xff,0xbc,0xff,0xbc,0xff,0xbc,0xff,0xbc,0xff,0xbc,0xff,0xbc,0xff,0xbc,0xff,0xbc,0xff,0xbc,0xff,
    0xbc,0xff,0xbc,0xff,0xbc,0xff,0xbc,0xff,0x9b,0xf7,0x33,0xbe,0xf8,0xde,0xdc,0xff,0xbb,0xff,0xbc,0xff,0xbc,0xff,0xbc,0xff,
    0xbc,0xff,0xbc,0xff,0xbc,0xff,0xcf,0x94,0xeb,0x73,0xb2,0xad,0x54,0xc6,0x2c,0x7c,0x35,0xc6,0xfd,0xff,0x9b,0xff,0xbc,0xff,
    0xbc,0xff,0xbc,0xff,0xbc,0xff,0xbc,0xff,0xbc,0xff,0xbc,0xff,0xbc,0xff,0xbc,0xff,0xbc,0xff,0xbc,0xff,0xbb,0xff,0xdc,0xff,
    0xfe,0xff,0x3a,0xe7,0xf1,0x9c,0xe2,0x18,0x03,0x21,0xc2,0x18,0xc2,0x18,0x44,0x29,0x44,0x29,0x44,0x29,0x23,0x29,0x44,0x29,
    0xa5,0x39,0xe6,0x41,0x06,0x42,0x06,0x4a,0x67,0x52,0x67,0x52,0x67,0x52,0x67,0x52,0x67,0x52,0x67,0x52,0x88,0x52,0x88,0x52,
    0x47,0x4a,0x64,0x29,0x43,0x29,0x03,0x21,0x03,0x21,0x03,0x21,0x23,0x21,0x44,0x29,0x24,0x29,0x23,0x21,0x44,0x29,0x47,0x4a,
    0xc9,0x5a,0x67,0x52,0x44,0x29,0x23,0x21,0x44,0x29,0x23,0x21,0x06,0x42,0xa8,0x52,0xc8,0x5a,0xc5,0x39,0x23,0x21,0x03,0x21,
    0x23,0x21,0x23,0x21,0x03,0x21,0x03,0x21,0x64,0x29,0x85,0x31,0x26,0x42,0xa8,0x5a,0xa8,0x52,0x88,0x52,0xa8,0x5a,0xab,0x7b,
    0x4a,0x6b,0x09,0x63,0x8b,0x73,0xe6,0x41,0xe6,0x39,0xa8,0x52,0x88,0x52,0x88,0x52,0x67,0x4a,0x44,0x29,0x23,0x21,0xe2,0x18,
    0xc5,0x39,0x73,0xad,0xd9,0xde,0xa1,0x10,0x2a,0x63,0xfe,0xff,0x34,0xc6,0x0f,0x95,0xd3,0xb5,0xbc,0xff,0xbc,0xff,0xbc,0xff,
    0xbc,0xff,0xbc,0xff,0xbc,0xff,0xbc,0xff,0xbc,0xff,0xbc,0xff,0xbc,0xff,0x39,0xef,0x34,0xc6,0x10,0x9d,0x4d,0x84,0x4d,0x84,
    0x4d,0x84,0x2d,0x7c,0x0c,0x7c,0x0c,0x7c,0xec,0x73,0xec,0x73,0xcb,0x73,0x0c,0x7c,0xf0,0x9c,0x10,0x9d,0xd2,0xb5,0x38,0xe7,
    0x39,0xef,0xbc,0xff,0xbc,0xff,0xbc,0xff,0x9b,0xff,0xfd,0xff,0x6e,0x8c,0xa7,0x4a,0x5a,0xef,0xdc,0xff,0xbc,0xff,0xbc,0xff,
    0xbc,0xff,0xbc,0xff,0xdc,0xff,0x3a,0xef,0xa7,0x4a,0x6f,0x8c,0xfd,0xff,0x9b,0xf7,0xbb,0xff,0xbb,0xff,0xbb,0xff,0xbc,0xff,
    0xbb,0xff,0xbc,0xff,0xbb,0xff,0xdc,0xff,0xf8,0xde,0xf2,0xb5,0x13,0xb6,0x54,0xc6,0xbc,0xff,0xbb,0xff,0xbb,0xff,0xbc,0xff,
    0xbc,0xff,0xbc,0xff,0xbc,0xff,0xbc,0xff,0xbc,0xff,0xbc,0xff,0xbc,0xff,0xbc,0xff,0x9b,0xf7,0xfd,0xff,0x77,0xce,0xe8,0x52,
    0x09,0x5b,0xb1,0xad,0xd7,0xd6,0xbc,0xff,0xbb,0xff,0xbb,0xff,0xbc,0xff,0x5a,0xef,0x33,0xbe,0x33,0xbe,0x33,0xbe,0x33,0xbe,
    0x33,0xbe,0x33,0xbe,0x33,0xbe,0x33,0xbe,0x13,0xb6,0xb6,0xd6,0xbc,0xff,0xbb,0xff,0xbb,0xff,0xbb,0xff,0xbc,0xff,0xbc,0xff,
    0xbc,0xff,0xbc,0xff,0xbc,0xff,0xbc,0xff,0xbc,0xff,0xbc,0xff,0xbc,0xff,0xbc,0xff,0xbc,0xff,0xbc,0xff,0xbc,0xff,0xbc,0xff,
    0xbc,0xff,0xbc,0xff,0xbc,0xff,0xbc,0xff,0xbc,0xff,0xbc,0xff,0xbc,0xff,0xbc,0xff,0xbc,0xff,0xbc,0xff,0xbc,0xff,0xbc,0xff,
    0xbc,0xff,0xbc,0xff,0xbc,0xff,0xbc,0xff,0x7a,0xf7,0x13,0xbe,0xf8,0xde,0xdc,0xff,0xbb,0xff,0xbc,0xff,0xbb,0xff,0xbc,0xff,
    0xbc,0xff,0xbc,0xff,0xbc,0xff,0xcf,0x94,0xeb,0x73,0xb2,0xad,0x54,0xc6,0x2c,0x7c,0x35,0xc6,0xfd,0xff,0x9b,0xff,0xbc,0xff,
    0xbc,0xff,0xbc,0xff,0xbc,0xff,0xbc,0xff,0xbc,0xff,0xbc,0xff,0xbc,0xff,0xbc,0xff,0xbc,0xff,0xbc,0xff,0xdc,0xff,0xd9,0xe6,
    0xb5,0xb5,0x4f,0x8c,0xa9,0x52,0x0b,0x63,0xea,0x62,0xea,0x62,0xa9,0x52,0x44,0x29,0x23,0x29,0x44,0x29,0xa5,0x31,0xe6,0x39,
    0x06,0x42,0xe6,0x41,0xc5,0x41,0xc5,0x39,0x67,0x4a,0x68,0x52,0x68,0x52,0x67,0x52,0x68,0x52,0x67,0x52,0x88,0x52,0x47,0x4a,
    0xa5,0x39,0x03,0x21,0x64,0x31,0x84,0x31,0x64,0x29,0x84,0x31,0xa5,0x39,0x44,0x29,0x23,0x21,0x23,0x21,0x03,0x21,0xe6,0x41,
    0xa8,0x5a,0xc9,0x62,0xc6,0x39,0x44,0x29,0x23,0x21,0x23,0x21,0x47,0x4a,0x47,0x4a,0x06,0x42,0x64,0x29,0x23,0x21,0xa5,0x31,
    0xa5,0x39,0xa5,0x31,0x84,0x31,0x85,0x31,0xa5,0x31,0x23,0x21,0x85,0x31,0x27,0x4a,0x67,0x52,0xc9,0x5a,0x29,0x63,0x8b,0x73,
    0xab,0x7b,0x6b,0x73,0x09,0x63,0x44,0x29,0x44,0x29,0x26,0x42,0x47,0x4a,0x88,0x52,0x68,0x52,0x44,0x29,0x23,0x21,0x44,0x29,
    0x81,0x08,0xed,0x7b,0xff,0xff,0x6c,0x6b,0xd1,0x9c,0xfe,0xff,0x35,0xc6,0x0f,0x9d,0xd3,0xb5,0xbc,0xff,0xbc,0xff,0xbc,0xff,
    0xbc,0xff,0xbc,0xff,0xbc,0xff,0xbc,0xff,0xbc,0xff,0xbc,0xff,0xbb,0xff,0xdc,0xff,0x59,0xef,0xd7,0xd6,0x30,0x9d,0x4d,0x84,
    0x4d,0x84,0x6e,0x84,0x6e,0x84,0x8e,0x8c,0x8e,0x8c,0x6e,0x8c,0x8e,0x8c,0x10,0x9d,0x95,0xce,0xb6,0xce,0x18,0xdf,0xbb,0xff,
    0xbb,0xff,0xbc,0xff,0xbc,0xff,0xbb,0xff,0x9b,0xf7,0xfd,0xff,0x6f,0x8c,0xa7,0x4a,0x5a,0xef,0xdc,0xff,0xbc,0xff,0xbc,0xff,
    0xbc,0xff,0xbc,0xff,0xdc,0xff,0x3a,0xef,0x87,0x4a,0x4e,0x8c,0xfd,0xff,0x9b,0xf7,0x9b,0xff,0x9b,0xff,0xbb,0xff,0xbb,0xff,
    0xbb,0xff,0xbb,0xff,0xbb,0xff,0xdc,0xff,0x18,0xdf,0x13,0xbe,0x33,0xbe,0x75,0xc6,0xbb,0xff,0xbb,0xff,0xbb,0xff,0xbb,0xff,
    0xbb,0xff,0xbb,0xff,0xbc,0xff,0xbc,0xff,0xbc,0xff,0xbc,0xff,0xbc,0xff,0xbc,0xff,0x9b,0xf7,0xdc,0xff,0xb8,0xd6,0xe8,0x52,
    0x09,0x5b,0xb1,0xad,0xd7,0xd6,0xbc,0xff,0xbb,0xff,0xbb,0xff,0xbc,0xff,0x5a,0xef,0x13,0xbe,0x33,0xbe,0x33,0xbe,0x33,0xbe,
    0x33,0xbe,0x33,0xbe,0x33,0xbe,0x33,0xbe,0x13,0xb6,0xb7,0xd6,0xdc,0xff,0xbb,0xff,0xbb,0xff,0xbc,0xff,0xbb,0xff,0xbc,0xff,
    0xbb,0xff,0xbb,0xff,0xbc,0xff,0xbc,0xff,0xbc,0xff,0xbc,0xff,0xbc,0xff,0xbc,0xff,0xbc,0xff,0xbc,0xff,0xbc,0xff,0xbc,0xff,
    0xbc,0xff,0xbc,0xff,0xbc,0xff,0xbc,0xff,0xbc,0xff,0xbc,0xff,0xbc,0xff,0xbc,0xff,0xbc,0xff,0xbc,0xff,0xbc,0xff,0xbc,0xff,
    0xbc,0xff,0xbc,0xff,0xbc,0xff,0xbc,0xff,0x7b,0xf7,0x34,0xbe,0xf8,0xde,0xdc,0xff,0x9b,0xff,0xbc,0xff,0xbc,0xff,0xbc,0xff,
    0xbc,0xff,0xbc,0xff,0xbc,0xff,0xef,0x94,0x0c,0x7c,0xb2,0xad,0x54,0xc6,0x2c,0x7c,0x35,0xc6,0xfd,0xff,0x9b,0xff,0xbc,0xff,
    0xbc,0xff,0xbc,0xff,0xbc,0xff,0xbc,0xff,0xbc,0xff,0xbc,0xff,0xbc,0xff,0xbc,0xff,0xbc,0xff,0x9b,0xf7,0xfd,0xff,0x73,0xad,
    0x00,0x00,0x90,0x94,0xff,0xff,0xbc,0xff,0xbc,0xff,0xdc,0xff,0xf9,0xe6,0x64,0x29,0x03,0x21,0x44,0x29,0x68,0x52,0xa8,0x5a,
    0x27,0x4a,0xe6,0x41,0x64,0x31,0x24,0x21,0x67,0x52,0x88,0x52,0x68,0x52,0x68,0x52,0x68,0x52,0x67,0x52,0x88,0x52,0xe6,0x39,
    0xe3,0x18,0x23,0x21,0x67,0x4a,0xa8,0x52,0x67,0x52,0x67,0x52,0x88,0x52,0x44,0x29,0x23,0x21,0x23,0x21,0x44,0x29,0x23,0x21,
    0xe6,0x39,0xa8,0x5a,0xc9,0x5a,0x85,0x31,0x03,0x21,0x23,0x21,0x88,0x52,0xe6,0x41,0xc2,0x18,0x23,0x21,0xa5,0x31,0xc8,0x5a,
    0xa8,0x52,0xa8,0x52,0x88,0x52,0xa8,0x52,0x88,0x52,0x03,0x21,0xe3,0x18,0x44,0x29,0x67,0x4a,0x4a,0x6b,0xec,0x83,0xc9,0x5a,
    0x6a,0x6b,0x4a,0x6b,0x47,0x4a,0xc5,0x39,0x23,0x21,0x03,0x21,0x27,0x42,0xa8,0x52,0x68,0x52,0x44,0x29,0x23,0x21,0x23,0x21,
    0x23,0x21,0x44,0x29,0x4f,0x8c,0x7b,0xf7,0xfc,0xff,0xdc,0xff,0x55,0xc6,0x0f,0x9d,0xf3,0xbd,0xbc,0xff,0xbc,0xff,0xbc,0xff,
    0xbc,0xff,0xbc,0xff,0xbc,0xff,0xbc,0xff,0xbc,0xff,0xbc,0xff,0xbb,0xff,0xbb,0xff,0xbb,0xff,0xdd,0xff,0xf8,0xde,0x75,0xce,
    0x95,0xce,0xb6,0xce,0xb6,0xd6,0xb6,0xce,0x96,0xce,0xb6,0xd6,0xf7,0xde,0x18,0xdf,0x39,0xe7,0x9b,0xf7,0xbb,0xff,0x9b,0xf7,
    0x9b,0xff,0xbc,0xff,0xbc,0xff,0xbb,0xff,0x9a,0xff,0xfd,0xff,0x8f,0x8c,0xc8,0x52,0x5a,0xef,0xdc,0xff,0xbc,0xff,0xbc,0xff,
    0xbc,0xff,0x9b,0xff,0xdc,0xff,0x3a,0xe7,0x67,0x4a,0x6f,0x8c,0xfe,0xff,0xbc,0xff,0xdc,0xff,0xdc,0xff,0xdc,0xff,0xbc,0xff,
    0xbb,0xff,0xbb,0xff,0xbb,0xff,0xbc,0xff,0x18,0xe7,0x13,0xbe,0x13,0xbe,0x54,0xc6,0xbb,0xff,0xbc,0xff,0xbb,0xff,0xbb,0xff,
    0xbb,0xff,0xbc,0xff,0xbc,0xff,0xbc,0xff,0xbb,0xff,0xbc,0xff,0xbc,0xff,0xbc,0xff,0x9b,0xff,0xdc,0xff,0xb8,0xd6,0xe8,0x52,
    0x09,0x5b,0xb2,0xad,0xd7,0xd6,0xbc,0xff,0xbb,0xff,0xbc,0xff,0xbc,0xff,0x5a,0xef,0x13,0xbe,0x33,0xbe,0x33,0xbe,0x33,0xbe,
    0x33,0xbe,0x33,0xbe,0x33,0xbe,0x33,0xbe,0x33,0xbe,0x54,0xbe,0x75,0xc6,0x75,0xc6,0x54,0xc6,0xb6,0xd6,0xbc,0xff,0xbb,0xff,
    0xbc,0xff,0xbc,0xff,0xbc,0xff,0xbc,0xff,0xbc,0xff,0xbc,0xff,0xbc,0xff,0xbc,0xff,0xbc,0xff,0xbc,0xff,0xbc,0xff,0xbc,0xff,
    0xbc,0xff,0xbc,0xff,0xbc,0xff,0xbc,0xff,0xbc,0xff,0xbc,0xff,0xbc,0xff,0xbc,0xff,0xbc,0xff,0xbc,0xff,0xbc,0xff,0xbc,0xff,
    0xbc,0xff,0xbc,0xff,0xbc,0xff,0xbc,0xff,0x9b,0xf7,0x13,0xbe,0xb6,0xd6,0xdc,0xff,0xbb,0xff,0xbc,0xff,0xbc,0xff,0xbc,0xff,
    0xbc,0xff,0xbb,0xff,0xdc,0xff,0x10,0x9d,0x0c,0x7c,0xb2,0xad,0x34,0xbe,0x2c,0x7c,0x35,0xc6,0xfd,0xff,0x9b,0xf7,0xbc,0xff,
    0xbc,0xff,0xbc,0xff,0xbc,0xff,0xbc,0xff,0xbc,0xff,0xbc,0xff,0xbc,0xff,0xbc,0xff,0xbc,0xff,0x9b,0xf7,0xfe,0xff,0x12,0xa5,
    0x06,0x42,0x19,0xe7,0x9b,0xf7,0xff,0xff,0x90,0x94,0x65,0x29,0xc6,0x39,0x03,0x21,0x44,0x29,0x47,0x4a,0x67,0x52,0x88,0x52,
    0x88,0x52,0x85,0x31,0x23,0x21,0x44,0x29,0x67,0x4a,0x68,0x52,0x67,0x52,0x67,0x52,0x67,0x52,0x67,0x52,0xa8,0x52,0xc5,0x39,
    0x64,0x29,0x67,0x4a,0x88,0x52,0x88,0x52,0x88,0x52,0xe6,0x39,0x44,0x29,0x23,0x21,0x23,0x21,0x44,0x29,0x44,0x29,0x44,0x29,
    0x43,0x29,0x64,0x29,0xc8,0x5a,0xc5,0x39,0x03,0x21,0x23,0x21,0x84,0x29,0x44,0x29,0xe3,0x18,0x26,0x42,0x88,0x52,0x88,0x52,
    0x88,0x52,0x88,0x52,0x88,0x52,0x88,0x52,0x88,0x52,0x09,0x63,0x47,0x4a,0x06,0x42,0xc9,0x5a,0x4a,0x6b,0xec,0x7b,0xcb,0x7b,
    0x09,0x63,0x88,0x52,0x67,0x52,0x88,0x52,0xc5,0x39,0xe3,0x18,0x44,0x29,0xc5,0x39,0xc9,0x5a,0xc5,0x39,0xe3,0x18,0x23,0x21,
    0x23,0x21,0x44,0x29,0xa1,0x10,0x36,0xce,0xdc,0xff,0xdc,0xff,0x55,0xc6,0x2f,0x9d,0xf3,0xbd,0xbc,0xff,0xbc,0xff,0xbc,0xff,
    0xbc,0xff,0xbc,0xff,0xbc,0xff,0xbc,0xff,0xbc,0xff,0xbc,0xff,0xbb,0xff,0xbb,0xff,0xbc,0xff,0xbc,0xff,0x9b,0xf7,0x7a,0xf7,
    0x9b,0xf7,0xbb,0xff,0xbb,0xff,0xbb,0xff,0xdc,0xff,0xbb,0xff,0xdc,0xff,0xdc,0xff,0xdc,0xff,0xdc,0xff,0xbc,0xff,0xdc,0xff,
    0x39,0xef,0x55,0xc6,0x75,0xce,0x75,0xc6,0x54,0xc6,0x95,0xce,0x0d,0x7c,0xc8,0x52,0x3a,0xef,0xdc,0xff,0xbc,0xff,0xbc,0xff,
    0xbc,0xff,0xbc,0xff,0xdc,0xff,0x3a,0xe7,0x87,0x4a,0x2d,0x84,0x59,0xe7,0xf7,0xde,0xf7,0xde,0xf8,0xde,0x18,0xe7,0x9b,0xf7,
    0xbc,0xff,0xbb,0xff,0xbb,0xff,0xbc,0xff,0xf8,0xde,0x13,0xb6,0x13,0xbe,0x54,0xc6,0x9b,0xff,0xbb,0xff,0xbb,0xff,0xbc,0xff,
    0xbb,0xff,0xbc,0xff,0xbb,0xff,0xbc,0xff,0xbc,0xff,0xbc,0xff,0xbc,0xff,0xbb,0xff,0x9b,0xff,0xdc,0xff,0xb8,0xd6,0xe8,0x52,
    0x09,0x5b,0xb2,0xad,0xd7,0xd6,0xbc,0xff,0x9b,0xff,0xbc,0xff,0xdc,0xff,0x59,0xef,0x13,0xbe,0x33,0xbe,0x33,0xbe,0x33,0xbe,
    0x33,0xbe,0x33,0xbe,0x33,0xbe,0x33,0xbe,0x33,0xbe,0x33,0xbe,0x13,0xb6,0x13,0xbe,0xf2,0xb5,0x75,0xce,0xbc,0xff,0xbb,0xff,
    0xbb,0xff,0xbc,0xff,0xbc,0xff,0xbb,0xff,0xbc,0xff,0xbc,0xff,0xbc,0xff,0xbc,0xff,0xbc,0xff,0xbc,0xff,0xbc,0xff,0xbc,0xff,
    0xbc,0xff,0xbc,0xff,0xbc,0xff,0xbc,0xff,0xbc,0xff,0xbc,0xff,0xbc,0xff,0xbc,0xff,0xbc,0xff,0xbc,0xff,0xbc,0xff,0xbc,0xff,
    0xbc,0xff,0xbc,0xff,0xbc,0xff,0xbc,0xff,0x9b,0xf7,0x13,0xbe,0xb6,0xd6,0xbc,0xff,0xbb,0xff,0xbb,0xff,0xbc,0xff,0xbc,0xff,
    0xbb,0xff,0xbc,0xff,0xdc,0xff,0x10,0x9d,0x0c,0x7c,0xd2,0xad,0x34,0xbe,0x2c,0x7c,0x35,0xc6,0xfd,0xff,0x9b,0xff,0xbc,0xff,
    0xbc,0xff,0xbc,0xff,0xbc,0xff,0xbc,0xff,0xbc,0xff,0xbc,0xff,0xbc,0xff,0xbc,0xff,0xbc,0xff,0xbb,0xff,0xbc,0xff,0x19,0xe7,
    0xb8,0xd6,0xfc,0xff,0x39,0xef,0x53,0xa5,0xa9,0x5a,0xa2,0x10,0xe2,0x18,0x23,0x29,0xc5,0x39,0x88,0x52,0x67,0x52,0x67,0x4a,
    0x47,0x4a,0x84,0x31,0x23,0x21,0x44,0x29,0x47,0x4a,0x68,0x52,0x67,0x52,0x68,0x52,0x67,0x52,0x67,0x4a,0x88,0x52,0x06,0x42,
    0xe6,0x41,0xa8,0x5a,0x88,0x52,0x67,0x52,0xa8,0x5a,0xe6,0x39,0x03,0x21,0x23,0x21,0x23,0x21,0x44,0x29,0x44,0x29,0x44,0x29,
    0x23,0x21,0x23,0x21,0xc8,0x5a,0xc6,0x39,0xe3,0x18,0x23,0x21,0xa5,0x31,0xe6,0x39,0xc5,0x39,0x67,0x4a,0xa8,0x52,0x68,0x52,
    0x88,0x52,0x88,0x52,0x88,0x52,0x88,0x52,0x88,0x52,0xab,0x7b,0x2a,0x6b,0xe9,0x5a,0x6a,0x6b,0x09,0x63,0xe9,0x62,0x4a,0x6b,
    0xe9,0x5a,0x67,0x4a,0x88,0x52,0x88,0x52,0x26,0x42,0x64,0x31,0x23,0x21,0x64,0x29,0x06,0x42,0x06,0x42,0xa5,0x31,0x44,0x29,
    0x24,0x21,0x24,0x21,0x03,0x21,0x56,0xce,0xdc,0xff,0xbc,0xff,0x55,0xc6,0x50,0xa5,0x14,0xbe,0xbc,0xff,0xbc,0xff,0xbc,0xff,
    0xbc,0xff,0xbc,0xff,0xbb,0xff,0xbc,0xff,0xbc,0xff,0xbc,0xff,0xbb,0xff,0xbc,0xff,0xbc,0xff,0xbc,0xff,0xbb,0xff,0xbc,0xff,
    0xbc,0xff,0xbb,0xff,0x9a,0xf7,0x59,0xef,0x18,0xdf,0x18,0xe7,0xf8,0xde,0xf8,0xde,0xf8,0xde,0x18,0xdf,0x18,0xdf,0x18,0xe7,
    0x96,0xce,0xf3,0xb5,0x13,0xbe,0x13,0xbe,0xf2,0xb5,0x33,0xbe,0xec,0x73,0xc8,0x52,0x3a,0xef,0xdc,0xff,0xbb,0xff,0xbc,0xff,
    0xbc,0xff,0x9c,0xff,0xdc,0xff,0x3a,0xe7,0x88,0x4a,0xcc,0x73,0x33,0xbe,0xf2,0xb5,0xf2,0xb5,0xf2,0xb5,0x13,0xbe,0x7a,0xef,
    0xbc,0xff,0xbb,0xff,0xbb,0xff,0xdc,0xff,0xf8,0xde,0xf3,0xb5,0x13,0xbe,0x54,0xc6,0xbb,0xff,0xbb,0xff,0xbb,0xff,0xbb,0xff,
    0xbb,0xff,0xbb,0xff,0xbc,0xff,0xbb,0xff,0xbb,0xff,0xbc,0xff,0xbb,0xff,0xbb,0xff,0x9b,0xff,0xdc,0xff,0xb8,0xd6,0xe8,0x52,
    0x09,0x5b,0xb2,0xad,0xd7,0xd6,0xbc,0xff,0x9b,0xff,0x9b,0xf7,0xbc,0xff,0x39,0xef,0x13,0xbe,0x33,0xbe,0x33,0xbe,0x33,0xbe,
    0x33,0xbe,0x33,0xbe,0x33,0xbe,0x33,0xbe,0x33,0xbe,0x33,0xbe,0x33,0xbe,0x33,0xbe,0x13,0xbe,0x95,0xce,0xbc,0xff,0xbb,0xff,
    0xbb,0xff,0xbb,0xff,0xbc,0xff,0xbc,0xff,0xbc,0xff,0xbc,0xff,0xbc,0xff,0xbc,0xff,0xbc,0xff,0xbc,0xff,0xbc,0xff,0xbc,0xff,
    0xbc,0xff,0xbc,0xff,0xbc,0xff,0xbc,0xff,0xbc,0xff,0xbc,0xff,0xbc,0xff,0xbc,0xff,0xbc,0xff,0xbc,0xff,0xbc,0xff,0xbc,0xff,
    0xbc,0xff,0xbb,0xff,0xbb,0xff,0xbc,0xff,0x9b,0xf7,0x13,0xbe,0xd6,0xd6,0xbc,0xff,0x9b,0xff,0xbb,0xff,0x9b,0xff,0xbb,0xff,
    0xbb,0xff,0xbc,0xff,0xdc,0xff,0x10,0x9d,0x0c,0x7c,0xb2,0xad,0x34,0xbe,0x2c,0x7c,0x35,0xc6,0xfd,0xff,0x9b,0xff,0xbb,0xff,
    0xbc,0xff,0xbc,0xff,0xbc,0xff,0xbc,0xff,0xbc,0xff,0xbc,0xff,0xbc,0xff,0xbc,0xff,0xbc,0xff,0xbc,0xff,0xbb,0xff,0xdc,0xff,
    0xdd,0xff,0xbb,0xff,0xb7,0xde,0x03,0x19,0x03,0x21,0x64,0x29,0x03,0x21,0xa5,0x39,0x67,0x4a,0x67,0x52,0x67,0x4a,0x27,0x4a,
    0xa5,0x39,0x64,0x29,0x44,0x29,0x44,0x29,0x47,0x4a,0x67,0x52,0x67,0x52,0x67,0x52,0x67,0x52,0x67,0x52,0x67,0x4a,0x68,0x52,
    0xa8,0x52,0x88,0x52,0x67,0x52,0x67,0x52,0xa8,0x5a,0xe6,0x41,0x23,0x21,0x23,0x21,0x23,0x21,0x44,0x29,0x44,0x29,0x44,0x21,
    0x23,0x21,0x23,0x21,0x67,0x4a,0xe5,0x39,0x03,0x21,0x03,0x21,0x67,0x4a,0xe9,0x5a,0xa8,0x5a,0x88,0x52,0x68,0x52,0x67,0x4a,
    0x67,0x4a,0x67,0x52,0x88,0x52,0xa8,0x52,0xa8,0x5a,0x6a,0x73,0xab,0x7b,0xcb,0x7b,0xeb,0x83,0xc8,0x5a,0xc5,0x39,0x47,0x4a,
    0x68,0x52,0x67,0x52,0x88,0x52,0x68,0x52,0x68,0x52,0x88,0x52,0x64,0x29,0x03,0x21,0xe2,0x18,0x06,0x42,0x68,0x52,0x64,0x29,
    0x44,0x29,0x24,0x21,0x03,0x21,0x57,0xce,0xdc,0xff,0xbb,0xff,0x55,0xc6,0x70,0xa5,0x34,0xbe,0xbc,0xff,0xbb,0xff,0xbb,0xff,
    0xbc,0xff,0xbb,0xff,0xbc,0xff,0xbb,0xff,0xbb,0xff,0x9b,0xff,0x9b,0xff,0xbb,0xff,0xbb,0xff,0xbb,0xff,0xbb,0xff,0xbc,0xff,
    0xbb,0xff,0x9a,0xff,0x38,0xe7,0xb6,0xce,0x13,0xb6,0x13,0xbe,0x13,0xb6,0x13,0xb6,0x13,0xb6,0x13,0xb6,0x13,0xb6,0x13,0xb6,
    0x13,0xbe,0x33,0xbe,0x13,0xbe,0x13,0xbe,0x13,0xbe,0x54,0xc6,0xcb,0x73,0xc8,0x52,0x3a,0xef,0xdc,0xff,0xbb,0xff,0xbc,0xff,
    0xbc,0xff,0xbc,0xff,0xdc,0xff,0x3a,0xe7,0x88,0x4a,0xcc,0x73,0x54,0xc6,0x13,0xbe,0x33,0xbe,0x33,0xbe,0x13,0xbe,0x59,0xef,
    0xbc,0xff,0x9b,0xff,0x9b,0xff,0xdc,0xff,0xf8,0xde,0xf2,0xb5,0x13,0xbe,0x54,0xc6,0xbb,0xff,0xbb,0xff,0xbb,0xff,0xbb,0xff,
    0xbc,0xff,0xbc,0xff,0xbc,0xff,0xbc,0xff,0xbc,0xff,0xbc,0xff,0xbc,0xff,0xbc,0xff,0x9b,0xf7,0xdc,0xff,0xb8,0xd6,0xe9,0x52,
    0x09,0x5b,0xb2,0xad,0xd6,0xd6,0xdc,0xff,0x7a,0xef,0x54,0xc6,0x75,0xc6,0x54,0xc6,0x33,0xbe,0x33,0xbe,0x33,0xbe,0x34,0xbe,
    0x33,0xbe,0x33,0xbe,0x33,0xbe,0x34,0xbe,0x34,0xbe,0x33,0xbe,0x33,0xbe,0x33,0xbe,0x13,0xbe,0x95,0xce,0xbc,0xff,0xbb,0xff,
    0xbc,0xff,0xbb,0xff,0xbc,0xff,0xbc,0xff,0xbc,0xff,0xbc,0xff,0xbc,0xff,0xbc,0xff,0xbc,0xff,0xbc,0xff,0xbc,0xff,0xbc,0xff,
    0xbb,0xff,0xbc,0xff,0xbc,0xff,0xbc,0xff,0xbc,0xff,0xbc,0xff,0xbc,0xff,0xbc,0xff,0xbc,0xff,0xbc,0xff,0xbc,0xff,0xbc,0xff,
    0xbc,0xff,0xd7,0xd6,0x54,0xc6,0x96,0xce,0x55,0xc6,0x13,0xbe,0x33,0xbe,0xb6,0xd6,0xdc,0xff,0xdc,0xff,0xdc,0xff,0xdc,0xff,
    0xbc,0xff,0xbb,0xff,0xdc,0xff,0x10,0x9d,0x0b,0x74,0xb2,0xad,0x54,0xbe,0x2c,0x7c,0x35,0xc6,0xfd,0xff,0xbb,0xf7,0xbc,0xff,
    0xbc,0xff,0xbc,0xff,0xbc,0xff,0xbc,0xff,0xbc,0xff,0xbc,0xff,0xbc,0xff,0xbc,0xff,0xbc,0xff,0xbc,0xff,0xbb,0xff,0xbb,0xff,
    0x9b,0xf7,0xfd,0xff,0x39,0xef,0x64,0x29,0x23,0x21,0x44,0x29,0x03,0x21,0xe6,0x39,0x67,0x52,0x47,0x4a,0x68,0x52,0x06,0x42,
    0x23,0x21,0x44,0x29,0x44,0x29,0x44,0x29,0x47,0x4a,0x67,0x52,0x67,0x52,0x67,0x52,0x67,0x52,0x67,0x52,0x47,0x4a,0x67,0x52,
    0xa8,0x5a,0x88,0x52,0xc8,0x5a,0x67,0x52,0xa5,0x39,0x44,0x29,0x24,0x21,0x24,0x21,0x23,0x21,0x23,0x21,0x23,0x21,0x44,0x21,
    0x44,0x29,0x23,0x21,0x44,0x29,0x44,0x29,0x44,0x29,0x68,0x4a,0xa8,0x52,0xc8,0x5a,0xc8,0x5a,0x88,0x52,0xa8,0x52,0x29,0x63,
    0x6a,0x73,0x4a,0x6b,0x47,0x4a,0xe9,0x5a,0x4a,0x6b,0xa8,0x52,0x4a,0x6b,0xab,0x7b,0xa8,0x52,0x67,0x4a,0xe6,0x41,0x23,0x21,
    0x85,0x31,0xa8,0x5a,0x88,0x52,0x68,0x52,0x88,0x52,0x88,0x52,0x64,0x29,0x03,0x21,0x23,0x21,0x23,0x21,0x64,0x29,0xa8,0x52,
    0xa5,0x31,0xe3,0x18,0x03,0x21,0xd9,0xde,0xfe,0xff,0xbb,0xff,0x75,0xce,0x91,0xad,0x54,0xc6,0xbc,0xff,0xbb,0xff,0xbb,0xff,
    0xbb,0xff,0xbb,0xff,0xbb,0xff,0xdc,0xff,0xdc,0xff,0xdc,0xff,0xdc,0xff,0xfd,0xff,0xf8,0xde,0xb2,0xad,0xd2,0xb5,0xd3,0xb5,
    0xb2,0xad,0x71,0xa5,0x30,0x9d,0x91,0xad,0x34,0xbe,0x34,0xbe,0x33,0xbe,0x33,0xbe,0x33,0xbe,0x33,0xbe,0x33,0xbe,0x33,0xbe,
    0x33,0xbe,0x13,0xbe,0x13,0xbe,0x13,0xbe,0x13,0xbe,0x54,0xc6,0xcb,0x73,0xa8,0x52,0x3a,0xef,0xdc,0xff,0xbb,0xff,0xbc,0xff,
    0xbc,0xff,0x9b,0xff,0xdc,0xff,0x3a,0xe7,0xa8,0x4a,0xcb,0x73,0x54,0xc6,0x13,0xbe,0x13,0xbe,0x13,0xbe,0x13,0xb6,0x39,0xef,
    0xdc,0xff,0x9b,0xff,0x9b,0xff,0xdc,0xff,0xf8,0xde,0xf2,0xb5,0x13,0xbe,0x54,0xc6,0xbb,0xff,0xbb,0xff,0xbb,0xff,0xbc,0xff,
    0xbc,0xff,0xbc,0xff,0xbc,0xff,0xbc,0xff,0xbb,0xff,0xbc,0xff,0xbc,0xff,0xbc,0xff,0x9b,0xf7,0xdc,0xff,0xb7,0xd6,0xe9,0x52,
    0x09,0x5b,0xb1,0xad,0xd6,0xd6,0xdc,0xff,0x7a,0xef,0x33,0xbe,0x33,0xbe,0x34,0xbe,0x13,0xbe,0x13,0xbe,0x33,0xbe,0x13,0xbe,
    0x33,0xbe,0x34,0xbe,0x13,0xbe,0x13,0xbe,0x33,0xbe,0x13,0xbe,0x13,0xbe,0x33,0xbe,0x13,0xbe,0x95,0xce,0xbc,0xff,0xbb,0xff,
    0xbb,0xff,0xbc,0xff,0xbb,0xff,0xbc,0xff,0xbc,0xff,0xbc,0xff,0xbc,0xff,0xbc,0xff,0xbc,0xff,0xbc,0xff,0xbc,0xff,0xbc,0xff,
    0xbc,0xff,0xbc,0xff,0xbc,0xff,0xbc,0xff,0xbc,0xff,0xbc,0xff,0xbc,0xff,0xbc,0xff,0xbc,0xff,0xbc,0xff,0xbc,0xff,0xbc,0xff,
    0xbc,0xff,0xb6,0xd6,0x13,0xbe,0x33,0xbe,0x13,0xbe,0x33,0xbe,0x33,0xbe,0x54,0xc6,0xd7,0xde,0xd7,0xde,0xf8,0xde,0xf7,0xde,
    0x7a,0xf7,0xbc,0xff,0xbc,0xff,0x10,0x9d,0x0b,0x74,0xb2,0xad,0x54,0xbe,0x2c,0x7c,0x35,0xc6,0xfd,0xff,0xbb,0xff,0xbc,0xff,
    0xbc,0xff,0xbc,0xff,0xbc,0xff,0xbc,0xff,0xbc,0xff,0xbc,0xff,0xbc,0xff,0xbc,0xff,0xbc,0xff,0xbc,0xff,0xbb,0xff,0xbb,0xff,
    0xfd,0xff,0xb8,0xde,0x0e,0x84,0x24,0x21,0x23,0x21,0x44,0x29,0xe6,0x39,0x67,0x4a,0x67,0x52,0x67,0x4a,0x27,0x4a,0xa5,0x31,
    0x03,0x21,0x23,0x21,0xa5,0x31,0x26,0x42,0x67,0x4a,0x67,0x4a,0x67,0x4a,0x67,0x4a,0x67,0x52,0x67,0x52,0x88,0x52,0xa8,0x5a,
    0x67,0x52,0xe9,0x62,0x29,0x6b,0xe9,0x62,0x84,0x31,0x03,0x21,0x23,0x21,0x44,0x29,0x24,0x21,0x23,0x21,0x23,0x21,0x44,0x29,
    0x44,0x29,0x23,0x21,0x03,0x21,0x64,0x29,0xe6,0x41,0x67,0x4a,0x06,0x3a,0x06,0x42,0x26,0x42,0x47,0x4a,0xc8,0x5a,0x6b,0x73,
    0x8b,0x73,0xab,0x7b,0xe9,0x5a,0xa8,0x52,0xc8,0x5a,0x67,0x4a,0xc8,0x5a,0x09,0x6b,0x67,0x52,0x47,0x4a,0x06,0x42,0x03,0x21,
    0x44,0x29,0x27,0x42,0xa8,0x52,0x88,0x52,0x88,0x52,0x88,0x52,0xe6,0x39,0x44,0x29,0x23,0x21,0x23,0x21,0x23,0x21,0xe6,0x39,
    0xe5,0x39,0x44,0x29,0xe3,0x18,0xee,0x7b,0xd5,0xbd,0xdd,0xff,0x75,0xce,0xb1,0xad,0x54,0xc6,0xbc,0xff,0xbb,0xff,0xbb,0xff,
    0xbc,0xff,0xbc,0xff,0xbb,0xff,0x39,0xe7,0x18,0xe7,0xf8,0xe6,0xd7,0xde,0x96,0xce,0xd3,0xb5,0x50,0xa5,0x91,0xad,0x91,0xad,
    0x91,0xad,0xb1,0xad,0xd2,0xb5,0xf3,0xb5,0x13,0xbe,0x33,0xbe,0x33,0xbe,0x13,0xbe,0x13,0xbe,0x13,0xbe,0x33,0xbe,0x13,0xbe,
    0x13,0xbe,0x13,0xbe,0x13,0xbe,0x13,0xbe,0x13,0xbe,0x54,0xc6,0xec,0x73,0xa8,0x4a,0x3a,0xef,0xdc,0xff,0xbb,0xff,0xbc,0xff,
    0xbc,0xff,0x9b,0xff,0xdc,0xff,0x3a,0xe7,0xa8,0x4a,0xcb,0x73,0x54,0xc6,0x13,0xbe,0x13,0xbe,0x13,0xbe,0x13,0xb6,0x18,0xe7,
    0x9b,0xf7,0x7a,0xf7,0x9b,0xf7,0xbc,0xff,0xf8,0xde,0xf3,0xb5,0x13,0xb6,0x34,0xc6,0xbb,0xff,0xbb,0xff,0xbb,0xff,0xbb,0xff,
    0x9b,0xff,0xbb,0xff,0xbb,0xff,0xbb,0xff,0xbb,0xff,0xbb,0xff,0xbb,0xff,0xbb,0xff,0x9b,0xf7,0xdc,0xff,0x97,0xd6,0xe9,0x52,
    0x09,0x5b,0x91,0xad,0xd6,0xd6,0xdc,0xff,0x7b,0xef,0x34,0xbe,0x33,0xbe,0x33,0xbe,0x75,0xce,0x54,0xc6,0x13,0xbe,0x75,0xce,
    0x75,0xc6,0x34,0xbe,0x75,0xc6,0x54,0xc6,0x13,0xb6,0x55,0xc6,0x75,0xc6,0x34,0xbe,0x13,0xbe,0x95,0xce,0xbc,0xff,0xbb,0xff,
    0xbb,0xff,0xbb,0xff,0xbc,0xff,0xbb,0xff,0xbc,0xff,0xbc,0xff,0xbc,0xff,0xbc,0xff,0xbc,0xff,0xbc,0xff,0xbc,0xff,0xbc,0xff,
    0xbc,0xff,0xbc,0xff,0xbc,0xff,0xbc,0xff,0xbc,0xff,0xbc,0xff,0xbc,0xff,0xbc,0xff,0xbc,0xff,0xbc,0xff,0xbc,0xff,0xbb,0xff,
    0xbc,0xff,0xb6,0xd6,0x33,0xbe,0x33,0xbe,0x33,0xbe,0x34,0xbe,0x34,0xbe,0x33,0xbe,0x13,0xbe,0x13,0xbe,0x33,0xbe,0x13,0xbe,
    0x59,0xef,0xbc,0xff,0xbc,0xff,0xf0,0x9c,0x0b,0x74,0xd2,0xad,0x34,0xbe,0x2c,0x7c,0x35,0xc6,0xfd,0xff,0x9b,0xff,0xbc,0xff,
    0xbc,0xff,0xbc,0xff,0xbc,0xff,0xbc,0xff,0xbc,0xff,0xbc,0xff,0xbc,0xff,0xbc,0xff,0xbc,0xff,0xbc,0xff,0xbb,0xff,0x39,0xef,
    0x7b,0xef,0x90,0x94,0x60,0x08,0x24,0x21,0x23,0x21,0x44,0x29,0xe9,0x62,0xc8,0x5a,0x67,0x52,0x68,0x52,0x85,0x31,0x03,0x21,
    0x23,0x21,0x03,0x21,0x06,0x42,0x09,0x63,0x88,0x52,0x47,0x4a,0x47,0x4a,0x67,0x52,0x67,0x52,0x67,0x52,0x09,0x6b,0x09,0x63,
    0x67,0x4a,0x6a,0x73,0x4a,0x6b,0xab,0x7b,0x85,0x31,0x03,0x21,0x23,0x21,0x23,0x21,0x44,0x29,0x44,0x29,0x44,0x29,0x64,0x29,
    0x64,0x29,0x44,0x29,0x03,0x21,0x06,0x42,0xe9,0x62,0xa5,0x31,0x23,0x21,0x23,0x21,0x44,0x29,0x47,0x4a,0xc9,0x5a,0x4a,0x6b,
    0x6a,0x6b,0xab,0x7b,0xab,0x73,0x88,0x52,0x27,0x4a,0x67,0x52,0x67,0x52,0x68,0x52,0x67,0x52,0x47,0x4a,0x27,0x42,0x44,0x29,
    0x23,0x21,0x84,0x31,0xa8,0x52,0x88,0x52,0x88,0x52,0x67,0x52,0x67,0x4a,0xa5,0x31,0x23,0x21,0x44,0x29,0x23,0x21,0xe3,0x18,
    0xe6,0x41,0xe6,0x39,0x03,0x21,0x60,0x08,0x0a,0x63,0xfe,0xff,0x96,0xce,0xb1,0xad,0x54,0xc6,0xbc,0xff,0xbb,0xff,0xbb,0xff,
    0x9b,0xf7,0x7b,0xf7,0x39,0xe7,0x71,0xa5,0xef,0x94,0xef,0x94,0xcf,0x94,0xef,0x94,0xb1,0xad,0x54,0xbe,0x33,0xbe,0x33,0xbe,
    0x33,0xbe,0x33,0xbe,0x33,0xbe,0x13,0xbe,0x13,0xbe,0x13,0xbe,0x13,0xbe,0x13,0xbe,0x33,0xbe,0x13,0xbe,0x13,0xbe,0x13,0xbe,
    0x13,0xbe,0x13,0xbe,0x13,0xbe,0x33,0xbe,0x13,0xbe,0x54,0xc6,0xec,0x73,0xa8,0x4a,0x3a,0xef,0xdc,0xff,0x9b,0xff,0xbc,0xff,
    0xbc,0xff,0xbb,0xff,0xdc,0xff,0x3a,0xe7,0xa8,0x4a,0xcb,0x73,0x54,0xc6,0x13,0xbe,0x13,0xbe,0x13,0xbe,0x13,0xbe,0x33,0xbe,
    0x33,0xbe,0x13,0xbe,0xb6,0xd6,0xdc,0xff,0xf8,0xde,0xf3,0xb5,0x13,0xb6,0x34,0xc6,0x9b,0xff,0xbb,0xff,0xbb,0xff,0xbc,0xff,
    0xdc,0xff,0xdc,0xff,0xdc,0xff,0xbc,0xff,0xdc,0xff,0xdc,0xff,0xdc,0xff,0xbc,0xff,0x9b,0xf7,0xfc,0xff,0x97,0xd6,0xe8,0x52,
    0x29,0x5b,0xb1,0xad,0xd6,0xd6,0xdc,0xff,0x7b,0xef,0x34,0xbe,0x13,0xbe,0x33,0xbe,0xbb,0xff,0x39,0xe7,0x13,0xb6,0x9b,0xf7,
    0x5a,0xef,0xf3,0xb5,0x59,0xef,0x59,0xef,0xd2,0xad,0x59,0xef,0x7a,0xf7,0x33,0xbe,0x13,0xbe,0x75,0xce,0xbc,0xff,0xbb,0xff,
    0xbb,0xff,0xbb,0xff,0xbb,0xff,0xbc,0xff,0xbc,0xff,0xbc,0xff,0xbb,0xff,0xbc,0xff,0xbc,0xff,0xbc,0xff,0xbc,0xff,0xbc,0xff,
    0xbb,0xff,0xbc,0xff,0xbc,0xff,0xbc,0xff,0xbb,0xff,0xbc,0xff,0xbc,0xff,0xbc,0xff,0xbc,0xff,0xbc,0xff,0xbc,0xff,0xbb,0xff,
    0xbc,0xff,0xb6,0xd6,0x13,0xbe,0x33,0xbe,0x13,0xbe,0x33,0xbe,0x33,0xbe,0x33,0xbe,0x33,0xbe,0x34,0xbe,0x54,0xc6,0x33,0xbe,
    0x59,0xef,0xbc,0xff,0xbc,0xff,0x10,0x9d,0x0b,0x74,0xd2,0xad,0x34,0xbe,0x2c,0x7c,0x35,0xc6,0xfd,0xff,0xbb,0xf7,0xbc,0xff,
    0xbc,0xff,0xbc,0xff,0xbc,0xff,0xbc,0xff,0xbc,0xff,0xbc,0xff,0xbc,0xff,0xbc,0xff,0xbc,0xff,0x9b,0xf7,0xfd,0xff,0xb4,0xbd,
    0x03,0x21,0xa5,0x31,0x64,0x29,0x44,0x29,0x23,0x21,0x44,0x29,0xe9,0x62,0x8a,0x73,0x4a,0x6b,0x27,0x4a,0x44,0x29,0x23,0x21,
    0x23,0x21,0x85,0x31,0xc8,0x5a,0x8a,0x73,0xc8,0x5a,0xe9,0x62,0x47,0x4a,0x4a,0x6b,0x88,0x52,0xc8,0x5a,0xcb,0x7b,0x6a,0x73,
    0x2a,0x6b,0x4a,0x73,0x8b,0x7b,0xab,0x7b,0xa5,0x31,0x03,0x21,0x23,0x21,0x23,0x21,0x44,0x29,0xc2,0x18,0xc2,0x10,0xc2,0x18,
    0x64,0x29,0x47,0x4a,0xa1,0x10,0xc5,0x39,0x87,0x52,0x0c,0x9c,0x2c,0xa4,0x2c,0xa4,0xae,0xb4,0xc5,0x39,0x03,0x19,0x27,0x4a,
    0x88,0x52,0xe9,0x5a,0x8b,0x73,0x88,0x52,0x47,0x4a,0x88,0x52,0xc5,0x39,0x85,0x31,0x88,0x52,0x67,0x4a,0x47,0x4a,0x88,0x52,
    0xa5,0x31,0x03,0x21,0x64,0x29,0x67,0x4a,0xa8,0x5a,0x68,0x52,0x44,0x29,0x03,0x21,0x44,0x29,0x23,0x21,0x23,0x21,0x23,0x21,
    0x23,0x21,0x23,0x21,0x44,0x29,0xc2,0x18,0x4b,0x6b,0xfe,0xff,0x75,0xce,0x91,0xad,0x54,0xc6,0xbc,0xff,0xbc,0xff,0xbc,0xff,
    0xb6,0xd6,0x13,0xbe,0xd2,0xb5,0xb2,0xad,0xf3,0xb5,0x34,0xbe,0xf3,0xb5,0xd2,0xb5,0xf2,0xb5,0x13,0xb6,0x13,0xbe,0x13,0xb6,
    0x13,0xbe,0x13,0xbe,0x13,0xbe,0x13,0xbe,0x13,0xbe,0x13,0xbe,0x13,0xbe,0x13,0xbe,0x33,0xbe,0x13,0xbe,0x13,0xbe,0x33,0xbe,
    0x13,0xbe,0x13,0xbe,0x13,0xbe,0x13,0xbe,0x13,0xbe,0x54,0xc6,0xec,0x73,0xa8,0x4a,0x3a,0xef,0xdc,0xff,0xbb,0xff,0xbc,0xff,
    0xbc,0xff,0xbb,0xff,0xdc,0xff,0x3a,0xe7,0x88,0x4a,0xcb,0x73,0x54,0xc6,0x13,0xbe,0x13,0xbe,0x13,0xbe,0x13,0xbe,0x13,0xbe,
    0x13,0xbe,0xf2,0xb5,0xb6,0xd6,0xdc,0xff,0xf7,0xde,0xf2,0xb5,0x13,0xb6,0x34,0xc6,0x9b,0xff,0x9b,0xff,0xbc,0xff,0x39,0xe7,
    0xd7,0xd6,0xd7,0xd6,0xd7,0xd6,0xd7,0xd6,0xd7,0xd6,0xf7,0xde,0xd7,0xd6,0x59,0xef,0xbc,0xff,0xfc,0xff,0x36,0xc6,0xc8,0x52,
    0x29,0x5b,0xb1,0xad,0xd6,0xd6,0xdc,0xff,0x7a,0xef,0x33,0xbe,0x13,0xbe,0x13,0xbe,0x18,0xe7,0xd7,0xd6,0x33,0xbe,0xf8,0xde,
    0xd7,0xd6,0xf3,0xb5,0xb6,0xd6,0xb6,0xd6,0xd2,0xb5,0xd6,0xd6,0xf8,0xde,0x34,0xbe,0x13,0xbe,0x75,0xce,0xbc,0xff,0xbb,0xff,
    0xbb,0xff,0xbb,0xff,0xbb,0xff,0xbc,0xff,0xbc,0xff,0xbb,0xff,0xbb,0xff,0xbc,0xff,0xbc,0xff,0xbc,0xff,0xbc,0xff,0xbc,0xff,
    0xbc,0xff,0xbc,0xff,0xbc,0xff,0xbc,0xff,0xbb,0xff,0xbc,0xff,0xbc,0xff,0xbc,0xff,0xbc,0xff,0xbc,0xff,0xbc,0xff,0xbb,0xff,
    0xdc,0xff,0xb6,0xd6,0x13,0xbe,0x34,0xbe,0x54,0xc6,0x34,0xc6,0x13,0xbe,0x13,0xbe,0x54,0xc6,0x54,0xc6,0x34,0xbe,0x33,0xbe,
    0x59,0xef,0xbc,0xff,0xbc,0xff,0x10,0x9d,0x0c,0x7c,0xb2,0xad,0x34,0xbe,0x2c,0x7c,0x35,0xc6,0xfd,0xff,0x9b,0xff,0xbc,0xff,
    0xbc,0xff,0xbc,0xff,0xbc,0xff,0xbc,0xff,0xbc,0xff,0xbc,0xff,0xbc,0xff,0xbc,0xff,0x9b,0xff,0xfd,0xff,0x5b,0xef,0xea,0x5a,
    0xc2,0x18,0x44,0x29,0x44,0x29,0x44,0x29,0x23,0x21,0x44,0x29,0x09,0x6b,0x29,0x6b,0xe9,0x62,0xe9,0x62,0x23,0x29,0xe3,0x18,
    0x85,0x31,0xa8,0x5a,0x4a,0x73,0x6a,0x73,0xa8,0x5a,0x6a,0x73,0xe9,0x62,0x6a,0x73,0x88,0x52,0xc8,0x5a,0xeb,0x83,0x4a,0x6b,
    0x09,0x63,0x4a,0x6b,0x09,0x63,0xab,0x7b,0xa5,0x31,0x03,0x21,0x03,0x21,0x03,0x21,0x23,0x21,0xcc,0x83,0x6e,0x9c,0x6e,0x9c,
    0x8f,0xa4,0x51,0xb5,0x6f,0x9c,0xcf,0xa4,0x10,0xad,0x13,0xde,0x33,0xe6,0x91,0xd5,0x0f,0xc5,0xcc,0x8b,0x88,0x5a,0x44,0x29,
    0x27,0x42,0x68,0x52,0xa8,0x5a,0x67,0x4a,0x67,0x4a,0x88,0x52,0xe6,0x39,0x23,0x21,0x85,0x31,0x06,0x42,0x88,0x52,0xa8,0x5a,
    0x47,0x4a,0xa5,0x31,0x23,0x21,0x67,0x4a,0xc8,0x5a,0x88,0x52,0xe6,0x41,0x84,0x31,0x03,0x21,0x23,0x21,0x23,0x21,0x23,0x21,
    0x23,0x21,0x23,0x21,0x44,0x29,0xa1,0x10,0x8c,0x73,0xfe,0xff,0x75,0xce,0x91,0xad,0x54,0xc6,0xbc,0xff,0xbc,0xff,0xdc,0xff,
    0xb6,0xd6,0xd2,0xb5,0x91,0xad,0xb6,0xd6,0x75,0xc6,0x13,0xbe,0x13,0xbe,0xf2,0xb5,0xf3,0xb5,0x13,0xbe,0x13,0xbe,0x13,0xbe,
    0x13,0xbe,0x13,0xbe,0x33,0xbe,0x13,0xbe,0x13,0xbe,0x13,0xbe,0x13,0xbe,0x33,0xbe,0x13,0xbe,0x33,0xbe,0x13,0xbe,0x13,0xbe,
    0x13,0xbe,0x33,0xbe,0x33,0xbe,0x33,0xbe,0x13,0xbe,0x74,0xc6,0xec,0x73,0xa8,0x52,0x3a,0xef,0xdc,0xff,0xbc,0xff,0xbc,0xff,
    0xbc,0xff,0x9b,0xff,0xdc,0xff,0x3a,0xe7,0x88,0x4a,0xcb,0x73,0x54,0xc6,0x13,0xbe,0x13,0xbe,0x13,0xbe,0x13,0xbe,0x13,0xbe,
    0x13,0xbe,0xf2,0xb5,0x96,0xce,0xdc,0xff,0xf7,0xde,0xf2,0xb5,0xf3,0xb5,0x34,0xc6,0x9b,0xff,0x9b,0xf7,0xbc,0xff,0xb6,0xd6,
    0xf2,0xb5,0x13,0xb6,0x13,0xb6,0x13,0xbe,0x13,0xbe,0x13,0xbe,0xf2,0xb5,0xf8,0xde,0xbc,0xff,0xfc,0xff,0x35,0xc6,0xc8,0x4a,
    0x29,0x5b,0xb2,0xad,0xd6,0xd6,0xdc,0xff,0x7a,0xef,0x13,0xbe,0x33,0xbe,0x13,0xbe,0x13,0xbe,0x34,0xbe,0x34,0xbe,0x13,0xbe,
    0x13,0xbe,0x33,0xbe,0x13,0xbe,0x13,0xb6,0x13,0xbe,0x13,0xbe,0x33,0xbe,0x34,0xbe,0x13,0xbe,0x75,0xce,0xbc,0xff,0xbb,0xff,
    0xbb,0xff,0xbb,0xff,0xbb,0xff,0xbb,0xff,0xbb,0xff,0xbb,0xff,0xbb,0xff,0xbb,0xff,0xbb,0xff,0xbb,0xff,0x9b,0xff,0x9b,0xf7,
    0xbb,0xff,0xbc,0xff,0x9b,0xf7,0xbb,0xff,0xbb,0xff,0xbb,0xff,0xbb,0xff,0xbb,0xff,0xbc,0xff,0xbc,0xff,0xbc,0xff,0xbc,0xff,
    0xdc,0xff,0xb6,0xd6,0x13,0xbe,0x34,0xbe,0x7a,0xf7,0x7a,0xf7,0xf2,0xb5,0x74,0xc6,0xdc,0xff,0xb7,0xd6,0x33,0xbe,0x13,0xbe,
    0x59,0xef,0xbc,0xff,0xbc,0xff,0x10,0x9d,0x2c,0x7c,0xd2,0xb5,0x34,0xbe,0x2c,0x7c,0x35,0xc6,0xfd,0xff,0x9b,0xf7,0xbc,0xff,
    0xbc,0xff,0xbc,0xff,0xbc,0xff,0xbc,0xff,0xbc,0xff,0xbc,0xff,0xbc,0xff,0xbc,0xff,0xdc,0xff,0x1a,0xe7,0x0b,0x63,0xe2,0x18,
    0x44,0x29,0x03,0x21,0x03,0x21,0x44,0x29,0x23,0x21,0x64,0x29,0x4a,0x6b,0xc8,0x5a,0x88,0x52,0xab,0x7b,0x44,0x29,0xe3,0x18,
    0xe6,0x39,0x8a,0x73,0xab,0x7b,0x2a,0x6b,0x88,0x52,0x6a,0x73,0x6a,0x73,0x4a,0x73,0x88,0x52,0xc8,0x5a,0xcb,0x83,0x09,0x63,
    0xc8,0x5a,0x6a,0x73,0x88,0x52,0x6a,0x73,0x64,0x29,0x03,0x21,0x23,0x29,0x23,0x29,0x84,0x31,0xb7,0xe6,0xdb,0xff,0x99,0xff,
    0x78,0xff,0x78,0xff,0xba,0xff,0x99,0xff,0x78,0xff,0x58,0xff,0x79,0xff,0x74,0xee,0x2f,0xc5,0xd2,0xdd,0x8e,0xac,0x03,0x19,
    0xe6,0x41,0x47,0x4a,0x27,0x4a,0x47,0x4a,0x67,0x4a,0x88,0x52,0x06,0x42,0x03,0x21,0xe3,0x18,0xa5,0x31,0xa8,0x5a,0x88,0x52,
    0xa8,0x5a,0x67,0x4a,0x23,0x21,0x47,0x4a,0xa8,0x5a,0x88,0x52,0xa8,0x5a,0x06,0x42,0xe3,0x18,0x23,0x21,0x23,0x21,0x23,0x21,
    0x23,0x21,0x23,0x21,0x44,0x29,0xc2,0x18,0x2e,0x8c,0xfe,0xff,0x75,0xce,0x91,0xad,0x54,0xc6,0xbc,0xff,0xbc,0xff,0xdc,0xff,
    0xb6,0xd6,0xd2,0xb5,0x70,0xa5,0x38,0xe7,0x95,0xce,0xd2,0xad,0xf3,0xb5,0xf3,0xb5,0xd2,0xb5,0xf2,0xb5,0xf3,0xb5,0x13,0xb6,
    0x13,0xbe,0x33,0xbe,0x33,0xbe,0x33,0xbe,0x13,0xbe,0x13,0xbe,0x33,0xbe,0x13,0xbe,0x33,0xbe,0x33,0xbe,0x33,0xbe,0x33,0xbe,
    0x33,0xbe,0x33,0xbe,0x33,0xbe,0x33,0xbe,0x13,0xbe,0x54,0xc6,0xec,0x73,0xa8,0x52,0x3a,0xef,0xdc,0xff,0xbb,0xff,0xbc,0xff,
    0xbc,0xff,0x9b,0xff,0xdc,0xff,0x3a,0xe7,0x88,0x4a,0xcb,0x73,0x54,0xc6,0x13,0xbe,0x13,0xbe,0x13,0xbe,0x13,0xbe,0x13,0xbe,
    0x13,0xbe,0x13,0xbe,0x13,0xb6,0xf8,0xde,0x18,0xe7,0xf2,0xb5,0xf2,0xb5,0x34,0xbe,0xbb,0xff,0xd7,0xde,0x54,0xc6,0x34,0xc6,
    0x33,0xbe,0x33,0xbe,0x34,0xbe,0x34,0xbe,0x34,0xbe,0x34,0xbe,0x13,0xbe,0xf8,0xde,0xbc,0xff,0xfd,0xff,0xd4,0xbd,0xa7,0x4a,
    0x29,0x5b,0xb2,0xad,0xd6,0xd6,0xdc,0xff,0x5a,0xef,0x13,0xbe,0x33,0xbe,0x33,0xbe,0x13,0xbe,0x34,0xbe,0x34,0xbe,0x13,0xb6,
    0xf3,0xb5,0x13,0xbe,0x33,0xbe,0x34,0xbe,0x34,0xbe,0x13,0xbe,0x13,0xbe,0x33,0xbe,0x13,0xbe,0x75,0xce,0xbc,0xff,0xbb,0xff,
    0xbb,0xff,0xbb,0xff,0xbb,0xff,0xbc,0xff,0xdc,0xff,0xbc,0xff,0xbc,0xff,0xbc,0xff,0xbc,0xff,0xdc,0xff,0xf7,0xde,0x34,0xbe,
    0x75,0xc6,0x75,0xc6,0x75,0xce,0xbb,0xff,0xdc,0xff,0xbc,0xff,0xbb,0xff,0xbb,0xff,0xbc,0xff,0xbc,0xff,0xbc,0xff,0xbc,0xff,
    0xdc,0xff,0xb6,0xd6,0x13,0xbe,0x34,0xbe,0xf8,0xde,0xf7,0xde,0xf2,0xb5,0x34,0xc6,0x39,0xe7,0x96,0xce,0x33,0xbe,0x33,0xbe,
    0x59,0xef,0xbc,0xff,0xbc,0xff,0x10,0x9d,0x2c,0x7c,0xd2,0xb5,0x34,0xbe,0x2c,0x7c,0x35,0xc6,0xfd,0xff,0x9b,0xf7,0xbc,0xff,
    0xbc,0xff,0xbc,0xff,0xbc,0xff,0xbc,0xff,0xbc,0xff,0xbc,0xff,0xbc,0xff,0x9b,0xf7,0xfd,0xff,0x36,0xce,0xe2,0x18,0x64,0x29,
    0xa1,0x10,0xa5,0x31,0xa5,0x31,0x23,0x21,0x44,0x29,0x85,0x31,0xa8,0x5a,0x88,0x52,0xa8,0x5a,0x09,0x63,0x85,0x31,0xe6,0x41,
    0x47,0x4a,0x6a,0x73,0x4a,0x73,0x88,0x52,0x47,0x4a,0x29,0x6b,0x4a,0x73,0x47,0x4a,0x27,0x4a,0xc8,0x5a,0xe9,0x62,0x68,0x52,
    0xa8,0x5a,0xa8,0x5a,0x06,0x42,0x23,0x21,0xe3,0x18,0x67,0x52,0xce,0xb4,0xf3,0xd5,0x96,0xe6,0x18,0xf7,0x18,0xff,0x17,0xff,
    0x17,0xff,0x17,0xff,0x18,0xff,0x17,0xff,0x17,0xff,0x17,0xff,0x38,0xff,0x17,0xff,0xf6,0xf6,0x37,0xff,0xf4,0xc5,0xa2,0x10,
    0x03,0x21,0x85,0x31,0x68,0x52,0x88,0x52,0x88,0x52,0x67,0x52,0x67,0x4a,0x06,0x42,0x23,0x21,0x23,0x21,0x85,0x31,0xa8,0x5a,
    0xa8,0x52,0x67,0x4a,0x47,0x4a,0x67,0x52,0x88,0x52,0x88,0x52,0xa8,0x52,0x88,0x52,0x47,0x4a,0x47,0x4a,0x67,0x4a,0x44,0x29,
    0x23,0x21,0x23,0x21,0x44,0x29,0x81,0x10,0x32,0xad,0xfd,0xff,0x75,0xce,0xb1,0xad,0x54,0xc6,0xbc,0xff,0xbc,0xff,0xdc,0xff,
    0xb6,0xd6,0xd2,0xb5,0x50,0xa5,0xd7,0xde,0x54,0xc6,0xd2,0xb5,0xf2,0xb5,0x33,0xbe,0x8e,0x8c,0x29,0x5b,0x6a,0x63,0x91,0xad,
    0x33,0xbe,0xf2,0xb5,0x13,0xbe,0x13,0xb6,0x13,0xb6,0x13,0xb6,0x13,0xbe,0x33,0xbe,0x33,0xbe,0x33,0xbe,0x33,0xbe,0x33,0xbe,
    0x33,0xbe,0x33,0xbe,0x33,0xbe,0x33,0xbe,0x13,0xbe,0x54,0xc6,0xec,0x73,0xa8,0x4a,0x3a,0xef,0xdc,0xff,0xbb,0xff,0xbc,0xff,
    0xbc,0xff,0x9b,0xff,0xdc,0xff,0x1a,0xe7,0x87,0x4a,0xcb,0x73,0x54,0xc6,0x13,0xbe,0x13,0xbe,0x13,0xbe,0x13,0xbe,0x13,0xbe,
    0x13,0xbe,0x13,0xbe,0x13,0xbe,0x34,0xbe,0x54,0xc6,0x13,0xb6,0xf2,0xb5,0x34,0xbe,0xbc,0xff,0xb7,0xd6,0xf3,0xb5,0x13,0xbe,
    0x13,0xbe,0x34,0xbe,0x13,0xbe,0x13,0xbe,0x13,0xbe,0x33,0xbe,0x13,0xbe,0xf8,0xde,0xbc,0xff,0xfd,0xff,0xd4,0xb5,0xa7,0x4a,
    0x29,0x5b,0xb2,0xad,0xd7,0xd6,0xdc,0xff,0x5a,0xef,0x13,0xbe,0x33,0xbe,0x34,0xbe,0x18,0xdf,0xd7,0xd6,0x33,0xbe,0xf7,0xde,
    0xb6,0xd6,0xf2,0xb5,0xd7,0xd6,0xd7,0xde,0x13,0xbe,0xb6,0xd6,0xb6,0xd6,0x13,0xbe,0x13,0xbe,0x95,0xce,0xbc,0xff,0xbb,0xff,
    0xbb,0xff,0xbb,0xff,0x9b,0xff,0x39,0xe7,0x18,0xe7,0x18,0xe7,0x18,0xe7,0x18,0xe7,0x18,0xe7,0x18,0xe7,0x95,0xce,0x13,0xb6,
    0x34,0xbe,0x33,0xbe,0x33,0xbe,0xf7,0xde,0x18,0xdf,0x39,0xe7,0xbc,0xff,0xbb,0xff,0xbb,0xff,0xbc,0xff,0xbc,0xff,0xbb,0xff,
    0xdc,0xff,0xb6,0xd6,0x13,0xbe,0x54,0xc6,0x33,0xbe,0xf2,0xb5,0x13,0xbe,0x13,0xbe,0x13,0xb6,0x33,0xbe,0x34,0xbe,0x33,0xbe,
    0x59,0xef,0xbc,0xff,0xbc,0xff,0x10,0x9d,0x2c,0x7c,0xd2,0xb5,0x34,0xbe,0x2c,0x7c,0x35,0xc6,0xfd,0xff,0x9b,0xf7,0xbc,0xff,
    0xbc,0xff,0xbc,0xff,0xbc,0xff,0xbc,0xff,0xbc,0xff,0xbc,0xff,0xbc,0xff,0x9b,0xf7,0xfd,0xff,0x36,0xce,0xc2,0x18,0xa5,0x31,
    0x4b,0x6b,0x93,0xb5,0x89,0x52,0xe2,0x18,0x64,0x29,0xc5,0x39,0x67,0x52,0x67,0x52,0x88,0x52,0xa8,0x52,0x26,0x42,0x47,0x4a,
    0x47,0x4a,0xe9,0x62,0xa8,0x52,0xe6,0x41,0x67,0x52,0xc8,0x5a,0xc9,0x5a,0x47,0x4a,0x47,0x4a,0x88,0x52,0x88,0x52,0x67,0x52,
    0x87,0x52,0x88,0x52,0xe6,0x39,0xe3,0x18,0xe3,0x18,0xa8,0x62,0x90,0xd5,0xb5,0xf6,0x58,0xff,0x38,0xff,0x38,0xff,0x38,0xff,
    0x38,0xff,0x38,0xff,0x38,0xff,0x38,0xff,0x38,0xff,0x38,0xff,0x38,0xff,0x38,0xff,0x37,0xff,0x58,0xff,0x76,0xde,0x6b,0x73,
    0x64,0x31,0x23,0x21,0x88,0x52,0x47,0x4a,0xe6,0x39,0x47,0x4a,0x67,0x4a,0x67,0x4a,0xc5,0x39,0x64,0x29,0x23,0x21,0xc5,0x39,
    0x06,0x42,0x88,0x52,0x88,0x52,0x67,0x52,0x67,0x52,0x68,0x52,0x26,0x42,0x06,0x42,0xe6,0x39,0x06,0x42,0x06,0x42,0x44,0x29,
    0x23,0x21,0x44,0x29,0x23,0x21,0xa9,0x52,0x97,0xd6,0xdc,0xff,0x75,0xce,0xb1,0xad,0x54,0xc6,0xbc,0xff,0xbb,0xff,0xdc,0xff,
    0xb6,0xd6,0x13,0xb6,0xb2,0xad,0x75,0xce,0x34,0xc6,0xf2,0xb5,0xf2,0xb5,0x54,0xc6,0x6e,0x84,0xc8,0x52,0x09,0x5b,0x91,0xa5,
    0x95,0xce,0x95,0xce,0x96,0xce,0xb6,0xd6,0xb6,0xd6,0xb7,0xd6,0x95,0xce,0x13,0xbe,0x33,0xbe,0x33,0xbe,0x33,0xbe,0x33,0xbe,
    0x33,0xbe,0x33,0xbe,0x33,0xbe,0x33,0xbe,0x13,0xbe,0x54,0xc6,0xec,0x73,0xa8,0x52,0x3a,0xef,0xdc,0xff,0xbb,0xff,0xbc,0xff,
    0xbc,0xff,0xbb,0xff,0xdc,0xff,0x19,0xe7,0x87,0x4a,0xcb,0x73,0x54,0xc6,0x13,0xbe,0x13,0xbe,0x13,0xbe,0x13,0xbe,0x13,0xbe,
    0x13,0xbe,0x13,0xbe,0x13,0xbe,0x13,0xbe,0x13,0xb6,0x13,0xbe,0x13,0xbe,0x54,0xc6,0xbc,0xff,0xb7,0xd6,0xf2,0xb5,0x34,0xbe,
    0x54,0xc6,0x34,0xbe,0x33,0xbe,0x13,0xbe,0x13,0xbe,0x34,0xc6,0x33,0xbe,0xf7,0xde,0xbc,0xff,0xfd,0xff,0xd4,0xbd,0xa8,0x4a,
    0x09,0x5b,0xb2,0xad,0xd7,0xd6,0xdc,0xff,0x5a,0xef,0x13,0xbe,0x13,0xbe,0x54,0xbe,0xdd,0xff,0x5a,0xef,0x13,0xbe,0xbb,0xff,
    0x59,0xef,0xd1,0xad,0x59,0xef,0x5a,0xef,0xf3,0xb5,0x7a,0xf7,0x7a,0xf7,0x13,0xbe,0x33,0xbe,0x95,0xce,0xbc,0xff,0xbb,0xff,
    0xbb,0xff,0xbb,0xff,0x9b,0xf7,0x54,0xc6,0x33,0xbe,0x33,0xbe,0x33,0xbe,0x33,0xbe,0x13,0xbe,0x13,0xbe,0x33,0xbe,0x34,0xbe,
    0x34,0xbe,0x34,0xbe,0x33,0xbe,0x13,0xb6,0xf2,0xb5,0x75,0xc6,0xbc,0xff,0xbb,0xff,0xbb,0xff,0xbc,0xff,0xbc,0xff,0xbb,0xff,
    0xdc,0xff,0xb6,0xd6,0x33,0xbe,0x34,0xbe,0x33,0xbe,0x13,0xbe,0x33,0xbe,0x54,0xc6,0x34,0xc6,0x33,0xbe,0x33,0xbe,0x33,0xbe,
    0x59,0xef,0xbc,0xff,0xbc,0xff,0x10,0x9d,0x2c,0x7c,0xd2,0xb5,0x34,0xbe,0x2c,0x7c,0x35,0xc6,0xfd,0xff,0x9b,0xff,0xbc,0xff,
    0xbb,0xff,0xbc,0xff,0xbc,0xff,0xbc,0xff,0xbc,0xff,0xbc,0xff,0xbc,0xff,0xbb,0xff,0xbc,0xff,0x15,0xc6,0x81,0x10,0xd1,0x9c,
    0xff,0xff,0xf5,0xc5,0xc2,0x18,0x44,0x29,0x84,0x31,0x06,0x42,0x47,0x4a,0x67,0x52,0x67,0x4a,0x67,0x4a,0x88,0x52,0x67,0x52,
    0x47,0x4a,0x26,0x4a,0xa5,0x39,0x23,0x21,0x67,0x52,0x67,0x52,0x47,0x4a,0x67,0x4a,0x47,0x4a,0x47,0x4a,0x67,0x52,0x67,0x52,
    0x67,0x52,0x88,0x52,0xe6,0x41,0x23,0x21,0xe2,0x18,0xa8,0x62,0xf2,0xdd,0xd6,0xf6,0x38,0xff,0x37,0xff,0x37,0xff,0x38,0xff,
    0x38,0xff,0x38,0xff,0x38,0xff,0x38,0xff,0x38,0xff,0x38,0xff,0x38,0xff,0x38,0xff,0x38,0xff,0x17,0xff,0x37,0xff,0xb9,0xff,
    0x68,0x52,0x03,0x21,0x88,0x52,0xe5,0x39,0x44,0x29,0x27,0x42,0x47,0x4a,0x47,0x4a,0xa8,0x52,0xe6,0x39,0x03,0x21,0xe2,0x18,
    0x64,0x31,0xa8,0x52,0x88,0x52,0x67,0x52,0x67,0x52,0x88,0x52,0x84,0x31,0x03,0x21,0x03,0x21,0x23,0x21,0x23,0x21,0x23,0x21,
    0x23,0x21,0x44,0x29,0xc2,0x18,0x53,0xad,0xfd,0xff,0x9b,0xff,0x96,0xce,0xb1,0xad,0x55,0xc6,0xbc,0xff,0x9b,0xff,0xdc,0xff,
    0x96,0xce,0x13,0xbe,0x34,0xbe,0x13,0xb6,0x13,0xbe,0xf2,0xb5,0xd2,0xad,0x54,0xbe,0x8e,0x8c,0x09,0x53,0x29,0x5b,0x71,0xa5,
    0x39,0xe7,0xbc,0xff,0xbb,0xff,0xdc,0xff,0xdc,0xff,0xfd,0xff,0x18,0xe7,0xf2,0xb5,0x33,0xbe,0x33,0xbe,0x34,0xbe,0x34,0xbe,
    0x33,0xbe,0x33,0xbe,0x33,0xbe,0x33,0xbe,0x13,0xbe,0x54,0xc6,0xec,0x73,0xa8,0x52,0x3a,0xef,0xdc,0xff,0xbb,0xff,0xbb,0xff,
    0xbc,0xff,0xbb,0xff,0xdc,0xff,0x19,0xe7,0x88,0x4a,0xcc,0x73,0x54,0xc6,0x13,0xbe,0x13,0xbe,0x13,0xbe,0x13,0xbe,0x33,0xbe,
    0x13,0xbe,0x13,0xbe,0x13,0xbe,0x13,0xbe,0x13,0xbe,0x13,0xbe,0x13,0xbe,0x54,0xc6,0xbc,0xff,0xb7,0xd6,0x13,0xbe,0x9b,0xf7,
    0x5a,0xef,0x13,0xbe,0x59,0xef,0x18,0xe7,0xf2,0xb5,0x7b,0xf7,0xf7,0xde,0xb6,0xd6,0xbc,0xff,0xfd,0xff,0xd4,0xb5,0xa8,0x4a,
    0x29,0x5b,0xb2,0xad,0xd6,0xd6,0xdc,0xff,0x5a,0xef,0x13,0xbe,0x13,0xbe,0x34,0xbe,0xd7,0xd6,0x96,0xce,0x34,0xbe,0x96,0xce,
    0x75,0xc6,0xf2,0xb5,0x75,0xce,0x75,0xce,0x13,0xbe,0x96,0xce,0x96,0xce,0x33,0xbe,0x13,0xbe,0x95,0xce,0xbc,0xff,0xbb,0xff,
    0xbb,0xff,0xbc,0xff,0x9b,0xf7,0x75,0xc6,0x33,0xbe,0x34,0xc6,0x54,0xc6,0x34,0xc6,0x34,0xbe,0x34,0xbe,0x34,0xbe,0x34,0xbe,
    0x34,0xbe,0x34,0xbe,0x34,0xbe,0x34,0xbe,0x33,0xbe,0x75,0xce,0xbc,0xff,0xbc,0xff,0xbb,0xff,0xbb,0xff,0xbb,0xff,0xbb,0xff,
    0xbc,0xff,0xb7,0xd6,0x33,0xbe,0x33,0xbe,0x38,0xef,0x7a,0xf7,0x34,0xbe,0xb6,0xd6,0xdc,0xff,0x95,0xce,0x13,0xbe,0x33,0xbe,
    0x59,0xef,0xbc,0xff,0xdc,0xff,0x10,0x9d,0x2c,0x7c,0xd2,0xb5,0x34,0xbe,0x2c,0x7c,0x35,0xc6,0xfd,0xff,0x9b,0xff,0xbc,0xff,
    0xbc,0xff,0xbc,0xff,0xbc,0xff,0xbc,0xff,0xbc,0xff,0xbc,0xff,0x9b,0xf7,0xfd,0xff,0x0e,0x84,0xc6,0x39,0x37,0xce,0x39,0xef,
    0xbb,0xff,0xd5,0xbd,0xe3,0x20,0x23,0x29,0xc5,0x39,0x67,0x52,0x67,0x4a,0x67,0x52,0x67,0x52,0x67,0x52,0x67,0x4a,0x67,0x52,
    0x88,0x52,0x64,0x31,0x03,0x21,0x24,0x21,0x67,0x4a,0x67,0x52,0x67,0x52,0x67,0x52,0x67,0x52,0x67,0x52,0x67,0x52,0x67,0x52,
    0x67,0x52,0x68,0x52,0x06,0x42,0x23,0x21,0xc2,0x18,0x09,0x63,0x79,0xff,0x38,0xff,0x38,0xff,0x38,0xff,0x38,0xff,0x38,0xff,
    0x38,0xff,0x38,0xff,0x38,0xff,0x38,0xff,0x38,0xff,0x38,0xff,0x38,0xff,0x38,0xff,0x38,0xff,0x38,0xff,0xf7,0xf6,0x78,0xff,
    0xed,0x8b,0xa2,0x10,0x85,0x31,0xab,0x7b,0x35,0xd6,0xa2,0x10,0x84,0x31,0xa8,0x5a,0x68,0x52,0x68,0x52,0x06,0x42,0x03,0x21,
    0x03,0x21,0x84,0x31,0x84,0x31,0x47,0x4a,0xa8,0x52,0xa8,0x5a,0x88,0x52,0xa5,0x39,0x23,0x21,0x44,0x29,0x23,0x21,0x23,0x21,
    0x23,0x21,0x44,0x21,0xa1,0x10,0xf2,0x9c,0xfd,0xff,0xbb,0xff,0x96,0xce,0xb1,0xad,0x55,0xc6,0xbc,0xff,0xbc,0xff,0xdc,0xff,
    0x96,0xce,0x13,0xbe,0x13,0xbe,0x13,0xbe,0x13,0xbe,0xb6,0xd6,0x18,0xe7,0x9b,0xf7,0x10,0x9d,0xa7,0x4a,0xa7,0x4a,0x56,0xce,
    0xdc,0xff,0x9b,0xf7,0x9b,0xf7,0xbb,0xff,0xbb,0xff,0xdc,0xff,0xd7,0xde,0xb1,0xad,0x33,0xbe,0x54,0xbe,0x6e,0x84,0x8b,0x6b,
    0xab,0x6b,0xb2,0xad,0x34,0xbe,0x13,0xbe,0x13,0xbe,0x54,0xc6,0xec,0x73,0xa8,0x52,0x3a,0xef,0xdc,0xff,0xbb,0xff,0xbb,0xff,
    0xbc,0xff,0x9b,0xff,0xdc,0xff,0x1a,0xe7,0x88,0x4a,0xec,0x73,0x54,0xc6,0x13,0xbe,0x13,0xbe,0x33,0xbe,0x13,0xbe,0x13,0xbe,
    0x33,0xbe,0x13,0xbe,0x13,0xbe,0x13,0xbe,0x13,0xbe,0x13,0xbe,0x13,0xbe,0x54,0xc6,0xbc,0xff,0xb6,0xd6,0x13,0xbe,0xf7,0xde,
    0xb7,0xd6,0x13,0xb6,0xb6,0xd6,0xb6,0xd6,0x34,0xbe,0xf8,0xde,0x95,0xce,0xb6,0xd6,0xbc,0xff,0xfd,0xff,0xd4,0xbd,0xa8,0x4a,
    0x29,0x5b,0xb2,0xad,0xd6,0xd6,0xdc,0xff,0x7a,0xef,0x13,0xbe,0x33,0xbe,0x34,0xbe,0x34,0xbe,0x33,0xbe,0x33,0xbe,0x13,0xb6,
    0xf2,0xb5,0x13,0xbe,0x13,0xbe,0x13,0xbe,0x13,0xbe,0x13,0xbe,0x34,0xbe,0x34,0xbe,0x13,0xbe,0x96,0xce,0xbc,0xff,0xbb,0xff,
    0xbc,0xff,0xbc,0xff,0x9b,0xf7,0x54,0xc6,0x33,0xbe,0x33,0xbe,0x34,0xbe,0x33,0xbe,0x13,0xbe,0x34,0xbe,0x54,0xc6,0x33,0xbe,
    0x13,0xbe,0x13,0xbe,0x34,0xbe,0x34,0xbe,0x13,0xbe,0x75,0xce,0xbc,0xff,0xbc,0xff,0xbc,0xff,0xbb,0xff,0xbc,0xff,0xbc,0xff,
    0xbc,0xff,0xb6,0xd6,0x33,0xbe,0x33,0xbe,0xd6,0xd6,0xf8,0xde,0x34,0xbe,0x75,0xce,0x38,0xe7,0x74,0xce,0x33,0xbe,0x33,0xbe,
    0x59,0xef,0xbc,0xff,0xbc,0xff,0x10,0x9d,0x2c,0x7c,0xf2,0xb5,0x34,0xbe,0x2c,0x7c,0x35,0xc6,0xfd,0xff,0x9b,0xf7,0xbc,0xff,
    0xbc,0xff,0xbc,0xff,0xbc,0xff,0xbc,0xff,0xbc,0xff,0xbc,0xff,0x9b,0xf7,0xfd,0xff,0xea,0x5a,0x81,0x10,0x7c,0xf7,0xbb,0xff,
    0xfc,0xff,0x15,0xc6,0xc2,0x18,0x23,0x21,0xa5,0x31,0x88,0x52,0x67,0x52,0x67,0x52,0x67,0x52,0x47,0x4a,0x67,0x52,0x47,0x4a,
    0xe6,0x39,0x24,0x21,0x44,0x29,0xc5,0x39,0x67,0x52,0x67,0x52,0x67,0x52,0x67,0x52,0xe6,0x41,0x27,0x4a,0x67,0x52,0x67,0x52,
    0x67,0x52,0x68,0x52,0x26,0x42,0x24,0x21,0xa2,0x10,0x09,0x63,0x79,0xff,0x18,0xff,0x38,0xff,0x38,0xff,0x38,0xff,0x38,0xff,
    0x38,0xff,0x38,0xff,0x38,0xff,0x38,0xff,0x38,0xff,0x38,0xff,0x38,0xff,0x38,0xff,0x17,0xff,0x17,0xff,0x17,0xf7,0x58,0xff,
    0xd3,0xc5,0xc9,0x5a,0x03,0x21,0xac,0x7b,0x17,0xf7,0xec,0x8b,0xc9,0x62,0xe6,0x39,0xa8,0x5a,0x88,0x52,0x47,0x4a,0xa5,0x31,
    0x44,0x29,0x23,0x21,0x23,0x21,0x85,0x31,0xe6,0x39,0x06,0x42,0xc5,0x39,0x64,0x29,0x23,0x21,0x23,0x21,0x23,0x21,0x23,0x21,
    0x23,0x21,0x24,0x21,0x81,0x10,0x12,0xa5,0xfd,0xff,0xbb,0xff,0x96,0xce,0xb1,0xad,0x54,0xc6,0xbc,0xff,0xbc,0xff,0xdc,0xff,
    0x96,0xce,0x13,0xb6,0x13,0xbe,0x13,0xbe,0xf2,0xb5,0x39,0xe7,0xdc,0xff,0xdc,0xff,0x77,0xce,0x52,0xa5,0x52,0xad,0x19,0xe7,
    0xdc,0xff,0xbc,0xff,0xbb,0xff,0xbb,0xff,0xbb,0xff,0xdc,0xff,0xf8,0xde,0xb2,0xad,0x34,0xbe,0x34,0xbe,0xcc,0x73,0xe8,0x52,
    0x09,0x5b,0x91,0xad,0x54,0xbe,0x13,0xbe,0x13,0xbe,0x54,0xc6,0xec,0x73,0xc8,0x52,0x3a,0xef,0xdc,0xff,0xbb,0xff,0xbc,0xff,
    0xbc,0xff,0x9b,0xff,0xdc,0xff,0x1a,0xe7,0xa8,0x4a,0xec,0x73,0x54,0xc6,0x13,0xbe,0x33,0xbe,0x13,0xbe,0x13,0xbe,0x13,0xbe,
    0x33,0xbe,0x13,0xbe,0x13,0xbe,0x13,0xbe,0x33,0xbe,0x33,0xbe,0x13,0xbe,0x54,0xc6,0xbc,0xff,0xb6,0xd6,0x13,0xbe,0x13,0xbe,
    0xf2,0xb5,0x13,0xbe,0xf2,0xb5,0x33,0xbe,0x54,0xc6,0x34,0xbe,0x13,0xb6,0xd7,0xd6,0xbc,0xff,0xfd,0xff,0xd4,0xb5,0xa8,0x4a,
    0x29,0x5b,0xb2,0xad,0xd6,0xd6,0xdc,0xff,0x5a,0xef,0x33,0xbe,0x33,0xbe,0x34,0xbe,0x54,0xc6,0x34,0xbe,0x13,0xbe,0x13,0xbe,
    0x13,0xbe,0x13,0xbe,0x54,0xc6,0x54,0xc6,0x13,0xbe,0x34,0xbe,0x55,0xc6,0x34,0xbe,0x33,0xbe,0x96,0xce,0xbc,0xff,0x9b,0xff,
    0xbb,0xff,0xbc,0xff,0x9b,0xf7,0x54,0xc6,0x13,0xbe,0x95,0xce,0x59,0xef,0x59,0xef,0x59,0xef,0x95,0xce,0x55,0xc6,0x38,0xe7,
    0x18,0xe7,0x38,0xe7,0x59,0xef,0x54,0xc6,0x33,0xbe,0x75,0xce,0xbc,0xff,0xbc,0xff,0xbc,0xff,0xbb,0xff,0xbc,0xff,0xbc,0xff,
    0xdc,0xff,0xb6,0xd6,0x13,0xbe,0x33,0xbe,0x13,0xbe,0x13,0xbe,0x34,0xbe,0x33,0xbe,0x13,0xbe,0x33,0xbe,0x54,0xbe,0x33,0xbe,
    0x59,0xef,0xbc,0xff,0xbc,0xff,0x10,0x9d,0x2c,0x7c,0xd2,0xb5,0x34,0xc6,0x2c,0x7c,0x35,0xc6,0xfd,0xff,0x9b,0xff,0xbb,0xff,
    0xbb,0xff,0xbc,0xff,0xbc,0xff,0xbc,0xff,0xbc,0xff,0xbc,0xff,0x9b,0xff,0xdc,0xff,0xd5,0xbd,0xd1,0x9c,0x7b,0xf7,0xfd,0xff,
    0x70,0x8c,0x48,0x4a,0x03,0x21,0x03,0x21,0x84,0x31,0x88,0x52,0x67,0x52,0x67,0x52,0x47,0x4a,0x67,0x4a,0x67,0x52,0x06,0x42,
    0x23,0x21,0x23,0x21,0xc5,0x39,0xa8,0x5a,0x88,0x52,0x68,0x52,0x67,0x52,0x67,0x52,0x44,0x29,0x06,0x42,0x68,0x52,0x67,0x52,
    0x67,0x52,0x68,0x52,0x26,0x42,0x23,0x21,0xc2,0x10,0x2a,0x6b,0x78,0xff,0x17,0xff,0x38,0xff,0x38,0xff,0x38,0xff,0x38,0xff,
    0x38,0xff,0x38,0xff,0x38,0xff,0x38,0xff,0x38,0xff,0x38,0xff,0x38,0xff,0x37,0xff,0x99,0xff,0xba,0xff,0xba,0xff,0x99,0xff,
    0xfc,0xff,0x14,0xd6,0x81,0x08,0x8b,0x7b,0xb8,0xff,0xd9,0xff,0x4e,0x94,0xe2,0x18,0x67,0x52,0x67,0x52,0x67,0x4a,0x88,0x52,
    0x27,0x42,0xa5,0x31,0x03,0x21,0xe3,0x18,0x03,0x21,0x23,0x21,0x03,0x21,0x03,0x21,0x23,0x21,0x23,0x21,0x23,0x21,0x24,0x21,
    0x23,0x21,0x44,0x29,0xa2,0x10,0x52,0xad,0xfc,0xff,0xbc,0xff,0x96,0xce,0xb1,0xad,0x55,0xc6,0xbc,0xff,0xbc,0xff,0xdc,0xff,
    0x96,0xce,0x13,0xb6,0x13,0xbe,0x13,0xbe,0xf2,0xb5,0x18,0xe7,0xbc,0xff,0x9b,0xf7,0xdc,0xff,0xfe,0xff,0xfe,0xff,0xdc,0xff,
    0x9b,0xf7,0xb7,0xd6,0x75,0xc6,0xb6,0xd6,0xbb,0xff,0xdc,0xff,0xf8,0xde,0xd2,0xb5,0x34,0xbe,0x54,0xbe,0xec,0x73,0x09,0x5b,
    0x29,0x5b,0x71,0xa5,0x33,0xbe,0x34,0xbe,0x13,0xbe,0x54,0xc6,0xec,0x73,0xc8,0x52,0x3a,0xef,0xdc,0xff,0xbb,0xff,0xbc,0xff,
    0xbc,0xff,0x9b,0xff,0xdc,0xff,0x1a,0xe7,0xa8,0x52,0xec,0x73,0x54,0xc6,0x13,0xbe,0x13,0xbe,0x13,0xbe,0x33,0xbe,0x13,0xbe,
    0x13,0xbe,0x33,0xbe,0x13,0xbe,0x33,0xbe,0x33,0xbe,0x33,0xbe,0x13,0xbe,0x54,0xc6,0xbc,0xff,0xd7,0xd6,0x34,0xbe,0x95,0xce,
    0x34,0xc6,0x13,0xb6,0x75,0xc6,0x95,0xce,0x54,0xc6,0x96,0xce,0x34,0xbe,0xd7,0xd6,0xbc,0xff,0xfc,0xff,0xd4,0xb5,0xa8,0x4a,
    0x29,0x5b,0xb2,0xad,0xd6,0xd6,0xdc,0xff,0x5a,0xef,0x34,0xbe,0x34,0xbe,0x54,0xc6,0x7b,0xf7,0x18,0xe7,0x12,0xb6,0x38,0xe7,
    0x18,0xe7,0xf2,0xb5,0x39,0xe7,0x39,0xe7,0x13,0xbe,0x39,0xef,0x5a,0xef,0x34,0xbe,0x33,0xbe,0x96,0xce,0xbc,0xff,0xbb,0xff,
    0xbb,0xff,0xbc,0xff,0x9b,0xf7,0x54,0xc6,0x13,0xbe,0xb6,0xd6,0x7a,0xf7,0x59,0xef,0x7a,0xf7,0x96,0xce,0x54,0xc6,0x59,0xef,
    0x59,0xef,0x59,0xef,0x59,0xef,0x54,0xc6,0x33,0xbe,0x95,0xce,0xbb,0xff,0xbb,0xff,0xbc,0xff,0xbc,0xff,0xbc,0xff,0xbc,0xff,
    0xdc,0xff,0xb6,0xd6,0x13,0xbe,0x34,0xbe,0x75,0xc6,0x75,0xc6,0x34,0xc6,0x33,0xbe,0x54,0xc6,0x54,0xc6,0x54,0xc6,0x33,0xbe,
    0x59,0xef,0xbc,0xff,0xbc,0xff,0x10,0x9d,0x2c,0x7c,0xd2,0xb5,0x34,0xbe,0x2c,0x7c,0x35,0xc6,0xfd,0xff,0x9b,0xff,0xbc,0xff,
    0xbc,0xff,0xbb,0xff,0xbc,0xff,0xbc,0xff,0xbc,0xff,0xbc,0xff,0xbc,0xff,0x9b,0xff,0xfc,0xff,0xfd,0xff,0x9b,0xff,0xfd,0xff,
    0x89,0x52,0x81,0x10,0x44,0x29,0x03,0x21,0xa5,0x39,0x88,0x52,0x67,0x52,0x88,0x52,0x27,0x4a,0xc5,0x39,0x64,0x31,0x44,0x29,
    0x03,0x21,0x84,0x31,0x67,0x4a,0x88,0x52,0x88,0x52,0x88,0x52,0x68,0x52,0xc5,0x39,0x23,0x21,0x27,0x4a,0x68,0x52,0x67,0x52,
    0x67,0x52,0x67,0x52,0x06,0x42,0x24,0x29,0xc2,0x18,0x4b,0x6b,0x99,0xff,0x17,0xff,0x38,0xff,0x38,0xff,0x38,0xff,0x38,0xff,
    0x38,0xff,0x38,0xff,0x38,0xff,0x38,0xff,0x38,0xff,0x58,0xff,0x78,0xff,0x95,0xe6,0x2d,0x8c,0x4e,0x94,0x4e,0x94,0x2d,0x8c,
    0x6e,0x94,0x2a,0x6b,0xc2,0x18,0xe6,0x41,0x6e,0x9c,0x38,0xff,0xf8,0xee,0xd4,0xc5,0xe3,0x20,0x85,0x31,0x47,0x4a,0x47,0x4a,
    0xa8,0x5a,0x67,0x52,0xa5,0x31,0x23,0x29,0x23,0x21,0x23,0x29,0x23,0x21,0x23,0x21,0x23,0x21,0x44,0x29,0x44,0x29,0x44,0x29,
    0x44,0x29,0x44,0x29,0xc2,0x18,0x56,0xce,0xfe,0xff,0xbc,0xff,0x96,0xd6,0xb1,0xad,0x55,0xc6,0xbc,0xff,0xbb,0xff,0xbc,0xff,
    0x96,0xce,0x13,0xb6,0x13,0xbe,0x13,0xbe,0xf2,0xb5,0x18,0xe7,0xdc,0xff,0x7a,0xf7,0xf7,0xde,0x96,0xce,0x75,0xce,0x75,0xce,
    0x75,0xce,0x55,0xc6,0x96,0xce,0xd7,0xd6,0x9b,0xff,0xdc,0xff,0xf8,0xde,0xb2,0xad,0x14,0xbe,0xf3,0xb5,0xcb,0x73,0xc8,0x52,
    0xe8,0x52,0x76,0xce,0x9b,0xf7,0xd7,0xde,0x13,0xb6,0x74,0xc6,0xec,0x73,0xc8,0x52,0x3a,0xef,0xdc,0xff,0xbb,0xff,0xbc,0xff,
    0xbc,0xff,0x9c,0xff,0xdc,0xff,0x3a,0xe7,0xa8,0x52,0xec,0x73,0x54,0xc6,0x13,0xbe,0x33,0xbe,0x33,0xbe,0x13,0xbe,0x13,0xbe,
    0x13,0xbe,0x13,0xbe,0x13,0xbe,0x33,0xbe,0x13,0xbe,0x13,0xbe,0x13,0xbe,0x54,0xc6,0xbc,0xff,0xd7,0xde,0x55,0xc6,0xdc,0xff,
    0x39,0xe7,0xf2,0xb5,0x9b,0xf7,0x9b,0xf7,0x33,0xbe,0x9b,0xf7,0xf8,0xde,0xb7,0xd6,0xbc,0xff,0xfd,0xff,0xd4,0xbd,0xa8,0x4a,
    0x29,0x5b,0xb2,0xad,0xd6,0xd6,0xdc,0xff,0x5a,0xef,0x34,0xbe,0x34,0xbe,0x54,0xc6,0x9b,0xf7,0x19,0xe7,0x12,0xb6,0x7a,0xef,
    0x5a,0xef,0xf2,0xb5,0x59,0xef,0x39,0xe7,0x13,0xbe,0x7a,0xf7,0x5a,0xef,0x13,0xbe,0x33,0xbe,0x96,0xce,0xbc,0xff,0xbb,0xff,
    0xbb,0xff,0xbc,0xff,0x9b,0xf7,0x54,0xc6,0x33,0xbe,0x54,0xc6,0x34,0xbe,0x33,0xbe,0x54,0xc6,0x54,0xc6,0x34,0xbe,0x13,0xbe,
    0x13,0xbe,0x13,0xbe,0x13,0xbe,0x34,0xbe,0x33,0xbe,0x95,0xce,0xbb,0xff,0x9b,0xff,0xbb,0xff,0xbb,0xff,0xbc,0xff,0xbb,0xff,
    0xdc,0xff,0xb6,0xd6,0x13,0xbe,0x34,0xbe,0x7b,0xf7,0xbc,0xff,0x54,0xbe,0x95,0xce,0xdc,0xff,0xd7,0xd6,0x33,0xbe,0x33,0xbe,
    0x59,0xef,0xbc,0xff,0xbc,0xff,0x10,0x9d,0x2c,0x7c,0xd2,0xb5,0x34,0xbe,0x4c,0x7c,0x35,0xc6,0xfd,0xff,0x9b,0xf7,0xbb,0xff,
    0xbb,0xff,0x9b,0xf7,0x9b,0xf7,0xbc,0xff,0xbc,0xff,0xbc,0xff,0xbc,0xff,0xbb,0xff,0x9b,0xf7,0x9b,0xf7,0x9a,0xff,0xfc,0xff,
    0xea,0x5a,0x03,0x19,0x44,0x29,0x23,0x21,0xe6,0x41,0x67,0x52,0x47,0x4a,0x88,0x52,0x06,0x42,0x03,0x21,0x03,0x21,0x03,0x21,
    0x03,0x21,0x85,0x31,0x88,0x52,0x68,0x52,0x88,0x52,0x88,0x52,0x88,0x52,0x64,0x29,0x23,0x21,0x47,0x4a,0x67,0x52,0x47,0x4a,
    0x47,0x4a,0x67,0x52,0x26,0x42,0x64,0x29,0xe3,0x18,0x2a,0x6b,0x18,0xf7,0x17,0xf7,0x38,0xff,0x38,0xff,0x38,0xff,0x38,0xff,
    0x38,0xff,0x38,0xff,0x38,0xff,0x38,0xff,0x38,0xff,0xb7,0xee,0x17,0xf7,0x92,0xbd,0x81,0x10,0xe2,0x18,0xc2,0x18,0xc2,0x18,
    0xe2,0x18,0xe2,0x18,0x23,0x21,0xe2,0x18,0x44,0x21,0xf4,0xcd,0x9a,0xff,0x17,0xff,0xf3,0xcd,0x27,0x4a,0xc2,0x18,0x88,0x52,
    0x68,0x52,0x67,0x4a,0x67,0x52,0x64,0x31,0x44,0x29,0x44,0x29,0x23,0x21,0x23,0x21,0x23,0x21,0xe3,0x18,0xe3,0x18,0xe2,0x18,
    0xe2,0x18,0xe2,0x18,0xc2,0x18,0x2f,0x84,0xf6,0xbd,0xdd,0xff,0x96,0xce,0xb1,0xad,0x55,0xc6,0xbc,0xff,0x9b,0xff,0xbc,0xff,
    0x96,0xce,0x13,0xb6,0x33,0xbe,0x13,0xbe,0xf2,0xb5,0x18,0xe7,0xfd,0xff,0x39,0xe7,0x34,0xc6,0xd6,0xde,0xf7,0xde,0x17,0xe7,
    0x59,0xef,0xbc,0xf7,0xfe,0xff,0xdd,0xff,0x9b,0xf7,0xdc,0xff,0xd7,0xde,0x91,0xad,0xf3,0xb5,0x51,0xa5,0x8f,0x8c,0x4e,0x84,
    0x8f,0x8c,0x39,0xe7,0xfd,0xff,0xf8,0xde,0xf2,0xb5,0x74,0xc6,0xec,0x73,0xc8,0x52,0x3a,0xef,0xdc,0xff,0xbc,0xff,0xbc,0xff,
    0xbc,0xff,0x9b,0xff,0xdc,0xff,0x1a,0xe7,0xa8,0x4a,0xec,0x73,0x54,0xc6,0x13,0xbe,0x33,0xbe,0x33,0xbe,0x13,0xbe,0x33,0xbe,
    0x34,0xbe,0x34,0xbe,0x33,0xbe,0x33,0xbe,0x13,0xbe,0x33,0xbe,0x13,0xbe,0x54,0xc6,0xdc,0xff,0xf7,0xde,0x54,0xc6,0xd6,0xd6,
    0x75,0xce,0x13,0xbe,0xd7,0xd6,0xb6,0xd6,0x13,0xbe,0xd7,0xd6,0x96,0xce,0xd7,0xde,0xbc,0xff,0xfd,0xff,0xd4,0xbd,0xa8,0x4a,
    0x29,0x5b,0xb2,0xad,0xd6,0xd6,0xdc,0xff,0x5a,0xef,0x33,0xbe,0x34,0xbe,0x33,0xbe,0x54,0xc6,0x34,0xbe,0x33,0xbe,0x54,0xc6,
    0x54,0xc6,0x13,0xbe,0x34,0xbe,0x34,0xbe,0x34,0xbe,0x75,0xc6,0x54,0xc6,0x33,0xbe,0x13,0xbe,0x96,0xce,0xbc,0xff,0xbb,0xff,
    0x9b,0xff,0xbb,0xff,0x9b,0xf7,0x54,0xc6,0x34,0xbe,0x54,0xc6,0x33,0xbe,0x33,0xbe,0x54,0xc6,0x54,0xc6,0x33,0xbe,0x13,0xbe,
    0x34,0xbe,0x33,0xbe,0x13,0xbe,0x33,0xbe,0x33,0xbe,0x96,0xce,0xbb,0xff,0xbb,0xff,0xbc,0xff,0xdc,0xff,0xdc,0xff,0xbc,0xff,
    0xbc,0xff,0xb6,0xd6,0x33,0xbe,0x54,0xc6,0x19,0xe7,0x39,0xe7,0x34,0xbe,0x75,0xce,0x5a,0xef,0x96,0xce,0x33,0xbe,0x33,0xbe,
    0x59,0xef,0xbc,0xff,0xbc,0xff,0x10,0x9d,0x2c,0x7c,0xd2,0xb5,0x34,0xc6,0x2c,0x7c,0x55,0xc6,0xdc,0xff,0x9b,0xff,0xbb,0xff,
    0xdc,0xff,0xfd,0xff,0xfd,0xff,0xbc,0xff,0xbc,0xff,0xbc,0xff,0xbc,0xff,0xbc,0xff,0xbc,0xff,0xbc,0xff,0x7a,0xf7,0xf8,0xe6,
    0x68,0x52,0xe2,0x18,0x44,0x29,0x23,0x21,0xe6,0x41,0x67,0x52,0x67,0x52,0xc5,0x39,0x44,0x29,0x44,0x29,0x43,0x29,0x23,0x21,
    0x03,0x21,0xe6,0x41,0x67,0x52,0x67,0x52,0x67,0x52,0xa8,0x5a,0x27,0x4a,0x44,0x21,0x44,0x29,0x47,0x4a,0x27,0x4a,0x06,0x42,
    0x67,0x4a,0x67,0x52,0x27,0x4a,0x44,0x29,0x44,0x29,0x85,0x31,0x85,0x31,0xd3,0xc5,0x79,0xff,0x38,0xff,0x38,0xff,0x38,0xff,
    0x38,0xff,0x38,0xff,0x38,0xff,0x79,0xff,0xf4,0xcd,0x64,0x29,0xa5,0x31,0x85,0x31,0x23,0x21,0x44,0x29,0x44,0x29,0x03,0x21,
    0x03,0x19,0xc2,0x10,0xa1,0x10,0xe3,0x18,0x81,0x10,0xed,0x83,0x99,0xff,0xf6,0xf6,0x98,0xff,0xf3,0xcd,0xcc,0x83,0x03,0x21,
    0x47,0x4a,0x67,0x52,0x47,0x4a,0x67,0x52,0x06,0x42,0x23,0x21,0x23,0x21,0x23,0x21,0x23,0x21,0x26,0x42,0x68,0x52,0x47,0x4a,
    0x47,0x4a,0x68,0x52,0x85,0x31,0x61,0x08,0x27,0x42,0xfd,0xff,0x59,0xef,0x39,0xef,0x7a,0xf7,0xbc,0xff,0x9b,0xff,0xbc,0xff,
    0x95,0xce,0x13,0xb6,0x13,0xbe,0x13,0xbe,0xf2,0xb5,0x18,0xe7,0xdc,0xff,0xbc,0xff,0x9b,0xf7,0x9a,0xff,0x9a,0xff,0x7a,0xf7,
    0x18,0xe7,0xf8,0xde,0x96,0xce,0x18,0xdf,0xbc,0xff,0xdc,0xff,0xd7,0xde,0x71,0xa5,0x95,0xce,0x7b,0xf7,0xbc,0xff,0xdc,0xff,
    0xfc,0xff,0xbb,0xff,0xbc,0xff,0xf7,0xde,0xf2,0xb5,0x74,0xc6,0xec,0x73,0xc8,0x52,0x5a,0xef,0xdc,0xff,0xbc,0xff,0xbc,0xff,
    0xbc,0xff,0xbb,0xff,0xdc,0xff,0x1a,0xe7,0xa8,0x4a,0xec,0x73,0x54,0xc6,0x13,0xbe,0x33,0xbe,0x33,0xbe,0x33,0xbe,0x13,0xbe,
    0x91,0xa5,0x71,0xa5,0xf2,0xb5,0x33,0xbe,0x13,0xbe,0x33,0xbe,0x13,0xbe,0x54,0xc6,0xdc,0xff,0xd7,0xd6,0x13,0xbe,0x13,0xbe,
    0x13,0xbe,0x34,0xc6,0x13,0xbe,0xf2,0xb5,0x33,0xbe,0x33,0xbe,0x33,0xbe,0xf8,0xde,0xbc,0xff,0xfd,0xff,0xd5,0xbd,0xa8,0x4a,
    0x29,0x5b,0xb2,0xad,0xd6,0xd6,0xdc,0xff,0x5a,0xef,0x33,0xbe,0x34,0xbe,0x34,0xbe,0x33,0xbe,0x33,0xbe,0x33,0xbe,0x33,0xbe,
    0x13,0xbe,0x33,0xbe,0x13,0xbe,0x13,0xbe,0x34,0xbe,0x34,0xbe,0x33,0xbe,0x33,0xbe,0x13,0xbe,0x96,0xce,0xbc,0xff,0xbc,0xff,
    0x9b,0xff,0x9b,0xff,0x9a,0xf7,0x75,0xc6,0x34,0xbe,0x75,0xce,0xb6,0xd6,0xb6,0xd6,0xd7,0xd6,0x55,0xc6,0x33,0xbe,0xb6,0xd6,
    0x75,0xc6,0x75,0xce,0x95,0xce,0x33,0xbe,0x33,0xbe,0x95,0xce,0xbc,0xff,0x59,0xef,0x39,0xe7,0x59,0xef,0x39,0xe7,0x39,0xef,
    0xbc,0xff,0xb6,0xd6,0x33,0xbe,0x54,0xc6,0x34,0xbe,0x54,0xc6,0x34,0xc6,0x33,0xbe,0x34,0xc6,0x54,0xc6,0x54,0xc6,0x33,0xbe,
    0x39,0xef,0xbc,0xff,0xbc,0xff,0x10,0x9d,0x2c,0x7c,0xf3,0xb5,0x54,0xc6,0x4c,0x7c,0x35,0xc6,0xdc,0xff,0x9b,0xf7,0xdc,0xff,
    0x1a,0xe7,0x74,0xad,0xb4,0xb5,0x9b,0xf7,0xbc,0xff,0xbb,0xff,0xbc,0xff,0xbc,0xff,0x9b,0xff,0xfd,0xff,0x77,0xce,0x03,0x21,
    0x03,0x21,0x23,0x21,0x23,0x21,0x84,0x31,0x06,0x42,0x47,0x4a,0xe6,0x41,0x64,0x29,0x23,0x21,0x23,0x21,0x23,0x21,0x43,0x29,
    0x44,0x29,0x47,0x4a,0x67,0x52,0x67,0x52,0x67,0x52,0x67,0x4a,0xc5,0x39,0x23,0x21,0x23,0x21,0x27,0x4a,0x06,0x42,0xc6,0x39,
    0x67,0x52,0x67,0x52,0x47,0x4a,0x84,0x31,0x44,0x29,0x24,0x21,0xa2,0x10,0x72,0xbd,0x78,0xff,0x38,0xff,0x38,0xff,0x38,0xff,
    0x38,0xff,0x38,0xff,0x38,0xff,0x99,0xff,0xb3,0xc5,0xc2,0x18,0x23,0x21,0x03,0x21,0x03,0x21,0x03,0x21,0x84,0x31,0x2a,0x6b,
    0x2a,0x6b,0x09,0x63,0x2a,0x6b,0x2a,0x6b,0x2a,0x6b,0x76,0xde,0x58,0xff,0x17,0xff,0x17,0xf7,0x99,0xff,0x75,0xde,0xa9,0x5a,
    0x47,0x4a,0xe6,0x41,0x47,0x4a,0x88,0x52,0x27,0x42,0x23,0x21,0x44,0x29,0x44,0x29,0x43,0x29,0x55,0xde,0x79,0xff,0x17,0xff,
    0x37,0xff,0xba,0xff,0xed,0x83,0x43,0x29,0xe6,0x39,0xea,0x5a,0x19,0xe7,0xfd,0xff,0xbc,0xff,0xbc,0xff,0xbb,0xff,0xbc,0xff,
    0x95,0xce,0x13,0xb6,0x33,0xbe,0x13,0xbe,0x13,0xb6,0x18,0xe7,0xdc,0xff,0x5a,0xef,0x96,0xce,0x13,0xbe,0x13,0xbe,0x34,0xc6,
    0x54,0xc6,0x75,0xce,0xb6,0xd6,0x18,0xdf,0xbc,0xff,0xdc,0xff,0xd7,0xde,0x91,0xa5,0xb6,0xd6,0xbc,0xff,0xbc,0xff,0x9b,0xff,
    0x9b,0xff,0x9b,0xff,0xbc,0xff,0xf7,0xde,0xf2,0xb5,0x74,0xc6,0xec,0x73,0xa8,0x52,0x5a,0xef,0xdc,0xff,0xbc,0xff,0xbc,0xff,
    0xbc,0xff,0xbc,0xff,0xdc,0xff,0x3a,0xe7,0xa8,0x4a,0xec,0x73,0x74,0xc6,0x33,0xbe,0x33,0xbe,0x33,0xbe,0x54,0xc6,0x13,0xb6,
    0x0c,0x7c,0xaa,0x6b,0x0f,0x9d,0x33,0xbe,0x13,0xbe,0x33,0xbe,0x13,0xbe,0x54,0xc6,0xbb,0xff,0xb6,0xd6,0x13,0xbe,0x96,0xce,
    0x96,0xce,0x54,0xc6,0x75,0xce,0x55,0xc6,0x33,0xbe,0x96,0xce,0x75,0xc6,0xf7,0xde,0xbc,0xff,0xfd,0xff,0xf5,0xbd,0xa7,0x4a,
    0x09,0x5b,0xb2,0xad,0xd6,0xd6,0xdc,0xff,0x7a,0xef,0x13,0xbe,0x33,0xbe,0x34,0xbe,0x34,0xbe,0x33,0xbe,0x33,0xbe,0x33,0xbe,
    0x33,0xbe,0x33,0xbe,0x33,0xbe,0x34,0xbe,0x34,0xbe,0x34,0xbe,0x34,0xbe,0x33,0xbe,0x13,0xbe,0x96,0xce,0xbc,0xff,0x9b,0xf7,
    0xbc,0xff,0xdc,0xff,0xbb,0xff,0x95,0xce,0x75,0xc6,0xf7,0xde,0xfc,0xff,0x9b,0xf7,0xbb,0xf7,0x75,0xce,0x33,0xbe,0xdc,0xff,
    0x96,0xce,0xf7,0xde,0x9a,0xf7,0x33,0xbe,0x33,0xbe,0x95,0xce,0xbc,0xff,0xb6,0xd6,0x33,0xbe,0x54,0xc6,0x54,0xbe,0x75,0xce,
    0xbc,0xff,0xb6,0xd6,0x33,0xbe,0x54,0xc6,0x33,0xbe,0x54,0xc6,0x54,0xc6,0x33,0xbe,0x33,0xbe,0x33,0xbe,0x54,0xc6,0x54,0xbe,
    0x39,0xef,0xbc,0xff,0xbb,0xff,0x10,0x9d,0x2c,0x7c,0xf3,0xb5,0x54,0xc6,0x4c,0x7c,0x35,0xc6,0xdc,0xff,0x9b,0xf7,0xbc,0xff,
    0x91,0x94,0x60,0x08,0x44,0x29,0x3a,0xe7,0xdc,0xff,0x9b,0xff,0xbb,0xff,0xbc,0xff,0x9b,0xf7,0xfc,0xff,0x36,0xce,0xe3,0x18,
    0x23,0x21,0x23,0x21,0x03,0x21,0x06,0x42,0x67,0x52,0x27,0x4a,0x23,0x21,0x23,0x21,0x23,0x21,0x23,0x21,0x23,0x21,0x44,0x29,
    0x64,0x29,0x67,0x52,0x87,0x52,0x67,0x52,0x88,0x52,0xa5,0x31,0x03,0x21,0x44,0x29,0x03,0x21,0x06,0x42,0x06,0x42,0xc5,0x39,
    0x67,0x52,0x47,0x4a,0x67,0x4a,0x47,0x4a,0x03,0x21,0x03,0x21,0xe2,0x18,0xb3,0xbd,0x9a,0xff,0x17,0xff,0x38,0xff,0x38,0xff,
    0x38,0xff,0x38,0xff,0x38,0xff,0x99,0xff,0xd3,0xc5,0xc2,0x18,0x03,0x21,0xe2,0x18,0x03,0x21,0xe2,0x18,0x26,0x42,0x79,0xff,
    0x78,0xff,0x78,0xff,0x99,0xff,0x99,0xff,0x99,0xff,0x58,0xff,0x38,0xff,0x38,0xff,0x38,0xff,0x37,0xff,0x38,0xff,0xba,0xff,
    0xa8,0x52,0x03,0x21,0x47,0x4a,0x88,0x52,0x26,0x42,0x23,0x21,0x23,0x21,0xa5,0x31,0x14,0xce,0x38,0xff,0x38,0xff,0x17,0xff,
    0x17,0xff,0x38,0xff,0xf8,0xee,0x18,0xef,0xcc,0x83,0x00,0x00,0xd1,0x9c,0xd9,0xde,0xbc,0xff,0x9b,0xff,0xbb,0xff,0xbc,0xff,
    0x96,0xce,0x13,0xb6,0x33,0xbe,0x33,0xbe,0x13,0xb6,0x18,0xe7,0xdc,0xff,0x59,0xef,0x96,0xce,0xb6,0xd6,0x59,0xef,0x7a,0xf7,
    0xdc,0xff,0xdc,0xff,0xdb,0xff,0xbb,0xff,0x9b,0xf7,0xdc,0xff,0xd8,0xde,0x91,0xad,0xf7,0xde,0xbc,0xff,0x9b,0xff,0xbb,0xff,
    0xbb,0xff,0xbb,0xff,0xdc,0xff,0xf7,0xde,0x12,0xb6,0x74,0xc6,0xec,0x73,0xa8,0x52,0x3a,0xef,0xdc,0xff,0xbc,0xff,0xbc,0xff,
    0xbc,0xff,0xbc,0xff,0xdc,0xff,0x3a,0xe7,0xa8,0x4a,0xec,0x73,0x74,0xc6,0x13,0xbe,0x33,0xbe,0xd2,0xb5,0x6d,0x84,0x8d,0x84,
    0x2c,0x7c,0xeb,0x73,0x50,0x9d,0x54,0xc6,0x33,0xbe,0x34,0xbe,0x33,0xbe,0x74,0xc6,0xdc,0xff,0xd6,0xd6,0x54,0xbe,0xdd,0xff,
    0x7b,0xef,0x13,0xbe,0x7a,0xf7,0x7a,0xef,0x13,0xb6,0x9b,0xf7,0xf7,0xde,0xb6,0xd6,0xbc,0xff,0xfd,0xff,0xf5,0xbd,0xa7,0x4a,
    0x09,0x5b,0xb2,0xad,0xd7,0xd6,0xdc,0xff,0x7a,0xef,0x33,0xbe,0x33,0xbe,0x33,0xbe,0x33,0xbe,0x33,0xbe,0x33,0xbe,0x33,0xbe,
    0x33,0xbe,0x33,0xbe,0x33,0xbe,0x34,0xbe,0x34,0xbe,0x34,0xbe,0x33,0xbe,0x34,0xbe,0x13,0xbe,0x96,0xce,0xfd,0xff,0xfe,0xff,
    0xee,0x7b,0xe6,0x39,0x27,0x42,0x06,0x42,0x67,0x4a,0x68,0x4a,0x07,0x42,0x6f,0x8c,0x79,0xef,0x74,0xc6,0x54,0xc6,0x96,0xce,
    0x75,0xc6,0x75,0xc6,0x95,0xce,0x33,0xbe,0x33,0xbe,0x95,0xce,0xbc,0xff,0xd7,0xd6,0x54,0xc6,0x54,0xc6,0x54,0xc6,0x95,0xce,
    0xdc,0xff,0xd7,0xd6,0x54,0xc6,0x54,0xc6,0x18,0xe7,0x59,0xef,0x54,0xc6,0x96,0xce,0x7a,0xf7,0x95,0xce,0x54,0xc6,0x54,0xc6,
    0x59,0xef,0xbc,0xff,0xbc,0xff,0x10,0x9d,0x4c,0x7c,0xf2,0xb5,0x34,0xbe,0x4c,0x7c,0x55,0xc6,0xdc,0xff,0xfc,0xff,0x77,0xce,
    0x03,0x21,0x23,0x21,0xc6,0x39,0x7b,0xf7,0xbc,0xff,0xbb,0xff,0xbb,0xff,0xbb,0xff,0x9b,0xf7,0xfd,0xff,0x15,0xc6,0x81,0x10,
    0x44,0x29,0x23,0x21,0x23,0x21,0x26,0x42,0x67,0x52,0x27,0x4a,0x23,0x21,0x23,0x21,0x23,0x21,0x23,0x21,0x03,0x21,0x84,0x31,
    0x67,0x52,0x88,0x52,0x67,0x52,0x67,0x52,0x88,0x52,0x85,0x31,0xe3,0x18,0x03,0x19,0x23,0x21,0x06,0x42,0x06,0x42,0xa5,0x31,
    0x68,0x52,0x67,0x4a,0x47,0x4a,0x06,0x42,0x30,0xb5,0x2a,0x6b,0xa2,0x10,0x06,0x42,0x31,0xb5,0xda,0xff,0x37,0xff,0x38,0xff,
    0x38,0xff,0x38,0xff,0x38,0xff,0x58,0xff,0xf7,0xf6,0xf4,0xcd,0xf3,0xcd,0xf4,0xcd,0x15,0xce,0x14,0xce,0x55,0xd6,0x38,0xff,
    0x17,0xff,0x17,0xff,0x38,0xff,0x17,0xff,0x17,0xff,0x38,0xff,0x38,0xff,0x38,0xff,0x38,0xff,0x38,0xff,0x17,0xff,0xba,0xff,
    0xcd,0x83,0x40,0x08,0x44,0x29,0x84,0x31,0x64,0x29,0x03,0x21,0xc2,0x10,0x31,0xb5,0x99,0xff,0x38,0xff,0x37,0xff,0x38,0xff,
    0x58,0xff,0x58,0xff,0x38,0xff,0x78,0xff,0x54,0xde,0xed,0x8b,0x40,0x08,0x4f,0x8c,0xfe,0xff,0x9b,0xf7,0x9b,0xff,0xdc,0xff,
    0x96,0xce,0x13,0xb6,0x33,0xbe,0x33,0xbe,0xf2,0xb5,0x18,0xe7,0xbc,0xff,0xbc,0xff,0xdc,0xff,0xdc,0xff,0xbc,0xff,0x9b,0xf7,
    0x96,0xce,0x75,0xce,0x34,0xbe,0xd7,0xde,0xbb,0xff,0xbc,0xff,0x55,0xc6,0xf3,0xb5,0x18,0xdf,0xbc,0xff,0x9b,0xff,0xbb,0xff,
    0xbb,0xff,0xbb,0xff,0xdc,0xff,0xf7,0xde,0x13,0xb6,0x74,0xc6,0xec,0x73,0xa8,0x52,0x3a,0xef,0xdc,0xff,0xbb,0xff,0xbc,0xff,
    0xbc,0xff,0xbc,0xff,0xdc,0xff,0x3a,0xef,0xc8,0x52,0xec,0x7b,0x74,0xc6,0x13,0xbe,0x13,0xbe,0x30,0x9d,0x8a,0x63,0xeb,0x73,
    0xeb,0x73,0xeb,0x73,0x30,0x9d,0xb2,0xad,0x71,0xa5,0x71,0xa5,0x71,0xa5,0xb2,0xad,0x3a,0xef,0xd7,0xd6,0x54,0xc6,0xf8,0xde,
    0xb6,0xd6,0x13,0xbe,0x96,0xce,0x96,0xce,0x13,0xbe,0x96,0xce,0x54,0xc6,0xd7,0xd6,0xbc,0xff,0xfd,0xff,0x15,0xc6,0xa7,0x4a,
    0x09,0x5b,0xb2,0xad,0xd6,0xd6,0xdc,0xff,0x5a,0xef,0x13,0xbe,0x33,0xbe,0x33,0xbe,0x33,0xbe,0x33,0xbe,0x33,0xbe,0x34,0xbe,
    0x34,0xbe,0x34,0xbe,0x33,0xbe,0x34,0xbe,0x34,0xbe,0x33,0xbe,0x54,0xc6,0x34,0xbe,0x13,0xbe,0x55,0xc6,0xd9,0xde,0x16,0xc6,
    0x07,0x42,0xe2,0x18,0x64,0x29,0x85,0x31,0x44,0x29,0xe2,0x18,0x81,0x10,0xea,0x5a,0x57,0xce,0x15,0xc6,0x55,0xc6,0x54,0xc6,
    0x54,0xc6,0x34,0xc6,0x34,0xbe,0x54,0xc6,0x33,0xbe,0x95,0xce,0xdc,0xff,0xd7,0xd6,0x33,0xbe,0x54,0xc6,0x33,0xbe,0x95,0xce,
    0xdd,0xff,0xf7,0xde,0x54,0xc6,0x54,0xc6,0x18,0xe7,0x39,0xef,0x54,0xc6,0xb7,0xd6,0x7a,0xf7,0x95,0xce,0x54,0xc6,0x54,0xc6,
    0x59,0xef,0xbc,0xff,0xbb,0xff,0x10,0x9d,0x4c,0x7c,0xd2,0xb5,0x33,0xbe,0x4c,0x84,0x76,0xce,0xdc,0xff,0xfd,0xff,0x90,0x94,
    0xc2,0x18,0xe3,0x20,0x0e,0x84,0xfd,0xff,0x9b,0xff,0xbc,0xff,0xbb,0xff,0x9b,0xf7,0x9b,0xff,0xfd,0xff,0x98,0xd6,0x68,0x4a,
    0xe3,0x18,0x03,0x21,0x64,0x29,0x47,0x4a,0x27,0x4a,0xc5,0x39,0x03,0x21,0x23,0x21,0x23,0x21,0x23,0x21,0x44,0x29,0xc5,0x39,
    0xa8,0x5a,0x88,0x52,0x67,0x52,0x47,0x4a,0x06,0x42,0x44,0x29,0x23,0x21,0x67,0x52,0x84,0x31,0x06,0x42,0x06,0x42,0x64,0x29,
    0x27,0x4a,0x67,0x52,0x67,0x4a,0x06,0x42,0x95,0xe6,0xcf,0xac,0xe6,0x41,0x23,0x21,0x8c,0x7b,0x75,0xde,0xf6,0xf6,0x37,0xff,
    0x38,0xff,0x38,0xff,0x38,0xff,0x38,0xff,0x58,0xff,0x79,0xff,0x78,0xff,0x79,0xff,0x79,0xff,0x78,0xff,0x79,0xff,0x38,0xff,
    0x37,0xff,0x17,0xff,0x38,0xff,0x38,0xff,0x17,0xff,0x17,0xff,0x37,0xff,0x38,0xff,0x38,0xff,0x38,0xff,0x38,0xff,0x58,0xff,
    0x96,0xe6,0x0a,0x63,0x03,0x21,0x23,0x21,0x03,0x21,0xe3,0x18,0xe6,0x41,0x75,0xe6,0x58,0xff,0x17,0xff,0x17,0xff,0xf7,0xf6,
    0xf7,0xf6,0xf7,0xf6,0x17,0xff,0x17,0xff,0x99,0xff,0x75,0xe6,0x44,0x29,0xcd,0x7b,0xb8,0xd6,0x7a,0xf7,0xbc,0xff,0xdc,0xff,
    0x96,0xce,0x13,0xb6,0x13,0xbe,0x13,0xbe,0xf2,0xb5,0x18,0xe7,0xdd,0xff,0x39,0xe7,0x55,0xc6,0x75,0xc6,0x54,0xc6,0x34,0xbe,
    0x95,0xce,0xb6,0xd6,0xb6,0xd6,0x18,0xe7,0x9b,0xff,0xbc,0xff,0x34,0xbe,0xf3,0xb5,0x18,0xdf,0xbc,0xff,0xbb,0xff,0xbb,0xff,
    0xbb,0xff,0xbb,0xff,0xdc,0xff,0xf7,0xde,0x13,0xbe,0x74,0xc6,0xec,0x73,0xa8,0x52,0x3a,0xef,0xdc,0xff,0xbc,0xff,0xbc,0xff,
    0xbc,0xff,0xbc,0xff,0xdc,0xff,0x3a,0xe7,0xc8,0x52,0x0c,0x7c,0x54,0xc6,0x54,0xc6,0x71,0xa5,0x6a,0x63,0x8a,0x63,0xeb,0x73,
    0xcb,0x6b,0x2c,0x7c,0x8d,0x84,0xcb,0x6b,0x8a,0x63,0x8a,0x63,0xaa,0x6b,0x8a,0x63,0x50,0xa5,0xb6,0xd6,0x54,0xc6,0x13,0xbe,
    0x13,0xbe,0x34,0xbe,0x13,0xbe,0x13,0xbe,0x33,0xbe,0xf2,0xb5,0xf2,0xb5,0xd7,0xde,0xbc,0xff,0xfd,0xff,0x15,0xc6,0xa7,0x4a,
    0x09,0x5b,0xb2,0xad,0xd7,0xd6,0xdc,0xff,0x7a,0xef,0x33,0xbe,0x33,0xbe,0x33,0xbe,0x33,0xbe,0x33,0xbe,0x33,0xbe,0x34,0xbe,
    0x34,0xbe,0x33,0xbe,0x34,0xbe,0x34,0xbe,0x13,0xbe,0x13,0xbe,0x34,0xbe,0x75,0xc6,0x9a,0xf7,0x36,0xce,0xe2,0x18,0xa2,0x10,
    0x20,0x00,0x53,0xad,0xfd,0xff,0xfe,0xff,0xad,0x7b,0xc2,0x18,0x64,0x29,0x44,0x29,0x03,0x21,0x81,0x10,0xee,0x7b,0xfd,0xff,
    0x34,0xc6,0x34,0xbe,0x54,0xc6,0x54,0xc6,0x33,0xbe,0x95,0xce,0xdc,0xff,0xd7,0xd6,0x33,0xbe,0x54,0xc6,0x33,0xbe,0x95,0xce,
    0xdc,0xff,0xd7,0xd6,0x54,0xc6,0x54,0xc6,0x33,0xbe,0x33,0xbe,0x54,0xc6,0x75,0xc6,0x54,0xc6,0x54,0xc6,0x74,0xc6,0x54,0xc6,
    0x59,0xef,0xbc,0xff,0xbb,0xff,0x10,0x9d,0x4c,0x7c,0xf3,0xb5,0x54,0xc6,0x6d,0x84,0x76,0xce,0xdc,0xff,0xdd,0xff,0x68,0x4a,
    0xc2,0x18,0x23,0x21,0x19,0xe7,0xdc,0xff,0x9b,0xf7,0xdd,0xff,0xfd,0xff,0xdc,0xff,0xbc,0xff,0xbc,0xff,0xdc,0xff,0xbc,0xff,
    0x35,0xce,0x94,0xb5,0x64,0x29,0x67,0x4a,0xe6,0x39,0x03,0x21,0x23,0x21,0x23,0x21,0x23,0x21,0x03,0x21,0xe6,0x39,0xa8,0x5a,
    0x88,0x52,0x88,0x52,0x88,0x52,0x67,0x52,0x23,0x21,0xc2,0x18,0xa4,0x39,0x90,0xd5,0x26,0x4a,0x06,0x42,0x47,0x4a,0x64,0x29,
    0x64,0x29,0x88,0x52,0x67,0x4a,0x26,0x42,0x34,0xd6,0x99,0xff,0x18,0xf7,0xe6,0x41,0xe2,0x18,0x85,0x31,0x17,0xf7,0x99,0xff,
    0x38,0xff,0x38,0xff,0x38,0xff,0x38,0xff,0x38,0xff,0x38,0xff,0x38,0xff,0x38,0xff,0x38,0xff,0x17,0xff,0x17,0xf7,0x38,0xff,
    0x79,0xff,0x79,0xff,0x79,0xff,0x79,0xff,0x79,0xff,0x79,0xff,0x38,0xff,0x17,0xff,0x38,0xff,0x38,0xff,0x38,0xff,0x17,0xff,
    0x98,0xff,0xf4,0xcd,0xa2,0x10,0x44,0x29,0x23,0x21,0xe3,0x18,0xf3,0xd5,0x58,0xff,0x18,0xff,0x17,0xff,0x37,0xff,0x50,0xcd,
    0xce,0xbc,0x50,0xcd,0x37,0xff,0x38,0xff,0x17,0xff,0x17,0xff,0x55,0xde,0x64,0x29,0x03,0x21,0xb8,0xde,0xdc,0xff,0xbc,0xff,
    0x95,0xce,0xf3,0xb5,0x13,0xbe,0x13,0xbe,0x13,0xb6,0x39,0xe7,0xdd,0xff,0x39,0xe7,0x75,0xce,0xb6,0xd6,0x39,0xe7,0x59,0xef,
    0xbb,0xff,0xbc,0xff,0xbb,0xff,0xbb,0xff,0x9b,0xf7,0xbc,0xff,0x14,0xbe,0xf2,0xb5,0xf7,0xde,0xbc,0xff,0xbb,0xff,0xbc,0xff,
    0xbc,0xff,0xbc,0xff,0xdc,0xff,0xd7,0xde,0x13,0xbe,0x74,0xc6,0xec,0x73,0xc8,0x52,0x3a,0xef,0xdc,0xff,0xbc,0xff,0xbc,0xff,
    0xbc,0xff,0xbb,0xff,0xdc,0xff,0x3a,0xe7,0xc8,0x52,0xab,0x6b,0x74,0xc6,0x34,0xbe,0x8e,0x8c,0xaa,0x6b,0xeb,0x73,0xab,0x6b,
    0xaa,0x6b,0x4a,0x63,0xaa,0x6b,0x8a,0x63,0xab,0x6b,0xcb,0x6b,0xcb,0x6b,0xcb,0x6b,0x4d,0x7c,0x6e,0x84,0xf3,0xbd,0x95,0xce,
    0x54,0xc6,0x34,0xbe,0x96,0xce,0x96,0xce,0x13,0xbe,0x55,0xc6,0x33,0xbe,0xd7,0xd6,0xbc,0xff,0xfd,0xff,0x15,0xc6,0xa7,0x4a,
    0x09,0x5b,0xb2,0xad,0xd7,0xde,0xdc,0xff,0x7a,0xef,0x33,0xbe,0x33,0xbe,0x33,0xbe,0x33,0xbe,0x33,0xbe,0x34,0xbe,0x33,0xbe,
    0x33,0xbe,0x34,0xbe,0x34,0xbe,0x54,0xbe,0x74,0xc6,0x54,0xc6,0x38,0xe7,0xd5,0xbd,0xea,0x5a,0x68,0x4a,0xa2,0x10,0xf1,0x9c,
    0x12,0xa5,0xed,0x7b,0x0e,0x84,0x8d,0x73,0x88,0x52,0xe5,0x39,0x06,0x42,0x26,0x42,0xa5,0x31,0xe2,0x18,0xe6,0x39,0x0b,0x63,
    0x76,0xce,0x38,0xe7,0x5a,0xef,0x75,0xc6,0x54,0xbe,0x95,0xce,0xdc,0xff,0xd7,0xd6,0x33,0xbe,0x54,0xc6,0x33,0xbe,0x95,0xce,
    0xbc,0xff,0xb6,0xd6,0x54,0xc6,0x95,0xce,0xb5,0xce,0x95,0xce,0xb5,0xd6,0xb6,0xd6,0xb5,0xce,0x95,0xce,0x74,0xc6,0x54,0xc6,
    0x59,0xef,0xbc,0xff,0xbb,0xff,0x10,0x9d,0xb1,0xad,0x75,0xce,0x54,0xc6,0x8d,0x84,0x35,0xc6,0xfd,0xff,0xf1,0x9c,0x64,0x29,
    0xe3,0x18,0x4f,0x8c,0xdb,0xff,0x7a,0xf7,0xfd,0xff,0xb1,0x94,0x48,0x4a,0xad,0x73,0xbc,0xff,0xbc,0xff,0x9b,0xff,0x7a,0xf7,
    0xfd,0xff,0x53,0xad,0x03,0x19,0x67,0x52,0xc5,0x39,0x23,0x21,0x23,0x21,0x23,0x21,0x23,0x21,0x03,0x21,0x06,0x42,0x88,0x52,
    0x67,0x52,0xa8,0x52,0x47,0x4a,0x64,0x31,0x44,0x29,0xa2,0x10,0xa5,0x39,0x74,0xee,0x27,0x4a,0x47,0x4a,0x88,0x52,0x2a,0x73,
    0x64,0x29,0x67,0x4a,0x67,0x4a,0x27,0x4a,0x88,0x52,0x11,0xad,0x7a,0xff,0xd3,0xc5,0x88,0x52,0xa2,0x10,0x27,0x4a,0xed,0x83,
    0x79,0xff,0x38,0xff,0x38,0xff,0x38,0xff,0x38,0xff,0x38,0xff,0x38,0xff,0x38,0xff,0x38,0xff,0x58,0xff,0xba,0xff,0xb6,0xee,
    0xc9,0x5a,0xea,0x62,0xc9,0x5a,0xa8,0x5a,0xea,0x62,0x68,0x4a,0x30,0xb5,0xfb,0xff,0x59,0xff,0x38,0xff,0x38,0xff,0x38,0xff,
    0x37,0xff,0xb6,0xee,0x8f,0x9c,0x64,0x29,0x23,0x21,0x23,0x21,0xf4,0xd5,0x78,0xff,0x38,0xff,0xd6,0xf6,0x0f,0xc5,0x0f,0xc5,
    0x0f,0xc5,0x30,0xcd,0xd2,0xdd,0xf7,0xf6,0x37,0xff,0x37,0xff,0x95,0xe6,0x64,0x29,0x44,0x29,0xb8,0xde,0xdc,0xff,0xbc,0xff,
    0x96,0xce,0x13,0xb6,0x13,0xbe,0x13,0xbe,0x13,0xb6,0x39,0xe7,0xbc,0xff,0x9b,0xff,0xbb,0xff,0xdc,0xff,0xbc,0xff,0xbb,0xff,
    0x9b,0xff,0xbb,0xff,0x9b,0xff,0xbb,0xff,0xbc,0xff,0xbb,0xff,0xd3,0xb5,0xd2,0xb5,0xd6,0xd6,0xbb,0xff,0xbb,0xff,0xbc,0xff,
    0xbc,0xff,0x9b,0xf7,0xbc,0xff,0xb6,0xd6,0x13,0xbe,0x75,0xce,0xec,0x73,0xc8,0x52,0x3a,0xef,0xdc,0xff,0xbc,0xff,0xbc,0xff,
    0xbc,0xff,0xbb,0xff,0xdc,0xff,0x3a,0xef,0x09,0x5b,0x4a,0x63,0xb2,0xad,0x14,0xbe,0xeb,0x73,0xcb,0x6b,0xeb,0x73,0xab,0x6b,
    0xeb,0x73,0xab,0x6b,0xec,0x73,0xec,0x73,0xaa,0x6b,0xcb,0x6b,0xca,0x6b,0xab,0x6b,0xaa,0x6b,0x69,0x63,0xef,0x94,0x38,0xe7,
    0x39,0xef,0x33,0xbe,0xbb,0xf7,0x7b,0xf7,0xf3,0xb5,0x7a,0xf7,0xf8,0xde,0xb6,0xd6,0xbb,0xff,0xfc,0xff,0x15,0xc6,0xa7,0x4a,
    0x09,0x5b,0xb2,0xad,0xd7,0xd6,0xdc,0xff,0x7a,0xef,0x33,0xbe,0x33,0xbe,0x33,0xbe,0x33,0xbe,0x33,0xbe,0x33,0xbe,0x34,0xbe,
    0x33,0xbe,0x34,0xbe,0x34,0xbe,0x34,0xbe,0xf4,0xbd,0xd4,0xbd,0x57,0xce,0xce,0x7b,0x61,0x08,0xc2,0x18,0x23,0x29,0x73,0xad,
    0x15,0xc6,0xc9,0x5a,0x06,0x42,0x44,0x29,0x85,0x31,0x06,0x42,0x47,0x4a,0x88,0x52,0x06,0x42,0x64,0x29,0x23,0x29,0xc2,0x18,
    0xd1,0x9c,0xd7,0xde,0xd6,0xd6,0x54,0xc6,0x54,0xc6,0x95,0xce,0xbc,0xff,0xd7,0xd6,0x33,0xbe,0x54,0xc6,0x34,0xbe,0x95,0xce,
    0xbb,0xff,0x95,0xce,0x54,0xc6,0xd3,0xb5,0x10,0x9d,0x10,0x9d,0x31,0xa5,0x31,0x9d,0x10,0x9d,0x92,0xad,0x54,0xc6,0x54,0xc6,
    0x5a,0xef,0xbc,0xff,0x9b,0xff,0x72,0xad,0x54,0xc6,0x95,0xce,0x55,0xc6,0xef,0x94,0x96,0xce,0xfd,0xff,0xd1,0x9c,0x60,0x08,
    0xa9,0x52,0xdc,0xff,0x9b,0xf7,0xfc,0xff,0x90,0x94,0xe3,0x18,0xe2,0x18,0x44,0x29,0x5a,0xef,0xbc,0xff,0x9b,0xf7,0x7b,0xf7,
    0xfd,0xff,0x90,0x94,0xe2,0x18,0x06,0x42,0x85,0x31,0x23,0x21,0x23,0x21,0x23,0x21,0x44,0x29,0xa5,0x31,0x47,0x4a,0x68,0x52,
    0x67,0x4a,0x27,0x4a,0xc5,0x39,0x23,0x21,0x23,0x21,0xa5,0x31,0x8b,0x7b,0x16,0xff,0x06,0x42,0xc5,0x39,0x27,0x4a,0xac,0x83,
    0x47,0x52,0x06,0x42,0xe6,0x41,0x27,0x4a,0x64,0x29,0x2e,0x8c,0x79,0xff,0xba,0xff,0xf0,0xa4,0x68,0x52,0x27,0x4a,0xac,0x7b,
    0x79,0xff,0x38,0xff,0x38,0xff,0x38,0xff,0x38,0xff,0x38,0xff,0x38,0xff,0x38,0xff,0x38,0xff,0xf4,0xcd,0x31,0xb5,0xed,0x83,
    0xe2,0x18,0x03,0x21,0xe3,0x18,0xc2,0x18,0xe3,0x18,0x61,0x08,0x09,0x63,0x93,0xb5,0x55,0xd6,0x58,0xff,0x37,0xff,0x37,0xff,
    0x17,0xff,0x79,0xff,0xf7,0xf6,0x85,0x31,0x03,0x21,0x23,0x21,0x35,0xd6,0x79,0xff,0x17,0xff,0xf3,0xdd,0x2c,0xac,0xee,0xc4,
    0x50,0xcd,0xb1,0xd5,0xb2,0xd5,0xf7,0xf6,0x37,0xff,0x58,0xff,0xb6,0xe6,0x85,0x31,0x23,0x21,0xb8,0xd6,0xdc,0xff,0xbc,0xff,
    0x96,0xce,0x13,0xbe,0x33,0xbe,0x74,0xc6,0xf2,0xb5,0x18,0xe7,0xdc,0xff,0x9b,0xf7,0x9b,0xf7,0x9b,0xff,0x9b,0xff,0x9b,0xf7,
    0x9b,0xff,0xbb,0xf7,0x9a,0xf7,0x9b,0xf7,0x9b,0xf7,0x9b,0xf7,0xd2,0xb5,0xd2,0xb5,0xd6,0xde,0xdc,0xff,0xdc,0xff,0xdd,0xff,
    0xdd,0xff,0xdc,0xff,0xfd,0xff,0xb6,0xd6,0x13,0xbe,0x75,0xce,0xec,0x73,0xc8,0x52,0x3a,0xef,0xdc,0xff,0xbb,0xff,0xbc,0xff,
    0xbc,0xff,0xbc,0xff,0xdc,0xff,0x3a,0xe7,0x09,0x5b,0x29,0x5b,0xab,0x6b,0xf3,0xb5,0xeb,0x73,0x8a,0x6b,0xeb,0x73,0x6a,0x63,
    0xae,0x8c,0x54,0xc6,0x54,0xc6,0xf3,0xb5,0x6a,0x63,0xaa,0x6b,0xcb,0x6b,0x8a,0x6b,0xaa,0x6b,0xaa,0x6b,0x28,0x5b,0x51,0xa5,
    0xf7,0xde,0x33,0xbe,0xd7,0xd6,0xd7,0xd6,0x33,0xbe,0xb6,0xd6,0x95,0xce,0xf8,0xde,0xdc,0xff,0xfd,0xff,0x15,0xc6,0x87,0x4a,
    0x09,0x5b,0xb2,0xad,0xd6,0xd6,0xdc,0xff,0x7a,0xef,0x33,0xbe,0x33,0xbe,0x33,0xbe,0x33,0xbe,0x33,0xbe,0x33,0xbe,0x34,0xbe,
    0x34,0xbe,0x33,0xbe,0x33,0xbe,0x33,0xbe,0x23,0x21,0xa2,0x10,0x23,0x29,0x44,0x29,0x24,0x21,0x44,0x29,0x47,0x4a,0x06,0x42,
    0xe6,0x41,0x47,0x4a,0x88,0x52,0xa8,0x5a,0x85,0x31,0xe2,0x18,0x85,0x31,0x67,0x4a,0x06,0x42,0x47,0x4a,0xa5,0x31,0x44,0x29,
    0x81,0x10,0xb0,0x94,0x74,0xc6,0x33,0xbe,0x54,0xc6,0x96,0xce,0xbc,0xff,0xb6,0xd6,0x33,0xbe,0x54,0xc6,0x34,0xbe,0x95,0xce,
    0xfd,0xff,0x17,0xdf,0x58,0xe7,0x4f,0x8c,0xa1,0x10,0xe2,0x18,0x61,0x10,0x40,0x08,0x00,0x00,0x68,0x4a,0x17,0xdf,0x74,0xc6,
    0x5a,0xef,0xbc,0xff,0x9b,0xf7,0x75,0xc6,0x13,0xbe,0x75,0xc6,0x75,0xce,0x75,0xc6,0x5a,0xef,0xbc,0xff,0xbb,0xff,0x53,0xad,
    0x16,0xc6,0xdd,0xff,0xfd,0xff,0xf5,0xbd,0xe3,0x18,0xe3,0x20,0xe2,0x18,0x53,0xad,0xbc,0xff,0x9b,0xff,0x9b,0xff,0x9b,0xf7,
    0xfd,0xff,0x2f,0x84,0xc2,0x18,0x23,0x21,0x23,0x21,0x44,0x29,0x23,0x21,0x03,0x21,0x64,0x29,0x88,0x52,0x88,0x52,0x67,0x52,
    0x67,0x4a,0x44,0x29,0x23,0x21,0x44,0x29,0xe2,0x18,0x0d,0x94,0x78,0xff,0x17,0xff,0xe6,0x41,0xc2,0x18,0x44,0x29,0x03,0x19,
    0x8b,0x7b,0x44,0x29,0xc2,0x18,0x67,0x52,0x06,0x42,0x8f,0x9c,0xda,0xff,0x17,0xff,0x58,0xff,0x78,0xff,0x79,0xff,0x79,0xff,
    0x38,0xff,0x38,0xff,0x38,0xff,0x38,0xff,0x38,0xff,0x38,0xff,0x38,0xff,0x38,0xff,0xda,0xff,0xc9,0x5a,0x81,0x10,0xc2,0x18,
    0xc2,0x18,0xe2,0x18,0xe2,0x18,0xe2,0x18,0xc2,0x18,0xa2,0x10,0xa1,0x10,0x00,0x00,0x4e,0x94,0xb9,0xff,0x17,0xff,0x37,0xff,
    0x38,0xff,0x38,0xff,0xd7,0xf6,0xa5,0x39,0xe3,0x18,0x23,0x21,0x14,0xd6,0x79,0xff,0x95,0xee,0x6c,0xac,0xae,0xb4,0x2f,0xc5,
    0x70,0xd5,0xb6,0xf6,0xf7,0xf6,0x17,0xff,0x38,0xff,0x58,0xff,0xb7,0xe6,0x64,0x29,0x03,0x21,0xb8,0xde,0xdc,0xff,0xbc,0xff,
    0x96,0xce,0x13,0xbe,0x33,0xbe,0x54,0xc6,0xd2,0xb5,0x18,0xe7,0xbc,0xff,0xbc,0xff,0xdc,0xff,0xdd,0xff,0xdc,0xff,0xdc,0xff,
    0xdc,0xff,0x7a,0xf7,0xf3,0xb5,0xf3,0xb5,0xf3,0xb5,0xd2,0xb5,0x91,0xad,0xf2,0xb5,0x74,0xc6,0xb6,0xd6,0xb6,0xd6,0x96,0xce,
    0x96,0xd6,0x96,0xd6,0x96,0xd6,0x54,0xc6,0x33,0xbe,0x74,0xc6,0xec,0x73,0xc8,0x52,0x3a,0xef,0xdc,0xff,0xbc,0xff,0xbc,0xff,
    0xbc,0xff,0xbc,0xff,0xdc,0xff,0x3a,0xe7,0xe9,0x5a,0x49,0x5b,0xcb,0x6b,0x0c,0x7c,0xaa,0x6b,0xaa,0x6b,0x8a,0x63,0x8e,0x8c,
    0xd2,0xb5,0x54,0xbe,0x75,0xc6,0x54,0xc6,0xd2,0xb5,0xae,0x8c,0x69,0x63,0x8a,0x63,0xaa,0x6b,0xaa,0x6b,0x8a,0x63,0xeb,0x73,
    0x91,0xad,0x54,0xc6,0xf2,0xb5,0x13,0xbe,0x54,0xc6,0x33,0xbe,0x34,0xbe,0xb6,0xce,0xf8,0xde,0xf7,0xde,0x51,0xa5,0x87,0x4a,
    0x09,0x5b,0xb2,0xad,0xd6,0xd6,0xdc,0xff,0x7a,0xef,0x33,0xbe,0x33,0xbe,0x34,0xbe,0x34,0xbe,0x34,0xbe,0x34,0xbe,0x34,0xbe,
    0x34,0xbe,0x95,0xce,0x10,0x9d,0x64,0x29,0xb0,0x94,0x4f,0x8c,0x23,0x21,0x64,0x29,0xe6,0x39,0xe6,0x41,0x47,0x4a,0x88,0x52,
    0x88,0x52,0x68,0x52,0x88,0x52,0x68,0x52,0x27,0x4a,0x47,0x4a,0xe6,0x39,0x23,0x21,0xa5,0x31,0x67,0x4a,0x27,0x42,0x64,0x29,
    0xc2,0x18,0x11,0xa5,0x37,0xdf,0x74,0xc6,0x53,0xbe,0xb6,0xd6,0xdc,0xff,0xd6,0xd6,0x53,0xbe,0x74,0xc6,0x95,0xce,0x34,0xc6,
    0x0a,0x63,0xa9,0x52,0xea,0x5a,0x27,0x42,0xc2,0x18,0x2f,0x8c,0xf6,0xc5,0x93,0xb5,0xf5,0xbd,0x0e,0x84,0xe6,0x39,0xf1,0x9c,
    0xfe,0xff,0xdc,0xff,0xdc,0xff,0x79,0xef,0x58,0xef,0xb6,0xd6,0x75,0xce,0x54,0xc6,0x39,0xe7,0xbc,0xff,0x9a,0xf7,0xfc,0xff,
    0xdc,0xff,0xdc,0xff,0xf9,0xde,0xa5,0x31,0x44,0x29,0x44,0x29,0x12,0xa5,0xbc,0xff,0xbc,0xff,0x9b,0xff,0xbc,0xff,0x9b,0xf7,
    0xfd,0xff,0xee,0x83,0xa1,0x10,0x24,0x21,0x03,0x21,0x03,0x21,0x23,0x21,0x03,0x21,0x44,0x29,0x67,0x4a,0x68,0x52,0x67,0x4a,
    0xc5,0x39,0x23,0x21,0x23,0x21,0x43,0x29,0xa1,0x10,0xaf,0xa4,0x72,0xbd,0x27,0x4a,0x85,0x31,0x03,0x21,0xa2,0x10,0xc6,0x39,
    0x14,0xd6,0x51,0xbd,0xcc,0x83,0x23,0x21,0x64,0x29,0xc6,0x39,0xc9,0x5a,0x96,0xe6,0x38,0xff,0x17,0xff,0x38,0xff,0x38,0xff,
    0x38,0xff,0x38,0xff,0x38,0xff,0x38,0xff,0x38,0xff,0x38,0xff,0x79,0xff,0x96,0xe6,0xe9,0x62,0xc5,0x39,0x44,0x29,0x03,0x21,
    0x50,0x8c,0xf6,0xbd,0xd4,0xbd,0x94,0xb5,0x93,0xb5,0x93,0xb5,0x94,0xb5,0x50,0x8c,0x44,0x29,0x92,0xc5,0x78,0xff,0x17,0xff,
    0x38,0xff,0x38,0xff,0x38,0xff,0x07,0x42,0x81,0x10,0xe3,0x18,0xf3,0xd5,0x78,0xff,0x34,0xde,0x6d,0xac,0x50,0xc5,0x50,0xcd,
    0x70,0xcd,0xd6,0xf6,0x17,0xff,0x37,0xff,0x38,0xff,0x58,0xff,0xb6,0xe6,0x64,0x29,0x23,0x21,0xb8,0xde,0xdc,0xff,0xbc,0xff,
    0x96,0xce,0x13,0xbe,0x34,0xbe,0x13,0xbe,0xd2,0xb5,0x18,0xe7,0xfd,0xff,0xf8,0xde,0x55,0xc6,0x76,0xce,0x55,0xc6,0x34,0xc6,
    0x55,0xc6,0x13,0xbe,0x50,0xa5,0x50,0xa5,0x71,0xa5,0xd2,0xb5,0x13,0xbe,0x34,0xbe,0x34,0xbe,0xf3,0xb5,0xb1,0xad,0x71,0xa5,
    0x91,0xad,0xd2,0xb5,0xd2,0xb5,0x13,0xbe,0x33,0xbe,0x74,0xc6,0xec,0x73,0xc8,0x52,0x3a,0xef,0xdc,0xff,0xbb,0xff,0xbc,0xff,
    0xbc,0xff,0xbc,0xff,0xdc,0xff,0x3a,0xe7,0xe8,0x52,0x29,0x5b,0xab,0x6b,0x6a,0x63,0xca,0x6b,0xaa,0x6b,0xeb,0x73,0x91,0xad,
    0x54,0xc6,0xb2,0xad,0xd2,0xb5,0xd2,0xb5,0x33,0xbe,0x50,0xa5,0x0c,0x7c,0xab,0x6b,0x8a,0x63,0xaa,0x6b,0xab,0x6b,0x8a,0x63,
    0x30,0x9d,0x54,0xc6,0x54,0xc6,0x75,0xc6,0x54,0xc6,0x75,0xce,0x54,0xc6,0x54,0xc6,0x54,0xbe,0x54,0xc6,0xef,0x94,0xa8,0x4a,
    0x09,0x5b,0xb2,0xad,0xd7,0xd6,0xdc,0xff,0x5a,0xef,0x33,0xbe,0x33,0xbe,0x34,0xbe,0x34,0xbe,0x34,0xbe,0x34,0xbe,0x54,0xc6,
    0x54,0xbe,0xf3,0xb5,0xac,0x73,0x24,0x21,0x36,0xc6,0x12,0xa5,0xe2,0x18,0xa5,0x31,0x67,0x52,0x68,0x52,0x67,0x4a,0x67,0x52,
    0x68,0x52,0x68,0x52,0x68,0x52,0x68,0x52,0x68,0x52,0xa8,0x5a,0x27,0x4a,0xc2,0x18,0x44,0x29,0x47,0x4a,0x67,0x4a,0x64,0x29,
    0xc2,0x18,0x4e,0x8c,0x34,0xc6,0xd3,0xb5,0x96,0xce,0x75,0xce,0xbb,0xff,0x14,0xbe,0x51,0xa5,0xf3,0xbd,0x35,0xc6,0x72,0xad,
    0xa1,0x10,0xa1,0x10,0x81,0x10,0xc2,0x18,0xc2,0x18,0xd1,0x9c,0x3b,0xe7,0x97,0xd6,0x3a,0xe7,0x0f,0x84,0x20,0x00,0x8c,0x73,
    0xf9,0xde,0x97,0xd6,0x97,0xd6,0xb8,0xde,0xb8,0xde,0x14,0xc6,0x95,0xce,0x33,0xbe,0x18,0xe7,0x9b,0xff,0x7a,0xf7,0x7b,0xf7,
    0x9b,0xf7,0xdd,0xff,0xfa,0xde,0xe6,0x39,0xe2,0x18,0xf1,0x9c,0xfc,0xff,0xbb,0xff,0xbb,0xff,0xbb,0xff,0xbc,0xff,0x9b,0xf7,
    0xfd,0xff,0xee,0x7b,0x81,0x10,0x23,0x21,0x85,0x31,0x07,0x42,0x43,0x29,0x23,0x21,0x64,0x29,0x67,0x4a,0x67,0x52,0x27,0x4a,
    0x44,0x29,0x23,0x21,0x23,0x21,0x23,0x21,0x84,0x39,0x6e,0x9c,0xcc,0x83,0x81,0x10,0x64,0x29,0x23,0x21,0x44,0x29,0xac,0x7b,
    0x99,0xff,0xb9,0xff,0xf4,0xcd,0xe6,0x41,0x68,0x52,0x06,0x42,0xc6,0x39,0x75,0xde,0x58,0xff,0x18,0xff,0x38,0xff,0x38,0xff,
    0x38,0xff,0x38,0xff,0x38,0xff,0x38,0xff,0x38,0xff,0x38,0xff,0x79,0xff,0x15,0xd6,0xa2,0x10,0x03,0x21,0x44,0x29,0xe2,0x18,
    0x13,0xa5,0x79,0xce,0xf9,0xe6,0xfc,0xff,0xfc,0xff,0xfc,0xff,0xff,0xff,0x1a,0xe7,0x85,0x29,0x51,0xbd,0x78,0xff,0x17,0xff,
    0x38,0xff,0x38,0xff,0x78,0xff,0x6b,0x73,0xe6,0x39,0x47,0x4a,0x55,0xde,0x79,0xff,0x55,0xe6,0xae,0xb4,0x91,0xd5,0x70,0xcd,
    0x70,0xcd,0xf7,0xfe,0x38,0xff,0x38,0xff,0x37,0xff,0x59,0xff,0xd6,0xee,0x64,0x29,0x03,0x21,0xb8,0xd6,0xdc,0xff,0xbc,0xff,
    0x96,0xce,0x13,0xbe,0x34,0xbe,0x33,0xbe,0x13,0xbe,0x75,0xc6,0x96,0xce,0xb2,0xad,0x50,0xa5,0x91,0xa5,0x70,0xa5,0x71,0xa5,
    0x91,0xa5,0x50,0xa5,0x91,0xad,0xf2,0xb5,0x13,0xbe,0x34,0xbe,0x33,0xbe,0x13,0xbe,0x34,0xbe,0x34,0xbe,0x34,0xc6,0x54,0xc6,
    0x54,0xc6,0x33,0xbe,0x34,0xbe,0x34,0xbe,0x34,0xbe,0x74,0xc6,0xec,0x73,0xc8,0x52,0x3a,0xef,0xdc,0xff,0xbb,0xff,0xbc,0xff,
    0xbc,0xff,0xbc,0xff,0xdc,0xff,0x3a,0xe7,0xe8,0x52,0xc8,0x52,0x6a,0x63,0xab,0x6b,0xeb,0x73,0x49,0x5b,0xef,0x94,0xb5,0xce,
    0x54,0xc6,0xeb,0x73,0x6a,0x63,0x8a,0x63,0x29,0x5b,0x30,0x9d,0xf6,0xd6,0xae,0x8c,0xe8,0x52,0xab,0x6b,0xab,0x6b,0xaa,0x6b,
    0x71,0xa5,0x74,0xc6,0x79,0xef,0x7a,0xef,0x34,0xbe,0x59,0xef,0x96,0xce,0x33,0xbe,0x54,0xc6,0x75,0xc6,0x10,0x9d,0xa8,0x4a,
    0x09,0x5b,0xb2,0xad,0xd7,0xd6,0xdc,0xff,0x5a,0xef,0x33,0xbe,0x33,0xbe,0x34,0xbe,0x34,0xbe,0x33,0xbe,0x34,0xbe,0x34,0xbe,
    0x38,0xdf,0x8c,0x73,0x03,0x21,0xfc,0xff,0xea,0x62,0x20,0x00,0x84,0x31,0x67,0x52,0x67,0x4a,0x67,0x52,0x67,0x52,0x47,0x4a,
    0x88,0x52,0x47,0x4a,0x26,0x42,0x88,0x52,0x67,0x52,0x67,0x52,0x88,0x52,0x85,0x31,0x03,0x21,0x27,0x4a,0x47,0x4a,0x44,0x29,
    0x23,0x21,0x64,0x29,0x03,0x21,0x03,0x21,0x57,0xce,0x79,0xef,0xfc,0xff,0xea,0x5a,0xc2,0x18,0x44,0x29,0x64,0x29,0x44,0x29,
    0xe3,0x18,0x03,0x21,0x03,0x21,0xe2,0x18,0xe3,0x18,0x03,0x21,0xe2,0x18,0xe2,0x18,0x03,0x21,0x23,0x21,0x03,0x21,0x23,0x21,
    0x03,0x21,0xe3,0x18,0x03,0x21,0x44,0x29,0xe2,0x18,0xcd,0x7b,0xfd,0xff,0xd5,0xd6,0xda,0xff,0xfc,0xff,0xfd,0xff,0xfd,0xff,
    0x9b,0xf7,0x9b,0xf7,0xfd,0xff,0x77,0xd6,0x32,0xa5,0xdc,0xff,0xbb,0xff,0x9b,0xff,0xbb,0xff,0xbc,0xff,0xbb,0xff,0x9b,0xf7,
    0xfe,0xff,0x0e,0x84,0xc2,0x18,0xe2,0x18,0x4b,0x6b,0x77,0xce,0xe2,0x18,0x23,0x21,0x64,0x31,0x67,0x52,0x67,0x52,0xe6,0x41,
    0x03,0x21,0x23,0x21,0x23,0x29,0x03,0x21,0x13,0xde,0x6a,0x7b,0x03,0x19,0x64,0x31,0x23,0x21,0x40,0x08,0x4e,0x94,0x99,0xff,
    0x17,0xf7,0x38,0xff,0x17,0xff,0x38,0xff,0x59,0xff,0x59,0xff,0x38,0xff,0x38,0xff,0x38,0xff,0x38,0xff,0x38,0xff,0x38,0xff,
    0x38,0xff,0x38,0xff,0x38,0xff,0x38,0xff,0x38,0xff,0x38,0xff,0x79,0xff,0x14,0xd6,0x82,0x10,0x23,0x21,0x23,0x21,0x23,0x21,
    0x23,0x21,0x60,0x08,0x8c,0x73,0xbb,0xf7,0x7a,0xf7,0x9b,0xf7,0x9b,0xf7,0x7a,0xf7,0x9b,0xff,0x58,0xff,0x37,0xff,0x38,0xff,
    0x38,0xff,0x38,0xff,0x38,0xff,0x38,0xff,0x58,0xff,0x59,0xff,0x38,0xff,0x38,0xff,0xf7,0xf6,0x91,0xd5,0x71,0xcd,0x50,0xcd,
    0x70,0xcd,0xf7,0xfe,0x37,0xff,0x37,0xff,0x37,0xff,0x58,0xff,0xb6,0xe6,0xa5,0x31,0x23,0x21,0x97,0xd6,0xdc,0xff,0xbc,0xff,
    0x96,0xce,0x13,0xbe,0x33,0xbe,0x33,0xbe,0x13,0xbe,0xf3,0xb5,0xb1,0xad,0xd2,0xb5,0x13,0xbe,0x34,0xbe,0x13,0xbe,0x34,0xbe,
    0x96,0xce,0xb6,0xd6,0x96,0xce,0x96,0xce,0x96,0xce,0x95,0xce,0x95,0xce,0xb6,0xd6,0xb6,0xd6,0xd7,0xd6,0xb2,0xb5,0xae,0x8c,
    0xcf,0x94,0x55,0xc6,0xf8,0xde,0x96,0xce,0x33,0xbe,0x75,0xc6,0xec,0x73,0xc8,0x52,0x3a,0xef,0xdc,0xff,0xbc,0xff,0xbc,0xff,
    0xbc,0xff,0xbb,0xff,0xdc,0xff,0x3a,0xef,0xa8,0x4a,0x8a,0x6b,0x30,0x9d,0x6a,0x63,0xcb,0x6b,0x4d,0x84,0x13,0xbe,0x71,0xa5,
    0x4d,0x84,0xcb,0x6b,0x8a,0x63,0xab,0x6b,0x49,0x63,0xef,0x94,0xb5,0xce,0xd2,0xb5,0xcf,0x94,0x8a,0x63,0xab,0x6b,0xaa,0x6b,
    0x8e,0x8c,0x54,0xc6,0xb6,0xd6,0xb6,0xd6,0x54,0xc6,0xb6,0xd6,0x75,0xc6,0x34,0xbe,0x34,0xbe,0x75,0xc6,0x30,0x9d,0xa8,0x4a,
    0x09,0x5b,0xb2,0xad,0xd7,0xd6,0xdc,0xff,0x5a,0xef,0x33,0xbe,0x34,0xbe,0x34,0xbe,0x34,0xbe,0x33,0xbe,0x54,0xc6,0xf7,0xd6,
    0x6e,0x8c,0x06,0x42,0x03,0x21,0xac,0x7b,0x68,0x52,0x64,0x29,0xe6,0x39,0x27,0x4a,0x67,0x52,0xc8,0x5a,0x88,0x52,0x67,0x4a,
    0xc5,0x39,0x64,0x31,0x64,0x29,0x84,0x31,0xe6,0x41,0x88,0x52,0x67,0x52,0x06,0x42,0x43,0x29,0x26,0x42,0xc5,0x39,0xa2,0x10,
    0xc2,0x18,0xc2,0x18,0xc2,0x18,0xe3,0x18,0xea,0x5a,0xcd,0x7b,0xac,0x7b,0xe6,0x39,0xe3,0x18,0xe3,0x18,0x03,0x21,0x64,0x29,
    0xc5,0x39,0xc5,0x39,0xc5,0x39,0x85,0x31,0xa5,0x39,0xe6,0x39,0x44,0x29,0x03,0x21,0x44,0x29,0x85,0x31,0xa5,0x31,0xc5,0x39,
    0xc5,0x39,0x64,0x31,0x03,0x21,0x44,0x29,0x03,0x21,0x68,0x4a,0x70,0x8c,0x0d,0x84,0x2e,0x84,0x0e,0x84,0xed,0x7b,0x16,0xc6,
    0xff,0xff,0xbc,0xff,0x9b,0xf7,0xdc,0xff,0xfd,0xff,0x9b,0xff,0xbc,0xff,0xbc,0xff,0xbb,0xff,0xbc,0xff,0xbb,0xff,0x9b,0xf7,
    0xfd,0xff,0x0e,0x84,0xa1,0x10,0xe3,0x20,0x0a,0x63,0x3a,0xef,0x64,0x29,0xe2,0x18,0x85,0x31,0x88,0x52,0xc5,0x39,0x44,0x29,
    0x03,0x21,0x23,0x21,0x23,0x21,0xc2,0x18,0xcb,0x8b,0x67,0x5a,0xe2,0x18,0xe2,0x18,0xed,0x83,0xf0,0xa4,0x55,0xde,0x58,0xff,
    0x17,0xff,0x38,0xff,0x38,0xff,0x37,0xff,0x38,0xff,0x38,0xff,0x37,0xff,0x38,0xff,0x38,0xff,0x38,0xff,0x38,0xff,0x38,0xff,
    0x38,0xff,0x38,0xff,0x38,0xff,0x38,0xff,0x38,0xff,0x38,0xff,0x58,0xff,0xb6,0xee,0x8e,0x9c,0xe6,0x39,0x03,0x21,0x23,0x21,
    0x43,0x21,0x23,0x21,0x44,0x29,0x0b,0x63,0xfd,0xff,0xbc,0xff,0xbb,0xff,0x9b,0xff,0x9b,0xff,0x59,0xff,0x38,0xff,0x38,0xff,
    0x38,0xff,0x38,0xff,0x38,0xff,0x38,0xff,0x38,0xff,0x38,0xff,0x37,0xff,0x38,0xff,0xf7,0xf6,0x2f,0xcd,0x2f,0xcd,0x13,0xde,
    0xb6,0xee,0x17,0xff,0x37,0xff,0x37,0xff,0x17,0xff,0x58,0xff,0x17,0xf7,0x85,0x31,0xe2,0x18,0x97,0xd6,0xdc,0xff,0xbc,0xff,
    0x95,0xce,0x13,0xbe,0x33,0xbe,0x13,0xbe,0x13,0xbe,0x13,0xbe,0x13,0xbe,0x13,0xbe,0x33,0xbe,0x13,0xbe,0x75,0xce,0x18,0xe7,
    0x7a,0xf7,0xbc,0xff,0xbc,0xff,0xbc,0xff,0xbc,0xff,0xbb,0xff,0xbb,0xff,0xbc,0xff,0xbc,0xff,0xfd,0xff,0x52,0xa5,0xa7,0x4a,
    0x09,0x5b,0xd8,0xde,0xfd,0xff,0x18,0xe7,0x13,0xbe,0x95,0xce,0xec,0x73,0xc8,0x52,0x5a,0xef,0xdc,0xff,0xbc,0xff,0xbc,0xff,
    0xbc,0xff,0xbc,0xff,0xdc,0xff,0x3a,0xef,0x87,0x4a,0xec,0x73,0x75,0xce,0x2c,0x7c,0x8a,0x6b,0x30,0x9d,0x34,0xbe,0x8e,0x84,
    0x69,0x63,0xaa,0x6b,0xab,0x6b,0xcb,0x6b,0x6a,0x63,0x30,0x9d,0x74,0xc6,0x75,0xc6,0x54,0xc6,0x4d,0x7c,0xcb,0x6b,0x8a,0x6b,
    0xeb,0x73,0x33,0xbe,0x33,0xbe,0x33,0xbe,0x54,0xc6,0x54,0xc6,0x54,0xc6,0x54,0xc6,0x34,0xbe,0x75,0xc6,0x30,0x9d,0xc8,0x4a,
    0x09,0x5b,0xb2,0xad,0xd7,0xd6,0xdc,0xff,0x7a,0xef,0x33,0xbe,0x33,0xbe,0x33,0xbe,0x34,0xbe,0x34,0xbe,0x34,0xbe,0x14,0xbe,
    0x64,0x31,0xa5,0x31,0x07,0x42,0xc2,0x18,0x06,0x42,0x47,0x4a,0x47,0x4a,0x27,0x4a,0xa8,0x5a,0x4a,0x6b,0x88,0x52,0x88,0x52,
    0xa5,0x31,0x44,0x29,0x24,0x29,0x03,0x21,0x84,0x31,0x27,0x4a,0x26,0x42,0x47,0x4a,0x44,0x29,0x85,0x31,0x64,0x31,0xc6,0x39,
    0x6b,0x6b,0x8f,0x94,0xe9,0x5a,0x44,0x29,0xe3,0x20,0xa1,0x10,0x61,0x08,0x44,0x29,0xa5,0x31,0x64,0x29,0x64,0x29,0xc5,0x39,
    0x88,0x52,0x88,0x52,0x67,0x52,0x67,0x52,0x67,0x52,0x88,0x52,0xc5,0x39,0x64,0x29,0x23,0x21,0xc5,0x39,0x67,0x4a,0x88,0x52,
    0x88,0x52,0x27,0x4a,0x64,0x29,0x85,0x31,0x85,0x31,0x23,0x21,0xc2,0x18,0x81,0x10,0xa2,0x10,0x65,0x29,0x64,0x29,0xad,0x7b,
    0x37,0xc6,0x19,0xe7,0xbb,0xff,0x9b,0xf7,0x9b,0xf7,0xbb,0xff,0xbc,0xff,0xbc,0xff,0xbb,0xff,0xbb,0xff,0xbb,0xff,0x9b,0xf7,
    0xfd,0xff,0x33,0xad,0x48,0x4a,0xc2,0x18,0xc9,0x5a,0xbb,0xff,0xa6,0x31,0xe2,0x18,0xc5,0x39,0x26,0x42,0x44,0x29,0x23,0x29,
    0x84,0x31,0x23,0x21,0x23,0x21,0x06,0x42,0x06,0x4a,0x47,0x52,0x88,0x52,0x88,0x52,0x75,0xe6,0xda,0xff,0x58,0xff,0x38,0xff,
    0x37,0xff,0x38,0xff,0x58,0xff,0x38,0xff,0x37,0xff,0x38,0xff,0x38,0xff,0x38,0xff,0x38,0xff,0x38,0xff,0x38,0xff,0x38,0xff,
    0x38,0xff,0x38,0xff,0x38,0xff,0x38,0xff,0x38,0xff,0x38,0xff,0x38,0xff,0x38,0xff,0xb9,0xff,0x68,0x52,0xe2,0x18,0x23,0x21,
    0x23,0x21,0x23,0x21,0xe2,0x18,0xe6,0x39,0x98,0xd6,0xbc,0xff,0x9b,0xff,0x9b,0xff,0xbb,0xff,0x79,0xff,0x38,0xff,0x38,0xff,
    0x38,0xff,0x38,0xff,0x38,0xff,0x38,0xff,0x38,0xff,0x38,0xff,0x38,0xff,0x38,0xff,0xf7,0xfe,0xd2,0xdd,0xb1,0xd5,0xd6,0xf6,
    0x79,0xff,0x38,0xff,0x37,0xff,0x37,0xff,0x37,0xff,0xd6,0xee,0x11,0xad,0x27,0x42,0xa9,0x52,0xd8,0xde,0xbc,0xff,0xbc,0xff,
    0x95,0xce,0x13,0xb6,0x33,0xbe,0x13,0xbe,0x13,0xbe,0x13,0xbe,0x13,0xbe,0x13,0xbe,0x33,0xbe,0x13,0xb6,0xd7,0xd6,0xdc,0xff,
    0x9b,0xff,0x9b,0xff,0xbb,0xff,0x9b,0xf7,0xbb,0xff,0x9b,0xff,0xbb,0xff,0xbb,0xff,0x9b,0xf7,0xfc,0xff,0x72,0xad,0x08,0x53,
    0x4a,0x63,0xd7,0xde,0xdc,0xff,0xd7,0xd6,0xf2,0xb5,0x95,0xce,0xec,0x73,0xc8,0x52,0x5a,0xef,0xdc,0xff,0xbc,0xff,0xbc,0xff,
    0xbc,0xff,0xbb,0xff,0xdc,0xff,0x3a,0xe7,0xa8,0x4a,0xcb,0x73,0xb5,0xce,0x54,0xc6,0xab,0x6b,0x0f,0x9d,0x0c,0x74,0xaa,0x6b,
    0xcb,0x6b,0xaa,0x6b,0xab,0x6b,0xcb,0x73,0xcb,0x6b,0xf2,0xb5,0x54,0xc6,0x54,0xc6,0x54,0xc6,0x54,0xc6,0xeb,0x73,0x6a,0x63,
    0xab,0x6b,0x33,0xbe,0x54,0xc6,0x54,0xc6,0x54,0xc6,0x54,0xc6,0x54,0xc6,0x54,0xc6,0x34,0xbe,0x74,0xc6,0x30,0x9d,0xc8,0x52,
    0x29,0x5b,0xb2,0xad,0xd6,0xd6,0xdc,0xff,0x7a,0xef,0x33,0xbe,0x33,0xbe,0x33,0xbe,0x34,0xbe,0x74,0xc6,0x91,0xad,0x44,0x29,
    0x81,0x10,0x33,0xa5,0x94,0xb5,0xc5,0x39,0x67,0x52,0x27,0x4a,0x47,0x4a,0x27,0x4a,0x09,0x63,0x29,0x6b,0x88,0x52,0x88,0x52,
    0xa8,0x5a,0xa5,0x39,0x23,0x21,0x24,0x29,0x44,0x29,0x03,0x21,0xa5,0x39,0x26,0x4a,0x44,0x29,0x64,0x29,0x06,0x42,0x74,0xce,
    0xb5,0xd6,0x57,0xe7,0xf7,0xde,0x84,0x31,0x23,0x21,0x44,0x29,0x03,0x21,0xc6,0x39,0xa8,0x5a,0x67,0x52,0x47,0x4a,0x47,0x4a,
    0x67,0x52,0x47,0x4a,0x47,0x4a,0x47,0x4a,0x67,0x4a,0x47,0x4a,0x87,0x52,0x47,0x4a,0x03,0x21,0x64,0x29,0x47,0x4a,0x68,0x52,
    0x27,0x42,0x06,0x42,0x67,0x4a,0x67,0x52,0x88,0x52,0xa5,0x31,0x24,0x29,0xc2,0x18,0x88,0x52,0x5b,0xef,0xbd,0xf7,0x70,0x8c,
    0x00,0x00,0x73,0xad,0xfc,0xff,0x7b,0xf7,0x9b,0xff,0xbc,0xff,0xbc,0xff,0xbc,0xff,0xbb,0xff,0xbb,0xff,0xbc,0xff,0xbc,0xff,
    0x9b,0xff,0xfd,0xff,0xfa,0xde,0xe2,0x20,0x0b,0x63,0xbc,0xf7,0xa6,0x31,0xe6,0x39,0x47,0x4a,0xe3,0x18,0x23,0x21,0xc5,0x39,
    0x26,0x42,0x03,0x21,0x64,0x31,0x13,0xde,0x64,0x29,0xed,0x83,0xba,0xff,0x59,0xff,0x38,0xff,0xf7,0xfe,0x17,0xf7,0x38,0xff,
    0x18,0xf7,0x18,0xf7,0x39,0xf7,0x18,0xf7,0x17,0xf7,0x17,0xff,0x38,0xff,0x38,0xff,0x38,0xff,0x38,0xff,0x38,0xff,0x38,0xff,
    0x38,0xff,0x38,0xff,0x38,0xff,0x38,0xff,0x38,0xff,0x38,0xff,0x38,0xff,0x38,0xff,0x58,0xff,0x67,0x4a,0xc2,0x18,0x23,0x21,
    0x23,0x21,0x23,0x21,0x44,0x29,0xe3,0x18,0x88,0x52,0xdc,0xff,0x9b,0xff,0xbb,0xff,0xbc,0xff,0x7a,0xff,0x37,0xff,0x38,0xff,
    0x38,0xff,0x38,0xff,0x38,0xff,0x38,0xff,0x38,0xff,0x38,0xff,0x38,0xff,0x38,0xff,0x38,0xff,0x37,0xff,0x37,0xff,0x37,0xff,
    0x38,0xff,0x38,0xff,0x38,0xff,0x17,0xff,0x78,0xff,0x93,0xbd,0x00,0x00,0x0e,0x84,0xff,0xff,0x9b,0xf7,0x9b,0xff,0xbc,0xff,
    0x95,0xce,0x13,0xb6,0x33,0xbe,0x13,0xbe,0x13,0xbe,0x13,0xbe,0x33,0xbe,0x13,0xbe,0x33,0xbe,0x13,0xb6,0xd7,0xd6,0xbc,0xff,
    0x9b,0xff,0xbb,0xff,0xbc,0xff,0xdc,0xff,0xbb,0xff,0xbb,0xff,0xbb,0xff,0xbc,0xff,0x9b,0xf7,0xfd,0xff,0xb4,0xb5,0x29,0x5b,
    0x49,0x5b,0xd8,0xde,0xfd,0xff,0x96,0xce,0xb1,0xad,0x95,0xce,0xeb,0x73,0xc8,0x52,0x5a,0xef,0xdc,0xff,0xbc,0xff,0xbc,0xff,
    0xbc,0xff,0x9b,0xff,0xdc,0xff,0x3a,0xef,0xa8,0x4a,0x0c,0x7c,0xb5,0xce,0x33,0xbe,0xab,0x6b,0x8a,0x6b,0xcb,0x6b,0xaa,0x6b,
    0x49,0x5b,0x8a,0x6b,0xaa,0x6b,0x2c,0x7c,0xd2,0xb5,0x33,0xbe,0x54,0xc6,0x54,0xc6,0x54,0xc6,0x54,0xc6,0xd2,0xb5,0xab,0x6b,
    0xab,0x6b,0x34,0xbe,0x54,0xc6,0x54,0xc6,0x34,0xbe,0x34,0xbe,0x54,0xc6,0x54,0xc6,0x34,0xbe,0x74,0xc6,0x30,0x9d,0xc8,0x52,
    0x29,0x5b,0xb2,0xad,0xd6,0xd6,0xdc,0xff,0x7a,0xef,0x34,0xbe,0x33,0xbe,0x34,0xbe,0x33,0xbe,0xfc,0xff,0x16,0xc6,0xc2,0x18,
    0xf5,0xc5,0xd8,0xde,0x88,0x52,0x47,0x4a,0x47,0x4a,0x47,0x4a,0x47,0x4a,0xe6,0x41,0x09,0x63,0x4a,0x73,0x87,0x52,0x85,0x31,
    0x64,0x29,0x44,0x29,0x23,0x21,0x23,0x21,0x24,0x29,0x44,0x29,0x03,0x21,0x61,0x08,0x6e,0x8c,0xf7,0xde,0x34,0xc6,0x33,0xc6,
    0xd5,0xd6,0x0f,0xa5,0x47,0x4a,0x64,0x29,0x23,0x21,0x03,0x21,0x24,0x29,0x23,0x21,0x64,0x29,0x64,0x31,0x44,0x29,0x64,0x29,
    0x67,0x4a,0x67,0x52,0x47,0x4a,0x67,0x4a,0x67,0x4a,0x67,0x4a,0x67,0x52,0x88,0x52,0x85,0x31,0x23,0x21,0x64,0x29,0x44,0x21,
    0xc5,0x39,0x26,0x42,0x47,0x4a,0x67,0x4a,0x67,0x52,0x27,0x4a,0x06,0x42,0xa5,0x39,0x03,0x21,0x07,0x42,0xc6,0x31,0x90,0x94,
    0xb9,0xde,0x07,0x42,0x28,0x4a,0xff,0xff,0xdd,0xff,0x9b,0xf7,0xbc,0xff,0xbb,0xff,0xbb,0xff,0xbb,0xff,0xbb,0xff,0xbc,0xff,
    0xbb,0xff,0xbc,0xff,0x9b,0xf7,0xb8,0xde,0x9c,0xf7,0x3a,0xe7,0x23,0x21,0x84,0x31,0x64,0x29,0x03,0x21,0x03,0x21,0x64,0x29,
    0x27,0x4a,0x44,0x29,0x23,0x29,0x06,0x42,0xb3,0xc5,0xd7,0xee,0x37,0xff,0x18,0xff,0x38,0xff,0x38,0xff,0xb9,0xff,0x76,0xde,
    0xe6,0x41,0xe6,0x39,0x27,0x42,0x85,0x31,0x6e,0x94,0xfb,0xff,0x9a,0xff,0x38,0xff,0x38,0xff,0x38,0xff,0x38,0xff,0x38,0xff,
    0x38,0xff,0x38,0xff,0x38,0xff,0x38,0xff,0x38,0xff,0x38,0xff,0x38,0xff,0x38,0xff,0x59,0xff,0x47,0x4a,0xc2,0x18,0x23,0x21,
    0x23,0x21,0x23,0x21,0x23,0x21,0xe2,0x18,0x68,0x4a,0xbc,0xff,0x9b,0xff,0x9b,0xff,0xbc,0xff,0x7a,0xff,0x38,0xff,0x58,0xff,
    0x38,0xff,0x38,0xff,0x38,0xff,0x38,0xff,0x38,0xff,0x38,0xff,0x38,0xff,0x38,0xff,0x38,0xff,0x38,0xff,0x17,0xff,0x37,0xff,
    0x38,0xff,0x38,0xff,0x17,0xff,0xdb,0xff,0x55,0xd6,0xc5,0x31,0x20,0x00,0x0e,0x84,0xfd,0xff,0x9b,0xf7,0xbb,0xff,0xbc,0xff,
    0x95,0xce,0xf3,0xb5,0x13,0xbe,0x13,0xbe,0x13,0xbe,0x13,0xbe,0x13,0xbe,0x13,0xbe,0x33,0xbe,0x13,0xbe,0x39,0xef,0xbc,0xff,
    0xbb,0xff,0xbc,0xff,0x7a,0xf7,0x5a,0xef,0xbc,0xff,0xbb,0xff,0xbb,0xff,0xbb,0xff,0x9b,0xff,0xbc,0xff,0x9c,0xf7,0x1a,0xe7,
    0x19,0xe7,0x7b,0xf7,0xdd,0xff,0xb7,0xd6,0xb1,0xad,0x74,0xc6,0xec,0x73,0xc8,0x52,0x5a,0xef,0xdc,0xff,0xbc,0xff,0xbc,0xff,
    0xbc,0xff,0xbc,0xff,0xdc,0xff,0x3a,0xef,0xa8,0x52,0x0d,0x7c,0xd6,0xd6,0x74,0xc6,0xcb,0x73,0x6a,0x63,0xab,0x6b,0x6a,0x63,
    0x6a,0x63,0xab,0x6b,0xaa,0x6b,0x10,0x9d,0xb5,0xce,0x54,0xc6,0x54,0xc6,0x54,0xc6,0x54,0xc6,0x54,0xc6,0x75,0xc6,0xcb,0x73,
    0x8a,0x63,0x33,0xbe,0x75,0xc6,0x75,0xc6,0x74,0xc6,0x74,0xc6,0x74,0xc6,0x75,0xc6,0x54,0xbe,0x74,0xc6,0x30,0x9d,0xc8,0x52,
    0x29,0x5b,0xb2,0xad,0xd6,0xd6,0xdc,0xff,0x5a,0xef,0x34,0xbe,0x54,0xc6,0x33,0xbe,0x95,0xce,0x33,0xa5,0x0b,0x63,0x90,0x94,
    0x9a,0xf7,0xac,0x7b,0xe5,0x39,0x67,0x4a,0x47,0x4a,0x47,0x4a,0x87,0x52,0x4a,0x6b,0x88,0x52,0xa5,0x39,0x64,0x31,0xc5,0x39,
    0xe6,0x41,0x06,0x42,0xa5,0x31,0x03,0x21,0x44,0x29,0xe3,0x20,0x27,0x42,0x4d,0x8c,0x13,0xc6,0x58,0xef,0x37,0xe7,0xf6,0xde,
    0x4e,0x8c,0xc5,0x39,0xc2,0x18,0x23,0x21,0x64,0x31,0x06,0x42,0xe6,0x39,0x23,0x21,0xe3,0x18,0x23,0x21,0x23,0x21,0x23,0x21,
    0x64,0x29,0xe6,0x39,0x88,0x52,0x68,0x52,0x67,0x4a,0x47,0x4a,0x47,0x4a,0x06,0x42,0x44,0x29,0x23,0x21,0xe6,0x41,0xc5,0x39,
    0x26,0x42,0x67,0x4a,0x67,0x4a,0x67,0x52,0x67,0x4a,0x47,0x4a,0x47,0x4a,0x47,0x4a,0x06,0x42,0x64,0x29,0xe2,0x18,0x68,0x52,
    0x12,0xa5,0xf1,0x9c,0x4b,0x6b,0xcd,0x7b,0xfa,0xe6,0xfe,0xff,0x9b,0xf7,0xbb,0xff,0xbb,0xff,0xbc,0xff,0xbb,0xff,0xbc,0xff,
    0xbc,0xff,0xbb,0xff,0x9b,0xf7,0xfd,0xff,0x12,0xa5,0x27,0x42,0xb1,0x94,0x68,0x4a,0x81,0x10,0x23,0x21,0x03,0x21,0x44,0x29,
    0x88,0x52,0x64,0x31,0x03,0x21,0xe2,0x18,0x54,0xde,0x79,0xff,0x18,0xff,0x38,0xff,0x79,0xff,0x96,0xe6,0x6b,0x73,0x0a,0x63,
    0xe2,0x18,0x61,0x10,0xa1,0x10,0x81,0x10,0x85,0x31,0xe9,0x5a,0x0d,0x8c,0x58,0xff,0x38,0xff,0x38,0xff,0x38,0xff,0x38,0xff,
    0x38,0xff,0x38,0xff,0x38,0xff,0x38,0xff,0x38,0xff,0x38,0xff,0x38,0xff,0x38,0xff,0x79,0xff,0x88,0x52,0xc2,0x18,0x44,0x29,
    0x23,0x21,0x23,0x21,0x23,0x21,0x03,0x21,0x68,0x4a,0xbc,0xff,0xbb,0xff,0x9b,0xff,0x9a,0xff,0xb6,0xee,0x74,0xe6,0x75,0xe6,
    0xf7,0xf6,0x59,0xff,0x38,0xff,0x38,0xff,0x38,0xff,0x38,0xff,0x38,0xff,0x38,0xff,0x38,0xff,0x38,0xff,0x37,0xff,0x17,0xff,
    0x17,0xff,0x17,0xff,0x99,0xff,0x31,0xad,0xa9,0x5a,0xe2,0x18,0xd1,0x9c,0xd8,0xde,0xbb,0xff,0x9b,0xf7,0xbc,0xff,0xbc,0xff,
    0x96,0xce,0xf3,0xb5,0x13,0xbe,0x13,0xbe,0x33,0xbe,0x13,0xbe,0x13,0xbe,0x33,0xbe,0x33,0xbe,0x13,0xbe,0x5a,0xef,0xbc,0xff,
    0x9b,0xf7,0xdc,0xff,0x92,0xad,0x8e,0x8c,0xbc,0xf7,0xbc,0xff,0x9b,0xff,0x9b,0xf7,0xdc,0xff,0x76,0xce,0xae,0x8c,0x76,0xce,
    0xfc,0xff,0x9b,0xf7,0xdc,0xff,0xb7,0xd6,0xb1,0xad,0x74,0xc6,0xec,0x73,0xc8,0x52,0x5a,0xef,0xdc,0xff,0xbc,0xff,0xbc,0xff,
    0xbc,0xff,0xbc,0xff,0xdc,0xff,0x3a,0xef,0xa8,0x4a,0x0c,0x7c,0xb6,0xd6,0xb2,0xad,0xeb,0x73,0x8a,0x63,0x8a,0x6b,0x8a,0x63,
    0xcb,0x6b,0xab,0x6b,0xaa,0x6b,0x50,0xa5,0xd3,0xb5,0x34,0xbe,0x74,0xc6,0x54,0xc6,0x54,0xc6,0x54,0xc6,0x75,0xc6,0x8e,0x8c,
    0x0c,0x7c,0x34,0xbe,0xf3,0xb5,0xb2,0xad,0xb2,0xad,0x91,0xad,0xb2,0xad,0xb2,0xad,0x13,0xbe,0x95,0xc6,0x51,0xa5,0xe8,0x52,
    0x29,0x5b,0xb2,0xad,0xd7,0xd6,0xdc,0xff,0x5a,0xef,0x33,0xbe,0x54,0xc6,0x13,0xbe,0xd6,0xd6,0xca,0x5a,0x23,0x21,0x9b,0xf7,
    0x32,0xa5,0x44,0x29,0x06,0x42,0x47,0x4a,0x47,0x4a,0x67,0x4a,0x88,0x52,0x6a,0x73,0x06,0x42,0x03,0x21,0x64,0x31,0x67,0x52,
    0xc8,0x5a,0xa8,0x5a,0x47,0x4a,0x64,0x29,0x44,0x29,0x24,0x21,0x8e,0x94,0x77,0xef,0xb5,0xd6,0xf6,0xde,0x14,0xc6,0xb3,0xb5,
    0x07,0x42,0xa2,0x10,0x23,0x29,0x44,0x29,0x06,0x42,0xa8,0x5a,0xa8,0x5a,0xc5,0x39,0x44,0x29,0x85,0x31,0xa5,0x31,0x85,0x31,
    0xe2,0x18,0x44,0x29,0x27,0x42,0x27,0x42,0x47,0x4a,0x67,0x4a,0xe6,0x41,0x85,0x31,0x24,0x29,0xa5,0x31,0x88,0x52,0x88,0x52,
    0x47,0x4a,0x47,0x4a,0x67,0x52,0x67,0x52,0x67,0x4a,0x47,0x4a,0x27,0x4a,0x06,0x42,0x67,0x52,0xa5,0x39,0x44,0x29,0xa1,0x10,
    0x44,0x29,0x97,0xd6,0x15,0xc6,0x64,0x29,0x70,0x94,0xb9,0xd6,0xbc,0xff,0xbb,0xff,0xbb,0xff,0xbb,0xff,0xbb,0xff,0xbc,0xff,
    0xbc,0xff,0xbb,0xff,0x9b,0xf7,0xfd,0xff,0x4f,0x8c,0xc5,0x39,0xbc,0xff,0xb1,0x9c,0xa5,0x31,0x23,0x21,0x23,0x21,0x64,0x29,
    0x47,0x4a,0xc5,0x39,0x64,0x29,0xe3,0x18,0xb2,0xcd,0x58,0xff,0x38,0xff,0x38,0xff,0x79,0xff,0x8f,0x9c,0x40,0x00,0xa2,0x18,
    0xc6,0x39,0x88,0x52,0x88,0x52,0xa9,0x5a,0x48,0x4a,0xc6,0x39,0x6c,0x73,0x79,0xff,0x38,0xff,0x38,0xff,0x38,0xff,0x38,0xff,
    0x38,0xff,0x38,0xff,0x38,0xff,0x38,0xff,0x38,0xff,0x38,0xff,0x38,0xff,0x38,0xff,0x79,0xff,0x2e,0x8c,0xa5,0x31,0x23,0x21,
    0x23,0x21,0x23,0x21,0x23,0x21,0x03,0x21,0x27,0x42,0xbb,0xff,0xbb,0xff,0x9a,0xff,0xf7,0xf6,0xd2,0xdd,0x91,0xcd,0xb2,0xd5,
    0x34,0xe6,0xf7,0xf6,0x38,0xff,0x38,0xff,0x38,0xff,0x38,0xff,0x38,0xff,0x38,0xff,0x38,0xff,0x58,0xff,0x58,0xff,0x78,0xff,
    0x79,0xff,0x58,0xff,0x14,0xce,0x06,0x42,0xe3,0x18,0x0a,0x63,0x7b,0xf7,0xfc,0xff,0x9b,0xf7,0xbb,0xff,0xbb,0xff,0xbc,0xff,
    0x96,0xce,0xf3,0xb5,0x13,0xbe,0x13,0xbe,0x33,0xbe,0x33,0xbe,0x13,0xbe,0x13,0xbe,0x33,0xbe,0x33,0xbe,0x5a,0xef,0xbb,0xff,
    0xdc,0xff,0x96,0xd6,0x6d,0x84,0x72,0xad,0xcf,0x94,0xbc,0xf7,0xfd,0xff,0xfd,0xff,0x35,0xc6,0xef,0x94,0xcf,0x94,0xb3,0xb5,
    0xdc,0xff,0x9b,0xf7,0xdc,0xff,0x96,0xce,0xb1,0xad,0x95,0xc6,0xec,0x73,0xc8,0x52,0x5a,0xef,0xdc,0xff,0xbc,0xff,0xbc,0xff,
    0xbc,0xff,0xbc,0xff,0xdc,0xff,0x3a,0xef,0x87,0x4a,0xec,0x73,0x13,0xbe,0x8a,0x6b,0xaa,0x6b,0xaa,0x6b,0x4a,0x5b,0x8a,0x63,
    0xcb,0x73,0xab,0x6b,0xab,0x6b,0xab,0x6b,0xaa,0x6b,0x91,0xad,0x74,0xc6,0x54,0xc6,0x54,0xc6,0x54,0xc6,0x54,0xc6,0x75,0xc6,
    0x34,0xbe,0x75,0xc6,0x8e,0x8c,0xcb,0x6b,0xab,0x6b,0x8a,0x6b,0xcb,0x73,0x8a,0x6b,0x71,0xa5,0xb6,0xce,0x51,0xa5,0xe8,0x52,
    0x29,0x5b,0xb2,0xad,0xd6,0xd6,0xdc,0xff,0x5a,0xef,0x33,0xbe,0x54,0xc6,0x34,0xbe,0xd6,0xd6,0xea,0x5a,0x64,0x31,0x93,0xb5,
    0x23,0x21,0xc5,0x39,0x06,0x42,0x47,0x4a,0x47,0x4a,0x67,0x52,0x27,0x4a,0xe3,0x18,0xa5,0x31,0xe9,0x62,0x6a,0x73,0x67,0x52,
    0x67,0x52,0x67,0x4a,0x47,0x4a,0x67,0x52,0x23,0x29,0x27,0x42,0xf6,0xde,0x74,0xce,0x54,0xce,0xf6,0xde,0x2a,0x6b,0x81,0x10,
    0x23,0x21,0x64,0x31,0xc5,0x39,0x47,0x4a,0x67,0x52,0x67,0x52,0x67,0x52,0x67,0x52,0x67,0x52,0x88,0x52,0xa8,0x52,0x67,0x52,
    0x44,0x29,0xe3,0x18,0xe3,0x18,0x23,0x21,0x27,0x4a,0x68,0x52,0xa5,0x39,0xe3,0x18,0xa5,0x39,0xc8,0x5a,0x88,0x52,0x67,0x52,
    0x47,0x4a,0x67,0x4a,0x67,0x52,0x47,0x4a,0x47,0x4a,0x67,0x52,0xe6,0x39,0x23,0x21,0x44,0x29,0x44,0x29,0x23,0x21,0x23,0x21,
    0x23,0x21,0x40,0x08,0xee,0x7b,0xfe,0xff,0x68,0x4a,0x27,0x42,0xbc,0xff,0x7a,0xf7,0x9b,0xff,0xbb,0xff,0xbc,0xff,0xbb,0xff,
    0xbb,0xff,0xbc,0xff,0xbc,0xff,0xbc,0xff,0xdc,0xff,0xfc,0xff,0x7a,0xf7,0xfc,0xff,0xf5,0xc5,0x03,0x21,0x44,0x29,0x23,0x21,
    0x23,0x21,0x47,0x4a,0xe6,0x41,0xa1,0x10,0x31,0xb5,0x78,0xff,0x17,0xf7,0x58,0xff,0x56,0xde,0x44,0x29,0x44,0x29,0x03,0x21,
    0x6c,0x6b,0xbb,0xff,0x7b,0xf7,0xbc,0xff,0xdb,0xff,0xfc,0xff,0xdc,0xff,0x38,0xff,0x38,0xff,0x38,0xff,0x38,0xff,0x38,0xff,
    0x38,0xff,0x38,0xff,0x38,0xff,0x38,0xff,0x38,0xff,0x38,0xff,0x38,0xff,0x38,0xff,0x38,0xff,0xfb,0xff,0x4e,0x94,0xa2,0x10,
    0x44,0x29,0x44,0x29,0x44,0x29,0xe3,0x20,0x47,0x4a,0x9b,0xff,0x7a,0xff,0x18,0xf7,0xf3,0xdd,0x30,0xc5,0x2f,0xc5,0xd2,0xdd,
    0x30,0xc5,0xb2,0xd5,0x58,0xff,0x38,0xff,0x38,0xff,0x38,0xff,0x38,0xff,0x38,0xff,0x18,0xf7,0x55,0xde,0x14,0xd6,0x14,0xd6,
    0x56,0xde,0xf4,0xcd,0x64,0x29,0xa1,0x10,0xa9,0x52,0xfc,0xff,0x9b,0xf7,0xbc,0xf7,0xbc,0xff,0xbb,0xff,0xbb,0xff,0xbc,0xff,
    0x96,0xce,0x13,0xb6,0x13,0xbe,0x33,0xbe,0x33,0xbe,0x33,0xbe,0x33,0xbe,0x33,0xbe,0x33,0xbe,0x33,0xbe,0x7a,0xef,0x9b,0xff,
    0xdc,0xff,0x55,0xce,0x6d,0x84,0x59,0xef,0x72,0xad,0x31,0x9d,0x92,0xad,0x30,0x9d,0x8e,0x84,0xb7,0xd6,0xb2,0xb5,0xb3,0xb5,
    0xfe,0xff,0x9b,0xf7,0xdc,0xff,0x75,0xce,0xb1,0xad,0x75,0xc6,0xec,0x73,0xc8,0x52,0x5a,0xef,0xdc,0xff,0xbc,0xff,0xbc,0xff,
    0xbc,0xff,0x9c,0xff,0xdc,0xff,0x3a,0xef,0x87,0x4a,0xec,0x73,0x34,0xbe,0xaa,0x6b,0xaa,0x6b,0xaa,0x6b,0xaa,0x6b,0xab,0x6b,
    0x8a,0x63,0x6d,0x84,0x8a,0x6b,0x8a,0x6b,0xcb,0x6b,0xcb,0x73,0x8e,0x8c,0x95,0xce,0x54,0xc6,0x54,0xc6,0xb5,0xce,0x30,0x9d,
    0xeb,0x73,0x0c,0x74,0xcb,0x73,0xcb,0x6b,0x6c,0x84,0x2c,0x7c,0xeb,0x73,0x8a,0x6b,0xeb,0x73,0xef,0x94,0x92,0xad,0xe9,0x52,
    0x29,0x5b,0xb2,0xad,0xd6,0xd6,0xbc,0xff,0x5a,0xef,0x34,0xbe,0x54,0xc6,0x13,0xbe,0xf7,0xde,0x2b,0x63,0xa2,0x18,0xc6,0x39,
    0x64,0x29,0xc5,0x39,0x06,0x42,0x27,0x4a,0x67,0x52,0x06,0x42,0x03,0x19,0xa5,0x31,0x6b,0x73,0xab,0x7b,0x2a,0x6b,0x67,0x4a,
    0xa8,0x5a,0xa5,0x39,0x23,0x21,0xc2,0x18,0x6a,0x6b,0x33,0xce,0x54,0xce,0xf6,0xde,0x75,0xce,0x06,0x42,0x44,0x29,0xe3,0x18,
    0x85,0x31,0x88,0x52,0xc8,0x5a,0xa8,0x5a,0x27,0x4a,0xc5,0x39,0x47,0x4a,0x67,0x52,0x67,0x52,0x67,0x52,0x67,0x52,0x88,0x52,
    0x88,0x52,0x47,0x4a,0xe6,0x41,0xe3,0x18,0xe3,0x18,0x27,0x4a,0x06,0x42,0x84,0x31,0x88,0x52,0xe6,0x39,0x64,0x29,0x64,0x29,
    0x27,0x4a,0xa8,0x5a,0x88,0x52,0x67,0x52,0x47,0x4a,0x47,0x4a,0x47,0x4a,0x27,0x4a,0x44,0x29,0x03,0x21,0x03,0x21,0x03,0x21,
    0x03,0x21,0x23,0x21,0x85,0x31,0x6c,0x6b,0xad,0x73,0x40,0x08,0x48,0x4a,0x9b,0xf7,0xfc,0xff,0x9b,0xff,0xbc,0xff,0xbc,0xff,
    0xbb,0xff,0xbc,0xff,0xbc,0xff,0xbc,0xff,0xbc,0xff,0x9b,0xff,0x9b,0xff,0xbc,0xff,0x7b,0xf7,0xe6,0x39,0xe2,0x18,0x44,0x29,
    0x03,0x21,0xe6,0x41,0xc5,0x39,0x81,0x10,0xb3,0xc5,0xda,0xff,0x17,0xf7,0x58,0xff,0xe9,0x62,0xe2,0x18,0x44,0x29,0x88,0x52,
    0x44,0x29,0xe6,0x39,0x44,0x29,0x32,0xad,0xfd,0xff,0x7b,0xf7,0xbc,0xff,0x9a,0xff,0x38,0xff,0x38,0xff,0x38,0xff,0x38,0xff,
    0x38,0xff,0x38,0xff,0x38,0xff,0x38,0xff,0x38,0xff,0x38,0xff,0x38,0xff,0x38,0xff,0x38,0xff,0x38,0xff,0x17,0xef,0xe9,0x62,
    0x81,0x08,0x03,0x21,0x61,0x08,0xa8,0x5a,0xd6,0xe6,0x58,0xff,0x34,0xde,0x71,0xcd,0x13,0xde,0x50,0xcd,0x2f,0xc5,0xf2,0xdd,
    0x50,0xcd,0xb2,0xd5,0x58,0xff,0x38,0xff,0x38,0xff,0x38,0xff,0x17,0xff,0x58,0xff,0x18,0xf7,0xa5,0x39,0xe3,0x18,0x03,0x21,
    0xe2,0x18,0xa1,0x10,0xc2,0x18,0x74,0xb5,0xf8,0xe6,0x9a,0xff,0xb7,0xd6,0x14,0xbe,0xb7,0xd6,0xbc,0xff,0x9b,0xff,0xbc,0xff,
    0x95,0xce,0x13,0xb6,0x33,0xbe,0x34,0xbe,0x13,0xbe,0x33,0xbe,0x34,0xbe,0x33,0xbe,0x13,0xbe,0x33,0xbe,0x7a,0xf7,0xbb,0xff,
    0xdc,0xff,0xd7,0xde,0x4d,0x84,0x7a,0xf7,0x39,0xe7,0x92,0xad,0xb2,0xb5,0x51,0xa5,0xd3,0xb5,0xfc,0xff,0x71,0xa5,0x6d,0x84,
    0x55,0xc6,0xdd,0xff,0xbc,0xff,0x55,0xc6,0xb1,0xad,0x75,0xc6,0xec,0x73,0xc8,0x52,0x5a,0xef,0xdc,0xff,0xbc,0xff,0xbc,0xff,
    0xbc,0xff,0xbc,0xff,0xdc,0xff,0x3a,0xef,0xa8,0x52,0x6a,0x63,0xef,0x9c,0x8a,0x6b,0xab,0x6b,0x8a,0x6b,0xaa,0x6b,0x8a,0x6b,
    0x4d,0x7c,0xd2,0xb5,0xcf,0x94,0x8a,0x63,0xab,0x6b,0x8a,0x6b,0xcb,0x73,0x92,0xad,0x95,0xce,0x33,0xbe,0xef,0x94,0x4c,0x7c,
    0xaa,0x6b,0xaa,0x6b,0xab,0x6b,0xeb,0x73,0x2c,0x7c,0xeb,0x73,0x6d,0x84,0x0f,0x9d,0xef,0x94,0x6d,0x84,0x8e,0x84,0x09,0x5b,
    0x29,0x5b,0xb1,0xad,0xd6,0xd6,0xdc,0xff,0x7a,0xef,0x54,0xbe,0x33,0xbe,0x54,0xc6,0xd4,0xbd,0x68,0x52,0x03,0x21,0x44,0x29,
    0x44,0x29,0xe6,0x41,0x47,0x4a,0x27,0x4a,0xc5,0x39,0x64,0x31,0x44,0x29,0x26,0x42,0x09,0x63,0x6a,0x73,0x6b,0x73,0xc8,0x5a,
    0x06,0x42,0x64,0x29,0xe2,0x18,0x44,0x29,0x71,0xad,0xf6,0xde,0xd5,0xde,0x10,0xa5,0x4a,0x6b,0x03,0x21,0x03,0x21,0x03,0x21,
    0x43,0x29,0x85,0x31,0xa5,0x39,0xe6,0x41,0xc5,0x39,0x85,0x31,0x47,0x4a,0x88,0x52,0x88,0x52,0x88,0x52,0xe6,0x39,0xc5,0x39,
    0x06,0x42,0xc5,0x39,0xc5,0x39,0x85,0x31,0x64,0x29,0xa5,0x31,0xa5,0x31,0x64,0x29,0xc5,0x39,0x23,0x21,0xe3,0x18,0x23,0x21,
    0xa5,0x39,0x06,0x42,0xc6,0x39,0x06,0x42,0x67,0x52,0x67,0x4a,0x67,0x52,0x88,0x52,0x27,0x4a,0xa5,0x39,0x64,0x29,0x03,0x21,
    0x23,0x21,0x24,0x29,0x23,0x21,0x44,0x29,0xea,0x62,0xcd,0x7b,0x03,0x21,0x0e,0x84,0xd9,0xde,0xdd,0xff,0x9b,0xff,0xbb,0xff,
    0xbc,0xff,0xbc,0xff,0xbc,0xff,0xbc,0xff,0xbc,0xff,0xbc,0xff,0xbb,0xff,0xbc,0xff,0xbc,0xff,0x94,0xb5,0x47,0x4a,0xc2,0x18,
    0x03,0x21,0x44,0x29,0x44,0x29,0xe3,0x18,0x2a,0x6b,0x56,0xd6,0x59,0xff,0x37,0xff,0x06,0x42,0xe6,0x39,0xea,0x5a,0xa2,0x10,
    0x23,0x21,0x23,0x21,0xc2,0x18,0x07,0x42,0x53,0xad,0xfd,0xff,0x9b,0xff,0xbb,0xff,0x38,0xff,0x38,0xff,0x38,0xff,0x38,0xff,
    0x38,0xff,0x38,0xff,0x38,0xff,0x38,0xff,0x38,0xff,0x38,0xff,0x38,0xff,0x38,0xff,0x38,0xff,0x38,0xff,0x78,0xff,0x14,0xd6,
    0x11,0xad,0x51,0xb5,0xcf,0xa4,0xd2,0xcd,0x58,0xff,0x58,0xff,0x13,0xde,0xee,0xbc,0xf2,0xdd,0x30,0xc5,0x50,0xc5,0x13,0xde,
    0x71,0xcd,0x54,0xe6,0x38,0xff,0x37,0xff,0x38,0xff,0x38,0xff,0x37,0xff,0x17,0xff,0xed,0x8b,0x44,0x29,0x23,0x21,0xc2,0x18,
    0xc6,0x39,0x6f,0x8c,0x6f,0x94,0x5b,0xef,0xfd,0xff,0xbb,0xff,0x96,0xce,0xb1,0xad,0x75,0xc6,0xdc,0xff,0xbb,0xff,0xbc,0xff,
    0x95,0xce,0x13,0xb6,0x13,0xbe,0x95,0xce,0xf7,0xde,0x34,0xbe,0x33,0xbe,0x33,0xbe,0x13,0xbe,0x54,0xc6,0x9b,0xf7,0xbc,0xff,
    0x9c,0xf7,0x51,0xa5,0xf4,0xbd,0x9b,0xff,0xbb,0xff,0xfc,0xff,0xfd,0xff,0xfd,0xff,0xfc,0xff,0xbc,0xff,0xf9,0xde,0xae,0x8c,
    0x92,0xad,0xdd,0xff,0xbb,0xff,0x55,0xc6,0xb1,0xad,0x95,0xce,0xec,0x73,0xc8,0x52,0x5a,0xef,0xdc,0xff,0xbc,0xff,0xbc,0xff,
    0xbc,0xff,0xbb,0xff,0xdc,0xff,0x3a,0xe7,0xe9,0x5a,0xc8,0x52,0x8a,0x63,0xaa,0x6b,0xaa,0x6b,0x69,0x63,0xaa,0x6b,0xcb,0x73,
    0x71,0xa5,0xb5,0xce,0x34,0xbe,0xab,0x6b,0xaa,0x6b,0xab,0x6b,0x8a,0x63,0x4d,0x7c,0x54,0xc6,0xb2,0xad,0x6a,0x63,0xaa,0x6b,
    0xcb,0x6b,0x0b,0x74,0xeb,0x73,0xeb,0x73,0x4c,0x84,0x0c,0x74,0x6d,0x84,0x74,0xc6,0x95,0xce,0xce,0x94,0xaa,0x6b,0x09,0x5b,
    0x29,0x5b,0xb1,0xad,0xd6,0xd6,0xdc,0xff,0x7b,0xf7,0x75,0xce,0x54,0xc6,0xf7,0xde,0x68,0x4a,0xa2,0x10,0x85,0x31,0x84,0x31,
    0x64,0x31,0x06,0x42,0x68,0x52,0x27,0x4a,0x03,0x21,0x03,0x21,0xc6,0x39,0x88,0x52,0x47,0x4a,0x09,0x63,0x8b,0x73,0xa8,0x52,
    0x64,0x29,0x44,0x29,0x44,0x29,0x4a,0x6b,0xf6,0xde,0x74,0xce,0x54,0xce,0xa8,0x52,0x41,0x08,0x23,0x29,0x23,0x21,0x44,0x29,
    0x43,0x29,0x03,0x21,0x03,0x21,0x44,0x29,0x27,0x4a,0xa8,0x52,0x67,0x4a,0x88,0x52,0x67,0x52,0x47,0x4a,0x64,0x29,0x03,0x21,
    0x23,0x21,0x23,0x21,0x84,0x31,0x88,0x52,0x67,0x4a,0x64,0x29,0x44,0x29,0x24,0x29,0xe3,0x18,0xe3,0x20,0x23,0x21,0x44,0x29,
    0x44,0x29,0x44,0x29,0xe3,0x18,0x85,0x31,0x47,0x4a,0x67,0x4a,0x67,0x52,0x67,0x52,0x67,0x52,0x67,0x52,0x47,0x4a,0x64,0x29,
    0x84,0x31,0x64,0x31,0x64,0x29,0x03,0x21,0x27,0x42,0x37,0xc6,0xa5,0x31,0x81,0x10,0x33,0xad,0xfd,0xff,0x9b,0xf7,0xbb,0xff,
    0xbc,0xff,0xbc,0xff,0xbc,0xff,0xbc,0xff,0xbc,0xff,0xbc,0xff,0xbc,0xff,0xbc,0xff,0x9b,0xf7,0xfe,0xff,0x0e,0x84,0x23,0x21,
    0x23,0x21,0x03,0x21,0x03,0x21,0x64,0x29,0xa1,0x10,0x2e,0x8c,0x99,0xff,0x58,0xff,0x84,0x31,0x68,0x4a,0xb1,0x94,0x81,0x10,
    0x44,0x29,0x23,0x21,0x44,0x29,0x61,0x08,0x68,0x4a,0x7b,0xef,0x9b,0xff,0xbb,0xff,0x59,0xff,0x38,0xff,0x38,0xff,0x38,0xff,
    0x38,0xff,0x38,0xff,0x38,0xff,0x38,0xff,0x38,0xff,0x38,0xff,0x38,0xff,0x38,0xff,0x38,0xff,0x38,0xff,0x17,0xff,0x79,0xff,
    0xba,0xff,0x99,0xff,0x78,0xff,0x58,0xff,0x17,0xff,0x58,0xff,0x34,0xde,0x0f,0xc5,0xd2,0xdd,0x30,0xc5,0x71,0xcd,0x34,0xe6,
    0xf3,0xd5,0x17,0xff,0x38,0xff,0x38,0xff,0x38,0xff,0x38,0xff,0x38,0xff,0xb6,0xee,0x44,0x29,0x03,0x19,0x64,0x29,0xe3,0x18,
    0x4b,0x6b,0xfd,0xff,0xfc,0xff,0xbb,0xff,0x9b,0xf7,0xdc,0xff,0x96,0xd6,0xb2,0xad,0x55,0xc6,0xbc,0xff,0x9b,0xff,0xbc,0xff,
    0x96,0xce,0x13,0xbe,0x13,0xb6,0xd7,0xd6,0xbb,0xff,0x34,0xbe,0x13,0xbe,0x33,0xbe,0x13,0xbe,0x75,0xc6,0xbb,0xff,0xbc,0xff,
    0xb3,0xad,0xae,0x8c,0x7b,0xf7,0xbc,0xff,0x39,0xef,0x7a,0xf7,0x9b,0xf7,0x7b,0xf7,0x7b,0xef,0xbc,0xff,0xfd,0xff,0x51,0xa5,
    0x71,0xa5,0xdc,0xff,0xbb,0xff,0x54,0xc6,0xb2,0xad,0x95,0xce,0xec,0x73,0xc8,0x52,0x5a,0xef,0xdc,0xff,0xbc,0xff,0xbc,0xff,
    0xbc,0xff,0xbb,0xff,0xdc,0xff,0x3a,0xe7,0xe9,0x52,0x09,0x5b,0x8a,0x63,0x8a,0x63,0xaa,0x6b,0x49,0x5b,0x49,0x5b,0x51,0xa5,
    0x75,0xc6,0x95,0xce,0x50,0x9d,0x8a,0x63,0xcb,0x6b,0xab,0x6b,0xab,0x6b,0xab,0x6b,0x2c,0x7c,0xcb,0x6b,0xcb,0x6b,0xaa,0x6b,
    0x8a,0x63,0x8a,0x6b,0x6a,0x63,0x8a,0x6b,0xf3,0xb5,0x54,0xc6,0x34,0xbe,0x34,0xbe,0x34,0xbe,0x75,0xc6,0x51,0xa5,0xe8,0x52,
    0x29,0x5b,0xd2,0xad,0xd6,0xd6,0xbb,0xff,0xbb,0xff,0x9b,0xf7,0xdd,0xff,0x57,0xce,0x23,0x21,0x23,0x21,0x44,0x29,0x64,0x31,
    0x27,0x4a,0x68,0x52,0x67,0x52,0x47,0x4a,0x03,0x19,0x85,0x31,0x88,0x52,0x88,0x52,0x67,0x52,0x88,0x52,0xa8,0x5a,0x44,0x29,
    0x44,0x29,0xe3,0x18,0x0d,0x84,0xf6,0xde,0x54,0xce,0xf6,0xde,0x68,0x4a,0xe3,0x18,0x44,0x29,0x47,0x4a,0x64,0x29,0xe3,0x20,
    0xc5,0x39,0x26,0x42,0x67,0x4a,0x68,0x52,0x88,0x52,0x88,0x52,0xa8,0x52,0xe6,0x39,0x24,0x21,0x23,0x21,0x23,0x21,0x44,0x29,
    0xe3,0x18,0xc5,0x39,0xa8,0x52,0x67,0x52,0x67,0x4a,0x67,0x52,0x67,0x52,0xc6,0x39,0xc2,0x18,0xc5,0x39,0x67,0x52,0x47,0x4a,
    0x67,0x52,0x47,0x4a,0xc6,0x39,0xe3,0x18,0x03,0x21,0x06,0x42,0xa8,0x5a,0x67,0x52,0x67,0x52,0x67,0x4a,0x67,0x52,0x88,0x52,
    0xcb,0x7b,0xa8,0x5a,0xe3,0x18,0x44,0x29,0xe3,0x18,0xc6,0x39,0x3a,0xef,0x64,0x29,0x33,0xa5,0xff,0xff,0x9b,0xf7,0xbc,0xff,
    0xbc,0xff,0xbc,0xff,0xbc,0xff,0xbc,0xff,0xbc,0xff,0xbc,0xff,0xbc,0xff,0xbc,0xff,0xbb,0xff,0x7b,0xf7,0xbb,0xff,0x36,0xce,
    0x03,0x21,0xc2,0x18,0xc2,0x18,0x03,0x19,0x03,0x19,0x0a,0x63,0xb9,0xff,0x58,0xff,0x2e,0x8c,0x90,0x94,0x2f,0x8c,0xa2,0x10,
    0x44,0x29,0x23,0x21,0x23,0x21,0x24,0x29,0xc2,0x18,0x8c,0x73,0xfd,0xff,0x9b,0xf7,0x7a,0xff,0x37,0xff,0x38,0xff,0x38,0xff,
    0x38,0xff,0x38,0xff,0x38,0xff,0x38,0xff,0x38,0xff,0x38,0xff,0x38,0xff,0x38,0xff,0x38,0xff,0x17,0xff,0x38,0xff,0x38,0xff,
    0x17,0xff,0x17,0xff,0x17,0xff,0x17,0xff,0x37,0xff,0x38,0xff,0x38,0xff,0xb5,0xee,0xd1,0xdd,0x30,0xc5,0x71,0xcd,0x58,0xff,
    0x38,0xff,0x17,0xff,0x38,0xff,0x38,0xff,0x38,0xff,0x37,0xff,0x38,0xff,0x17,0xf7,0xa5,0x31,0x03,0x21,0xa1,0x10,0xa9,0x5a,
    0x7b,0xf7,0x7a,0xf7,0x9b,0xf7,0x9b,0xff,0x9b,0xff,0xbc,0xff,0xb6,0xd6,0xd2,0xad,0x54,0xc6,0xbb,0xff,0x9b,0xff,0xbc,0xff,
    0x96,0xce,0x13,0xbe,0x33,0xbe,0x54,0xc6,0x34,0xbe,0x13,0xbe,0x33,0xbe,0x33,0xbe,0x13,0xbe,0x75,0xce,0xbb,0xff,0xbb,0xff,
    0xef,0x94,0xf4,0xbd,0xfe,0xff,0xf9,0xde,0xeb,0x73,0x39,0xef,0xfd,0xff,0x15,0xc6,0x8e,0x8c,0xdc,0xff,0xbb,0xff,0x10,0x9d,
    0x51,0xa5,0xdc,0xff,0xbb,0xff,0x14,0xbe,0xd2,0xb5,0x75,0xc6,0xec,0x73,0xc8,0x52,0x3a,0xef,0xdc,0xff,0xbc,0xff,0xbc,0xff,
    0xbc,0xff,0x9b,0xff,0xdc,0xff,0x3a,0xe7,0xc8,0x52,0xe8,0x52,0x8a,0x63,0x8a,0x63,0xaa,0x6b,0x8a,0x63,0x0f,0x95,0x13,0xbe,
    0xb6,0xce,0x10,0x95,0xec,0x73,0xaa,0x6b,0xcb,0x6b,0xaa,0x6b,0x8a,0x63,0xaa,0x6b,0xcb,0x6b,0xcb,0x6b,0x8a,0x6b,0xae,0x8c,
    0x91,0xad,0x30,0x9d,0x71,0xa5,0xd2,0xb5,0x54,0xc6,0x54,0xc6,0x54,0xc6,0x54,0xc6,0x34,0xbe,0x95,0xce,0x51,0xa5,0xe8,0x52,
    0x29,0x5b,0xd2,0xb5,0xf7,0xde,0xbb,0xff,0x9b,0xff,0x9b,0xf7,0xfd,0xff,0x98,0xd6,0x03,0x21,0x24,0x29,0x24,0x21,0x44,0x29,
    0x67,0x52,0x88,0x52,0x47,0x4a,0x85,0x31,0xc5,0x39,0x26,0x4a,0x67,0x52,0x67,0x52,0x88,0x52,0x67,0x52,0xa5,0x39,0x44,0x29,
    0x24,0x29,0xc2,0x18,0x0c,0x84,0xf6,0xde,0xd6,0xde,0x2d,0x84,0x44,0x29,0x03,0x21,0x64,0x29,0x88,0x52,0xe6,0x41,0xa5,0x31,
    0xc5,0x39,0x67,0x4a,0x88,0x52,0x68,0x52,0x88,0x52,0x88,0x52,0xc5,0x39,0x84,0x31,0x23,0x21,0x23,0x21,0x23,0x21,0x23,0x21,
    0xc5,0x39,0x27,0x4a,0x88,0x52,0x67,0x52,0x67,0x52,0x67,0x52,0x67,0x4a,0x06,0x42,0x85,0x31,0x64,0x31,0xc5,0x39,0x67,0x52,
    0x67,0x52,0x47,0x4a,0x27,0x4a,0xe6,0x39,0x06,0x42,0xa5,0x39,0xc5,0x39,0x88,0x52,0x67,0x52,0x47,0x4a,0x68,0x52,0xe9,0x62,
    0xab,0x7b,0x4a,0x6b,0x67,0x4a,0x44,0x29,0xe3,0x18,0x24,0x29,0x2b,0x6b,0xd2,0x9c,0x6c,0x6b,0xcd,0x7b,0xfd,0xff,0xbc,0xff,
    0xbb,0xff,0xbc,0xff,0xbb,0xff,0xbc,0xff,0xbc,0xff,0xbc,0xff,0xbc,0xff,0xbc,0xff,0x9b,0xff,0xfd,0xff,0x19,0xe7,0x27,0x42,
    0x03,0x21,0x8e,0xa4,0xf0,0xac,0x8e,0x9c,0x03,0x21,0x44,0x29,0x0d,0x8c,0x17,0xff,0x58,0xff,0xfb,0xff,0xd1,0x9c,0xe2,0x18,
    0x44,0x29,0x23,0x21,0x23,0x21,0x23,0x21,0xa2,0x10,0x4c,0x6b,0xfd,0xff,0x9b,0xf7,0x7a,0xff,0x38,0xff,0x38,0xff,0x38,0xff,
    0x38,0xff,0x38,0xff,0x38,0xff,0x38,0xff,0x38,0xff,0x38,0xff,0x38,0xff,0x38,0xff,0x38,0xff,0x99,0xff,0x99,0xff,0x38,0xff,
    0x37,0xff,0x38,0xff,0x38,0xff,0x38,0xff,0x38,0xff,0x38,0xff,0x38,0xff,0x17,0xff,0xb6,0xf6,0x96,0xee,0xb6,0xee,0x38,0xff,
    0x38,0xff,0x37,0xff,0x38,0xff,0x38,0xff,0x38,0xff,0x37,0xff,0x99,0xff,0x2d,0x8c,0x23,0x21,0x61,0x08,0x89,0x52,0x16,0xc6,
    0xdc,0xff,0x9b,0xf7,0xbb,0xff,0xbb,0xff,0x9b,0xff,0xdc,0xff,0x96,0xce,0xb2,0xad,0x54,0xc6,0xbc,0xff,0xbb,0xff,0xbc,0xff,
    0x96,0xce,0x13,0xbe,0x34,0xbe,0x34,0xbe,0x33,0xbe,0x33,0xbe,0x13,0xbe,0x33,0xbe,0x13,0xbe,0x95,0xce,0xbc,0xff,0xbc,0xff,
    0x10,0x9d,0x15,0xc6,0xfe,0xff,0x5a,0xef,0x55,0xc6,0xb2,0xb5,0xd3,0xb5,0xf8,0xde,0x97,0xd6,0x9b,0xf7,0xdc,0xff,0x10,0x9d,
    0x31,0xa5,0xdc,0xff,0xbc,0xff,0x34,0xc6,0xf3,0xb5,0x74,0xc6,0xec,0x73,0xc8,0x52,0x5a,0xef,0xdc,0xff,0xbb,0xff,0xbc,0xff,
    0xbc,0xff,0xbb,0xff,0xdc,0xff,0x3a,0xe7,0xc8,0x52,0xe8,0x52,0x8a,0x6b,0x8a,0x63,0x8a,0x6b,0xaa,0x6b,0xb2,0xad,0x74,0xc6,
    0xf3,0xb5,0xec,0x73,0x6a,0x63,0xab,0x6b,0xaa,0x6b,0x0c,0x7c,0x2c,0x7c,0xaa,0x6b,0xab,0x6b,0xcb,0x6b,0x6a,0x63,0xef,0x94,
    0x13,0xbe,0x53,0xc6,0x74,0xc6,0x75,0xce,0x54,0xc6,0x54,0xc6,0x54,0xc6,0x54,0xc6,0x54,0xc6,0x74,0xc6,0x50,0xa5,0xe8,0x52,
    0x4a,0x63,0xd2,0xb5,0xf7,0xde,0xbc,0xff,0x9b,0xf7,0x9b,0xff,0xf8,0xe6,0xf2,0xa4,0x23,0x21,0x44,0x29,0x44,0x29,0x85,0x31,
    0x88,0x52,0x88,0x52,0x26,0x42,0x23,0x21,0x67,0x52,0x88,0x52,0x67,0x52,0x67,0x52,0x88,0x52,0x06,0x42,0x03,0x21,0x23,0x21,
    0x44,0x29,0xa2,0x10,0xcc,0x7b,0xf5,0xde,0xf2,0xbd,0xe6,0x39,0xc2,0x18,0x44,0x29,0xc5,0x39,0x88,0x52,0x67,0x52,0x87,0x52,
    0x88,0x52,0x88,0x52,0x88,0x52,0x68,0x52,0x47,0x4a,0x06,0x42,0x44,0x29,0x44,0x29,0x23,0x21,0x23,0x21,0x23,0x21,0x44,0x29,
    0x67,0x52,0x68,0x52,0x67,0x52,0x47,0x4a,0x47,0x4a,0x67,0x52,0x47,0x4a,0x47,0x4a,0x47,0x4a,0x27,0x4a,0x87,0x5a,0x47,0x4a,
    0x47,0x4a,0x47,0x4a,0x47,0x4a,0x67,0x52,0x88,0x52,0xa5,0x39,0x44,0x29,0x06,0x42,0x67,0x4a,0x68,0x52,0xa8,0x5a,0x2a,0x6b,
    0x4a,0x6b,0x4a,0x73,0x8b,0x7b,0xc5,0x39,0x23,0x21,0xe3,0x18,0xa1,0x10,0xb5,0xb5,0x2b,0x63,0x07,0x42,0x57,0xce,0x9b,0xf7,
    0xbb,0xff,0xbb,0xff,0xbc,0xff,0xbc,0xff,0xbc,0xff,0xbb,0xff,0xbc,0xff,0xbc,0xff,0xbc,0xff,0x9c,0xf7,0x12,0xa5,0xa2,0x10,
    0x47,0x52,0xb5,0xf6,0x57,0xff,0xd6,0xf6,0x67,0x52,0xc2,0x18,0x85,0x31,0x17,0xff,0xd6,0xf6,0x9a,0xff,0x53,0xad,0x61,0x08,
    0x23,0x21,0x23,0x21,0x23,0x21,0x24,0x21,0xc2,0x18,0x6b,0x6b,0xfc,0xff,0x9b,0xf7,0x79,0xff,0x38,0xff,0x38,0xff,0x38,0xff,
    0x38,0xff,0x38,0xff,0x38,0xff,0x38,0xff,0x38,0xff,0x38,0xff,0x38,0xff,0x37,0xff,0x79,0xff,0xcd,0x7b,0x0d,0x8c,0x79,0xff,
    0x37,0xff,0x38,0xff,0x38,0xff,0x38,0xff,0x38,0xff,0x38,0xff,0x38,0xff,0x38,0xff,0x58,0xff,0x59,0xff,0x58,0xff,0x38,0xff,
    0x38,0xff,0x38,0xff,0x38,0xff,0x38,0xff,0x38,0xff,0x38,0xff,0x55,0xde,0xe6,0x41,0x03,0x21,0x64,0x29,0x32,0xad,0xfe,0xff,
    0x9b,0xf7,0xbb,0xff,0xbb,0xff,0xbc,0xff,0xbb,0xff,0xdc,0xff,0x96,0xce,0xb1,0xad,0x54,0xc6,0xbc,0xff,0xbc,0xff,0xbc,0xff,
    0x96,0xce,0x13,0xbe,0x13,0xbe,0x71,0xa5,0x50,0xa5,0x71,0xa5,0x13,0xbe,0x33,0xbe,0x13,0xbe,0x95,0xce,0xbc,0xff,0xbc,0xff,
    0xce,0x8c,0x51,0xa5,0x9b,0xf7,0xbb,0xff,0xdb,0xff,0x31,0xa5,0xcf,0x94,0x7b,0xf7,0xfc,0xff,0x9a,0xf7,0xf8,0xde,0xef,0x94,
    0xb3,0xb5,0xdc,0xff,0xbb,0xff,0x34,0xc6,0x13,0xbe,0x74,0xc6,0xec,0x73,0xc8,0x52,0x5a,0xef,0xdc,0xff,0xbc,0xff,0xbc,0xff,
    0xbc,0xff,0xbb,0xff,0xdc,0xff,0x3a,0xe7,0xe9,0x52,0x08,0x53,0x8a,0x6b,0x8a,0x6b,0xaa,0x6b,0x8a,0x63,0xeb,0x73,0x33,0xbe,
    0xcb,0x73,0x8a,0x6b,0xab,0x6b,0xab,0x6b,0x29,0x5b,0x30,0x9d,0x54,0xc6,0xcb,0x6b,0xaa,0x6b,0xaa,0x6b,0xab,0x6b,0xaa,0x6b,
    0xcb,0x6b,0xf2,0xb5,0x54,0xc6,0x54,0xc6,0x54,0xc6,0x54,0xc6,0x54,0xc6,0x54,0xc6,0x54,0xc6,0x74,0xc6,0x51,0xa5,0x09,0x5b,
    0x4a,0x5b,0xd2,0xb5,0xf8,0xde,0xbc,0xff,0x7b,0xf7,0xfd,0xff,0x0e,0x84,0x61,0x08,0x23,0x21,0x23,0x21,0x84,0x31,0x67,0x52,
    0x67,0x52,0xa8,0x5a,0xe6,0x41,0x64,0x31,0x88,0x52,0x67,0x52,0x67,0x52,0x88,0x52,0x27,0x4a,0x23,0x21,0x23,0x21,0x23,0x21,
    0x44,0x29,0xc2,0x18,0xec,0x7b,0x57,0xef,0xa8,0x52,0xa2,0x10,0x03,0x21,0x85,0x31,0xa8,0x52,0x68,0x52,0x68,0x52,0x88,0x52,
    0x68,0x52,0x68,0x52,0x68,0x52,0x88,0x52,0xc5,0x39,0xe3,0x18,0x03,0x21,0x23,0x21,0x23,0x21,0x23,0x21,0x44,0x29,0x27,0x4a,
    0x47,0x4a,0x67,0x52,0x88,0x52,0x06,0x42,0xe6,0x39,0x67,0x52,0x47,0x4a,0x67,0x52,0x27,0x4a,0x2d,0x9c,0x91,0xdd,0x27,0x4a,
    0xc5,0x39,0x27,0x4a,0x47,0x4a,0x47,0x4a,0x47,0x4a,0x67,0x4a,0xc5,0x39,0xc2,0x18,0xe6,0x41,0x2a,0x6b,0x4a,0x73,0x29,0x6b,
    0x4a,0x73,0xc9,0x5a,0x29,0x6b,0xe9,0x62,0xc5,0x39,0x03,0x21,0x84,0x31,0x81,0x10,0x94,0xb5,0x54,0xad,0xc2,0x18,0x39,0xef,
    0xdc,0xff,0xbb,0xff,0xbb,0xff,0xbc,0xff,0xbc,0xff,0xbc,0xff,0xbc,0xff,0x9b,0xf7,0xfd,0xff,0x94,0xb5,0x61,0x08,0xa8,0x5a,
    0xf6,0xfe,0x94,0xee,0x94,0xf6,0x94,0xee,0x74,0xf6,0x47,0x52,0xa5,0x39,0x38,0xff,0x38,0xff,0x59,0xff,0xb6,0xe6,0xac,0x7b,
    0xe2,0x18,0x23,0x21,0x23,0x21,0x44,0x29,0xa2,0x10,0xea,0x62,0xfc,0xff,0x9b,0xf7,0x58,0xff,0x38,0xff,0x38,0xff,0x38,0xff,
    0x38,0xff,0x38,0xff,0x58,0xff,0x79,0xff,0x18,0xff,0x17,0xff,0xf7,0xf6,0x37,0xff,0x96,0xe6,0xa2,0x10,0x67,0x4a,0x79,0xff,
    0x38,0xff,0x38,0xff,0x38,0xff,0x38,0xff,0x38,0xff,0x38,0xff,0x38,0xff,0x38,0xff,0x38,0xff,0x38,0xff,0x38,0xff,0x38,0xff,
    0x38,0xff,0x38,0xff,0x38,0xff,0x17,0xff,0x38,0xff,0x59,0xff,0x26,0x42,0x23,0x21,0x23,0x29,0x97,0xd6,0xdc,0xff,0x9b,0xf7,
    0xbc,0xff,0xbb,0xff,0xbb,0xff,0xbb,0xff,0xbb,0xff,0xdc,0xff,0x96,0xce,0xb1,0xad,0x54,0xc6,0xbc,0xff,0xbc,0xff,0xdc,0xff,
    0xb6,0xd6,0x13,0xbe,0xd2,0xb5,0x2a,0x5b,0xc8,0x52,0xcb,0x73,0x33,0xbe,0x33,0xbe,0x33,0xbe,0x96,0xce,0xbc,0xff,0x9b,0xff,
    0xb7,0xde,0x2c,0x7c,0x14,0xbe,0xdb,0xff,0x7a,0xf7,0x9b,0xff,0xbc,0xff,0x9b,0xf7,0x7a,0xf7,0xdc,0xff,0x6e,0x84,0x51,0xa5,
    0xfc,0xff,0x9b,0xf7,0xbb,0xff,0x14,0xbe,0x13,0xbe,0x95,0xce,0xec,0x73,0xc8,0x52,0x3a,0xef,0xdc,0xff,0xbb,0xff,0xbc,0xff,
    0xbc,0xff,0xbc,0xff,0xdc,0xff,0x3a,0xe7,0xe9,0x5a,0x09,0x5b,0xaa,0x6b,0x8a,0x6b,0x8a,0x6b,0x8a,0x63,0xaa,0x6b,0x0f,0x9d,
    0x8a,0x6b,0x8a,0x6b,0xaa,0x6b,0x6a,0x63,0x50,0xa5,0x74,0xc6,0x54,0xc6,0xcb,0x6b,0xaa,0x6b,0xcb,0x6b,0xcb,0x6b,0xcb,0x6b,
    0xcb,0x6b,0x2c,0x7c,0x4d,0x84,0x4d,0x84,0x54,0xc6,0x74,0xc6,0x54,0xc6,0x54,0xc6,0x34,0xbe,0x54,0xc6,0x30,0x9d,0x09,0x5b,
    0x29,0x5b,0xd2,0xb5,0xf7,0xde,0xbc,0xff,0x9b,0xf7,0x9c,0xf7,0x2b,0x63,0x64,0x29,0x54,0xad,0xc2,0x18,0x64,0x29,0x67,0x52,
    0x88,0x52,0x26,0x42,0x84,0x31,0x47,0x4a,0x88,0x52,0x68,0x52,0x88,0x52,0x88,0x52,0x64,0x31,0x23,0x21,0x23,0x21,0x23,0x21,
    0x03,0x21,0x23,0x21,0xc5,0x39,0x67,0x4a,0x64,0x29,0xa5,0x31,0x23,0x21,0x64,0x29,0x88,0x52,0x88,0x52,0x88,0x52,0x88,0x52,
    0x88,0x52,0x68,0x52,0x88,0x52,0x88,0x52,0x23,0x21,0x23,0x21,0x06,0x42,0x64,0x29,0x23,0x21,0x23,0x21,0xc5,0x39,0x88,0x52,
    0x47,0x4a,0x67,0x4a,0x67,0x52,0x47,0x4a,0xa5,0x31,0x47,0x4a,0x67,0x52,0x67,0x52,0x47,0x4a,0xa8,0x5a,0xf3,0xd5,0xae,0xb4,
    0xee,0xbc,0xcc,0x8b,0xe6,0x39,0x67,0x52,0x47,0x4a,0x26,0x42,0x87,0x52,0xc8,0x5a,0xe3,0x20,0xc8,0x5a,0x0c,0x8c,0x2a,0x6b,
    0xe9,0x62,0x09,0x63,0x67,0x52,0x68,0x52,0x47,0x4a,0xe6,0x41,0x44,0x29,0xa1,0x10,0xf6,0xbd,0xb5,0xb5,0xe3,0x18,0x5a,0xef,
    0xdc,0xff,0xbc,0xff,0xbb,0xff,0xbc,0xff,0xbc,0xff,0xbc,0xff,0xbb,0xff,0x9b,0xf7,0xfd,0xff,0x94,0xb5,0x81,0x10,0xc9,0x5a,
    0xf7,0xfe,0xd6,0xf6,0xd2,0xdd,0xad,0xb4,0x0f,0xc5,0x26,0x52,0xc2,0x10,0xa8,0x5a,0xd7,0xee,0x38,0xff,0x99,0xff,0xd3,0xc5,
    0xa2,0x10,0x03,0x21,0x23,0x21,0x23,0x21,0x23,0x21,0xee,0x7b,0xfd,0xff,0x58,0xff,0x38,0xff,0x38,0xff,0x38,0xff,0x38,0xff,
    0x38,0xff,0x58,0xff,0xd7,0xee,0x96,0xe6,0xba,0xff,0xba,0xff,0xfb,0xff,0x75,0xde,0xc2,0x18,0x6f,0x94,0xb6,0xe6,0x38,0xff,
    0x38,0xff,0x38,0xff,0x38,0xff,0x38,0xff,0x38,0xff,0x38,0xff,0x38,0xff,0x38,0xff,0x38,0xff,0x38,0xff,0x38,0xff,0x38,0xff,
    0x38,0xff,0x38,0xff,0x17,0xff,0xb9,0xff,0xb2,0xc5,0xe6,0x41,0x85,0x31,0x44,0x29,0x48,0x4a,0x5b,0xef,0xbc,0xff,0xbb,0xff,
    0xbb,0xff,0xbc,0xff,0xbc,0xff,0xbb,0xff,0xbb,0xff,0xdc,0xff,0x96,0xce,0xb1,0xad,0x54,0xc6,0xbc,0xff,0xbb,0xff,0xdd,0xff,
    0xb6,0xd6,0xf2,0xb5,0x91,0xad,0x4a,0x63,0x09,0x5b,0xec,0x73,0x13,0xb6,0x13,0xbe,0x33,0xbe,0xb6,0xd6,0xbc,0xff,0x9b,0xf7,
    0xfc,0xff,0x14,0xbe,0xcb,0x6b,0x35,0xc6,0xfd,0xff,0xdc,0xff,0xfd,0xff,0xdc,0xff,0xfd,0xff,0x51,0xa5,0xcf,0x94,0x39,0xe7,
    0xbb,0xff,0xbc,0xff,0x7a,0xef,0xd2,0xb5,0x13,0xbe,0x74,0xc6,0xec,0x73,0xc8,0x52,0x3a,0xef,0xdc,0xff,0xbb,0xff,0xbc,0xff,
    0xbc,0xff,0xbc,0xff,0xdc,0xff,0x3a,0xef,0xe9,0x5a,0x09,0x5b,0xcb,0x6b,0x8a,0x6b,0x8a,0x6b,0x8a,0x6b,0xaa,0x6b,0x4d,0x7c,
    0x8a,0x6b,0x8a,0x63,0x8a,0x63,0xaa,0x6b,0x10,0x9d,0x50,0xa5,0xce,0x8c,0xaa,0x6b,0xca,0x6b,0xcb,0x6b,0xcb,0x6b,0x2c,0x7c,
    0x2c,0x7c,0xcb,0x73,0xcb,0x6b,0xab,0x6b,0xcf,0x94,0xb2,0xad,0x54,0xc6,0x96,0xce,0xd7,0xd6,0x18,0xdf,0x72,0xad,0xe8,0x52,
    0x4a,0x63,0xd2,0xb5,0xd7,0xd6,0xbc,0xff,0xfe,0xff,0x0a,0x63,0xe6,0x41,0xad,0x7b,0x2b,0x63,0xc2,0x18,0x64,0x29,0x67,0x4a,
    0x88,0x52,0xc5,0x39,0x64,0x31,0x88,0x52,0x87,0x52,0x67,0x52,0x88,0x52,0x47,0x4a,0x23,0x21,0x23,0x21,0x44,0x29,0x23,0x21,
    0xc5,0x39,0x84,0x31,0x03,0x21,0x03,0x21,0x85,0x31,0x88,0x52,0x44,0x29,0x64,0x29,0x88,0x52,0x88,0x52,0x88,0x52,0x88,0x52,
    0x88,0x52,0x88,0x52,0x88,0x52,0xe6,0x39,0x85,0x31,0xc5,0x39,0x68,0x52,0x84,0x31,0x03,0x21,0x84,0x31,0x47,0x4a,0x88,0x52,
    0x67,0x4a,0x67,0x4a,0x67,0x52,0x47,0x4a,0x85,0x31,0x47,0x4a,0x67,0x4a,0x67,0x52,0x67,0x52,0x68,0x52,0x54,0xde,0x53,0xe6,
    0x12,0xe6,0xcf,0xb4,0x2a,0x6b,0x67,0x52,0x47,0x4a,0x88,0x52,0x2a,0x6b,0x6a,0x73,0x06,0x42,0x26,0x42,0xe9,0x62,0x2a,0x6b,
    0xa8,0x5a,0xc8,0x5a,0x67,0x52,0x27,0x4a,0x27,0x4a,0x68,0x52,0xa5,0x39,0xc2,0x18,0xad,0x73,0x6c,0x6b,0x44,0x29,0x5b,0xef,
    0xbc,0xff,0x9b,0xf7,0xbb,0xff,0xbb,0xff,0xbc,0xff,0xbb,0xff,0xbc,0xff,0x9b,0xf7,0xfd,0xff,0xb5,0xbd,0xa1,0x10,0xa8,0x5a,
    0xf6,0xfe,0xb6,0xf6,0x71,0xcd,0x8d,0xb4,0xae,0xbc,0x8a,0x83,0xe6,0x41,0xe3,0x18,0xb3,0xc5,0x78,0xff,0xf7,0xf6,0xd6,0xf6,
    0x10,0xad,0x44,0x29,0xa5,0x39,0x44,0x29,0x6b,0x73,0xba,0xff,0x59,0xff,0x38,0xff,0x38,0xff,0x38,0xff,0x38,0xff,0x38,0xff,
    0x38,0xff,0xba,0xff,0xb0,0x9c,0x24,0x21,0x6f,0x94,0x6f,0x94,0x8f,0x94,0xcd,0x7b,0x0a,0x63,0x75,0xe6,0x99,0xff,0x38,0xff,
    0x38,0xff,0x38,0xff,0x38,0xff,0x38,0xff,0x38,0xff,0x38,0xff,0x38,0xff,0x38,0xff,0x38,0xff,0x38,0xff,0x38,0xff,0x38,0xff,
    0x38,0xff,0x38,0xff,0x38,0xff,0x34,0xce,0xac,0x7b,0x81,0x10,0xa2,0x18,0x6c,0x73,0xbd,0xf7,0x9b,0xff,0xbb,0xff,0xbc,0xff,
    0xbc,0xff,0xbc,0xff,0xbc,0xff,0xbc,0xff,0xbb,0xff,0xdc,0xff,0x96,0xce,0xb1,0xad,0x54,0xc6,0xbc,0xff,0xbb,0xff,0xdc,0xff,
    0xd7,0xd6,0x95,0xce,0x55,0xc6,0x29,0x5b,0xc8,0x52,0x2d,0x7c,0xf7,0xde,0x75,0xce,0x13,0xbe,0xb6,0xd6,0xbb,0xff,0x9b,0xf7,
    0xbb,0xff,0x3a,0xef,0xd4,0xb5,0x10,0x9d,0x0f,0x95,0xf0,0x94,0x10,0x9d,0x10,0x9d,0xef,0x94,0x31,0x9d,0xd8,0xde,0xdc,0xff,
    0x9b,0xf7,0xdc,0xff,0x39,0xe7,0xb2,0xad,0x13,0xbe,0x74,0xc6,0xec,0x73,0xc8,0x52,0x3a,0xef,0xdc,0xff,0xbb,0xff,0xbc,0xff,
    0xbc,0xff,0xbb,0xff,0xdc,0xff,0x3a,0xef,0xe9,0x52,0xe8,0x52,0xaa,0x6b,0xab,0x6b,0x8a,0x6b,0x8a,0x6b,0xcb,0x6b,0x8a,0x63,
    0x8a,0x63,0x49,0x5b,0x6a,0x63,0xeb,0x73,0xaa,0x6b,0x6a,0x63,0x4a,0x63,0x8a,0x6b,0xcb,0x6b,0xcb,0x73,0xcb,0x6b,0x6c,0x84,
    0x8d,0x84,0xeb,0x73,0xcb,0x6b,0xcb,0x6b,0x49,0x5b,0xcf,0x94,0x54,0xc6,0x18,0xe7,0xbc,0xf7,0xfd,0xff,0x36,0xce,0xe8,0x52,
    0x6a,0x63,0xd2,0xad,0xb5,0xd6,0x7a,0xf7,0x7c,0xef,0xa5,0x31,0x0e,0x84,0x98,0xd6,0x60,0x08,0x23,0x21,0x85,0x31,0x67,0x52,
    0x67,0x52,0x85,0x31,0xe6,0x39,0x88,0x52,0x67,0x52,0x67,0x52,0x88,0x52,0xc5,0x39,0x03,0x21,0x23,0x21,0x44,0x29,0x23,0x21,
    0xa8,0x5a,0xe6,0x39,0x03,0x21,0x23,0x21,0x27,0x42,0xe9,0x62,0x44,0x29,0x64,0x29,0x67,0x52,0x67,0x4a,0x67,0x52,0x88,0x52,
    0x88,0x52,0x88,0x52,0x88,0x52,0x64,0x29,0x47,0x4a,0x88,0x52,0x47,0x4a,0x64,0x29,0xe3,0x18,0xe6,0x41,0xa8,0x5a,0x67,0x52,
    0x67,0x52,0x67,0x52,0x47,0x4a,0x27,0x42,0x64,0x31,0x67,0x52,0x67,0x52,0xa8,0x5a,0x09,0x6b,0xa8,0x5a,0x75,0xe6,0x78,0xff,
    0x95,0xee,0xd2,0xdd,0x50,0xc5,0x47,0x4a,0x47,0x52,0x09,0x6b,0x8b,0x73,0x29,0x6b,0x6a,0x73,0xa5,0x39,0x24,0x21,0x67,0x52,
    0x67,0x52,0x67,0x4a,0x67,0x52,0x47,0x4a,0x84,0x31,0x47,0x4a,0x47,0x4a,0x44,0x29,0xa2,0x10,0xc2,0x18,0x64,0x29,0xa5,0x31,
    0xd9,0xde,0xfd,0xff,0x9b,0xf7,0xbb,0xff,0xbc,0xff,0xbc,0xff,0xbc,0xff,0x9b,0xf7,0xfd,0xff,0xd5,0xbd,0x81,0x10,0x67,0x52,
    0xf6,0xfe,0x95,0xee,0x30,0xc5,0x50,0xcd,0x0f,0xc5,0x70,0xd5,0x2c,0x9c,0xa2,0x10,0x0d,0x8c,0x78,0xff,0xf7,0xf6,0x37,0xff,
    0x17,0xff,0x75,0xe6,0x96,0xe6,0x96,0xe6,0xd6,0xee,0x37,0xff,0x38,0xff,0x38,0xff,0x38,0xff,0x38,0xff,0x38,0xff,0x38,0xff,
    0x38,0xff,0xba,0xff,0x31,0xad,0x23,0x21,0x23,0x21,0x64,0x31,0x64,0x29,0xc9,0x5a,0xba,0xff,0x17,0xff,0x17,0xff,0x38,0xff,
    0x38,0xff,0x38,0xff,0x38,0xff,0x38,0xff,0x38,0xff,0x38,0xff,0x38,0xff,0x38,0xff,0x38,0xff,0x38,0xff,0x38,0xff,0x17,0xff,
    0x38,0xff,0x38,0xff,0x39,0xf7,0x47,0x4a,0x40,0x08,0x60,0x08,0xd1,0x9c,0x1a,0xe7,0xdc,0xff,0xbb,0xff,0xbc,0xff,0xbc,0xff,
    0xbc,0xff,0xbc,0xff,0xbc,0xff,0xbc,0xff,0xbb,0xff,0xdc,0xff,0x96,0xce,0xb1,0xad,0x54,0xc6,0xbc,0xff,0xbc,0xff,0xbc,0xff,
    0x18,0xe7,0xbb,0xff,0x5a,0xf7,0xcc,0x73,0x2a,0x5b,0xcf,0x94,0xfd,0xff,0xf7,0xde,0xd2,0xb5,0xb5,0xce,0xbb,0xff,0x9b,0xff,
    0x9b,0xff,0xbc,0xff,0xfe,0xff,0x76,0xce,0x72,0xad,0x92,0xad,0xb2,0xb5,0xd3,0xb5,0x92,0xad,0x19,0xe7,0xfd,0xff,0x9b,0xf7,
    0x9b,0xff,0xdc,0xff,0x19,0xe7,0xb2,0xad,0x33,0xbe,0x74,0xc6,0xec,0x73,0xc8,0x52,0x5a,0xef,0xdc,0xff,0xbc,0xff,0xbc,0xff,
    0xbc,0xff,0xbb,0xff,0xdc,0xff,0x3a,0xef,0xa8,0x52,0xcb,0x73,0x51,0xa5,0x8a,0x63,0x8a,0x6b,0xaa,0x6b,0xcb,0x6b,0xaa,0x6b,
    0xaa,0x6b,0x0c,0x7c,0xaa,0x6b,0x8a,0x6b,0xab,0x6b,0xcb,0x6b,0xaa,0x6b,0x6a,0x63,0x6a,0x63,0xcb,0x6b,0xeb,0x73,0xab,0x6b,
    0xcb,0x6b,0x4c,0x84,0xcb,0x6b,0xab,0x6b,0xcb,0x73,0xeb,0x73,0x96,0xce,0xbc,0xff,0x7a,0xf7,0xdc,0xff,0x56,0xce,0x29,0x5b,
    0x4a,0x63,0x76,0xce,0xba,0xf7,0x56,0xce,0x64,0x29,0x0e,0x84,0x78,0xce,0xf5,0xbd,0x03,0x21,0xc5,0x39,0x06,0x42,0x67,0x52,
    0x06,0x42,0xc5,0x39,0x68,0x52,0x67,0x52,0x67,0x52,0x88,0x52,0x27,0x4a,0x23,0x21,0x23,0x21,0x23,0x21,0x23,0x21,0x67,0x4a,
    0x26,0x42,0x23,0x21,0x03,0x21,0x44,0x29,0x67,0x52,0xa8,0x5a,0x44,0x29,0xe3,0x18,0x64,0x29,0x67,0x52,0x68,0x52,0x88,0x52,
    0x88,0x52,0x67,0x52,0x67,0x52,0x67,0x52,0x88,0x52,0x88,0x52,0xc5,0x39,0xe2,0x18,0x44,0x29,0x26,0x4a,0x67,0x52,0x67,0x52,
    0x67,0x52,0x47,0x4a,0xe9,0x62,0x88,0x52,0x65,0x31,0xa8,0x5a,0x2a,0x6b,0xe9,0x62,0x49,0x6b,0xc8,0x5a,0xb6,0xee,0x38,0xff,
    0x38,0xff,0xf7,0xf6,0x75,0xee,0xcf,0xac,0xc5,0x39,0x27,0x4a,0xc9,0x62,0x67,0x52,0x27,0x42,0x67,0x52,0xe6,0x39,0x23,0x21,
    0x27,0x4a,0x67,0x52,0x47,0x4a,0x88,0x52,0x06,0x42,0x44,0x29,0x47,0x4a,0x26,0x42,0x64,0x29,0x03,0x21,0xa5,0x31,0xad,0x7b,
    0xc9,0x5a,0x6f,0x8c,0xfd,0xff,0x9b,0xf7,0xbb,0xff,0xbc,0xff,0xbb,0xff,0x9b,0xf7,0xfe,0xff,0xb5,0xb5,0x61,0x08,0x67,0x52,
    0xf6,0xfe,0xb5,0xf6,0xd1,0xdd,0x0f,0xc5,0x2f,0xc5,0x50,0xcd,0x4d,0xa4,0xe2,0x18,0xc9,0x62,0x78,0xff,0x17,0xff,0x58,0xff,
    0xf7,0xf6,0xb1,0xd5,0xd2,0xd5,0x34,0xe6,0x18,0xff,0x38,0xff,0x37,0xff,0x38,0xff,0x38,0xff,0x38,0xff,0x38,0xff,0x38,0xff,
    0x38,0xff,0x58,0xff,0x38,0xff,0xf8,0xf6,0xf7,0xf6,0x18,0xf7,0x39,0xf7,0x59,0xff,0x38,0xff,0x17,0xff,0x38,0xff,0x38,0xff,
    0x38,0xff,0x38,0xff,0x38,0xff,0x38,0xff,0x38,0xff,0x38,0xff,0x38,0xff,0x38,0xff,0x38,0xff,0x38,0xff,0x17,0xff,0x78,0xff,
    0xb9,0xff,0x15,0xce,0xc5,0x39,0xe2,0x18,0xe6,0x39,0x91,0x94,0x1a,0xe7,0xfc,0xff,0x9b,0xf7,0xbc,0xff,0xbb,0xff,0xbc,0xff,
    0xbc,0xff,0xbc,0xff,0xbc,0xff,0xbc,0xff,0xbb,0xff,0xdc,0xff,0x96,0xce,0xb1,0xad,0x54,0xc6,0xbc,0xff,0xbc,0xff,0x9b,0xff,
    0x18,0xdf,0x9b,0xf7,0x9b,0xf7,0x7b,0xf7,0x7a,0xf7,0x7a,0xf7,0xdc,0xff,0xb7,0xd6,0x90,0xad,0x95,0xce,0xbc,0xff,0xbc,0xff,
    0xbc,0xff,0xbc,0xff,0xbb,0xff,0xfc,0xff,0xfd,0xff,0xfc,0xff,0xfc,0xff,0xfd,0xff,0xfd,0xff,0xbc,0xff,0x9b,0xf7,0xbb,0xff,
    0x9b,0xff,0xbc,0xff,0xd7,0xde,0x91,0xad,0x34,0xbe,0x74,0xc6,0xec,0x73,0xe8,0x52,0x5a,0xef,0xdc,0xff,0xbc,0xff,0xbc,0xff,
    0xbc,0xff,0x9b,0xff,0xdc,0xff,0x3a,0xef,0xc8,0x52,0x4d,0x84,0x94,0xc6,0x0c,0x7c,0x8a,0x6b,0xaa,0x6b,0xaa,0x6b,0x6a,0x63,
    0x6d,0x84,0xd2,0xb5,0xaa,0x6b,0xab,0x6b,0x8a,0x6b,0xaa,0x6b,0x8a,0x6b,0x8a,0x6b,0xeb,0x73,0xcb,0x6b,0xcb,0x6b,0xcb,0x6b,
    0xcb,0x6b,0xeb,0x73,0x2c,0x7c,0xcb,0x73,0xeb,0x73,0xeb,0x73,0x35,0xc6,0x7a,0xf7,0x7a,0xf7,0xdc,0xff,0x97,0xd6,0xab,0x6b,
    0xab,0x73,0x39,0xe7,0xfb,0xff,0xb1,0x9c,0x40,0x08,0x56,0xce,0xff,0xff,0xf6,0xbd,0xc2,0x18,0xe6,0x39,0x27,0x4a,0x47,0x4a,
    0x06,0x42,0x06,0x42,0x88,0x52,0x68,0x52,0x88,0x52,0xa8,0x52,0x27,0x42,0x23,0x21,0x23,0x21,0x23,0x21,0x03,0x21,0x88,0x52,
    0x06,0x42,0x23,0x21,0x03,0x21,0x44,0x29,0x88,0x52,0x88,0x52,0x85,0x31,0x03,0x21,0x44,0x29,0x27,0x4a,0x47,0x4a,0x67,0x52,
    0x88,0x52,0x67,0x52,0x47,0x4a,0x67,0x52,0x67,0x52,0x88,0x52,0x06,0x42,0xe3,0x18,0x64,0x31,0x47,0x4a,0x88,0x52,0x88,0x52,
    0x67,0x52,0x68,0x52,0x4a,0x73,0xc8,0x5a,0xa5,0x31,0x88,0x52,0x6a,0x73,0x6a,0x73,0x4a,0x6b,0x88,0x52,0x72,0xc5,0x37,0xff,
    0x38,0xff,0x59,0xff,0x59,0xff,0x71,0xcd,0x67,0x52,0xc6,0x39,0xe6,0x39,0x27,0x4a,0x47,0x4a,0x67,0x52,0x06,0x42,0x03,0x21,
    0x23,0x21,0xe6,0x41,0x67,0x52,0x67,0x52,0x47,0x4a,0x85,0x31,0xe5,0x39,0x47,0x4a,0x64,0x31,0xe2,0x18,0x27,0x42,0xbc,0xf7,
    0xc2,0x18,0xa5,0x31,0x7b,0xf7,0xbb,0xff,0x9b,0xff,0xbc,0xff,0xbc,0xff,0x9b,0xf7,0xfd,0xff,0xb5,0xbd,0x81,0x10,0x88,0x5a,
    0x17,0xf7,0xb5,0xf6,0x33,0xe6,0x91,0xd5,0x30,0xc5,0x50,0xcd,0x8e,0xa4,0xa2,0x10,0x06,0x42,0xb5,0xee,0x37,0xff,0x96,0xee,
    0xd2,0xd5,0x50,0xc5,0x2f,0xc5,0xd2,0xd5,0x91,0xcd,0x55,0xe6,0x58,0xff,0x38,0xff,0x38,0xff,0x38,0xff,0x38,0xff,0x38,0xff,
    0x38,0xff,0x38,0xff,0x58,0xff,0x58,0xff,0x38,0xff,0x38,0xff,0x58,0xff,0x58,0xff,0x38,0xff,0x38,0xff,0x38,0xff,0x38,0xff,
    0x38,0xff,0x38,0xff,0x38,0xff,0x38,0xff,0x38,0xff,0x38,0xff,0x38,0xff,0x38,0xff,0x38,0xff,0x79,0xff,0x58,0xff,0x30,0xb5,
    0x4a,0x73,0x07,0x42,0x03,0x21,0xe6,0x39,0x4f,0x8c,0xfe,0xff,0xbc,0xff,0x9b,0xff,0xbb,0xff,0xbc,0xff,0xbc,0xff,0xbc,0xff,
    0xbc,0xff,0xbc,0xff,0xbc,0xff,0xbc,0xff,0xbb,0xff,0xdc,0xff,0x96,0xce,0xb1,0xad,0x55,0xc6,0xbc,0xff,0xbb,0xff,0xbb,0xff,
    0x18,0xe7,0x9b,0xff,0xbb,0xff,0xbc,0xff,0xbc,0xff,0xbb,0xff,0xdc,0xff,0x75,0xce,0x70,0xa5,0xb6,0xd6,0x7a,0xf7,0x7b,0xef,
    0x7a,0xef,0x59,0xef,0x59,0xef,0x5a,0xef,0x9b,0xf7,0xbb,0xff,0xbb,0xff,0xbb,0xff,0xbc,0xff,0xbc,0xff,0xbc,0xff,0xdc,0xff,
    0xbc,0xff,0xdc,0xff,0xd7,0xde,0x70,0xa5,0x34,0xbe,0x75,0xce,0x0c,0x74,0xe8,0x52,0x5a,0xef,0xdc,0xff,0xbc,0xff,0xbc,0xff,
    0xbc,0xff,0xbc,0xff,0xdc,0xff,0x3a,0xef,0x09,0x5b,0xcb,0x73,0x13,0xb6,0xd2,0xb5,0xab,0x6b,0xaa,0x6b,0x6a,0x63,0xaa,0x6b,
    0x0c,0x74,0xcb,0x6b,0xaa,0x6b,0xaa,0x6b,0xcb,0x6b,0xeb,0x73,0x6a,0x63,0xec,0x73,0xf3,0xb5,0x4d,0x84,0x0c,0x7c,0xcb,0x73,
    0xcb,0x73,0xcb,0x6b,0xeb,0x73,0xad,0x8c,0x0b,0x74,0x0c,0x7c,0xaa,0x6b,0x30,0xa5,0xbb,0xff,0x9b,0xf7,0xbc,0xf7,0x7b,0xf7,
    0x7b,0xef,0x7a,0xf7,0x12,0xa5,0x85,0x31,0x47,0x4a,0xb7,0xde,0xf5,0xbd,0x48,0x4a,0x64,0x29,0xe6,0x41,0x27,0x4a,0x47,0x4a,
    0x67,0x52,0x88,0x52,0x88,0x52,0x88,0x52,0x88,0x52,0x67,0x52,0xe6,0x39,0x23,0x21,0x23,0x21,0x23,0x21,0x23,0x21,0x06,0x42,
    0x64,0x29,0x24,0x29,0x44,0x29,0x47,0x4a,0x68,0x52,0x67,0x52,0x68,0x52,0xa5,0x31,0x64,0x29,0x23,0x21,0xa5,0x31,0x88,0x52,
    0x67,0x52,0x67,0x52,0x67,0x4a,0x67,0x4a,0x67,0x52,0x88,0x52,0x06,0x42,0x44,0x29,0x26,0x4a,0x06,0x42,0x2a,0x6b,0xe9,0x62,
    0x67,0x4a,0x2a,0x6b,0x6a,0x73,0xa8,0x5a,0xe6,0x41,0x88,0x52,0x29,0x6b,0x29,0x6b,0x4a,0x6b,0x67,0x4a,0x47,0x4a,0xd7,0xee,
    0x58,0xff,0x38,0xff,0x59,0xff,0xd6,0xf6,0xd1,0xdd,0xa8,0x62,0xe6,0x39,0x27,0x4a,0x47,0x4a,0x47,0x4a,0x47,0x4a,0x85,0x31,
    0xe3,0x18,0xa5,0x31,0x67,0x52,0x67,0x4a,0x67,0x52,0x47,0x4a,0x23,0x21,0xc5,0x39,0x84,0x31,0x03,0x21,0xc6,0x39,0x36,0xce,
    0x77,0xce,0xad,0x7b,0xc9,0x5a,0x7b,0xf7,0xbb,0xff,0xbb,0xff,0xbc,0xff,0xbc,0xff,0xbc,0xff,0x5a,0xf7,0x98,0xd6,0x48,0x4a,
    0x47,0x4a,0x54,0xe6,0xd6,0xf6,0xd6,0xf6,0x91,0xcd,0x50,0xcd,0x8e,0xac,0xc5,0x41,0xc2,0x18,0x88,0x5a,0x99,0xff,0x13,0xde,
    0x71,0xcd,0xd2,0xd5,0xee,0xbc,0xd1,0xd5,0x0f,0xc5,0x34,0xde,0x59,0xff,0x38,0xff,0x38,0xff,0x38,0xff,0x38,0xff,0x38,0xff,
    0x38,0xff,0x38,0xff,0x38,0xff,0x38,0xff,0x38,0xff,0x38,0xff,0x38,0xff,0x38,0xff,0x38,0xff,0x38,0xff,0x38,0xff,0x38,0xff,
    0x38,0xff,0x38,0xff,0x38,0xff,0x38,0xff,0x38,0xff,0x38,0xff,0x38,0xff,0x38,0xff,0x38,0xff,0xb6,0xe6,0x75,0xde,0xa5,0x31,
    0x81,0x08,0x03,0x21,0xa5,0x31,0x98,0xd6,0xdc,0xff,0x7a,0xf7,0xbb,0xff,0xbb,0xff,0xbb,0xff,0xbc,0xff,0xbb,0xff,0xbc,0xff,
    0xbb,0xff,0xbc,0xff,0xbc,0xff,0xbc,0xff,0xbb,0xff,0xdc,0xff,0x96,0xce,0xb1,0xad,0x55,0xc6,0xbc,0xff,0xbb,0xff,0xbb,0xff,
    0x18,0xe7,0xbb,0xff,0xbc,0xff,0xbb,0xff,0x9b,0xff,0x9b,0xff,0xdc,0xff,0x55,0xce,0x91,0xad,0x74,0xc6,0xb2,0xad,0x71,0xa5,
    0x50,0xa5,0x2f,0x9d,0x0f,0x9d,0x91,0xad,0x54,0xc6,0x18,0xe7,0x39,0xef,0x39,0xef,0x59,0xef,0x59,0xef,0x59,0xef,0x5a,0xef,
    0x5a,0xef,0x7a,0xef,0x75,0xce,0x70,0xa5,0x33,0xbe,0x95,0xce,0x0c,0x7c,0xc8,0x52,0x5a,0xef,0xdc,0xff,0xbc,0xff,0xbc,0xff,
    0xbc,0xff,0xbc,0xff,0xdc,0xff,0x3a,0xe7,0xe9,0x52,0x8a,0x6b,0x4d,0x84,0xcb,0x73,0xeb,0x73,0xab,0x6b,0x6a,0x63,0x6d,0x84,
    0xae,0x8c,0x6a,0x63,0xab,0x6b,0x49,0x5b,0x8d,0x84,0x10,0x9d,0x49,0x5b,0xab,0x6b,0x34,0xbe,0x95,0xce,0xf3,0xb5,0xaa,0x6b,
    0xaa,0x6b,0x0b,0x74,0xeb,0x73,0x0c,0x7c,0x0c,0x74,0x0c,0x74,0xaa,0x6b,0xf0,0x9c,0xdb,0xff,0x9a,0xf7,0x9b,0xff,0xbc,0xff,
    0xff,0xff,0xf6,0xbd,0x00,0x00,0x6f,0x8c,0xfb,0xff,0xfd,0xff,0x4f,0x8c,0x81,0x10,0x47,0x4a,0x06,0x4a,0x27,0x4a,0x67,0x4a,
    0x68,0x52,0x68,0x52,0x88,0x52,0x88,0x52,0xa8,0x5a,0xc5,0x39,0x03,0x21,0x23,0x21,0x44,0x21,0x23,0x21,0x44,0x29,0x06,0x42,
    0x23,0x21,0x23,0x21,0x64,0x29,0x88,0x52,0x88,0x52,0x67,0x52,0x67,0x52,0xa8,0x52,0x67,0x52,0xe3,0x18,0xe6,0x41,0x88,0x52,
    0x67,0x4a,0x67,0x52,0x67,0x52,0x67,0x4a,0x47,0x4a,0x87,0x52,0x26,0x42,0x64,0x31,0x09,0x63,0x27,0x4a,0x8b,0x73,0xa8,0x5a,
    0xc8,0x62,0xab,0x7b,0x8a,0x73,0xc8,0x5a,0xc6,0x39,0xa8,0x5a,0x29,0x6b,0x47,0x4a,0x88,0x52,0x67,0x52,0xa8,0x5a,0xf7,0xee,
    0x58,0xff,0x38,0xff,0x38,0xff,0x38,0xff,0xf6,0xf6,0x12,0xee,0xab,0x83,0x03,0x19,0x88,0x52,0x47,0x4a,0x47,0x4a,0x27,0x4a,
    0x44,0x29,0x03,0x21,0xa5,0x39,0x87,0x52,0x47,0x4a,0x67,0x52,0x64,0x29,0xe3,0x18,0x23,0x21,0x44,0x29,0xe2,0x18,0x07,0x42,
    0xfe,0xff,0x73,0xb5,0x20,0x00,0x16,0xc6,0xfe,0xff,0x9b,0xf7,0xbc,0xff,0xbc,0xff,0x9b,0xff,0xbc,0xff,0xfd,0xff,0xa5,0x31,
    0xa1,0x18,0xb6,0xee,0x17,0xff,0xb6,0xee,0xb5,0xf6,0x91,0xd5,0xad,0xbc,0xee,0xc4,0x64,0x31,0x68,0x52,0x99,0xff,0x13,0xde,
    0x71,0xcd,0xd2,0xdd,0xef,0xbc,0xb1,0xd5,0xee,0xc4,0x13,0xde,0x59,0xff,0x38,0xff,0x38,0xff,0x38,0xff,0x38,0xff,0x38,0xff,
    0x38,0xff,0x38,0xff,0x38,0xff,0x38,0xff,0x38,0xff,0x38,0xff,0x38,0xff,0x38,0xff,0x38,0xff,0x38,0xff,0x38,0xff,0x38,0xff,
    0x38,0xff,0x38,0xff,0x38,0xff,0x38,0xff,0x38,0xff,0x38,0xff,0x79,0xff,0xba,0xff,0x18,0xf7,0xe6,0x39,0x64,0x29,0x84,0x31,
    0xa2,0x10,0x4f,0x8c,0xdd,0xff,0xbc,0xff,0x9b,0xf7,0x9b,0xf7,0x9b,0xff,0x9b,0xff,0xbb,0xff,0xbc,0xff,0xbb,0xff,0xbb,0xff,
    0xbc,0xff,0xbc,0xff,0xbc,0xff,0xbb,0xff,0xbb,0xff,0xdc,0xff,0x96,0xce,0xb2,0xad,0x55,0xc6,0xbc,0xff,0xbb,0xff,0x9b,0xf7,
    0x18,0xe7,0xbb,0xff,0xbc,0xff,0xbc,0xff,0xbb,0xff,0x9b,0xff,0xdd,0xff,0x55,0xc6,0x91,0xad,0x54,0xc6,0x34,0xbe,0xd2,0xb5,
    0xd2,0xb5,0xb2,0xad,0xb1,0xad,0xf2,0xb5,0xd2,0xb5,0x50,0xa5,0x30,0x9d,0x30,0x9d,0x2f,0x9d,0x30,0x9d,0x30,0x9d,0x50,0xa5,
    0x50,0xa5,0x0f,0x9d,0x50,0xa5,0x13,0xbe,0x33,0xbe,0x95,0xce,0x0c,0x7c,0xc8,0x52,0x3a,0xef,0xdc,0xff,0xbc,0xff,0xbc,0xff,
    0xbc,0xff,0xbc,0xff,0xdc,0xff,0x3a,0xef,0xa8,0x4a,0xec,0x73,0x34,0xbe,0x92,0xad,0x0c,0x7c,0xaa,0x6b,0xaa,0x6b,0xab,0x6b,
    0xcb,0x73,0xab,0x6b,0x8a,0x63,0xec,0x73,0xd2,0xb5,0x13,0xbe,0x51,0xa5,0xab,0x6b,0xef,0x94,0x74,0xc6,0x33,0xbe,0x91,0xa5,
    0xef,0x94,0xeb,0x73,0x0c,0x74,0x0c,0x74,0x0b,0x74,0x0c,0x74,0xeb,0x73,0x2c,0x7c,0xf0,0x9c,0x79,0xf7,0xbb,0xff,0xdd,0xff,
    0x94,0xb5,0x27,0x42,0x70,0x8c,0xb8,0xd6,0xfd,0xff,0x90,0x94,0x85,0x31,0x85,0x31,0x27,0x4a,0x06,0x42,0x47,0x4a,0x68,0x52,
    0x88,0x52,0x88,0x52,0x68,0x52,0x88,0x52,0xc5,0x39,0x44,0x29,0x23,0x21,0x23,0x21,0x44,0x29,0x44,0x29,0x24,0x29,0x64,0x29,
    0x03,0x21,0x23,0x21,0x84,0x31,0x88,0x52,0x88,0x52,0x68,0x52,0x88,0x52,0x88,0x52,0x88,0x52,0xe6,0x39,0xc8,0x5a,0x4a,0x73,
    0xc8,0x5a,0x47,0x4a,0x67,0x52,0x27,0x4a,0xc8,0x5a,0x88,0x5a,0x64,0x29,0x87,0x52,0x8b,0x7b,0x09,0x63,0x29,0x6b,0x27,0x4a,
    0xe9,0x62,0x4a,0x6b,0xc8,0x5a,0x87,0x52,0x85,0x31,0x88,0x5a,0xe8,0x62,0x27,0x4a,0x47,0x4a,0x47,0x4a,0xa9,0x5a,0xd7,0xee,
    0x58,0xff,0x38,0xff,0x38,0xff,0x38,0xff,0x57,0xff,0x37,0xff,0xb7,0xee,0xc9,0x5a,0x44,0x21,0x06,0x42,0x67,0x52,0x67,0x52,
    0xa5,0x39,0xe3,0x20,0x44,0x29,0x47,0x4a,0x67,0x52,0x47,0x4a,0xe6,0x39,0x23,0x21,0x44,0x29,0x44,0x29,0x03,0x21,0x85,0x31,
    0x5a,0xef,0x3a,0xe7,0x12,0xa5,0x48,0x4a,0xb5,0xbd,0xdd,0xff,0x9b,0xf7,0xbc,0xff,0xbc,0xff,0xbc,0xff,0x9b,0xf7,0x94,0xb5,
    0x2b,0x6b,0xe6,0x41,0x10,0xb5,0x36,0xff,0x94,0xf6,0x33,0xe6,0xd2,0xdd,0x33,0xe6,0xe6,0x41,0xa8,0x5a,0xfb,0xff,0x34,0xde,
    0x91,0xcd,0xd2,0xdd,0x0f,0xc5,0xb1,0xd5,0x54,0xe6,0xd6,0xf6,0x38,0xff,0x38,0xff,0x38,0xff,0x38,0xff,0x38,0xff,0x38,0xff,
    0x38,0xff,0x38,0xff,0x38,0xff,0x38,0xff,0x38,0xff,0x38,0xff,0x38,0xff,0x38,0xff,0x38,0xff,0x38,0xff,0x38,0xff,0x38,0xff,
    0x38,0xff,0x38,0xff,0x38,0xff,0x38,0xff,0x38,0xff,0x99,0xff,0x8f,0x9c,0xa9,0x5a,0x88,0x52,0xe3,0x18,0x03,0x21,0x44,0x29,
    0x03,0x21,0xe6,0x39,0xa9,0x52,0xf2,0x9c,0xff,0xff,0xdc,0xff,0xfc,0xff,0xbb,0xff,0xbb,0xff,0xbb,0xff,0x9b,0xff,0xbb,0xff,
    0xbc,0xff,0xbc,0xff,0xbc,0xff,0xbc,0xff,0xbc,0xff,0xdc,0xff,0x96,0xd6,0xd2,0xad,0x55,0xc6,0xbb,0xff,0xbb,0xff,0x9b,0xff,
    0x39,0xe7,0xbb,0xff,0xbb,0xff,0xbc,0xff,0xbc,0xff,0x9b,0xff,0xdc,0xff,0x55,0xc6,0xb2,0xad,0x54,0xc6,0x54,0xbe,0x54,0xc6,
    0x54,0xc6,0x54,0xc6,0x54,0xc6,0x54,0xc6,0x54,0xc6,0x13,0xbe,0xf2,0xb5,0xf3,0xb5,0xf2,0xb5,0xf2,0xb5,0xf2,0xb5,0xf3,0xb5,
    0x13,0xbe,0x13,0xbe,0x13,0xbe,0x54,0xc6,0x33,0xbe,0x75,0xce,0x0c,0x7c,0xc8,0x52,0x3a,0xef,0xdc,0xff,0xbb,0xff,0xbc,0xff,
    0xbc,0xff,0xbc,0xff,0xdc,0xff,0x3a,0xe7,0xa8,0x4a,0xcc,0x73,0xb5,0xce,0x75,0xc6,0x8e,0x8c,0xeb,0x73,0xab,0x6b,0x8a,0x63,
    0x8a,0x6b,0xab,0x6b,0xcb,0x73,0x0f,0x95,0x74,0xc6,0x54,0xc6,0x34,0xbe,0xaa,0x6b,0x2c,0x7c,0x54,0xc6,0x54,0xc6,0x95,0xce,
    0xd3,0xb5,0x4d,0x84,0x2c,0x7c,0x0c,0x74,0x0c,0x74,0xec,0x73,0x0c,0x7c,0xeb,0x73,0xeb,0x73,0x96,0xd6,0x39,0xef,0xfd,0xff,
    0x90,0x94,0xa1,0x10,0xf9,0xe6,0xfd,0xff,0xf9,0xde,0x89,0x52,0xa1,0x10,0x27,0x4a,0x06,0x42,0x27,0x4a,0x47,0x4a,0x88,0x52,
    0x88,0x52,0x88,0x52,0x68,0x52,0x67,0x52,0x64,0x29,0x23,0x21,0x24,0x21,0x23,0x21,0x44,0x29,0x44,0x29,0x44,0x29,0x23,0x21,
    0x23,0x29,0x23,0x21,0x44,0x29,0x88,0x52,0x88,0x52,0x68,0x52,0x88,0x52,0x88,0x52,0x88,0x52,0x88,0x52,0x4a,0x6b,0xab,0x7b,
    0xc9,0x62,0x47,0x52,0xa8,0x5a,0x47,0x4a,0x4a,0x6b,0x87,0x52,0x03,0x21,0x29,0x6b,0xab,0x7b,0x8b,0x7b,0xe9,0x62,0x06,0x42,
    0xc8,0x5a,0xc8,0x5a,0x47,0x4a,0x67,0x4a,0x27,0x4a,0xa8,0x5a,0x67,0x52,0x27,0x4a,0x47,0x4a,0x27,0x4a,0xa8,0x5a,0xf7,0xee,
    0x58,0xff,0x38,0xff,0x38,0xff,0x38,0xff,0x75,0xe6,0xd0,0xa4,0xf0,0xa4,0xc9,0x5a,0xe2,0x18,0xe6,0x39,0x47,0x4a,0x68,0x52,
    0x06,0x42,0x23,0x21,0x23,0x21,0xe6,0x41,0x47,0x4a,0x47,0x4a,0x47,0x4a,0x85,0x31,0x24,0x21,0x44,0x29,0x24,0x21,0x44,0x29,
    0x77,0xd6,0xfe,0xff,0x19,0xe7,0x81,0x08,0x90,0x94,0xfd,0xff,0x9b,0xf7,0xbc,0xff,0xbc,0xff,0xbc,0xff,0x9b,0xf7,0xfe,0xff,
    0x73,0xad,0x81,0x08,0x4a,0x73,0xf2,0xd5,0x54,0xee,0xd6,0xfe,0xb5,0xf6,0x17,0xff,0x27,0x4a,0x47,0x4a,0x75,0xd6,0xd6,0xf6,
    0xd6,0xf6,0x13,0xde,0xb2,0xcd,0x33,0xe6,0x17,0xff,0x58,0xff,0x37,0xff,0x38,0xff,0x38,0xff,0x38,0xff,0x38,0xff,0x38,0xff,
    0x38,0xff,0x38,0xff,0x38,0xff,0x38,0xff,0x38,0xff,0x38,0xff,0x38,0xff,0x38,0xff,0x38,0xff,0x38,0xff,0x17,0xff,0x17,0xff,
    0x17,0xff,0x38,0xff,0x38,0xff,0x17,0xf7,0xd6,0xf6,0x17,0xf7,0x4a,0x73,0x81,0x10,0xe3,0x18,0xc5,0x39,0xe6,0x39,0x44,0x29,
    0x44,0x29,0x03,0x21,0x40,0x08,0xca,0x5a,0x98,0xd6,0x56,0xce,0x36,0xce,0x19,0xe7,0xdd,0xff,0xdc,0xff,0xbc,0xff,0xbb,0xff,
    0xbb,0xff,0xbb,0xff,0xbb,0xff,0xbb,0xff,0xbc,0xff,0xdc,0xff,0xb6,0xd6,0xd2,0xb5,0x54,0xc6,0xbb,0xff,0x9b,0xff,0xbb,0xff,
    0x5a,0xef,0xbb,0xff,0x9b,0xff,0xbb,0xff,0xbb,0xff,0x9b,0xf7,0xdc,0xff,0x35,0xc6,0xd2,0xb5,0x54,0xc6,0x34,0xbe,0x34,0xbe,
    0x34,0xc6,0x33,0xbe,0x13,0xbe,0x34,0xbe,0x34,0xbe,0x54,0xc6,0x54,0xc6,0x54,0xc6,0x54,0xc6,0x34,0xbe,0x34,0xbe,0x54,0xc6,
    0x34,0xbe,0x13,0xbe,0x13,0xbe,0x13,0xbe,0x54,0xc6,0x95,0xce,0x0c,0x7c,0xc8,0x52,0x5a,0xef,0xdc,0xff,0xbb,0xff,0xbc,0xff,
    0xbc,0xff,0xbc,0xff,0xdc,0xff,0x3a,0xe7,0xa8,0x4a,0xec,0x7b,0x95,0xce,0x34,0xbe,0x33,0xbe,0x8e,0x8c,0x0c,0x7c,0xeb,0x73,
    0x8a,0x6b,0x6a,0x63,0x6d,0x84,0x95,0xce,0x54,0xc6,0x54,0xc6,0x54,0xc6,0x8b,0x6b,0x2c,0x7c,0xb5,0xce,0x74,0xc6,0x54,0xc6,
    0x54,0xc6,0x74,0xc6,0x8e,0x84,0xeb,0x73,0x0c,0x7c,0x0c,0x74,0x0c,0x74,0x2c,0x7c,0x2c,0x7c,0xcb,0x6b,0x72,0xad,0xfd,0xff,
    0x90,0x94,0xc2,0x18,0xb8,0xde,0xdd,0xff,0x85,0x31,0x85,0x31,0x06,0x42,0xe6,0x41,0x06,0x42,0x27,0x4a,0x68,0x52,0x88,0x52,
    0x88,0x52,0x88,0x52,0x88,0x52,0x67,0x52,0x44,0x29,0x23,0x21,0x44,0x29,0x23,0x21,0x23,0x21,0x44,0x29,0x44,0x29,0x23,0x21,
    0x06,0x42,0x06,0x42,0xe3,0x20,0x67,0x52,0x88,0x52,0x88,0x52,0x88,0x52,0x88,0x52,0x67,0x52,0xc9,0x5a,0x8b,0x7b,0x8b,0x7b,
    0xa8,0x5a,0xa8,0x5a,0xab,0x7b,0x4a,0x6b,0xab,0x7b,0x26,0x4a,0x85,0x31,0xab,0x7b,0x2a,0x6b,0x6a,0x73,0xc8,0x5a,0x47,0x4a,
    0x27,0x4a,0x47,0x4a,0x47,0x4a,0x67,0x52,0xce,0xbc,0xab,0x8b,0x06,0x3a,0x47,0x4a,0x47,0x4a,0x27,0x4a,0x88,0x52,0xd7,0xee,
    0x58,0xff,0x38,0xff,0x38,0xff,0x17,0xf7,0x27,0x42,0x81,0x08,0x40,0x08,0x61,0x08,0xc2,0x10,0x23,0x21,0xc5,0x39,0x47,0x4a,
    0x47,0x4a,0xc5,0x39,0x03,0x21,0x03,0x21,0xc5,0x39,0x47,0x4a,0x67,0x4a,0x47,0x4a,0x03,0x21,0x23,0x21,0x64,0x29,0xe2,0x18,
    0xcd,0x7b,0xfe,0xff,0x76,0xd6,0xa2,0x10,0xd1,0x9c,0xfd,0xff,0x9b,0xf7,0xbc,0xff,0xbc,0xff,0xbc,0xff,0xbc,0xff,0x7b,0xf7,
    0xfc,0xff,0x94,0xb5,0x20,0x00,0x40,0x08,0xf0,0xb4,0xb6,0xf6,0x34,0xe6,0x95,0xee,0x47,0x4a,0xe2,0x18,0x23,0x21,0x34,0xde,
    0x37,0xff,0x17,0xff,0x58,0xff,0x58,0xff,0x17,0xff,0x37,0xff,0x38,0xff,0x38,0xff,0x38,0xff,0x38,0xff,0x38,0xff,0x38,0xff,
    0x38,0xff,0x38,0xff,0x38,0xff,0x38,0xff,0x38,0xff,0x38,0xff,0x38,0xff,0x38,0xff,0x38,0xff,0x79,0xff,0x99,0xff,0x9a,0xff,
    0x99,0xff,0x58,0xff,0xf7,0xf6,0x91,0xcd,0x50,0xcd,0x50,0xcd,0x90,0xd5,0x6d,0xac,0xa5,0x31,0x53,0xc6,0x50,0xad,0x24,0x21,
    0x67,0x4a,0x47,0x4a,0xe3,0x18,0x44,0x29,0x03,0x21,0xc2,0x18,0x61,0x08,0x2f,0x84,0x9c,0xf7,0x3a,0xef,0x3a,0xef,0x9b,0xf7,
    0xbb,0xff,0x9b,0xff,0xbb,0xff,0xbc,0xff,0xbc,0xff,0xdc,0xff,0xb7,0xd6,0xd2,0xb5,0x54,0xc6,0xbb,0xff,0xbb,0xff,0xbc,0xff,
    0x5a,0xef,0xbc,0xff,0xbc,0xff,0xbb,0xff,0xbc,0xff,0xbb,0xff,0xdc,0xff,0x34,0xc6,0xd2,0xb5,0x74,0xc6,0x54,0xc6,0x34,0xbe,
    0x74,0xc6,0x8e,0x8c,0x4c,0x7c,0xb1,0xad,0x74,0xc6,0x33,0xbe,0x34,0xbe,0x54,0xc6,0x54,0xc6,0x33,0xbe,0x33,0xbe,0x54,0xc6,
    0xef,0x94,0xaa,0x6b,0xaa,0x6b,0xeb,0x73,0x54,0xc6,0x95,0xce,0x0c,0x74,0xc8,0x52,0x5a,0xef,0xdc,0xff,0xbb,0xff,0xbc,0xff,
    0xbc,0xff,0xbc,0xff,0xdc,0xff,0x3a,0xe7,0xa8,0x52,0x0c,0x7c,0x95,0xce,0x34,0xbe,0x54,0xbe,0x6d,0x84,0xcb,0x6b,0xcb,0x6b,
    0x8a,0x6b,0xab,0x6b,0x71,0xa5,0x54,0xc6,0xf3,0xb5,0x0f,0x9d,0x8e,0x8c,0xab,0x6b,0x0c,0x74,0x0f,0x95,0x34,0xbe,0x74,0xc6,
    0x34,0xbe,0x74,0xc6,0xcf,0x94,0xeb,0x73,0x2c,0x7c,0x0c,0x7c,0x0c,0x7c,0x2c,0x7c,0x2c,0x7c,0x0b,0x74,0x31,0xa5,0xfd,0xff,
    0x4f,0x8c,0x61,0x08,0xb4,0xb5,0xce,0x7b,0x85,0x31,0x06,0x42,0x06,0x4a,0x06,0x42,0x06,0x42,0xe6,0x39,0x88,0x52,0x88,0x52,
    0x88,0x52,0x88,0x52,0x88,0x52,0xa5,0x39,0x23,0x21,0x44,0x29,0x44,0x29,0x23,0x21,0x23,0x21,0x23,0x21,0x44,0x29,0x23,0x21,
    0x26,0x42,0x06,0x42,0x03,0x21,0x85,0x31,0x27,0x4a,0xa8,0x5a,0x88,0x52,0x88,0x52,0x67,0x52,0x4a,0x6b,0xcb,0x7b,0x4a,0x73,
    0x67,0x52,0x09,0x6b,0xec,0x83,0xcb,0x83,0x6a,0x73,0xc5,0x39,0xa5,0x39,0x09,0x63,0xa8,0x5a,0xa8,0x5a,0x88,0x52,0x47,0x4a,
    0x47,0x4a,0x47,0x4a,0x47,0x4a,0x67,0x52,0x70,0xcd,0x2d,0x9c,0x06,0x42,0x47,0x4a,0x27,0x4a,0x26,0x42,0x67,0x52,0xd6,0xee,
    0x58,0xff,0x37,0xff,0x38,0xff,0x17,0xf7,0x85,0x31,0x4b,0x6b,0xd0,0xa4,0x2d,0x94,0x6e,0x94,0x27,0x42,0x03,0x21,0xcc,0x83,
    0x2d,0x94,0x84,0x31,0x23,0x21,0x03,0x21,0x85,0x31,0x67,0x52,0x67,0x4a,0x67,0x52,0x84,0x31,0x03,0x21,0x64,0x29,0x44,0x29,
    0x84,0x31,0x94,0xb5,0x3a,0xef,0x81,0x10,0xd1,0x9c,0xfe,0xff,0x9b,0xf7,0xbc,0xff,0xbc,0xff,0xbc,0xff,0xbc,0xff,0x9b,0xff,
    0xdc,0xff,0xf9,0xe6,0xd1,0x9c,0xd1,0x9c,0xe6,0x39,0x64,0x29,0x85,0x31,0x84,0x31,0xe3,0x18,0xe2,0x18,0x03,0x21,0x0a,0x6b,
    0xf6,0xfe,0x58,0xff,0x59,0xff,0x38,0xff,0x38,0xff,0x38,0xff,0x38,0xff,0x38,0xff,0x38,0xff,0x38,0xff,0x38,0xff,0x38,0xff,
    0x38,0xff,0x38,0xff,0x38,0xff,0x58,0xff,0x58,0xff,0x58,0xff,0x58,0xff,0x58,0xff,0x79,0xff,0x72,0xbd,0x8f,0x9c,0xcd,0x83,
    0x6b,0x73,0x50,0xc5,0xf2,0xdd,0x70,0xcd,0x70,0xcd,0xd2,0xdd,0x4d,0xa4,0x88,0x5a,0x31,0xa5,0xf6,0xde,0x30,0xa5,0x23,0x21,
    0xe6,0x39,0xc8,0x52,0x26,0x42,0x64,0x29,0x23,0x21,0xc5,0x39,0x64,0x29,0x85,0x31,0xc5,0x31,0xc6,0x39,0x44,0x29,0x94,0xb5,
    0xfc,0xff,0x9a,0xf7,0xbc,0xff,0xbc,0xff,0xbc,0xff,0xdc,0xff,0x96,0xd6,0xd2,0xad,0x54,0xc6,0xbb,0xff,0xbb,0xff,0xbc,0xff,
    0x19,0xe7,0xf8,0xde,0x18,0xe7,0x18,0xdf,0x18,0xe7,0x18,0xe7,0x38,0xe7,0xf3,0xb5,0xd2,0xb5,0x74,0xc6,0x54,0xc6,0x34,0xbe,
    0x74,0xc6,0x4d,0x84,0x6a,0x63,0x2c,0x7c,0x6d,0x84,0xb1,0xad,0x74,0xc6,0x54,0xbe,0x34,0xc6,0x74,0xc6,0x30,0x9d,0xab,0x6b,
    0xab,0x6b,0x6a,0x63,0x0c,0x74,0x91,0xad,0x54,0xc6,0x95,0xce,0x0c,0x7c,0xc8,0x52,0x5a,0xef,0xdc,0xff,0xbc,0xff,0xbc,0xff,
    0xbc,0xff,0xbc,0xff,0xdc,0xff,0x3a,0xe7,0xc8,0x52,0x0c,0x7c,0x95,0xce,0x34,0xbe,0x34,0xbe,0x0c,0x7c,0x6a,0x63,0xcb,0x6b,
    0xaa,0x6b,0x2c,0x7c,0x53,0xc6,0x91,0xad,0xeb,0x73,0xaa,0x6b,0x8a,0x6b,0xab,0x6b,0xeb,0x73,0xaa,0x6b,0x91,0xad,0x54,0xc6,
    0x34,0xbe,0x95,0xce,0x92,0xad,0x4d,0x7c,0x2c,0x7c,0x0c,0x7c,0x0c,0x7c,0x6d,0x84,0xae,0x8c,0x4c,0x84,0x50,0xa5,0xbb,0xff,
    0x18,0xe7,0x2e,0x8c,0x03,0x21,0xe2,0x18,0xc6,0x39,0x27,0x4a,0x06,0x4a,0x06,0x42,0xe6,0x41,0xc5,0x39,0x88,0x52,0x88,0x52,
    0x68,0x52,0xa8,0x52,0x88,0x52,0x43,0x29,0x23,0x21,0x23,0x21,0x44,0x29,0x44,0x29,0x24,0x29,0x23,0x21,0x23,0x21,0x03,0x21,
    0x47,0x4a,0x47,0x4a,0x23,0x21,0x23,0x21,0xe6,0x41,0xa8,0x5a,0x88,0x52,0x88,0x52,0x87,0x52,0x8a,0x7b,0xab,0x83,0x09,0x63,
    0x06,0x42,0x29,0x6b,0x6a,0x73,0x8b,0x7b,0x29,0x6b,0x64,0x31,0xe6,0x39,0x67,0x52,0x67,0x52,0x67,0x4a,0x67,0x52,0x67,0x52,
    0x47,0x4a,0x47,0x4a,0x27,0x4a,0x47,0x4a,0x34,0xe6,0xcf,0xac,0x06,0x42,0x47,0x4a,0x27,0x4a,0x06,0x42,0x88,0x52,0xd6,0xee,
    0x58,0xff,0x38,0xff,0x38,0xff,0x37,0xff,0xb3,0xc5,0x18,0xf7,0xda,0xff,0x78,0xff,0xd9,0xff,0x4e,0x94,0xa5,0x39,0x4e,0x94,
    0xb2,0xc5,0xc5,0x39,0x64,0x29,0x03,0x21,0x64,0x29,0x27,0x4a,0x47,0x4a,0x88,0x52,0xe6,0x39,0x23,0x21,0x44,0x29,0x64,0x29,
    0xa1,0x10,0xac,0x73,0xd9,0xde,0x64,0x29,0x12,0xa5,0xfd,0xff,0x9b,0xf7,0xbc,0xff,0xbc,0xff,0xbc,0xff,0xbc,0xff,0xbc,0xff,
    0xbb,0xff,0xbc,0xff,0xfe,0xff,0xdd,0xff,0x27,0x42,0x24,0x21,0xa5,0x31,0x85,0x31,0x44,0x29,0x64,0x29,0x85,0x31,0x85,0x31,
    0x13,0xd6,0x95,0xe6,0xd7,0xee,0x59,0xff,0x38,0xff,0x38,0xff,0x38,0xff,0x37,0xff,0x38,0xff,0x38,0xff,0x38,0xff,0x38,0xff,
    0x58,0xff,0x58,0xff,0xf7,0xf6,0xd6,0xee,0x95,0xee,0x95,0xe6,0xb6,0xe6,0x96,0xe6,0xd6,0xe6,0x27,0x42,0x20,0x00,0xc2,0x18,
    0xe2,0x18,0x6d,0xa4,0xb1,0xdd,0x91,0xd5,0x91,0xcd,0xd2,0xd5,0x8b,0x83,0x07,0x42,0xfb,0xff,0x99,0xf7,0x31,0xa5,0x03,0x21,
    0x64,0x29,0x09,0x5b,0x2a,0x63,0xc5,0x31,0x23,0x21,0x87,0x52,0x06,0x3a,0x64,0x29,0x23,0x21,0x23,0x21,0x43,0x29,0xe6,0x39,
    0x27,0x4a,0x06,0x42,0xa9,0x52,0x9d,0xf7,0xfd,0xff,0x9b,0xff,0x96,0xce,0xd2,0xb5,0x54,0xc6,0xbb,0xff,0xbc,0xff,0xbc,0xff,
    0xf8,0xde,0x54,0xc6,0x34,0xc6,0x34,0xc6,0x54,0xc6,0x74,0xc6,0x54,0xc6,0xd2,0xb5,0xf3,0xb5,0x54,0xc6,0x34,0xbe,0x33,0xbe,
    0x54,0xc6,0x4d,0x84,0x4a,0x63,0x8a,0x63,0x69,0x5b,0xef,0x94,0x34,0xbe,0x34,0xbe,0x34,0xbe,0x33,0xbe,0xae,0x8c,0x09,0x53,
    0x6a,0x63,0x6a,0x63,0x6d,0x84,0xb5,0xce,0x34,0xbe,0x95,0xce,0x0c,0x7c,0xc8,0x52,0x5a,0xef,0xdc,0xff,0xbb,0xff,0xbc,0xff,
    0xbc,0xff,0xbc,0xff,0xdc,0xff,0x3a,0xef,0xc8,0x52,0xec,0x73,0x74,0xc6,0x54,0xc6,0x4d,0x7c,0x8a,0x63,0xaa,0x6b,0xab,0x6b,
    0xaa,0x6b,0xb1,0xad,0x70,0xa5,0x6a,0x63,0xaa,0x6b,0xeb,0x73,0xeb,0x73,0xeb,0x73,0xcb,0x6b,0xeb,0x73,0xaa,0x6b,0x14,0xc6,
    0xbb,0xff,0x7b,0xf7,0xdc,0xff,0x76,0xce,0xca,0x6b,0x0c,0x7c,0x4d,0x7c,0x18,0xe7,0x9b,0xf7,0xae,0x8c,0x30,0x9d,0xdc,0xff,
    0xfd,0xff,0xd0,0x9c,0x61,0x08,0xa5,0x31,0x27,0x4a,0x26,0x4a,0x26,0x4a,0x26,0x4a,0x85,0x31,0x27,0x42,0x88,0x52,0x68,0x52,
    0x88,0x52,0xa8,0x5a,0x88,0x52,0x44,0x29,0x23,0x21,0x23,0x21,0x23,0x21,0x23,0x21,0x23,0x21,0x23,0x21,0x23,0x21,0x03,0x21,
    0x68,0x52,0x68,0x52,0x23,0x21,0x44,0x29,0x44,0x29,0xa5,0x31,0x88,0x52,0x88,0x52,0x88,0x52,0x6a,0x73,0xa8,0x5a,0xe6,0x41,
    0xc5,0x39,0xc8,0x5a,0x87,0x52,0x4a,0x6b,0x47,0x4a,0x23,0x21,0x26,0x42,0x67,0x52,0x67,0x4a,0x67,0x52,0x27,0x4a,0x47,0x4a,
    0x67,0x4a,0x47,0x4a,0x27,0x42,0x06,0x42,0xd7,0xf6,0x31,0xb5,0xe6,0x39,0x47,0x4a,0x27,0x4a,0x06,0x42,0x68,0x52,0xb6,0xee,
    0x58,0xff,0x38,0xff,0x38,0xff,0x38,0xff,0x79,0xff,0x38,0xff,0x18,0xff,0x17,0xff,0x17,0xff,0x38,0xff,0xba,0xff,0xed,0x83,
    0x29,0x6b,0x8e,0xa4,0x81,0x08,0x44,0x29,0x03,0x21,0x64,0x29,0x88,0x52,0x68,0x52,0x67,0x52,0x23,0x21,0x23,0x21,0x44,0x29,
    0x44,0x29,0x44,0x29,0x48,0x4a,0x1a,0xe7,0x7a,0xf7,0xbb,0xff,0xbc,0xff,0xbc,0xff,0xbc,0xff,0xbc,0xff,0xbc,0xff,0xbc,0xff,
    0xbc,0xff,0xbc,0xff,0x9b,0xf7,0x7b,0xf7,0x39,0xef,0x39,0xef,0x5b,0xef,0x5a,0xef,0x19,0xef,0x19,0xe7,0x7b,0xef,0x12,0xa5,
    0x40,0x08,0xa1,0x10,0x85,0x31,0x38,0xf7,0x79,0xff,0x58,0xff,0x58,0xff,0x58,0xff,0x38,0xff,0x58,0xff,0x58,0xff,0x59,0xff,
    0x59,0xff,0x9a,0xff,0x6b,0x73,0x23,0x21,0x64,0x29,0x44,0x29,0x64,0x29,0x84,0x29,0x44,0x29,0xc2,0x18,0x4e,0x8c,0x88,0x52,
    0xc8,0x62,0xb4,0xfe,0xd1,0xdd,0x90,0xd5,0x94,0xf6,0xa8,0x62,0x6c,0x6b,0xbd,0xf7,0x5a,0xf7,0xdb,0xff,0x76,0xd6,0xe3,0x18,
    0x44,0x29,0xe9,0x5a,0xe9,0x5a,0xe9,0x5a,0x06,0x42,0xc2,0x18,0xa8,0x52,0x09,0x63,0x88,0x52,0x88,0x52,0xc8,0x52,0x44,0x29,
    0xa2,0x18,0xc2,0x18,0x23,0x29,0x68,0x4a,0x0e,0x84,0xfd,0xff,0xfb,0xff,0x38,0xe7,0x96,0xce,0xbc,0xff,0xbc,0xff,0xbc,0xff,
    0xdc,0xff,0xd7,0xde,0x2f,0x9d,0x50,0xa5,0x50,0xa5,0x70,0xa5,0xd2,0xb5,0x34,0xbe,0x75,0xc6,0x75,0xc6,0x74,0xc6,0x54,0xc6,
    0x95,0xce,0x0c,0x7c,0x49,0x5b,0xab,0x6b,0xab,0x6b,0x49,0x5b,0x0f,0x95,0x75,0xce,0x54,0xc6,0x6d,0x84,0x8a,0x63,0xaa,0x6b,
    0x8a,0x6b,0x09,0x53,0xae,0x8c,0x74,0xc6,0x33,0xbe,0x95,0xce,0x0c,0x7c,0xe8,0x52,0x5a,0xef,0xdc,0xff,0xbb,0xff,0xbc,0xff,
    0xbc,0xff,0x9b,0xff,0xdc,0xff,0x3a,0xef,0xa8,0x52,0xcb,0x73,0x34,0xbe,0xce,0x8c,0xcb,0x6b,0xaa,0x6b,0xaa,0x6b,0x8a,0x63,
    0xaa,0x6b,0xae,0x8c,0x4c,0x7c,0x6d,0x84,0x30,0x9d,0xca,0x6b,0xeb,0x73,0x0b,0x74,0xab,0x6b,0xeb,0x73,0xcb,0x6b,0xef,0x94,
    0x3a,0xe7,0xdc,0xff,0xbc,0xff,0x39,0xef,0x4d,0x84,0x0b,0x74,0x6d,0x84,0x5a,0xef,0xdc,0xff,0x56,0xc6,0xf9,0xde,0x15,0xc6,
    0x2b,0x6b,0xa5,0x31,0x64,0x31,0xc5,0x39,0x06,0x42,0x26,0x4a,0x26,0x4a,0x26,0x4a,0x27,0x4a,0x47,0x4a,0x68,0x52,0x88,0x52,
    0x26,0x42,0x06,0x42,0x68,0x52,0x23,0x21,0x23,0x21,0x23,0x21,0x44,0x29,0x06,0x42,0x44,0x29,0x23,0x21,0x23,0x21,0x23,0x21,
    0x68,0x52,0xc9,0x5a,0xe6,0x41,0x44,0x29,0x23,0x21,0x44,0x29,0x44,0x29,0x06,0x42,0xa8,0x5a,0xc8,0x5a,0x27,0x4a,0x44,0x29,
    0x06,0x42,0x88,0x52,0x67,0x52,0xe9,0x5a,0xe6,0x41,0x03,0x21,0x06,0x42,0x67,0x52,0x47,0x4a,0x06,0x42,0xab,0x83,0x2a,0x73,
    0x47,0x4a,0x47,0x4a,0x27,0x4a,0x4a,0x7b,0x16,0xff,0x10,0xad,0xc5,0x39,0x47,0x4a,0x47,0x4a,0x06,0x42,0xa8,0x5a,0xf7,0xf6,
    0x38,0xff,0x38,0xff,0x38,0xff,0x38,0xff,0x17,0xff,0x38,0xff,0x38,0xff,0x38,0xff,0x37,0xff,0x37,0xff,0x99,0xff,0x14,0xce,
    0x51,0xbd,0x13,0xde,0x0d,0x8c,0x84,0x31,0x03,0x21,0x64,0x29,0x68,0x52,0x67,0x52,0x67,0x52,0xa5,0x31,0x23,0x21,0x84,0x31,
    0x44,0x29,0x03,0x21,0x06,0x42,0xbc,0xff,0xdc,0xff,0x9b,0xff,0xbc,0xff,0xbc,0xff,0xbc,0xff,0xbc,0xff,0xbc,0xff,0xbc,0xff,
    0xbc,0xff,0xbb,0xff,0xbc,0xff,0xbb,0xff,0xbb,0xff,0xbc,0xff,0xdc,0xff,0xdc,0xff,0xbc,0xff,0xbb,0xff,0xfd,0xff,0x77,0xd6,
    0x8c,0x73,0xee,0x7b,0x6c,0x73,0x27,0x4a,0x47,0x4a,0x27,0x4a,0x47,0x4a,0x47,0x4a,0x27,0x42,0x27,0x42,0x47,0x4a,0x68,0x4a,
    0x27,0x4a,0x47,0x4a,0x84,0x31,0xe3,0x18,0xe2,0x18,0xe2,0x18,0x03,0x21,0x23,0x21,0xe2,0x18,0xe9,0x5a,0x95,0xd6,0xf5,0xbd,
    0x4b,0x6b,0x47,0x52,0xce,0xac,0x73,0xf6,0xab,0x83,0xed,0x83,0x16,0xc6,0xfd,0xff,0x9b,0xf7,0xdc,0xff,0x97,0xd6,0xe3,0x18,
    0x23,0x21,0xc8,0x52,0x09,0x5b,0xe9,0x5a,0x88,0x4a,0x06,0x3a,0xa5,0x31,0x47,0x42,0xe9,0x5a,0xc8,0x52,0xe9,0x5a,0xc8,0x52,
    0xa8,0x52,0xc9,0x5a,0x06,0x42,0xe2,0x18,0x85,0x31,0xad,0x7b,0xed,0x7b,0x39,0xe7,0x7a,0xef,0xbc,0xff,0xbc,0xff,0xbb,0xff,
    0xbc,0xff,0x59,0xef,0x96,0xce,0x96,0xd6,0x96,0xd6,0x75,0xce,0x54,0xc6,0x55,0xc6,0xb2,0xad,0xef,0x94,0xef,0x94,0x0f,0x95,
    0x50,0xa5,0x50,0xa5,0xec,0x73,0x8a,0x63,0xaa,0x6b,0x6a,0x63,0xeb,0x73,0x50,0xa5,0x0f,0x9d,0xab,0x6b,0x8a,0x6b,0xaa,0x6b,
    0x6a,0x63,0x4d,0x84,0x91,0xad,0x54,0xc6,0x33,0xbe,0x95,0xce,0x2c,0x7c,0xe8,0x52,0x5a,0xef,0xdc,0xff,0xbc,0xff,0xbc,0xff,
    0xbc,0xff,0xbb,0xff,0xdc,0xff,0x3a,0xef,0xc8,0x52,0xab,0x6b,0xd2,0xb5,0x6a,0x63,0x8a,0x6b,0xab,0x6b,0xaa,0x6b,0x6a,0x63,
    0xaa,0x6b,0xcb,0x6b,0x69,0x63,0x92,0xad,0x97,0xd6,0xaa,0x6b,0xeb,0x73,0xcb,0x73,0xeb,0x73,0xeb,0x73,0x0c,0x7c,0xeb,0x73,
    0x97,0xce,0xfd,0xff,0x9b,0xf7,0xbb,0xff,0x71,0xa5,0x2c,0x7c,0x6d,0x84,0x5a,0xef,0x9b,0xf7,0x9c,0xf7,0x9d,0xf7,0x4f,0x8c,
    0x20,0x00,0xe6,0x41,0x26,0x4a,0x06,0x4a,0x06,0x42,0x26,0x4a,0x27,0x4a,0x47,0x4a,0xa8,0x52,0x67,0x52,0x67,0x4a,0xa8,0x5a,
    0xa5,0x31,0x64,0x29,0x68,0x52,0x44,0x29,0x23,0x21,0x23,0x21,0x84,0x31,0xa8,0x5a,0x64,0x29,0x03,0x21,0x23,0x21,0x43,0x29,
    0x67,0x4a,0xe9,0x62,0xa8,0x52,0x23,0x21,0x23,0x21,0x44,0x29,0x23,0x21,0xc5,0x39,0x88,0x52,0x67,0x52,0x06,0x42,0xe3,0x18,
    0x26,0x42,0x88,0x52,0x67,0x52,0x67,0x52,0xa5,0x39,0x23,0x21,0x26,0x42,0x67,0x52,0x47,0x4a,0xc5,0x39,0x70,0xc5,0x0c,0x94,
    0x06,0x42,0x47,0x4a,0x27,0x4a,0x0f,0xbd,0x57,0xff,0xaf,0xa4,0xc5,0x39,0x47,0x4a,0x47,0x4a,0x27,0x4a,0x6b,0x73,0x38,0xff,
    0x38,0xff,0x38,0xff,0x38,0xff,0x38,0xff,0x38,0xff,0x38,0xff,0x38,0xff,0x38,0xff,0x18,0xff,0x37,0xff,0x17,0xff,0x78,0xff,
    0x78,0xff,0x17,0xff,0x38,0xff,0x27,0x4a,0x44,0x29,0x64,0x29,0x27,0x4a,0x47,0x4a,0x67,0x52,0x27,0x4a,0x23,0x21,0x85,0x31,
    0x23,0x21,0x23,0x21,0x27,0x42,0xd9,0xde,0x5b,0xef,0x9b,0xff,0xbc,0xff,0xbc,0xff,0xbc,0xff,0xbc,0xff,0xbc,0xff,0xbc,0xff,
    0xbb,0xff,0xbb,0xff,0xbc,0xff,0xbc,0xff,0x9b,0xff,0x9b,0xff,0xbb,0xff,0xbb,0xff,0xbb,0xff,0x9b,0xf7,0x9b,0xf7,0xdc,0xff,
    0xfd,0xff,0xfe,0xff,0x98,0xd6,0xa2,0x10,0xe2,0x18,0xc2,0x18,0xc2,0x18,0xc2,0x18,0x81,0x10,0x81,0x10,0xe3,0x18,0x03,0x19,
    0xc2,0x18,0xe2,0x18,0x23,0x21,0x23,0x21,0x23,0x21,0x03,0x21,0x23,0x21,0x44,0x29,0xe3,0x18,0x51,0xa5,0x39,0xe7,0xfc,0xff,
    0x56,0xce,0xe6,0x39,0x46,0x52,0x6d,0xa4,0x64,0x29,0x56,0xce,0xfc,0xff,0x9b,0xf7,0x9b,0xff,0xfd,0xff,0x77,0xd6,0xe3,0x18,
    0x03,0x21,0x88,0x52,0x09,0x5b,0xe9,0x5a,0xe9,0x5a,0x29,0x63,0x64,0x29,0x85,0x31,0xc8,0x5a,0xc8,0x52,0xc9,0x5a,0xe9,0x5a,
    0xe9,0x5a,0xe9,0x5a,0xc9,0x5a,0xe9,0x5a,0xc5,0x39,0x61,0x08,0xe3,0x18,0x98,0xd6,0x9d,0xf7,0x9c,0xf7,0xbc,0xff,0xbb,0xff,
    0x9b,0xff,0xbb,0xff,0xdd,0xff,0xdc,0xff,0xdc,0xff,0x5a,0xef,0x55,0xc6,0x30,0x9d,0x0c,0x74,0xeb,0x73,0xcb,0x73,0xcb,0x73,
    0x2c,0x7c,0x33,0xc6,0xae,0x8c,0x8a,0x63,0xaa,0x6b,0x8a,0x6b,0x29,0x5b,0x2d,0x7c,0x0c,0x74,0x49,0x5b,0xaa,0x6b,0xaa,0x6b,
    0x8a,0x63,0xb2,0xad,0x95,0xce,0x54,0xc6,0x54,0xc6,0x95,0xce,0x0c,0x7c,0xe8,0x52,0x5a,0xef,0xdc,0xff,0xbc,0xff,0xbc,0xff,
    0xbc,0xff,0xbb,0xff,0xdc,0xff,0x3a,0xe7,0x09,0x5b,0x08,0x5b,0xcb,0x6b,0xab,0x6b,0xab,0x6b,0x8a,0x6b,0x6a,0x63,0xeb,0x73,
    0xcb,0x73,0xeb,0x73,0xca,0x6b,0x51,0xa5,0xdc,0xff,0xae,0x8c,0x69,0x63,0x0c,0x7c,0xeb,0x73,0xeb,0x73,0x0c,0x7c,0xeb,0x73,
    0x77,0xce,0xfd,0xff,0x9b,0xff,0x9b,0xf7,0x9b,0xf7,0xd3,0xb5,0xaa,0x6b,0x39,0xe7,0xfc,0xff,0x9a,0xf7,0xc6,0x39,0xa5,0x31,
    0x27,0x4a,0x06,0x42,0x26,0x4a,0x06,0x42,0x27,0x4a,0x64,0x31,0x0a,0x63,0xf5,0xc5,0x26,0x42,0x68,0x52,0x67,0x52,0x67,0x4a,
    0x44,0x29,0xa5,0x31,0x67,0x52,0x43,0x21,0x23,0x21,0x23,0x21,0x64,0x29,0x88,0x52,0x64,0x29,0x03,0x21,0x44,0x29,0x23,0x21,
    0x67,0x4a,0xc9,0x5a,0xa8,0x52,0x47,0x4a,0x44,0x29,0x23,0x21,0xc6,0x39,0x67,0x4a,0x67,0x52,0xc8,0x5a,0x84,0x31,0xa5,0x31,
    0x67,0x52,0x67,0x52,0x88,0x52,0x47,0x4a,0x23,0x21,0x03,0x21,0x26,0x42,0xa8,0x5a,0x47,0x4a,0x44,0x29,0x8b,0x83,0x2a,0x73,
    0x27,0x4a,0x67,0x52,0x26,0x4a,0x14,0xd6,0x98,0xff,0xae,0xa4,0xa5,0x31,0x47,0x4a,0x06,0x42,0x47,0x52,0xb6,0xee,0x38,0xff,
    0x38,0xff,0x38,0xff,0x38,0xff,0x38,0xff,0x38,0xff,0x38,0xff,0x17,0xff,0x99,0xff,0xba,0xff,0x38,0xff,0x58,0xff,0x31,0xb5,
    0x0d,0x8c,0xda,0xff,0xf7,0xf6,0xf7,0xee,0x2a,0x6b,0xa2,0x10,0x64,0x29,0x47,0x4a,0x68,0x52,0x67,0x4a,0x44,0x29,0xe3,0x18,
    0xa5,0x31,0x06,0x42,0x84,0x31,0x23,0x21,0x73,0xad,0xff,0xff,0x9b,0xf7,0xbb,0xff,0xbc,0xff,0xbc,0xff,0xbc,0xff,0x9b,0xff,
    0x9b,0xf7,0x9b,0xff,0xbb,0xff,0xbb,0xff,0x9b,0xff,0x9b,0xf7,0x9b,0xf7,0xbb,0xff,0xbb,0xff,0xbc,0xff,0xbc,0xff,0xbb,0xff,
    0x9b,0xf7,0x9b,0xf7,0x5a,0xef,0x77,0xce,0x77,0xd6,0x77,0xce,0x57,0xce,0x98,0xd6,0x1a,0xe7,0x0e,0x84,0xc2,0x18,0x23,0x21,
    0xe3,0x18,0x03,0x21,0x23,0x21,0x23,0x21,0x44,0x29,0x67,0x4a,0x67,0x4a,0xe6,0x39,0xc2,0x18,0x94,0xb5,0xfd,0xff,0x7a,0xf7,
    0xbb,0xff,0xfe,0xff,0xb1,0x9c,0x60,0x08,0x36,0xce,0xfd,0xff,0x9a,0xff,0x9a,0xf7,0x9b,0xff,0xfd,0xff,0xf9,0xe6,0x03,0x21,
    0x03,0x21,0x88,0x52,0x09,0x5b,0xe9,0x5a,0xe9,0x5a,0xe9,0x5a,0x09,0x5b,0x64,0x29,0x64,0x29,0x09,0x63,0xc9,0x5a,0xc9,0x5a,
    0xe9,0x5a,0xc9,0x5a,0xa8,0x52,0xa8,0x52,0xa8,0x52,0x67,0x4a,0x64,0x29,0x44,0x29,0x4c,0x6b,0xff,0xff,0xbc,0xff,0x9b,0xff,
    0xbb,0xff,0xbb,0xff,0xbb,0xff,0x9b,0xf7,0xbc,0xff,0x5a,0xef,0x54,0xc6,0x13,0xb6,0xd2,0xb5,0x13,0xbe,0x10,0x9d,0x0c,0x7c,
    0x2c,0x7c,0x0c,0x7c,0x71,0xa5,0x30,0x9d,0x49,0x5b,0xaa,0x6b,0x8a,0x63,0x8a,0x6b,0xaa,0x6b,0x8a,0x63,0x8a,0x6b,0x8a,0x63,
    0x91,0xad,0x95,0xce,0x34,0xc6,0x91,0xad,0x71,0xa5,0x33,0xbe,0x0c,0x7c,0xc8,0x52,0x5a,0xef,0xdc,0xff,0xbc,0xff,0xbc,0xff,
    0xbb,0xff,0x9b,0xff,0xdc,0xff,0x3a,0xe7,0x09,0x5b,0x09,0x5b,0xaa,0x6b,0xab,0x6b,0xcb,0x6b,0x8a,0x63,0x6a,0x63,0xeb,0x73,
    0xcb,0x73,0xeb,0x73,0xaa,0x6b,0x30,0x9d,0xfc,0xff,0x76,0xce,0x51,0xa5,0x2c,0x7c,0x0c,0x74,0x0c,0x74,0x0c,0x7c,0xeb,0x73,
    0x76,0xce,0xfd,0xff,0x9b,0xf7,0x9b,0xff,0xdc,0xff,0xd7,0xde,0x92,0xad,0xdb,0xff,0x72,0xad,0x6b,0x6b,0x44,0x29,0xc5,0x39,
    0x47,0x4a,0x27,0x4a,0x27,0x4a,0x27,0x4a,0xa5,0x39,0x4b,0x6b,0xd1,0x9c,0xed,0x83,0x67,0x4a,0x67,0x52,0x67,0x52,0x27,0x4a,
    0x03,0x21,0xc5,0x39,0x88,0x52,0x03,0x21,0x03,0x21,0x84,0x31,0x06,0x42,0xc5,0x39,0x23,0x21,0x23,0x21,0x44,0x29,0xe6,0x39,
    0x06,0x42,0x47,0x4a,0xa8,0x5a,0x88,0x52,0xc5,0x39,0x44,0x29,0x47,0x4a,0x88,0x52,0x67,0x52,0x06,0x42,0x64,0x29,0xe6,0x39,
    0x88,0x52,0x67,0x4a,0x88,0x52,0xe6,0x39,0x23,0x21,0x03,0x21,0x26,0x42,0x06,0x42,0x85,0x31,0xa2,0x10,0xc2,0x10,0xe6,0x41,
    0x88,0x52,0x26,0x42,0x8b,0x7b,0xd6,0xf6,0x78,0xff,0xcf,0xac,0xa5,0x39,0x06,0x42,0x67,0x52,0xf0,0xac,0x38,0xff,0x38,0xff,
    0x38,0xff,0x38,0xff,0x38,0xff,0x38,0xff,0x38,0xff,0x38,0xff,0x99,0xff,0x72,0xb5,0x2e,0x8c,0x88,0x52,0xe6,0x39,0xa5,0x31,
    0x07,0x42,0xcc,0x7b,0xb3,0xc5,0xfb,0xff,0x92,0xc5,0xa5,0x31,0xe3,0x18,0xe6,0x41,0x47,0x4a,0x47,0x4a,0x44,0x29,0x03,0x21,
    0x23,0x21,0xa9,0x52,0xb4,0xb5,0x23,0x21,0x27,0x42,0xb5,0xbd,0xdc,0xff,0x9b,0xf7,0xbb,0xff,0xbc,0xff,0xbb,0xff,0xbc,0xff,
    0xfd,0xff,0xfc,0xff,0xbb,0xff,0x9b,0xff,0xdc,0xff,0xfd,0xff,0xdc,0xff,0xbb,0xff,0xbb,0xff,0xbc,0xff,0xbc,0xff,0xbc,0xff,
    0xbc,0xff,0xbb,0xff,0xbb,0xff,0xfd,0xff,0xfd,0xff,0xfd,0xff,0xff,0xff,0x95,0xb5,0x50,0x8c,0xea,0x5a,0xe2,0x18,0xc5,0x39,
    0xc5,0x39,0xc5,0x39,0x44,0x29,0x84,0x31,0x47,0x4a,0xc8,0x52,0xc8,0x52,0x06,0x3a,0xa1,0x10,0xf5,0xc5,0xfd,0xff,0x7a,0xf7,
    0xfd,0xff,0x57,0xce,0xea,0x5a,0x03,0x21,0xcd,0x7b,0xcd,0x7b,0x15,0xc6,0xfd,0xff,0x9b,0xf7,0x9b,0xf7,0x2f,0x84,0x44,0x29,
    0x24,0x21,0xa8,0x52,0x09,0x5b,0xe9,0x5a,0xe9,0x5a,0xe9,0x5a,0xe9,0x5a,0x47,0x4a,0x64,0x29,0x47,0x4a,0xc9,0x5a,0xc9,0x5a,
    0xe9,0x5a,0xc9,0x5a,0xc9,0x5a,0x67,0x4a,0x06,0x42,0xc9,0x5a,0x27,0x42,0x44,0x29,0xa6,0x39,0x50,0x8c,0x3a,0xef,0xbb,0xff,
    0xbb,0xff,0xbc,0xff,0xbc,0xff,0xbb,0xff,0xbc,0xff,0x59,0xef,0x34,0xbe,0x54,0xc6,0x54,0xc6,0x54,0xc6,0xd2,0xb5,0x50,0xa5,
    0xae,0x8c,0x2c,0x7c,0xef,0x94,0x50,0x9d,0x2d,0x7c,0x6a,0x63,0xaa,0x6b,0x8a,0x6b,0xaa,0x6b,0xaa,0x6b,0x6a,0x63,0xeb,0x73,
    0x33,0xc6,0x10,0x9d,0x4d,0x84,0x6a,0x63,0x49,0x5b,0x0c,0x74,0x6a,0x63,0x09,0x53,0x5a,0xef,0xdc,0xff,0xbc,0xff,0xbc,0xff,
    0xbc,0xff,0xbc,0xff,0xdc,0xff,0x3a,0xe7,0xe8,0x52,0x09,0x5b,0xab,0x6b,0xab,0x6b,0xcb,0x6b,0xaa,0x6b,0x8a,0x6b,0xcb,0x73,
    0xcb,0x6b,0xeb,0x73,0x8a,0x63,0x10,0x9d,0xdb,0xff,0xfc,0xff,0x5a,0xef,0x0c,0x7c,0xeb,0x73,0x0c,0x7c,0x2c,0x7c,0x0b,0x74,
    0x76,0xce,0xdc,0xff,0x9b,0xf7,0xbc,0xff,0xbb,0xff,0xbb,0xff,0xba,0xff,0xb7,0xd6,0x47,0x4a,0x00,0x00,0x85,0x31,0x47,0x4a,
    0x27,0x4a,0x47,0x4a,0x27,0x4a,0xe6,0x41,0x06,0x42,0x12,0xa5,0x33,0xad,0xc5,0x39,0x88,0x52,0x67,0x52,0x68,0x52,0x27,0x4a,
    0x03,0x21,0xa5,0x39,0x27,0x4a,0x03,0x21,0xe3,0x18,0xc5,0x39,0x88,0x52,0x03,0x21,0x23,0x21,0x44,0x29,0x23,0x21,0x88,0x52,
    0xc5,0x39,0xa5,0x31,0xa8,0x5a,0x68,0x52,0x67,0x52,0x85,0x31,0x67,0x52,0x88,0x52,0x67,0x4a,0x24,0x21,0x23,0x21,0xe6,0x41,
    0x88,0x52,0x67,0x4a,0x47,0x4a,0x44,0x29,0x23,0x21,0x64,0x29,0xc5,0x39,0x84,0x31,0x64,0x29,0xcb,0x8b,0xa8,0x5a,0xe6,0x41,
    0x47,0x4a,0x47,0x4a,0x51,0xbd,0x58,0xff,0x17,0xff,0xcf,0xac,0xc5,0x39,0x27,0x4a,0xec,0x83,0x79,0xff,0x37,0xff,0x38,0xff,
    0x38,0xff,0x38,0xff,0x38,0xff,0x38,0xff,0x38,0xff,0x37,0xff,0x35,0xd6,0x06,0x42,0x81,0x10,0x81,0x10,0x61,0x08,0xc2,0x18,
    0xa2,0x18,0x20,0x00,0x88,0x52,0xd3,0xc5,0x78,0xff,0x2a,0x6b,0xa2,0x10,0x85,0x31,0xe6,0x41,0x27,0x4a,0x44,0x29,0x03,0x21,
    0xe2,0x18,0x68,0x4a,0x57,0xce,0x2b,0x6b,0x03,0x21,0xa9,0x52,0xdc,0xff,0x9b,0xf7,0xbb,0xff,0xbb,0xff,0xbc,0xff,0x3a,0xef,
    0x98,0xd6,0xb8,0xd6,0x19,0xef,0x9b,0xff,0xd9,0xde,0xb9,0xd6,0xd8,0xde,0x9b,0xff,0xbb,0xff,0xbc,0xff,0xbc,0xff,0xbc,0xff,
    0xbc,0xff,0xbc,0xff,0xbb,0xff,0x9b,0xf7,0xdc,0xff,0x98,0xd6,0x37,0xc6,0x48,0x4a,0x40,0x08,0x44,0x29,0x64,0x29,0x67,0x4a,
    0xc9,0x5a,0x88,0x52,0x23,0x21,0xc5,0x39,0x09,0x5b,0xc8,0x52,0xe9,0x5a,0x26,0x42,0x81,0x10,0x90,0x94,0x9a,0xf7,0x9b,0xf7,
    0x3b,0xef,0x6c,0x6b,0x02,0x21,0x47,0x4a,0xc5,0x39,0x81,0x10,0xcd,0x7b,0xb9,0xd6,0xbc,0xff,0x5a,0xef,0xa5,0x31,0xc5,0x31,
    0x44,0x29,0xa8,0x52,0x09,0x5b,0xe9,0x5a,0xe9,0x5a,0xc8,0x5a,0xe9,0x5a,0xc8,0x5a,0x64,0x29,0x64,0x29,0xe9,0x5a,0xc8,0x52,
    0xc8,0x5a,0xe9,0x5a,0xc8,0x5a,0xc5,0x39,0x23,0x21,0xc9,0x5a,0x09,0x63,0x47,0x4a,0x44,0x29,0xa2,0x10,0xd5,0xc5,0xfc,0xff,
    0x9b,0xf7,0xbc,0xff,0xbc,0xff,0xbc,0xff,0xbc,0xff,0x59,0xef,0x34,0xbe,0x34,0xc6,0xd2,0xb5,0x91,0xad,0x91,0xa5,0xb2,0xad,
    0x0f,0x9d,0x2c,0x7c,0xeb,0x73,0x8d,0x8c,0xef,0x94,0x6a,0x63,0x8a,0x6b,0xaa,0x6b,0xaa,0x6b,0x8a,0x63,0xcb,0x73,0xef,0x94,
    0xb1,0xad,0x6a,0x63,0x49,0x63,0xaa,0x6b,0x8a,0x6b,0x6a,0x63,0x08,0x5b,0x29,0x5b,0x3a,0xef,0xdc,0xff,0xbc,0xff,0xbc,0xff,
    0xbc,0xff,0xbc,0xff,0xdc,0xff,0x19,0xe7,0xc8,0x52,0x09,0x5b,0xab,0x6b,0xab,0x6b,0xeb,0x73,0xeb,0x73,0xcb,0x73,0x6a,0x63,
    0xab,0x6b,0xcb,0x73,0x8a,0x63,0x31,0xa5,0xfd,0xff,0xbb,0xf7,0x7a,0xf7,0xae,0x8c,0x0c,0x74,0x2c,0x7c,0x4c,0x84,0xeb,0x73,
    0x56,0xce,0xfc,0xff,0x9b,0xf7,0xbc,0xff,0xbb,0xff,0xdc,0xff,0xfd,0xff,0x48,0x4a,0xe2,0x18,0x44,0x29,0xe6,0x41,0x26,0x4a,
    0x27,0x4a,0x67,0x52,0x27,0x4a,0x03,0x21,0x94,0xb5,0x4f,0x8c,0x84,0x31,0x88,0x52,0x67,0x52,0x67,0x4a,0x67,0x52,0x47,0x4a,
    0x23,0x21,0x23,0x21,0x23,0x21,0x23,0x21,0x03,0x21,0xa5,0x31,0x47,0x4a,0x23,0x21,0x24,0x21,0x24,0x21,0x23,0x21,0x67,0x4a,
    0x06,0x42,0x64,0x29,0x67,0x52,0x67,0x52,0x88,0x52,0x68,0x52,0x67,0x52,0x88,0x52,0x06,0x42,0x23,0x21,0x23,0x21,0xe6,0x41,
    0x88,0x52,0x67,0x52,0x06,0x42,0x03,0x21,0x23,0x21,0xe6,0x39,0x27,0x4a,0x06,0x42,0x2a,0x6b,0x36,0xff,0x4a,0x73,0xe6,0x41,
    0xc5,0x39,0xed,0x8b,0x79,0xff,0x38,0xff,0x54,0xe6,0x0d,0x94,0xc6,0x39,0xec,0x83,0x79,0xff,0x17,0xff,0x38,0xff,0x38,0xff,
    0x38,0xff,0x38,0xff,0x38,0xff,0x38,0xff,0x38,0xff,0xf7,0xf6,0xc5,0x39,0x23,0x21,0x43,0x29,0x68,0x4a,0x4b,0x6b,0x4b,0x6b,
    0xcd,0x7b,0x4b,0x6b,0xe2,0x18,0xa2,0x10,0xf3,0xcd,0xf0,0xac,0xa2,0x10,0x85,0x31,0x64,0x29,0xc5,0x39,0x23,0x21,0x23,0x21,
    0x44,0x29,0x03,0x21,0xa2,0x10,0xd9,0xde,0x4f,0x8c,0xe3,0x18,0x3a,0xef,0xdc,0xff,0x9b,0xf7,0x9b,0xf7,0xfd,0xff,0xf2,0x9c,
    0x03,0x21,0x03,0x21,0x90,0x94,0xfe,0xff,0x48,0x4a,0x44,0x29,0x27,0x4a,0x7b,0xf7,0xbc,0xff,0xbc,0xff,0xbc,0xff,0xbc,0xff,
    0xbc,0xff,0xbc,0xff,0xbb,0xff,0x9a,0xf7,0x7b,0xf7,0x0b,0x63,0xc1,0x18,0x44,0x29,0xe6,0x39,0xe9,0x5a,0xa8,0x52,0x88,0x52,
    0xa8,0x52,0xc5,0x39,0x03,0x21,0x68,0x4a,0xa8,0x52,0xa8,0x52,0xe9,0x5a,0x06,0x42,0xc2,0x18,0xc2,0x18,0x76,0xd6,0xfe,0xff,
    0x2f,0x84,0x03,0x21,0xa8,0x52,0x47,0x4a,0x67,0x4a,0xc8,0x52,0x64,0x29,0x07,0x42,0xbc,0xff,0xd8,0xde,0x44,0x29,0x4a,0x63,
    0x44,0x29,0x88,0x52,0x09,0x5b,0xe9,0x5a,0xe9,0x5a,0xe9,0x5a,0xc8,0x5a,0xa5,0x31,0xc2,0x18,0x85,0x31,0xe9,0x5a,0xc8,0x52,
    0xc8,0x52,0xe9,0x5a,0xc6,0x39,0x03,0x21,0x64,0x29,0xc8,0x52,0xa8,0x52,0xe9,0x5a,0x88,0x52,0x81,0x10,0x6c,0x73,0xfc,0xff,
    0x9b,0xf7,0xbc,0xff,0xbc,0xff,0xbb,0xff,0xbc,0xff,0x59,0xef,0x34,0xbe,0x74,0xc6,0xae,0x8c,0x6a,0x63,0x8a,0x63,0x8a,0x63,
    0xaa,0x6b,0x8a,0x63,0x8a,0x6b,0x8a,0x6b,0xeb,0x73,0x6e,0x84,0xcb,0x6b,0xab,0x6b,0xaa,0x6b,0x49,0x5b,0x30,0x9d,0x91,0xad,
    0x49,0x5b,0xaa,0x6b,0x8a,0x63,0x8a,0x63,0x8a,0x63,0x8a,0x6b,0x29,0x5b,0x49,0x5b,0x3a,0xef,0xdc,0xff,0xbc,0xff,0xbc,0xff,
    0xbc,0xff,0xbc,0xff,0xdc,0xff,0x19,0xe7,0xc8,0x52,0x29,0x5b,0x8a,0x6b,0x8a,0x63,0xca,0x6b,0xcb,0x73,0x8a,0x6b,0x29,0x5b,
    0x8a,0x63,0x8a,0x6b,0x49,0x5b,0x31,0x9d,0xdc,0xff,0x9b,0xf7,0x9a,0xf7,0x9b,0xf7,0xd3,0xb5,0xeb,0x73,0x6d,0x84,0xeb,0x73,
    0x55,0xc6,0xdc,0xff,0x9b,0xf7,0xbb,0xff,0xbc,0xff,0x98,0xd6,0xf2,0x9c,0xe6,0x39,0x23,0x21,0x06,0x42,0x06,0x42,0x26,0x4a,
    0x27,0x4a,0x06,0x42,0x47,0x4a,0x98,0xd6,0xfe,0xff,0x4f,0x8c,0xe5,0x39,0x88,0x52,0x67,0x52,0x47,0x4a,0x67,0x4a,0x47,0x4a,
    0x23,0x21,0x23,0x21,0x24,0x29,0x24,0x21,0x03,0x21,0xa5,0x39,0x27,0x4a,0x23,0x21,0x24,0x21,0x44,0x29,0x03,0x21,0x47,0x4a,
    0x06,0x42,0x03,0x21,0xe6,0x39,0x88,0x52,0x88,0x52,0x88,0x52,0x88,0x52,0xc5,0x39,0x23,0x21,0x23,0x29,0x23,0x21,0xe6,0x41,
    0x88,0x52,0x67,0x52,0x06,0x42,0x03,0x21,0x03,0x21,0xe6,0x39,0x27,0x4a,0xa8,0x5a,0xf2,0xdd,0x17,0xff,0xab,0x7b,0x85,0x31,
    0x4a,0x73,0xf6,0xee,0x17,0xff,0x7a,0xff,0xed,0x83,0x64,0x31,0x6f,0x9c,0x18,0xf7,0x38,0xff,0x38,0xff,0x38,0xff,0x38,0xff,
    0x38,0xff,0x38,0xff,0x38,0xff,0x38,0xff,0x79,0xff,0xd3,0xcd,0xe2,0x18,0xc2,0x18,0x94,0xb5,0x3a,0xef,0x2b,0x63,0xc6,0x39,
    0xf2,0xa4,0xfe,0xff,0xd1,0x9c,0x20,0x00,0xf1,0xac,0x14,0xd6,0xe2,0x18,0x64,0x29,0x44,0x29,0x03,0x21,0xe2,0x18,0x03,0x21,
    0x03,0x21,0xa2,0x10,0x81,0x10,0x48,0x4a,0xea,0x5a,0xa2,0x18,0x3a,0xef,0xbc,0xff,0x9b,0xff,0x9b,0xf7,0xfd,0xff,0xd1,0x9c,
    0xe2,0x20,0x64,0x29,0x47,0x4a,0xcd,0x7b,0xc5,0x39,0x44,0x29,0x27,0x42,0x7b,0xf7,0xbc,0xff,0xbc,0xff,0xbc,0xff,0xbc,0xff,
    0xbc,0xff,0xbc,0xff,0xbb,0xff,0x9b,0xf7,0x89,0x52,0x23,0x21,0x23,0x21,0x47,0x42,0xa8,0x52,0xc8,0x52,0xa8,0x52,0xc9,0x5a,
    0x67,0x4a,0x23,0x21,0x67,0x4a,0xc8,0x52,0xa8,0x52,0xa8,0x52,0xc9,0x5a,0xe6,0x39,0xe3,0x18,0xa2,0x10,0xd1,0x9c,0x36,0xc6,
    0x23,0x21,0x85,0x31,0x68,0x4a,0x47,0x4a,0x47,0x4a,0x88,0x52,0x85,0x31,0xec,0x7b,0x6b,0x6b,0x0a,0x63,0x84,0x31,0x10,0x9d,
    0x23,0x21,0x88,0x52,0x09,0x5b,0xc8,0x52,0xa8,0x52,0x88,0x52,0x44,0x29,0xc2,0x18,0x44,0x29,0xa8,0x52,0xe9,0x5a,0xc8,0x5a,
    0xa8,0x52,0xe9,0x5a,0xa5,0x39,0xa5,0x31,0xa8,0x52,0xa8,0x52,0xa8,0x52,0xc9,0x5a,0x67,0x4a,0x40,0x08,0xac,0x73,0xff,0xff,
    0xbc,0xff,0xbc,0xff,0xbc,0xff,0xbb,0xff,0xbc,0xff,0x59,0xef,0x34,0xbe,0x54,0xc6,0x13,0xbe,0xf3,0xb5,0xeb,0x73,0x6a,0x63,
    0x6a,0x63,0x4a,0x63,0x6a,0x63,0x8a,0x6b,0x8a,0x63,0x34,0xbe,0x50,0xa5,0x69,0x63,0xab,0x6b,0x8a,0x63,0xec,0x73,0xab,0x6b,
    0xaa,0x6b,0x8a,0x6b,0x8a,0x63,0x6a,0x63,0x8a,0x63,0x6a,0x63,0x09,0x5b,0x29,0x5b,0x3a,0xef,0xdc,0xff,0xbc,0xff,0xbc,0xff,
    0xbc,0xff,0xbc,0xff,0xdc,0xff,0x3a,0xe7,0xa8,0x52,0x4e,0x84,0xf8,0xde,0x96,0xd6,0xb7,0xd6,0xd8,0xde,0xb7,0xd6,0x96,0xd6,
    0x96,0xd6,0x96,0xd6,0x76,0xd6,0x19,0xe7,0x39,0xe7,0x34,0xc6,0x54,0xc6,0x75,0xc6,0x96,0xce,0x97,0xce,0x6d,0x84,0xca,0x6b,
    0x55,0xce,0xdc,0xff,0x9b,0xf7,0x9b,0xf7,0xff,0xff,0xb1,0x9c,0x00,0x00,0x4f,0x8c,0x4b,0x6b,0xe6,0x41,0x27,0x4a,0x06,0x42,
    0xc5,0x39,0xa2,0x10,0x53,0xad,0xbd,0xff,0x6d,0x6b,0xc9,0x5a,0x47,0x4a,0x67,0x52,0x67,0x52,0x67,0x52,0x47,0x4a,0x64,0x29,
    0x23,0x21,0x23,0x21,0x23,0x21,0x44,0x29,0x03,0x21,0xa5,0x39,0x88,0x52,0x26,0x42,0x44,0x29,0x23,0x21,0x23,0x21,0x84,0x31,
    0x47,0x4a,0x64,0x29,0x03,0x21,0xa8,0x5a,0xa8,0x5a,0xa8,0x52,0xa8,0x5a,0x64,0x29,0x03,0x21,0x23,0x21,0x06,0x42,0x67,0x52,
    0x88,0x52,0xe6,0x39,0x43,0x29,0x23,0x21,0x23,0x21,0x47,0x4a,0x06,0x42,0x29,0x6b,0x37,0xff,0xcc,0x8b,0x26,0x4a,0x6b,0x73,
    0x96,0xde,0x37,0xff,0x17,0xff,0x58,0xff,0x55,0xde,0x92,0xc5,0x96,0xe6,0x58,0xff,0x38,0xff,0x38,0xff,0x38,0xff,0x38,0xff,
    0x38,0xff,0x38,0xff,0x38,0xff,0x38,0xff,0xb9,0xff,0x31,0xb5,0x85,0x31,0xd4,0xbd,0x5a,0xf7,0xca,0x5a,0xc2,0x18,0xc2,0x18,
    0xa5,0x31,0x48,0x4a,0x6b,0x73,0xb3,0xc5,0x75,0xe6,0xf7,0xf6,0xc5,0x39,0x44,0x29,0xa5,0x39,0xe2,0x18,0x6e,0x9c,0x14,0xce,
    0xb3,0xc5,0x72,0xbd,0xaf,0xa4,0xc2,0x18,0x27,0x42,0x57,0xce,0x7b,0xf7,0xbb,0xff,0xbb,0xff,0x9b,0xf7,0xfc,0xff,0xb1,0x9c,
    0x23,0x21,0xc5,0x39,0x64,0x31,0x23,0x29,0xa5,0x31,0x64,0x31,0x48,0x4a,0x7b,0xf7,0xbc,0xff,0xbb,0xff,0xbc,0xff,0xbc,0xff,
    0xbc,0xff,0x9b,0xff,0xfd,0xff,0xbb,0xf7,0x64,0x31,0x64,0x29,0x27,0x42,0x88,0x52,0xa8,0x52,0xa8,0x52,0xc8,0x5a,0xe9,0x5a,
    0xc5,0x31,0x23,0x21,0xa8,0x52,0xa8,0x52,0xa8,0x52,0xa8,0x52,0x88,0x52,0x44,0x29,0x03,0x21,0x03,0x21,0x6b,0x6b,0x31,0xa5,
    0x10,0x9d,0xc9,0x5a,0xa5,0x31,0xa8,0x52,0x88,0x52,0x64,0x29,0x88,0x52,0xb6,0xd6,0xf3,0xbd,0xf0,0x9c,0x44,0x29,0x72,0xad,
    0x44,0x29,0xa8,0x52,0x09,0x5b,0xc8,0x52,0x44,0x21,0xe3,0x20,0x06,0x42,0x47,0x4a,0x47,0x4a,0xc9,0x52,0xc8,0x5a,0xc8,0x5a,
    0xc9,0x5a,0x68,0x4a,0x03,0x21,0xa5,0x31,0x09,0x63,0xc8,0x52,0xa8,0x52,0xc8,0x52,0xa8,0x52,0x06,0x42,0xe6,0x39,0xa9,0x52,
    0x37,0xce,0xfd,0xff,0x9b,0xf7,0xbb,0xff,0xbc,0xff,0x59,0xef,0x33,0xbe,0x54,0xc6,0x54,0xc6,0x75,0xc6,0xb2,0xad,0x91,0xa5,
    0xb2,0xad,0xef,0x94,0x4a,0x63,0x8a,0x6b,0xaa,0x6b,0x4d,0x7c,0x91,0xad,0xef,0x94,0x8a,0x6b,0xaa,0x6b,0x09,0x5b,0x29,0x5b,
    0x8a,0x63,0xaa,0x6b,0xaa,0x6b,0x4a,0x63,0x29,0x5b,0x30,0xa5,0xec,0x73,0xe8,0x52,0x5a,0xef,0xdc,0xff,0xbc,0xff,0xbc,0xff,
    0xbc,0xff,0xbc,0xff,0xdc,0xff,0x3a,0xef,0xa7,0x4a,0x8f,0x8c,0xfe,0xff,0xdc,0xff,0xdc,0xff,0xdc,0xff,0xdc,0xff,0xdc,0xff,
    0xdc,0xff,0xdc,0xff,0xdc,0xff,0xdc,0xff,0x39,0xe7,0xd2,0xad,0xf2,0xb5,0xd2,0xb5,0xb6,0xd6,0x9c,0xff,0x2c,0x7c,0x89,0x63,
    0x55,0xce,0xdc,0xff,0x9b,0xff,0x9b,0xf7,0xd1,0x9c,0x6c,0x73,0x4c,0x6b,0xf9,0xde,0xcd,0x7b,0xc5,0x39,0x47,0x4a,0xc5,0x39,
    0x44,0x29,0x8c,0x73,0x19,0xe7,0x9b,0xf7,0x85,0x31,0x47,0x4a,0x67,0x52,0x67,0x52,0x67,0x52,0x88,0x52,0x47,0x4a,0x23,0x21,
    0x23,0x21,0x23,0x21,0x23,0x21,0x23,0x29,0x03,0x21,0xc5,0x39,0xa8,0x5a,0x67,0x52,0x44,0x29,0x23,0x21,0x44,0x29,0x23,0x21,
    0x47,0x4a,0x06,0x42,0x64,0x29,0xe6,0x39,0x67,0x52,0xa8,0x5a,0x06,0x42,0x44,0x29,0x23,0x21,0x03,0x21,0x27,0x4a,0x88,0x52,
    0x88,0x52,0xa5,0x39,0xe3,0x18,0x03,0x21,0x85,0x31,0x47,0x4a,0x09,0x6b,0xf0,0xac,0x6e,0x9c,0x64,0x31,0x09,0x63,0xd3,0xcd,
    0xba,0xff,0x37,0xff,0x17,0xff,0x38,0xff,0x79,0xff,0x99,0xff,0x38,0xff,0x37,0xff,0x38,0xff,0x38,0xff,0x38,0xff,0x38,0xff,
    0x38,0xff,0x38,0xff,0x38,0xff,0x38,0xff,0x79,0xff,0xf4,0xcd,0x2e,0x8c,0xfd,0xff,0x19,0xef,0x64,0x29,0x23,0x21,0x44,0x29,
    0x23,0x21,0xa2,0x10,0x65,0x29,0xd3,0xc5,0x57,0xff,0x17,0xff,0x47,0x4a,0x23,0x21,0xe6,0x41,0x03,0x21,0xf4,0xcd,0xfb,0xff,
    0x78,0xff,0xda,0xff,0xb6,0xe6,0xa2,0x10,0xc6,0x39,0x73,0xad,0x9b,0xf7,0xbb,0xff,0xbb,0xff,0x9b,0xf7,0xfc,0xff,0xb0,0x94,
    0xe2,0x18,0xc5,0x39,0x85,0x31,0xa5,0x31,0xa5,0x31,0x44,0x29,0x06,0x42,0x7b,0xf7,0xbc,0xff,0xbb,0xff,0xbc,0xff,0xbc,0xff,
    0xbb,0xff,0xdc,0xff,0xd9,0xde,0x0e,0x84,0x23,0x21,0xc5,0x39,0xa8,0x52,0xe6,0x39,0x88,0x52,0xa8,0x52,0xc8,0x5a,0xe9,0x5a,
    0xc5,0x39,0x23,0x21,0xa5,0x31,0x27,0x42,0xc9,0x5a,0xc8,0x5a,0x67,0x4a,0x03,0x21,0x03,0x21,0xc9,0x5a,0x06,0x42,0xd0,0x94,
    0xbb,0xf7,0x52,0xa5,0x64,0x29,0xc5,0x39,0x06,0x3a,0xe2,0x18,0x6f,0x94,0xfc,0xff,0xda,0xff,0x0e,0x84,0x44,0x29,0xd4,0xbd,
    0x44,0x29,0x88,0x52,0x09,0x5b,0xc8,0x52,0xa5,0x31,0x64,0x29,0xc5,0x39,0x88,0x4a,0xc8,0x52,0xa8,0x52,0xc8,0x5a,0xe9,0x5a,
    0xe9,0x5a,0x47,0x42,0xc2,0x18,0xa5,0x31,0x2a,0x63,0xc8,0x5a,0xc8,0x52,0xa8,0x52,0xc8,0x52,0xe9,0x5a,0x64,0x29,0x81,0x10,
    0x54,0xad,0xfd,0xff,0x9b,0xf7,0x9b,0xff,0xbc,0xff,0x59,0xef,0x34,0xc6,0x54,0xc6,0x54,0xc6,0x54,0xc6,0x74,0xc6,0x94,0xc6,
    0xd2,0xad,0x30,0x9d,0xcb,0x73,0xcb,0x6b,0x0c,0x7c,0x29,0x5b,0x50,0x9d,0x91,0xad,0x6a,0x63,0xaa,0x6b,0x6d,0x84,0x0c,0x7c,
    0x29,0x5b,0x49,0x5b,0x0c,0x74,0xef,0x94,0xae,0x8c,0x54,0xc6,0x2c,0x7c,0xe8,0x52,0x5a,0xef,0xdc,0xff,0xbc,0xff,0xbc,0xff,
    0xbc,0xff,0x9b,0xff,0xdc,0xff,0x3a,0xef,0xa8,0x52,0x6e,0x8c,0xdc,0xff,0x9b,0xf7,0x7a,0xf7,0x7a,0xf7,0x7a,0xf7,0x7a,0xf7,
    0x7a,0xf7,0x7b,0xf7,0x9b,0xf7,0xbc,0xff,0x18,0xe7,0xf2,0xb5,0x13,0xbe,0x13,0xbe,0x96,0xce,0x9b,0xf7,0xae,0x8c,0x0b,0x74,
    0x96,0xd6,0xdc,0xff,0xbb,0xff,0x7a,0xf7,0x03,0x21,0x68,0x4a,0xff,0xff,0xd9,0xde,0xc9,0x5a,0xe6,0x41,0x06,0x42,0xe6,0x39,
    0xc9,0x5a,0xba,0xff,0x39,0xef,0x52,0xad,0x07,0x42,0x67,0x52,0x67,0x52,0x67,0x52,0x67,0x52,0x88,0x52,0x27,0x4a,0x23,0x21,
    0x23,0x21,0x23,0x21,0x23,0x21,0x24,0x29,0x44,0x29,0x27,0x4a,0xa8,0x5a,0x26,0x4a,0x23,0x21,0x23,0x21,0x23,0x29,0x23,0x21,
    0xc5,0x39,0x67,0x4a,0x47,0x4a,0xe2,0x18,0x26,0x42,0x88,0x52,0x23,0x21,0x23,0x21,0x23,0x21,0x23,0x21,0x06,0x42,0x67,0x52,
    0x88,0x52,0xa5,0x39,0x03,0x21,0x03,0x21,0xe6,0x39,0x27,0x4a,0x6e,0x9c,0x96,0xe6,0x88,0x52,0x88,0x5a,0x72,0xbd,0xf7,0xee,
    0x96,0xe6,0x18,0xf7,0x38,0xff,0x37,0xff,0x37,0xff,0x38,0xff,0x38,0xff,0x38,0xff,0x38,0xff,0x38,0xff,0x38,0xff,0x38,0xff,
    0x38,0xff,0x38,0xff,0x38,0xff,0x38,0xff,0x38,0xff,0x58,0xff,0xbb,0xff,0xbb,0xff,0x5a,0xef,0xa5,0x31,0x03,0x21,0x44,0x21,
    0x23,0x21,0x44,0x29,0x81,0x10,0xe9,0x62,0x78,0xff,0x38,0xff,0xab,0x7b,0x23,0x21,0xc5,0x39,0x44,0x29,0x92,0xc5,0x17,0xf7,
    0x95,0xee,0x18,0xf7,0xb6,0xe6,0xa8,0x5a,0xe2,0x18,0x03,0x21,0x1a,0xe7,0xdc,0xff,0x9b,0xff,0x9b,0xf7,0xfc,0xff,0x73,0xb5,
    0x88,0x52,0xa5,0x39,0x64,0x31,0xa5,0x31,0x84,0x31,0xe6,0x41,0x0e,0x84,0x9b,0xf7,0xbc,0xff,0xbb,0xff,0xbc,0xff,0xbc,0xff,
    0x9b,0xf7,0xfd,0xff,0x94,0xb5,0x40,0x08,0x03,0x21,0x06,0x42,0xa8,0x52,0x64,0x29,0x88,0x52,0xa8,0x52,0xa8,0x52,0xc9,0x5a,
    0xc9,0x5a,0xa5,0x31,0xe2,0x18,0x03,0x21,0xa5,0x31,0xe9,0x5a,0x88,0x52,0x03,0x21,0xe3,0x18,0x11,0xa5,0x44,0x29,0x70,0x8c,
    0xfe,0xff,0x9b,0xf7,0xa5,0x39,0xe3,0x18,0x64,0x29,0x03,0x21,0x15,0xc6,0xfc,0xff,0xbb,0xff,0x27,0x42,0x07,0x42,0x57,0xce,
    0x23,0x21,0x88,0x52,0xe9,0x5a,0xc8,0x52,0xc9,0x5a,0xc9,0x5a,0x85,0x31,0xa5,0x31,0x27,0x42,0xa8,0x52,0xc8,0x5a,0xe9,0x5a,
    0xa8,0x52,0xc6,0x39,0xe3,0x18,0xc6,0x39,0x09,0x5b,0xc8,0x5a,0xc9,0x5a,0xc8,0x52,0xc9,0x5a,0xc8,0x52,0x85,0x31,0xe2,0x18,
    0x54,0xad,0xfd,0xff,0x9b,0xf7,0x9b,0xff,0xbc,0xff,0x59,0xef,0x54,0xc6,0x54,0xc6,0x54,0xc6,0x74,0xc6,0x54,0xc6,0x51,0xa5,
    0xcb,0x6b,0xaa,0x6b,0xcb,0x6b,0x8e,0x84,0x75,0xc6,0x0c,0x7c,0x6d,0x84,0xce,0x94,0x49,0x5b,0x6d,0x84,0x74,0xc6,0x6d,0x84,
    0x29,0x5b,0x0c,0x7c,0x30,0x9d,0xb6,0xce,0x75,0xc6,0x95,0xce,0x0c,0x74,0xe8,0x52,0x5a,0xef,0xdc,0xff,0xbc,0xff,0xbc,0xff,
    0xbc,0xff,0xbc,0xff,0xdc,0xff,0x3a,0xef,0x09,0x5b,0x2d,0x7c,0x95,0xce,0x34,0xc6,0x33,0xbe,0x33,0xbe,0x34,0xbe,0x34,0xc6,
    0x34,0xc6,0x54,0xc6,0x75,0xc6,0x34,0xc6,0x13,0xbe,0xf3,0xb5,0x13,0xbe,0x13,0xbe,0xb6,0xce,0xbc,0xff,0x7a,0xf7,0x7a,0xf7,
    0x9b,0xf7,0xbb,0xff,0xbb,0xff,0x7a,0xf7,0xa5,0x31,0xca,0x5a,0xfe,0xff,0x0b,0x63,0xa5,0x39,0x47,0x4a,0x44,0x29,0x4b,0x6b,
    0xdc,0xff,0xdc,0xff,0x53,0xad,0xa2,0x10,0x47,0x4a,0x88,0x52,0x67,0x52,0x67,0x52,0x67,0x4a,0x88,0x52,0xe6,0x39,0x23,0x21,
    0x23,0x21,0x23,0x21,0x23,0x21,0x24,0x21,0x64,0x31,0x88,0x52,0x88,0x52,0xc5,0x39,0x03,0x21,0x44,0x29,0x23,0x21,0x23,0x21,
    0xe3,0x18,0xe6,0x41,0xa8,0x52,0x23,0x21,0x06,0x42,0x67,0x52,0x03,0x21,0x23,0x21,0x23,0x21,0x64,0x29,0x47,0x4a,0x68,0x52,
    0xe6,0x39,0x43,0x29,0x23,0x21,0xc5,0x39,0xc5,0x39,0x09,0x6b,0x91,0xd5,0xd3,0xcd,0x59,0xff,0xb2,0xbd,0x88,0x52,0x23,0x21,
    0x23,0x29,0xac,0x83,0x7a,0xff,0x37,0xff,0x37,0xff,0x38,0xff,0x38,0xff,0x38,0xff,0x38,0xff,0x38,0xff,0x38,0xff,0x38,0xff,
    0x38,0xff,0x38,0xff,0x38,0xff,0x38,0xff,0x38,0xff,0x17,0xff,0x7a,0xff,0xdc,0xff,0x5b,0xef,0xa5,0x31,0xe3,0x18,0x23,0x21,
    0x23,0x21,0x23,0x21,0xe2,0x18,0xe9,0x62,0x79,0xff,0x38,0xff,0xf8,0xf6,0xa5,0x39,0x64,0x29,0xc6,0x39,0x4d,0x9c,0x30,0xc5,
    0xae,0xb4,0xb1,0xd5,0x78,0xff,0x96,0xe6,0x85,0x31,0x03,0x21,0xf6,0xbd,0xfd,0xff,0x9b,0xf7,0x9b,0xff,0x9b,0xf7,0xdc,0xff,
    0x5b,0xef,0xc6,0x39,0x64,0x29,0xc6,0x39,0x23,0x21,0x12,0xa5,0xfe,0xff,0x9b,0xf7,0xbc,0xff,0xbc,0xff,0xbc,0xff,0xbc,0xff,
    0x9b,0xf7,0xfd,0xff,0xb5,0xbd,0xc2,0x18,0x64,0x29,0xa8,0x52,0x88,0x52,0x85,0x31,0xa8,0x52,0xa8,0x52,0xa8,0x52,0xa8,0x52,
    0xc8,0x5a,0xe9,0x5a,0x85,0x31,0xc2,0x18,0x44,0x29,0xe9,0x5a,0xa8,0x52,0x23,0x21,0xe3,0x18,0x73,0xad,0x84,0x29,0x6f,0x8c,
    0xfd,0xff,0x7a,0xf7,0x07,0x42,0x06,0x42,0xa9,0x52,0x84,0x31,0x53,0xad,0xfc,0xff,0xbb,0xff,0xc9,0x5a,0x88,0x52,0x58,0xce,
    0x03,0x21,0x67,0x4a,0xe9,0x5a,0xc8,0x52,0xc8,0x5a,0xe9,0x5a,0x2a,0x63,0x06,0x42,0x23,0x21,0xc8,0x52,0xc8,0x5a,0xe9,0x5a,
    0x26,0x42,0x03,0x21,0xa5,0x31,0xa8,0x52,0xc8,0x5a,0xc8,0x5a,0xc9,0x5a,0xc9,0x5a,0xc9,0x5a,0xc8,0x52,0x64,0x29,0x81,0x10,
    0x94,0xb5,0xfd,0xff,0x7a,0xf7,0x9b,0xff,0xbc,0xff,0x59,0xef,0x54,0xc6,0x54,0xc6,0x54,0xc6,0x34,0xbe,0x30,0x9d,0x6a,0x63,
    0x8a,0x6b,0xcb,0x6b,0xcb,0x6b,0x2c,0x7c,0x34,0xbe,0x74,0xc6,0xcb,0x73,0x29,0x5b,0x29,0x5b,0x91,0xad,0xd2,0xad,0x29,0x5b,
    0xcb,0x6b,0x53,0xc6,0x54,0xc6,0x34,0xbe,0x34,0xbe,0x95,0xce,0x2c,0x7c,0xe8,0x52,0x5a,0xef,0xdc,0xff,0xbc,0xff,0xbc,0xff,
    0xbc,0xff,0xbc,0xff,0xdc,0xff,0x3a,0xef,0x09,0x5b,0x6e,0x8c,0x39,0xe7,0xd7,0xde,0x13,0xbe,0x13,0xbe,0x13,0xbe,0x33,0xbe,
    0x34,0xc6,0x54,0xc6,0x75,0xc6,0xd6,0xd6,0x54,0xc6,0xf3,0xb5,0x13,0xbe,0x13,0xbe,0x39,0xe7,0xbb,0xff,0x9b,0xff,0xbb,0xff,
    0xbb,0xff,0x9b,0xff,0xbb,0xff,0x7b,0xf7,0xa5,0x31,0xc9,0x5a,0xfd,0xff,0x2b,0x63,0xa5,0x31,0x67,0x52,0x03,0x21,0x0a,0x63,
    0xdb,0xff,0xfe,0xff,0xf6,0xc5,0x03,0x21,0x47,0x4a,0x67,0x52,0x67,0x52,0x67,0x52,0x67,0x52,0xc5,0x39,0x44,0x29,0x24,0x21,
    0x23,0x21,0x23,0x21,0x23,0x21,0x23,0x21,0x64,0x29,0x88,0x52,0x67,0x52,0x44,0x29,0x23,0x21,0x23,0x21,0x23,0x21,0x23,0x21,
    0x23,0x21,0x64,0x29,0xe6,0x39,0x88,0x52,0xc5,0x39,0x44,0x21,0x23,0x21,0x23,0x21,0x03,0x21,0x64,0x29,0x88,0x52,0x68,0x52,
    0x85,0x31,0xe3,0x18,0x84,0x31,0xa5,0x39,0x2d,0x94,0x34,0xde,0x37,0xff,0x92,0xc5,0xe6,0x39,0x23,0x21,0xc2,0x18,0xa1,0x10,
    0xe2,0x18,0x85,0x31,0x84,0x31,0x72,0xbd,0x99,0xff,0x38,0xff,0x38,0xff,0x38,0xff,0x38,0xff,0x38,0xff,0x38,0xff,0x38,0xff,
    0x38,0xff,0x38,0xff,0x38,0xff,0x38,0xff,0x38,0xff,0x37,0xff,0x7a,0xff,0xbc,0xff,0xbc,0xf7,0x27,0x42,0xe2,0x18,0x23,0x21,
    0x03,0x21,0x23,0x21,0xe2,0x18,0xc9,0x5a,0x79,0xff,0x38,0xff,0xf7,0xf6,0x23,0x21,0x03,0x21,0xe6,0x41,0x26,0x4a,0xcf,0xb4,
    0x70,0xd5,0x91,0xd5,0x57,0xff,0x55,0xde,0x85,0x29,0xe2,0x18,0xf5,0xbd,0xfd,0xff,0x9b,0xf7,0x9b,0xff,0xbb,0xff,0xbc,0xff,
    0x7b,0xf7,0xf9,0xde,0x8c,0x73,0xc2,0x18,0xf5,0xbd,0x7b,0xf7,0x9b,0xf7,0xbb,0xff,0xbc,0xff,0xbc,0xff,0xbc,0xff,0xbc,0xff,
    0x9b,0xff,0xfe,0xff,0x4b,0x6b,0xc2,0x18,0x06,0x42,0x88,0x52,0x67,0x4a,0x23,0x21,0x27,0x42,0xc9,0x5a,0x88,0x52,0xa8,0x52,
    0x47,0x4a,0x64,0x29,0x64,0x29,0xe6,0x39,0x68,0x4a,0xc9,0x52,0x88,0x52,0x03,0x21,0xc2,0x18,0x57,0xce,0x50,0x8c,0x03,0x19,
    0xb4,0xb5,0xfc,0xff,0x68,0x4a,0x27,0x42,0x88,0x52,0x47,0x4a,0x27,0x42,0x97,0xd6,0x39,0xef,0x64,0x31,0x73,0xad,0xb8,0xd6,
    0xc2,0x18,0x67,0x4a,0xe9,0x5a,0xc8,0x52,0xc8,0x5a,0xc8,0x5a,0x2a,0x63,0x06,0x42,0x24,0x29,0xe9,0x5a,0xc8,0x5a,0xc9,0x5a,
    0xc5,0x39,0xe3,0x18,0xe6,0x39,0xe9,0x5a,0xc8,0x52,0xc8,0x52,0xc9,0x5a,0xc8,0x52,0xc8,0x52,0xc8,0x52,0x47,0x4a,0x03,0x21,
    0x0a,0x63,0x15,0xc6,0xbb,0xff,0x9b,0xf7,0xbc,0xff,0x5a,0xef,0x54,0xc6,0x54,0xc6,0x75,0xce,0x91,0xa5,0x6a,0x63,0xaa,0x6b,
    0x6a,0x63,0xaa,0x6b,0xaa,0x6b,0xae,0x8c,0x75,0xce,0x95,0xce,0x8e,0x8c,0x29,0x5b,0x29,0x5b,0xb2,0xad,0xef,0x94,0xab,0x6b,
    0xf2,0xb5,0x33,0xbe,0x33,0xbe,0x54,0xc6,0x54,0xc6,0x95,0xce,0x0c,0x7c,0xc8,0x52,0x5a,0xef,0xdc,0xff,0xbc,0xff,0xbc,0xff,
    0xbc,0xff,0xbc,0xff,0xdc,0xff,0x3a,0xef,0xe8,0x52,0x8f,0x8c,0xfd,0xff,0x9b,0xff,0x7a,0xf7,0x7a,0xf7,0x9b,0xf7,0x9b,0xf7,
    0x9b,0xf7,0x9b,0xf7,0x9b,0xf7,0xdc,0xff,0x18,0xe7,0xf3,0xb5,0x33,0xbe,0x13,0xbe,0x59,0xef,0xbb,0xff,0x9b,0xff,0x9b,0xff,
    0xbb,0xff,0x9b,0xff,0xbc,0xff,0x7b,0xf7,0x65,0x29,0x88,0x52,0xdb,0xff,0xc9,0x5a,0x85,0x31,0xe6,0x41,0x4b,0x6b,0xd5,0xbd,
    0xdb,0xff,0x15,0xc6,0xee,0x7b,0x64,0x29,0x67,0x4a,0x67,0x4a,0x67,0x52,0x67,0x52,0x88,0x52,0x64,0x29,0x03,0x21,0x24,0x21,
    0x23,0x21,0x23,0x21,0x23,0x21,0x03,0x21,0xc5,0x39,0x88,0x52,0x47,0x4a,0x44,0x29,0x44,0x29,0x23,0x21,0x23,0x21,0x23,0x21,
    0x23,0x29,0x23,0x21,0x84,0x31,0xc8,0x5a,0x47,0x4a,0xa5,0x31,0x23,0x21,0x03,0x21,0x23,0x21,0x06,0x42,0xa8,0x5a,0x27,0x4a,
    0x03,0x21,0x64,0x29,0xe6,0x41,0xec,0x8b,0x34,0xde,0xb9,0xff,0xd3,0xcd,0x88,0x52,0xc2,0x18,0x03,0x21,0x47,0x4a,0xc9,0x5a,
    0x23,0x21,0xe3,0x18,0xea,0x5a,0x97,0xde,0x79,0xff,0x37,0xff,0x38,0xff,0x38,0xff,0x38,0xff,0x38,0xff,0x38,0xff,0x38,0xff,
    0x38,0xff,0x38,0xff,0x38,0xff,0x38,0xff,0x38,0xff,0x38,0xff,0x59,0xff,0x9b,0xff,0xfe,0xff,0x2b,0x63,0x81,0x10,0x23,0x21,
    0x23,0x21,0x44,0x29,0xe2,0x18,0x67,0x52,0x59,0xff,0x18,0xff,0xf6,0xf6,0x0d,0x8c,0xa5,0x39,0xa5,0x31,0xe6,0x41,0xce,0xb4,
    0xb1,0xdd,0x13,0xe6,0x58,0xff,0x55,0xde,0x64,0x29,0xc2,0x18,0xd5,0xbd,0xfc,0xff,0x9b,0xf7,0xbb,0xff,0xbb,0xff,0xbb,0xff,
    0x9b,0xff,0xfd,0xff,0x16,0xc6,0x6f,0x8c,0x7b,0xf7,0xdc,0xff,0x9b,0xff,0xbc,0xff,0xbb,0xff,0xbc,0xff,0xbc,0xff,0x9b,0xff,
    0xdc,0xff,0x90,0x94,0x44,0x29,0xa5,0x31,0xa8,0x52,0x88,0x52,0x68,0x4a,0x44,0x29,0x85,0x31,0xe9,0x5a,0xa8,0x52,0xa8,0x52,
    0xa5,0x31,0x03,0x21,0xc9,0x5a,0xe9,0x5a,0xc9,0x5a,0xc9,0x5a,0xa8,0x52,0x24,0x21,0xc2,0x18,0xf9,0xde,0xb4,0xb5,0x00,0x00,
    0x33,0xad,0x9b,0xf7,0x06,0x42,0x47,0x4a,0x68,0x4a,0x88,0x4a,0x03,0x21,0x77,0xd6,0xb4,0xbd,0xe2,0x18,0xf8,0xe6,0x77,0xd6,
    0xc2,0x18,0x87,0x52,0xe9,0x5a,0xc8,0x5a,0xc8,0x5a,0xe9,0x5a,0x47,0x4a,0xa5,0x31,0x47,0x4a,0xe9,0x5a,0xa8,0x52,0xc9,0x5a,
    0xc5,0x39,0xe3,0x18,0xe6,0x39,0xe9,0x5a,0xc8,0x52,0xc9,0x5a,0xc8,0x52,0xc8,0x52,0xa8,0x52,0xa8,0x52,0xe9,0x5a,0xa5,0x31,
    0x20,0x00,0xea,0x5a,0xfd,0xff,0x9b,0xf7,0xbc,0xff,0x5a,0xef,0x54,0xbe,0x75,0xce,0x10,0x9d,0xab,0x6b,0xaa,0x6b,0x8a,0x63,
    0x2d,0x7c,0x6a,0x63,0x8a,0x6b,0xeb,0x73,0x4d,0x7c,0x4d,0x7c,0xcb,0x73,0x6a,0x63,0x4a,0x63,0xec,0x73,0xeb,0x73,0xaa,0x6b,
    0xec,0x73,0xeb,0x73,0xec,0x73,0xae,0x8c,0x54,0xc6,0x74,0xc6,0xec,0x73,0xe8,0x52,0x5a,0xef,0xdc,0xff,0xbc,0xff,0xbc,0xff,
    0xbc,0xff,0xbc,0xff,0xdc,0xff,0x3a,0xef,0xc8,0x52,0x4e,0x84,0xdc,0xff,0x9a,0xf7,0x7a,0xef,0x7b,0xf7,0x9b,0xf7,0x9b,0xf7,
    0x9b,0xf7,0x7a,0xef,0x7a,0xf7,0xbb,0xff,0x18,0xe7,0x13,0xb6,0x33,0xbe,0x13,0xbe,0x59,0xef,0xbb,0xff,0xbb,0xff,0xbc,0xff,
    0xbb,0xff,0x9b,0xff,0xbb,0xff,0x7b,0xf7,0x64,0x29,0xa9,0x52,0xfe,0xff,0xa9,0x5a,0x84,0x31,0x43,0x29,0x73,0xb5,0xff,0xff,
    0xfc,0xff,0x0a,0x63,0xe2,0x20,0x06,0x42,0x67,0x4a,0x47,0x4a,0x47,0x4a,0x67,0x52,0x47,0x4a,0x64,0x29,0x03,0x21,0x23,0x21,
    0x23,0x21,0x23,0x21,0x23,0x21,0x64,0x29,0x47,0x4a,0x88,0x52,0x06,0x42,0x44,0x29,0x24,0x21,0x23,0x21,0x23,0x21,0x23,0x21,
    0x44,0x29,0x44,0x29,0x44,0x29,0x06,0x42,0x67,0x4a,0x47,0x4a,0x03,0x21,0x23,0x21,0x84,0x31,0x47,0x4a,0x47,0x4a,0xc5,0x39,
    0x64,0x29,0x26,0x42,0x26,0x4a,0x75,0xe6,0x78,0xff,0xb6,0xe6,0x4b,0x73,0x81,0x08,0xa5,0x31,0x85,0x31,0xb5,0xbd,0x90,0x94,
    0xc2,0x18,0x03,0x21,0x16,0xc6,0xf8,0xe6,0x17,0xf7,0x38,0xff,0x38,0xff,0x38,0xff,0x38,0xff,0x38,0xff,0x38,0xff,0x38,0xff,
    0x38,0xff,0x38,0xff,0x38,0xff,0x38,0xff,0x38,0xff,0x38,0xff,0x37,0xff,0x7a,0xff,0xfd,0xff,0x70,0x94,0x44,0x29,0x03,0x21,
    0x23,0x21,0x23,0x21,0x44,0x29,0x6b,0x73,0x58,0xff,0x17,0xff,0xf6,0xfe,0xb9,0xff,0xc9,0x5a,0x64,0x29,0xe6,0x41,0x8d,0xac,
    0x90,0xd5,0x54,0xe6,0x59,0xff,0x55,0xde,0x44,0x29,0xc2,0x18,0xd5,0xbd,0xfd,0xff,0x9b,0xf7,0xbb,0xff,0xbb,0xff,0xbc,0xff,
    0xbb,0xff,0x9b,0xf7,0xdc,0xff,0xfd,0xff,0xbb,0xff,0xbb,0xff,0xbc,0xff,0xbb,0xff,0xbb,0xff,0xbc,0xff,0xbc,0xff,0x9b,0xf7,
    0xfd,0xff,0xa9,0x5a,0xc2,0x18,0x88,0x52,0xa8,0x52,0x27,0x4a,0x26,0x42,0x84,0x31,0x44,0x29,0x68,0x4a,0x47,0x4a,0x47,0x4a,
    0x64,0x29,0x03,0x21,0x88,0x4a,0xa8,0x52,0x67,0x4a,0x67,0x4a,0x67,0x4a,0x44,0x29,0xe2,0x18,0xb4,0xb5,0x90,0x94,0x20,0x00,
    0xb1,0x9c,0x74,0xb5,0x44,0x29,0x07,0x42,0xe6,0x39,0x06,0x42,0x44,0x29,0xb5,0xb5,0xce,0x7b,0xa2,0x10,0x56,0xce,0xb8,0xde,
    0xa2,0x10,0x67,0x4a,0xe9,0x5a,0xc8,0x5a,0xc9,0x5a,0xc9,0x5a,0x44,0x29,0x64,0x29,0x2a,0x63,0xe9,0x5a,0xc8,0x52,0xc8,0x5a,
    0xe6,0x39,0xe3,0x18,0xe6,0x39,0xe9,0x5a,0xc9,0x5a,0xc9,0x5a,0xc8,0x52,0xc8,0x52,0xa8,0x52,0xc8,0x52,0xe9,0x5a,0xa5,0x31,
    0x81,0x10,0x6c,0x6b,0xfc,0xff,0x9b,0xf7,0xbc,0xff,0x59,0xef,0x34,0xbe,0x95,0xce,0xae,0x8c,0x29,0x5b,0x0c,0x7c,0x4d,0x7c,
    0x91,0xad,0x6a,0x63,0x8a,0x6b,0x8a,0x63,0x6a,0x63,0x6a,0x63,0x6a,0x63,0x6a,0x63,0x6a,0x63,0x6a,0x63,0x8a,0x63,0x8a,0x63,
    0x49,0x5b,0x49,0x63,0x49,0x5b,0x2c,0x7c,0x34,0xbe,0x54,0xc6,0xec,0x73,0xe8,0x52,0x5a,0xef,0xdc,0xff,0xbb,0xff,0xbc,0xff,
    0xbc,0xff,0x9c,0xff,0xdc,0xff,0x3a,0xef,0xc8,0x52,0x2d,0x84,0xdc,0xff,0x7a,0xf7,0x54,0xc6,0x54,0xc6,0x54,0xc6,0x54,0xc6,
    0x54,0xc6,0x13,0xb6,0x75,0xce,0xbb,0xff,0x18,0xe7,0x13,0xb6,0x33,0xbe,0x13,0xbe,0x59,0xef,0xbc,0xff,0xbb,0xff,0xbb,0xff,
    0xbb,0xff,0x9b,0xff,0xbb,0xff,0x9c,0xf7,0xe6,0x39,0x07,0x42,0x33,0xad,0x27,0x42,0x85,0x31,0x03,0x21,0xf1,0xa4,0xfd,0xff,
    0xfd,0xff,0x2b,0x63,0x44,0x29,0x88,0x52,0x67,0x52,0x47,0x4a,0x47,0x4a,0x27,0x4a,0x44,0x29,0x24,0x21,0x23,0x21,0x23,0x21,
    0x23,0x21,0x03,0x21,0x64,0x29,0x88,0x52,0xa8,0x52,0x26,0x42,0x23,0x21,0x23,0x29,0x23,0x21,0x23,0x21,0x44,0x29,0x44,0x29,
    0x44,0x29,0x44,0x29,0x23,0x21,0xe2,0x18,0x85,0x31,0x06,0x42,0x23,0x21,0x84,0x31,0x88,0x52,0x67,0x4a,0x03,0x21,0x64,0x31,
    0xa8,0x5a,0xe6,0x41,0x85,0x31,0x95,0xee,0x78,0xff,0x2a,0x6b,0xa2,0x10,0x03,0x21,0xca,0x5a,0xdd,0xff,0x6c,0x73,0x81,0x10,
    0x44,0x29,0x43,0x29,0x03,0x21,0x23,0x21,0x75,0xde,0x79,0xff,0x38,0xff,0x38,0xff,0x38,0xff,0x38,0xff,0x38,0xff,0x38,0xff,
    0x38,0xff,0x38,0xff,0x38,0xff,0x38,0xff,0x38,0xff,0x38,0xff,0x37,0xff,0x37,0xff,0x79,0xff,0xfc,0xff,0xd1,0x9c,0xc2,0x18,
    0x64,0x29,0xe2,0x18,0x4a,0x6b,0x79,0xff,0x95,0xee,0x94,0xee,0x17,0xff,0x59,0xff,0xa9,0x5a,0x44,0x29,0x26,0x4a,0xae,0xb4,
    0x50,0xcd,0x54,0xe6,0x79,0xff,0x55,0xde,0x64,0x29,0xc2,0x18,0xf5,0xbd,0xfd,0xff,0x9b,0xf7,0xbb,0xff,0xbb,0xff,0xbb,0xff,
    0xbb,0xff,0xbb,0xff,0x9b,0xf7,0x9b,0xf7,0xbb,0xff,0xbc,0xff,0xbb,0xff,0xbb,0xff,0xbc,0xff,0xbc,0xff,0xbc,0xff,0x9c,0xf7,
    0x7b,0xf7,0xc9,0x5a,0x03,0x21,0xa8,0x5a,0x03,0x21,0xc2,0x18,0x44,0x29,0x64,0x29,0x44,0x29,0x03,0x21,0x03,0x21,0x03,0x21,
    0x23,0x21,0x23,0x21,0x23,0x21,0x44,0x29,0x23,0x21,0x03,0x21,0x44,0x29,0x44,0x29,0x24,0x21,0x03,0x21,0xe3,0x18,0xe3,0x18,
    0x44,0x29,0x64,0x29,0x43,0x29,0xe3,0x18,0xc2,0x18,0x03,0x21,0x03,0x21,0xe2,0x18,0xc2,0x10,0x61,0x08,0x44,0x29,0x8c,0x73,
    0xc2,0x18,0x47,0x4a,0xe9,0x5a,0xc9,0x5a,0xe9,0x5a,0xa8,0x52,0x03,0x21,0xa5,0x39,0xe9,0x5a,0xc9,0x5a,0xe9,0x5a,0x87,0x4a,
    0xe6,0x39,0xe2,0x18,0xa5,0x31,0xe9,0x5a,0xc9,0x5a,0xc9,0x5a,0xc8,0x52,0xa8,0x52,0xc8,0x52,0xc8,0x52,0xc9,0x5a,0x27,0x42,
    0x81,0x10,0x8c,0x73,0xfe,0xff,0x9b,0xf7,0xbc,0xff,0x39,0xef,0x33,0xbe,0x95,0xce,0xef,0x94,0x6a,0x63,0xf3,0xb5,0x74,0xc6,
    0x91,0xad,0x49,0x5b,0x8a,0x63,0x6a,0x63,0x6a,0x63,0x6a,0x63,0x6a,0x63,0x6a,0x63,0x6a,0x63,0x8a,0x63,0x8a,0x63,0x6a,0x63,
    0x6a,0x63,0x8a,0x6b,0x6a,0x63,0xec,0x73,0x33,0xbe,0x54,0xc6,0xec,0x73,0xe8,0x52,0x5a,0xef,0xdc,0xff,0xbb,0xff,0xbc,0xff,
    0xbc,0xff,0x9b,0xff,0xdc,0xff,0x3a,0xef,0xc8,0x52,0x2d,0x84,0xdc,0xff,0x9b,0xf7,0x7a,0xef,0x7a,0xef,0x7a,0xef,0x7a,0xef,
    0x59,0xef,0x38,0xe7,0x59,0xef,0xbb,0xff,0x19,0xe7,0x13,0xbe,0x33,0xbe,0x13,0xbe,0x5a,0xef,0xbc,0xff,0xbb,0xff,0x9b,0xff,
    0x9b,0xff,0xbb,0xff,0xbb,0xff,0x9c,0xf7,0x3b,0xe7,0x4f,0x8c,0x61,0x08,0x84,0x31,0xc5,0x39,0xe2,0x20,0xf1,0x9c,0xfd,0xff,
    0xde,0xff,0xea,0x5a,0xc2,0x18,0x47,0x4a,0x67,0x52,0x67,0x52,0x06,0x42,0x44,0x21,0x23,0x21,0x23,0x21,0x24,0x21,0x44,0x29,
    0x03,0x21,0xa5,0x31,0x67,0x52,0xa8,0x52,0xa8,0x5a,0xc5,0x39,0x03,0x21,0x23,0x21,0x23,0x21,0x23,0x21,0xa5,0x31,0xf2,0x9c,
    0x85,0x31,0x23,0x21,0x23,0x21,0x23,0x21,0x23,0x21,0x23,0x21,0x03,0x21,0x27,0x4a,0x88,0x52,0x64,0x29,0xa5,0x31,0x26,0x4a,
    0xa5,0x31,0x85,0x31,0xb3,0xc5,0x58,0xff,0xb9,0xff,0xa8,0x5a,0x40,0x08,0x68,0x4a,0x3a,0xe7,0xfd,0xff,0x2b,0x63,0xa2,0x10,
    0x44,0x29,0x23,0x21,0x24,0x21,0xa2,0x10,0xcc,0x7b,0x99,0xff,0x38,0xff,0x38,0xff,0x38,0xff,0x38,0xff,0x38,0xff,0x38,0xff,
    0x38,0xff,0x38,0xff,0x38,0xff,0x38,0xff,0x17,0xff,0x38,0xff,0x38,0xff,0x37,0xff,0x38,0xff,0x58,0xff,0xf7,0xee,0x55,0xd6,
    0x55,0xde,0x76,0xde,0x75,0xe6,0xb1,0xd5,0x70,0xcd,0x91,0xd5,0xd2,0xd5,0x99,0xff,0x4e,0x9c,0xc2,0x18,0x06,0x42,0xa8,0x5a,
    0x74,0xe6,0xf6,0xfe,0xb5,0xee,0x88,0x52,0xc2,0x18,0x88,0x52,0x9b,0xf7,0x9b,0xf7,0xbb,0xff,0xbb,0xff,0xbb,0xff,0xbb,0xff,
    0xbb,0xff,0xbb,0xff,0xbc,0xff,0xbb,0xff,0xbb,0xff,0xbb,0xff,0xbb,0xff,0xbb,0xff,0xbc,0xff,0x9b,0xff,0xbc,0xff,0x5b,0xef,
    0x07,0x42,0x24,0x29,0xc2,0x18,0xe2,0x18,0xc8,0x5a,0x2c,0x8c,0xf2,0xc5,0xb1,0xbd,0x90,0xb5,0x50,0xad,0x70,0xb5,0x91,0xb5,
    0xb1,0xbd,0x70,0xb5,0x50,0xb5,0x91,0xb5,0x91,0xb5,0x70,0xb5,0xb1,0xbd,0xd2,0xbd,0xb2,0xbd,0x90,0xb5,0x70,0xb5,0x70,0xb5,
    0xb1,0xb5,0xb1,0xbd,0x71,0xb5,0x2f,0xad,0x0f,0xa5,0x91,0xbd,0x2d,0x8c,0xa8,0x52,0xc8,0x5a,0xa8,0x5a,0x06,0x42,0x20,0x00,
    0xa2,0x10,0x64,0x29,0x09,0x5b,0xc8,0x5a,0x09,0x63,0xe6,0x39,0xa2,0x18,0x47,0x4a,0xc9,0x5a,0xc8,0x52,0xe9,0x5a,0xe6,0x39,
    0x23,0x21,0x64,0x29,0x88,0x52,0xc9,0x5a,0xc9,0x5a,0xc8,0x52,0xa8,0x52,0xc8,0x52,0xc8,0x5a,0xc8,0x52,0xc8,0x52,0x68,0x4a,
    0xa1,0x10,0x4c,0x6b,0x9c,0xf7,0x9c,0xf7,0xbc,0xff,0x39,0xef,0x34,0xbe,0x74,0xc6,0x34,0xbe,0xf2,0xb5,0x33,0xbe,0x54,0xc6,
    0xf3,0xb5,0x0c,0x7c,0x0c,0x74,0x0c,0x74,0xeb,0x73,0xcb,0x73,0x6a,0x63,0x6a,0x63,0x6a,0x63,0x6a,0x63,0x6a,0x63,0x6a,0x63,
    0x6a,0x63,0x49,0x5b,0x0c,0x7c,0xb2,0xad,0x33,0xbe,0x74,0xc6,0x0c,0x7c,0xe8,0x52,0x5a,0xef,0xdc,0xff,0xbc,0xff,0xbc,0xff,
    0xbc,0xff,0xbc,0xff,0xdc,0xff,0x3a,0xef,0xc8,0x52,0x2d,0x84,0xdc,0xff,0xbb,0xff,0xdc,0xff,0xdc,0xff,0xbc,0xff,0xbb,0xff,
    0xbb,0xff,0x9b,0xff,0x9a,0xff,0xbc,0xff,0x39,0xe7,0x13,0xbe,0x33,0xbe,0x13,0xbe,0x5a,0xef,0x9b,0xff,0xb6,0xd6,0x95,0xce,
    0x95,0xce,0xb6,0xd6,0xf8,0xde,0x7a,0xf7,0xfd,0xff,0xf1,0x9c,0x40,0x08,0xa5,0x31,0xe6,0x41,0xe2,0x18,0x11,0xa5,0x7b,0xf7,
    0x89,0x52,0x06,0x42,0xc6,0x39,0x47,0x4a,0x67,0x52,0x88,0x5a,0x06,0x42,0x03,0x21,0x23,0x21,0x23,0x21,0x23,0x21,0x44,0x29,
    0x06,0x42,0x67,0x4a,0xa8,0x52,0x67,0x52,0xa5,0x31,0x44,0x29,0x23,0x21,0x23,0x21,0x23,0x21,0x23,0x21,0xa5,0x31,0xb5,0xb5,
    0xe3,0x18,0x03,0x21,0x23,0x21,0x23,0x21,0x23,0x21,0x64,0x29,0x26,0x4a,0x27,0x4a,0xc6,0x39,0x24,0x21,0x64,0x31,0x84,0x31,
    0xe3,0x18,0x85,0x31,0x38,0xff,0x14,0xd6,0x0d,0x8c,0xc5,0x39,0x03,0x19,0x72,0xb5,0xfc,0xff,0xfd,0xff,0x4b,0x6b,0xa1,0x10,
    0x44,0x29,0x23,0x21,0x23,0x21,0x03,0x21,0xe6,0x39,0x18,0xf7,0x38,0xff,0x38,0xff,0x38,0xff,0x38,0xff,0x38,0xff,0x38,0xff,
    0x38,0xff,0x38,0xff,0x38,0xff,0x58,0xff,0x99,0xff,0x58,0xff,0x38,0xff,0x38,0xff,0x38,0xff,0x38,0xff,0x58,0xff,0x78,0xff,
    0x79,0xff,0xf7,0xf6,0xf3,0xdd,0x30,0xcd,0x2f,0xc5,0xf3,0xdd,0x51,0xcd,0xf7,0xf6,0x75,0xe6,0x85,0x31,0xc5,0x39,0x88,0x52,
    0x96,0xe6,0x98,0xff,0x75,0xe6,0xe2,0x18,0xc6,0x39,0xd8,0xde,0xbb,0xff,0x9b,0xf7,0xbb,0xff,0xbc,0xff,0xbb,0xff,0xbb,0xff,
    0xbb,0xff,0xbc,0xff,0xbc,0xff,0xbc,0xff,0xbc,0xff,0xbb,0xff,0xbb,0xff,0xbb,0xff,0xbc,0xff,0x9b,0xff,0xfd,0xff,0x2f,0x8c,
    0x03,0x21,0xa2,0x18,0x87,0x52,0x2c,0x84,0x2f,0xa5,0xef,0x9c,0x4d,0x8c,0x2d,0x8c,0x8a,0x73,0x6a,0x6b,0x8a,0x6b,0x8e,0x94,
    0x8e,0x94,0x4d,0x8c,0x8d,0x94,0x8e,0x94,0xae,0x94,0x8d,0x94,0xec,0x7b,0xec,0x7b,0x2d,0x8c,0x8e,0x94,0x0f,0xa5,0x30,0xa5,
    0x0f,0xa5,0xce,0x9c,0xef,0xa4,0xce,0x9c,0xce,0x9c,0xce,0x9c,0xef,0xa4,0x0f,0xa5,0x2f,0xad,0xf2,0xc5,0x13,0xce,0x6a,0x73,
    0x44,0x29,0x43,0x21,0x47,0x4a,0xe9,0x5a,0xc8,0x5a,0x44,0x29,0x85,0x31,0xa8,0x52,0xc8,0x52,0xc8,0x52,0xe9,0x5a,0xc5,0x39,
    0xe2,0x18,0xc5,0x31,0xe9,0x5a,0xc8,0x5a,0xc9,0x5a,0xc8,0x52,0xa8,0x52,0xc9,0x5a,0xe9,0x5a,0xc8,0x5a,0xa8,0x52,0xa8,0x52,
    0x44,0x29,0x64,0x29,0xe6,0x39,0xd9,0xde,0xfd,0xff,0x39,0xe7,0x33,0xbe,0x33,0xbe,0x54,0xc6,0x54,0xc6,0x33,0xbe,0x34,0xbe,
    0x34,0xbe,0x50,0x9d,0x0f,0x9d,0x30,0x9d,0x2f,0x9d,0xef,0x94,0x8a,0x6b,0x6a,0x63,0x6a,0x63,0x6a,0x63,0x6a,0x63,0x6a,0x63,
    0x8a,0x63,0x29,0x5b,0x2d,0x7c,0x74,0xc6,0x33,0xbe,0x95,0xce,0x2d,0x7c,0xe8,0x52,0x5a,0xef,0xdc,0xff,0xbc,0xff,0xbc,0xff,
    0xbc,0xff,0xbc,0xff,0xdc,0xff,0x3a,0xef,0xc8,0x52,0x2d,0x84,0xdc,0xff,0x9b,0xf7,0x96,0xce,0x75,0xc6,0x75,0xc6,0x54,0xc6,
    0x34,0xc6,0x13,0xbe,0x96,0xd6,0xdc,0xff,0x39,0xe7,0x13,0xbe,0x33,0xbe,0x13,0xbe,0x59,0xef,0x9b,0xf7,0x75,0xc6,0x74,0xc6,
    0x75,0xce,0x95,0xce,0x95,0xce,0x59,0xef,0xdc,0xff,0x16,0xc6,0x6d,0x73,0xe6,0x41,0x84,0x31,0xa2,0x10,0x32,0xad,0xd8,0xde,
    0xc2,0x18,0x27,0x4a,0x67,0x52,0x47,0x4a,0x67,0x52,0x47,0x4a,0xa5,0x31,0x03,0x21,0x23,0x21,0x23,0x21,0x44,0x29,0xc5,0x39,
    0xa8,0x5a,0xa8,0x5a,0x88,0x52,0x47,0x4a,0x03,0x19,0x23,0x21,0x44,0x29,0x24,0x21,0x24,0x21,0x23,0x21,0x85,0x31,0x36,0xce,
    0xad,0x73,0x64,0x29,0x03,0x21,0x23,0x29,0x23,0x21,0x64,0x29,0x47,0x4a,0xa5,0x31,0x23,0x21,0x23,0x21,0x44,0x29,0x23,0x21,
    0x03,0x21,0xa5,0x31,0xd6,0xf6,0xf3,0xcd,0x23,0x21,0xa2,0x10,0x47,0x4a,0xbb,0xff,0x9b,0xf7,0xfd,0xff,0x6c,0x73,0xa2,0x10,
    0x44,0x29,0x23,0x21,0x23,0x21,0x03,0x21,0x06,0x42,0xf7,0xf6,0x38,0xff,0x38,0xff,0x38,0xff,0x58,0xff,0x58,0xff,0x38,0xff,
    0x38,0xff,0x38,0xff,0x38,0xff,0xb6,0xee,0x31,0xad,0xf8,0xf6,0x58,0xff,0x38,0xff,0x38,0xff,0x38,0xff,0x38,0xff,0x17,0xff,
    0x58,0xff,0x55,0xe6,0x30,0xc5,0x70,0xcd,0x0f,0xc5,0xf2,0xdd,0x50,0xcd,0xb6,0xee,0x79,0xff,0x07,0x42,0x85,0x31,0x88,0x52,
    0x18,0xf7,0x75,0xde,0xac,0x7b,0xc2,0x18,0x68,0x4a,0x94,0xb5,0x9b,0xf7,0xdc,0xff,0x9b,0xff,0xbc,0xff,0xbb,0xff,0xbb,0xff,
    0xbb,0xff,0xbb,0xff,0xbc,0xff,0xbc,0xff,0xbc,0xff,0xbb,0xff,0xbb,0xff,0xbb,0xff,0xbc,0xff,0x7b,0xf7,0x32,0xa5,0xc6,0x39,
    0x03,0x21,0xa8,0x52,0x2c,0x8c,0x30,0xad,0x87,0x4a,0x06,0x3a,0x88,0x52,0xe6,0x39,0x4f,0x8c,0x4f,0x8c,0x4f,0x8c,0xa5,0x31,
    0xc9,0x5a,0xc9,0x5a,0xc5,0x39,0xa8,0x52,0xa8,0x52,0xc5,0x31,0x61,0x08,0x23,0x21,0x69,0x63,0x06,0x3a,0xa8,0x52,0x87,0x52,
    0x2a,0x63,0xcf,0x9c,0xa8,0x52,0xe6,0x39,0xa5,0x31,0xc8,0x5a,0x26,0x42,0x64,0x29,0x47,0x4a,0x8b,0x73,0x0f,0xa5,0xb4,0xde,
    0x06,0x42,0xe3,0x18,0x64,0x29,0xa5,0x31,0x85,0x31,0xe2,0x18,0x88,0x52,0xc9,0x5a,0xa8,0x52,0xc8,0x52,0x09,0x5b,0xc5,0x39,
    0xe3,0x20,0xe6,0x39,0x09,0x5b,0xe9,0x5a,0x67,0x4a,0xc5,0x39,0x64,0x29,0x64,0x29,0xc5,0x39,0xc8,0x52,0xc8,0x52,0xe9,0x5a,
    0x27,0x42,0x23,0x21,0x23,0x21,0xb8,0xde,0xdc,0xff,0x7a,0xef,0xf7,0xde,0xf7,0xde,0xf8,0xde,0xf8,0xde,0xf8,0xde,0x18,0xdf,
    0xd7,0xde,0x30,0x9d,0xef,0x94,0x0f,0x9d,0x2f,0x9d,0xef,0x94,0x8b,0x6b,0x6a,0x63,0x6a,0x63,0x6a,0x63,0x6a,0x63,0x6a,0x63,
    0x8a,0x63,0x29,0x5b,0x4d,0x7c,0x95,0xce,0x75,0xc6,0xd6,0xd6,0x2d,0x7c,0xe8,0x52,0x5a,0xef,0xdc,0xff,0xbb,0xff,0xbc,0xff,
    0xbc,0xff,0xbc,0xff,0xdc,0xff,0x3a,0xef,0xc8,0x52,0x2d,0x84,0xdc,0xff,0x9b,0xf7,0x18,0xdf,0xf7,0xde,0xf7,0xde,0xf7,0xde,
    0xf7,0xde,0xd7,0xde,0x18,0xe7,0xbc,0xff,0x18,0xe7,0x13,0xb6,0x33,0xbe,0x13,0xbe,0x5a,0xef,0x9b,0xf7,0x95,0xce,0x75,0xce,
    0x75,0xce,0x95,0xce,0x74,0xc6,0x59,0xef,0xbc,0xff,0xdd,0xff,0xfe,0xff,0x89,0x52,0xe2,0x18,0xa1,0x10,0x70,0x94,0xd1,0x9c,
    0xa2,0x18,0x67,0x52,0xa8,0x5a,0x68,0x52,0x47,0x4a,0x85,0x31,0x03,0x21,0x23,0x21,0x23,0x21,0x23,0x29,0xc5,0x39,0xa8,0x5a,
    0x88,0x52,0x88,0x52,0x67,0x52,0x06,0x42,0x23,0x21,0x23,0x21,0x23,0x21,0x24,0x29,0x44,0x29,0x44,0x29,0x44,0x29,0x76,0xd6,
    0xfc,0xff,0x89,0x52,0x23,0x21,0x44,0x29,0x23,0x21,0x44,0x29,0xc2,0x10,0x81,0x10,0xc2,0x10,0x44,0x29,0xa5,0x31,0x44,0x29,
    0x64,0x29,0x67,0x52,0x94,0xe6,0xb9,0xff,0xac,0x7b,0xc2,0x18,0xc9,0x5a,0xdc,0xff,0x9b,0xf7,0xfc,0xff,0x0e,0x84,0xe2,0x18,
    0x24,0x21,0x03,0x21,0x23,0x21,0x03,0x21,0x06,0x42,0x17,0xf7,0x38,0xff,0x38,0xff,0x38,0xff,0x58,0xff,0x38,0xf7,0x38,0xff,
    0x58,0xff,0x17,0xff,0x98,0xff,0xd3,0xc5,0x81,0x08,0x56,0xde,0x79,0xff,0x38,0xff,0x38,0xff,0x38,0xff,0x38,0xff,0x38,0xff,
    0x59,0xff,0x75,0xe6,0x71,0xcd,0x91,0xd5,0x2f,0xc5,0xf2,0xdd,0x95,0xe6,0x38,0xff,0xd6,0xee,0xc5,0x39,0x64,0x29,0x26,0x42,
    0xf0,0xac,0x4a,0x73,0x40,0x08,0xa5,0x31,0xad,0x73,0xa5,0x31,0x98,0xd6,0x7b,0xf7,0x9b,0xf7,0xbb,0xff,0xbb,0xff,0xbc,0xff,
    0xbb,0xff,0xbb,0xff,0xbb,0xff,0xbb,0xff,0xbb,0xff,0xbc,0xff,0xbc,0xff,0x9b,0xff,0xdc,0xff,0x97,0xd6,0xc2,0x18,0xc2,0x18,
    0x23,0x21,0x70,0xb5,0xab,0x73,0x47,0x4a,0x84,0x31,0x52,0xad,0x77,0xd6,0x4f,0x8c,0xfd,0xff,0xfd,0xff,0xfe,0xff,0xee,0x83,
    0x36,0xce,0x57,0xce,0xc6,0x39,0x23,0x29,0x64,0x29,0xe3,0x20,0xc7,0x52,0x2b,0x74,0x2d,0x95,0xaa,0x6b,0x23,0x21,0xa2,0x10,
    0x6b,0x73,0x99,0xff,0xa5,0x39,0x84,0x31,0x8f,0x9c,0xc5,0x39,0x64,0x29,0x06,0x42,0x06,0x42,0x44,0x29,0x47,0x4a,0x09,0x63,
    0x64,0x29,0x64,0x29,0x64,0x29,0x03,0x21,0x03,0x21,0x03,0x21,0x67,0x4a,0xc8,0x52,0xa8,0x52,0xc9,0x5a,0xe9,0x5a,0xa5,0x31,
    0xe3,0x20,0xe6,0x39,0xc9,0x5a,0x88,0x52,0xa5,0x31,0x03,0x21,0x85,0x31,0x44,0x29,0x64,0x29,0xa8,0x52,0xc8,0x5a,0xe9,0x5a,
    0xe9,0x5a,0x64,0x29,0x23,0x21,0xb7,0xde,0xdb,0xff,0x9b,0xf7,0xbc,0xff,0xbc,0xff,0xbc,0xff,0xdc,0xff,0xdc,0xff,0xdd,0xff,
    0xbb,0xff,0x50,0xa5,0xef,0x94,0x0f,0x9d,0x2f,0x9d,0xef,0x94,0x8a,0x6b,0x6a,0x63,0x6a,0x63,0x6a,0x63,0x6a,0x63,0x6a,0x63,
    0x6a,0x63,0x29,0x5b,0x8e,0x8c,0x18,0xe7,0xf7,0xde,0x38,0xe7,0x2d,0x84,0xe8,0x52,0x5a,0xef,0xdc,0xff,0xbb,0xff,0xbc,0xff,
    0xbc,0xff,0xbc,0xff,0xdc,0xff,0x5a,0xef,0xc8,0x52,0x8f,0x8c,0xfd,0xff,0xbc,0xff,0xdc,0xff,0xdc,0xff,0xdc,0xff,0xdc,0xff,
    0xdc,0xff,0xdd,0xff,0xdc,0xff,0xdc,0xff,0x18,0xe7,0xf2,0xb5,0x33,0xbe,0x13,0xbe,0x5a,0xef,0x9b,0xff,0x95,0xce,0x75,0xce,
    0x75,0xce,0x75,0xce,0x74,0xc6,0x5a,0xef,0xbc,0xff,0x9b,0xff,0x9b,0xff,0xc6,0x39,0x61,0x08,0x44,0x29,0x44,0x29,0x64,0x31,
    0x06,0x42,0x64,0x31,0x94,0xb5,0xee,0x83,0xc5,0x39,0x85,0x31,0x23,0x21,0x44,0x29,0x03,0x21,0xe6,0x39,0xa8,0x52,0x88,0x52,
    0x88,0x52,0xa8,0x5a,0x27,0x4a,0x03,0x21,0x23,0x21,0x24,0x21,0x23,0x21,0x23,0x21,0xe2,0x18,0x23,0x21,0x44,0x29,0xe9,0x5a,
    0xdc,0xff,0x78,0xd6,0xc5,0x39,0x23,0x29,0xe2,0x18,0xc2,0x18,0x2a,0x6b,0x2a,0x6b,0xe9,0x62,0x23,0x21,0x85,0x31,0x84,0x31,
    0xe6,0x39,0x67,0x52,0xb5,0xee,0x37,0xff,0x59,0xf7,0x0e,0x8c,0xa5,0x31,0xdc,0xff,0x9b,0xf7,0xfc,0xff,0xb4,0xbd,0x81,0x10,
    0x24,0x21,0x23,0x21,0x44,0x29,0xe3,0x18,0x64,0x29,0x18,0xf7,0x58,0xff,0x38,0xff,0x17,0xff,0xba,0xff,0x0a,0x63,0x6b,0x73,
    0xba,0xff,0x99,0xff,0x95,0xe6,0x27,0x42,0x11,0xad,0x38,0xf7,0x38,0xff,0x38,0xff,0x38,0xff,0x38,0xff,0x38,0xff,0x38,0xff,
    0x38,0xff,0x38,0xff,0xd7,0xf6,0xb2,0xd5,0x13,0xde,0x17,0xff,0x38,0xff,0x9a,0xff,0x6b,0x73,0xa2,0x10,0x23,0x21,0xc6,0x39,
    0x81,0x10,0x81,0x08,0xc2,0x10,0x64,0x29,0xb7,0xde,0x19,0xe7,0xe5,0x39,0x93,0xb5,0xfd,0xff,0x9b,0xf7,0xbb,0xff,0xbb,0xff,
    0xbb,0xff,0xbb,0xff,0xbb,0xff,0xbb,0xff,0xbb,0xff,0xbc,0xff,0xbb,0xff,0x7b,0xf7,0xfd,0xff,0x0e,0x84,0x61,0x08,0xa2,0x10,
    0xef,0xa4,0xec,0x7b,0x03,0x21,0xc2,0x18,0x57,0xce,0xff,0xff,0xfb,0xff,0xfb,0xff,0x9b,0xf7,0xfe,0xff,0xdd,0xff,0xfd,0xff,
    0xfc,0xff,0xfd,0xff,0x7c,0xf7,0x89,0x52,0xa1,0x10,0x06,0x3a,0xcd,0x8c,0xcc,0x84,0xac,0x84,0x6e,0x9d,0xa7,0x4a,0x26,0x42,
    0x36,0xf7,0x16,0xef,0x94,0xde,0xd6,0xe6,0xfa,0xff,0xab,0x7b,0x03,0x21,0x47,0x4a,0x26,0x42,0xa5,0x31,0xc2,0x18,0x40,0x00,
    0xd0,0xa4,0xd7,0xe6,0x54,0xde,0x95,0xe6,0x10,0xad,0x61,0x08,0x23,0x21,0xc5,0x39,0xc9,0x5a,0xe9,0x5a,0x06,0x42,0x44,0x29,
    0xe2,0x18,0x06,0x42,0x67,0x4a,0xe3,0x18,0x23,0x21,0xa5,0x31,0x09,0x63,0xc9,0x5a,0xa8,0x52,0xa8,0x52,0xc8,0x5a,0xe9,0x5a,
    0xc9,0x5a,0x23,0x21,0x03,0x19,0x77,0xd6,0xdb,0xff,0x9b,0xf7,0x9b,0xf7,0xbb,0xff,0xbb,0xff,0xbb,0xff,0xbb,0xff,0xbc,0xff,
    0x9b,0xf7,0x71,0xa5,0x0f,0x95,0x0f,0x9d,0x0f,0x9d,0xef,0x94,0x8a,0x63,0x6a,0x63,0x6a,0x63,0x6a,0x63,0x6a,0x63,0x6a,0x63,
    0x6a,0x63,0x09,0x5b,0xd0,0x94,0xfd,0xff,0x9b,0xf7,0xfc,0xff,0x8f,0x8c,0xc8,0x52,0x5a,0xef,0xdc,0xff,0xbc,0xff,0xbc,0xff,
    0xbc,0xff,0xbc,0xff,0xdc,0xff,0x3a,0xef,0xc8,0x52,0x8f,0x8c,0xbc,0xf7,0x7a,0xef,0x7a,0xf7,0x7a,0xef,0x7a,0xef,0x7a,0xef,
    0x7a,0xef,0x7a,0xf7,0x7b,0xef,0x9b,0xf7,0xf7,0xde,0x12,0xb6,0x33,0xbe,0x33,0xbe,0x39,0xe7,0x7a,0xf7,0x75,0xce,0x75,0xc6,
    0x75,0xce,0x75,0xce,0x74,0xc6,0x5a,0xef,0xbc,0xff,0xbb,0xff,0x9b,0xf7,0xd4,0xbd,0xad,0x7b,0x23,0x21,0x44,0x29,0x44,0x29,
    0xe6,0x41,0x2e,0x8c,0x3b,0xe7,0xad,0x7b,0x84,0x31,0x44,0x29,0x23,0x21,0x24,0x29,0x23,0x21,0x26,0x42,0x88,0x52,0x88,0x52,
    0x88,0x52,0x47,0x4a,0x85,0x31,0x23,0x21,0x23,0x21,0x44,0x21,0x44,0x29,0xe2,0x18,0x8c,0x73,0x6f,0x94,0x03,0x21,0xea,0x5a,
    0xdd,0xff,0xfd,0xff,0xea,0x5a,0xe2,0x18,0x07,0x42,0xed,0x83,0x17,0xff,0x78,0xff,0x37,0xff,0x6e,0x94,0xc5,0x39,0xc5,0x39,
    0x47,0x4a,0x88,0x52,0xf6,0xf6,0x38,0xff,0x9a,0xff,0x35,0xd6,0xaf,0x9c,0x9b,0xff,0xbb,0xff,0xbb,0xff,0x3a,0xef,0xee,0x83,
    0x81,0x10,0xa1,0x10,0xa2,0x10,0xe3,0x18,0x6f,0x9c,0x38,0xff,0x38,0xff,0x38,0xff,0x17,0xff,0x79,0xff,0xf1,0xa4,0x07,0x42,
    0xa5,0x31,0x47,0x4a,0x44,0x29,0x2a,0x6b,0x38,0xff,0x58,0xff,0x38,0xff,0x38,0xff,0x38,0xff,0x38,0xff,0x38,0xff,0x38,0xff,
    0x38,0xff,0x38,0xff,0x37,0xff,0xf7,0xf6,0xf7,0xf6,0x17,0xff,0x17,0xff,0xba,0xff,0x2a,0x6b,0xa2,0x10,0x23,0x21,0x85,0x31,
    0xa8,0x52,0x90,0x94,0xf2,0x9c,0x85,0x31,0xb8,0xde,0xdc,0xff,0xf2,0x9c,0x0e,0x84,0xb0,0x94,0xbb,0xff,0xbb,0xff,0xbb,0xff,
    0xbc,0xff,0xbb,0xff,0xbb,0xff,0xbb,0xff,0xbb,0xff,0xbb,0xff,0xdc,0xff,0xfd,0xff,0x2e,0x84,0x65,0x31,0x03,0x21,0x0b,0x84,
    0x2c,0x8c,0xa4,0x31,0x47,0x4a,0x73,0xad,0x7b,0xf7,0x36,0xce,0xd7,0xde,0x9a,0xf7,0xbb,0xff,0x36,0xc6,0xb8,0xde,0xdc,0xff,
    0x35,0xc6,0xf8,0xde,0x16,0xc6,0x44,0x29,0x23,0x21,0xca,0x6b,0xed,0x8c,0x8c,0x84,0xcc,0x84,0xc9,0x6b,0x6a,0x6b,0x91,0xbd,
    0xb4,0xe6,0x52,0xd6,0xf5,0xe6,0x17,0xef,0x94,0xde,0xd1,0xc5,0x6d,0x94,0xce,0xa4,0x4a,0x6b,0xa2,0x10,0xc6,0x39,0xf0,0xac,
    0xd7,0xe6,0x79,0xff,0x37,0xff,0x58,0xff,0xb6,0xee,0x11,0xad,0xc9,0x5a,0xa2,0x10,0x64,0x29,0x64,0x29,0x44,0x29,0xe3,0x18,
    0xc2,0x18,0x23,0x21,0x64,0x29,0x03,0x21,0xc5,0x39,0x87,0x4a,0xa8,0x52,0x67,0x4a,0x67,0x4a,0xc9,0x5a,0xe9,0x5a,0xc9,0x5a,
    0xc9,0x52,0x06,0x42,0x23,0x21,0x85,0x31,0x0a,0x5b,0x19,0xe7,0xdc,0xff,0x9b,0xff,0xbc,0xff,0xbb,0xff,0xbb,0xff,0xbc,0xff,
    0xbc,0xf7,0x91,0xa5,0x0f,0x9d,0x0f,0x9d,0x0f,0x9d,0xce,0x94,0x6a,0x63,0x6a,0x63,0x6a,0x63,0x6a,0x63,0x6a,0x63,0x6a,0x63,
    0x6a,0x63,0x09,0x5b,0xd0,0x94,0xfd,0xff,0x9b,0xf7,0xfd,0xff,0x8f,0x8c,0xc8,0x52,0x5a,0xef,0xdc,0xff,0xbc,0xff,0xbc,0xff,
    0xbc,0xff,0xbc,0xff,0xdc,0xff,0x3a,0xef,0xe8,0x52,0x0c,0x7c,0x74,0xc6,0x34,0xbe,0xf3,0xbd,0xf2,0xb5,0xf2,0xb5,0xf3,0xb5,
    0xf3,0xb5,0xf3,0xb5,0xf3,0xb5,0xf3,0xb5,0x13,0xbe,0x33,0xbe,0x34,0xbe,0x34,0xbe,0x54,0xc6,0x54,0xc6,0x54,0xc6,0x74,0xc6,
    0x75,0xce,0x75,0xce,0x75,0xc6,0x7a,0xef,0xbc,0xff,0xbb,0xff,0x9b,0xf7,0x5b,0xef,0x12,0xa5,0xc2,0x18,0x23,0x21,0x64,0x29,
    0xa5,0x31,0x56,0xce,0xfd,0xff,0x0a,0x63,0x44,0x29,0x03,0x21,0x23,0x21,0x23,0x21,0x44,0x29,0x47,0x4a,0x88,0x52,0x68,0x52,
    0x88,0x52,0xc5,0x39,0x03,0x21,0x23,0x21,0x23,0x21,0x23,0x21,0x64,0x29,0xe2,0x18,0xb4,0xbd,0xd9,0xde,0xa2,0x18,0x6c,0x6b,
    0xdd,0xff,0xfa,0xde,0x4b,0x6b,0x40,0x08,0x8c,0x7b,0xfb,0xff,0xf6,0xf6,0x17,0xff,0x58,0xff,0x17,0xff,0xe6,0x41,0xc5,0x39,
    0x67,0x52,0x47,0x4a,0xf3,0xd5,0x37,0xff,0x38,0xff,0x59,0xff,0x99,0xff,0x59,0xff,0x9a,0xff,0x9b,0xff,0xfd,0xff,0x5a,0xf7,
    0x6b,0x73,0x8c,0x73,0xad,0x7b,0x4e,0x94,0x79,0xff,0x38,0xff,0x38,0xff,0x38,0xff,0x38,0xff,0x38,0xff,0xba,0xff,0x14,0xd6,
    0xed,0x8b,0x2e,0x94,0x4e,0x94,0x37,0xff,0x37,0xff,0x38,0xff,0x38,0xff,0x38,0xff,0x38,0xff,0x38,0xff,0x38,0xff,0x38,0xff,
    0x38,0xff,0x17,0xff,0x17,0xff,0xba,0xff,0xdb,0xff,0x99,0xff,0xf6,0xfe,0xd6,0xe6,0xc9,0x5a,0x03,0x21,0xe6,0x41,0xa5,0x31,
    0xd0,0x9c,0xff,0xff,0xfa,0xe6,0xc6,0x39,0xb8,0xde,0xbc,0xff,0xfd,0xff,0x0a,0x63,0x27,0x42,0xbc,0xff,0x9b,0xf7,0x9b,0xf7,
    0x9b,0xff,0x9b,0xf7,0x9b,0xff,0xbb,0xff,0x9b,0xff,0xbc,0xff,0x3a,0xef,0xf5,0xc5,0xa5,0x31,0x61,0x08,0xe6,0x41,0x4f,0xad,
    0x87,0x52,0x44,0x29,0xcd,0x7b,0xfe,0xff,0x9b,0xf7,0xc6,0x39,0xd1,0x9c,0xfe,0xff,0xfc,0xff,0x0a,0x63,0x32,0xad,0xfd,0xff,
    0x18,0xe7,0xb8,0xd6,0x6c,0x6b,0x60,0x08,0xe3,0x18,0xa4,0x31,0x89,0x6b,0x6b,0x7c,0x2d,0x95,0xe5,0x39,0xcc,0x83,0xf8,0xff,
    0x11,0xce,0xad,0x9c,0x4c,0x8c,0xd5,0xe6,0x50,0xb5,0x70,0xb5,0x53,0xd6,0x15,0xef,0x4d,0x94,0x40,0x00,0x09,0x6b,0xda,0xff,
    0x59,0xff,0x78,0xff,0x37,0xff,0x17,0xff,0x38,0xff,0xfb,0xff,0x8f,0x9c,0x23,0x21,0x23,0x21,0xc6,0x39,0xa5,0x31,0x84,0x31,
    0x84,0x29,0x85,0x31,0x44,0x29,0x24,0x29,0x64,0x29,0x44,0x29,0x03,0x21,0xe3,0x18,0x44,0x29,0xc8,0x52,0xc9,0x5a,0xc9,0x5a,
    0xc8,0x52,0xc9,0x5a,0x64,0x29,0x81,0x10,0xc9,0x5a,0x7b,0xef,0xbc,0xff,0xbc,0xff,0xbc,0xff,0xbb,0xff,0xbb,0xff,0xbb,0xff,
    0x9b,0xf7,0x91,0xad,0x0f,0x9d,0x0f,0x9d,0x0f,0x9d,0xce,0x94,0x6a,0x63,0x6a,0x63,0x6a,0x63,0x6a,0x63,0x6a,0x63,0x6a,0x63,
    0x8a,0x63,0x29,0x5b,0xf0,0x9c,0xfd,0xff,0x9b,0xf7,0xfd,0xff,0x6e,0x8c,0xa7,0x4a,0x5a,0xef,0xdc,0xff,0xbc,0xff,0xbc,0xff,
    0xbc,0xff,0xbc,0xff,0xdc,0xff,0x3a,0xef,0xe9,0x52,0x0c,0x7c,0x74,0xc6,0x33,0xbe,0x33,0xbe,0x13,0xbe,0x13,0xbe,0x13,0xbe,
    0x13,0xbe,0x13,0xbe,0x13,0xbe,0x13,0xbe,0x33,0xbe,0x34,0xbe,0x34,0xbe,0x34,0xbe,0x33,0xbe,0x33,0xbe,0x74,0xc6,0x75,0xc6,
    0x75,0xce,0x75,0xce,0x75,0xc6,0x5a,0xef,0xbb,0xff,0xbc,0xff,0x7b,0xf7,0x68,0x4a,0x03,0x21,0x0e,0x84,0x0a,0x63,0xa2,0x10,
    0x44,0x29,0x56,0xce,0xb8,0xde,0xe6,0x41,0x85,0x31,0x23,0x21,0x23,0x21,0x44,0x29,0x47,0x4a,0x67,0x52,0x88,0x52,0x88,0x52,
    0x88,0x52,0x64,0x29,0x23,0x21,0x24,0x21,0x23,0x21,0x23,0x21,0x23,0x21,0x40,0x08,0xf1,0x9c,0x12,0xa5,0xc2,0x18,0x19,0xe7,
    0xbb,0xff,0x27,0x4a,0x61,0x08,0x47,0x52,0x95,0xe6,0x38,0xff,0x58,0xff,0xd6,0xf6,0x54,0xe6,0x50,0xbd,0x64,0x29,0x06,0x42,
    0x47,0x4a,0xa5,0x39,0x85,0x31,0xb6,0xee,0x58,0xff,0x17,0xff,0x17,0xff,0x18,0xff,0x38,0xff,0x79,0xff,0x7a,0xff,0x79,0xff,
    0x99,0xff,0xba,0xff,0xdb,0xff,0x99,0xff,0x17,0xff,0x38,0xff,0x38,0xff,0x38,0xff,0x38,0xff,0x38,0xff,0x17,0xff,0x58,0xff,
    0xda,0xff,0xda,0xff,0xb9,0xff,0x17,0xff,0x38,0xff,0x38,0xff,0x38,0xff,0x38,0xff,0x38,0xff,0x38,0xff,0x38,0xff,0x38,0xff,
    0x18,0xff,0x58,0xff,0x17,0xff,0x8f,0x9c,0x2e,0x8c,0xaf,0xa4,0x98,0xff,0x88,0x52,0xc2,0x10,0xe2,0x18,0xd5,0xbd,0x27,0x4a,
    0x2e,0x8c,0xff,0xff,0x2b,0x63,0x2f,0x8c,0xdd,0xff,0x7a,0xf7,0xba,0xff,0x4b,0x63,0xa9,0x52,0xbc,0xff,0xd6,0xd6,0x96,0xce,
    0x96,0xce,0x7a,0xf7,0xbc,0xff,0xbb,0xff,0x9b,0xf7,0xfd,0xff,0x74,0xb5,0xa2,0x10,0xc2,0x18,0xe9,0x5a,0x10,0xad,0x44,0x29,
    0x81,0x10,0xb4,0xb5,0x9a,0xf7,0x79,0xf7,0xbb,0xff,0x3a,0xe7,0x57,0xce,0x93,0xb5,0xb7,0xde,0xdc,0xff,0x39,0xe7,0x38,0xef,
    0xfd,0xff,0x2e,0x84,0x81,0x10,0xa5,0x31,0x08,0x5b,0x86,0x4a,0xe2,0x18,0x26,0x3a,0x28,0x5b,0xe2,0x18,0x27,0x4a,0xcb,0x7b,
    0x90,0xbd,0xd1,0xc5,0x33,0xc6,0xb5,0xe6,0xb4,0xde,0x64,0x31,0xcb,0x7b,0x73,0xd6,0xa5,0x31,0x81,0x08,0x0a,0x6b,0xb8,0xff,
    0x38,0xff,0x14,0xce,0x54,0xde,0x58,0xff,0x38,0xff,0x17,0xf7,0x59,0xff,0x92,0xc5,0x64,0x29,0xf9,0xde,0x4b,0x6b,0x88,0x52,
    0xc9,0x5a,0xe9,0x5a,0x88,0x52,0x67,0x4a,0x67,0x4a,0x47,0x4a,0x44,0x29,0xe2,0x18,0x23,0x21,0x03,0x21,0xe6,0x39,0xe9,0x5a,
    0xa8,0x52,0xc9,0x52,0xe6,0x39,0xa2,0x10,0x33,0xad,0xfd,0xff,0x9b,0xf7,0xbb,0xff,0xbb,0xff,0x9b,0xff,0x9b,0xff,0xbb,0xff,
    0x9b,0xf7,0x71,0xa5,0x0f,0x9d,0x2f,0x9d,0x0f,0x9d,0xef,0x94,0x8a,0x63,0x6a,0x63,0x6a,0x63,0x6a,0x63,0x6a,0x63,0x6a,0x63,
    0x8a,0x63,0x49,0x5b,0x11,0x9d,0xfd,0xff,0x9b,0xf7,0xfd,0xff,0x6e,0x8c,0xa7,0x4a,0x5a,0xef,0xdc,0xff,0xbc,0xff,0xbc,0xff,
    0xbc,0xff,0xbc,0xff,0xdc,0xff,0x3a,0xef,0xe9,0x52,0x0c,0x7c,0x54,0xc6,0x33,0xbe,0x34,0xbe,0x34,0xbe,0x34,0xbe,0x34,0xbe,
    0x34,0xbe,0x34,0xbe,0x34,0xbe,0x34,0xbe,0x34,0xbe,0x34,0xbe,0x33,0xbe,0x34,0xbe,0x34,0xbe,0x54,0xbe,0x74,0xc6,0x75,0xce,
    0x75,0xc6,0x75,0xce,0x75,0xc6,0x7a,0xef,0xbb,0xff,0xbb,0xff,0x7b,0xef,0x68,0x52,0x23,0x29,0x12,0xa5,0x74,0xad,0x06,0x42,
    0x84,0x31,0x2f,0x8c,0xb4,0xb5,0x06,0x42,0x84,0x31,0x23,0x21,0x23,0x21,0xa5,0x31,0x88,0x52,0x67,0x52,0x68,0x52,0x88,0x52,
    0xe6,0x39,0x44,0x29,0x23,0x21,0x23,0x21,0x23,0x21,0x03,0x21,0x44,0x29,0xf1,0xa4,0x4b,0x6b,0x64,0x29,0x2f,0x84,0x9b,0xff,
    0x9b,0xf7,0x68,0x4a,0x61,0x08,0x2a,0x6b,0xb9,0xff,0x18,0xff,0x55,0xe6,0x91,0xcd,0x2c,0x9c,0xa5,0x39,0x4a,0x7b,0x29,0x73,
    0xe6,0x39,0x85,0x31,0x84,0x31,0xb6,0xee,0x58,0xff,0x17,0xff,0x38,0xff,0x38,0xff,0x95,0xee,0x54,0xe6,0x96,0xee,0x75,0xee,
    0xf6,0xf6,0x38,0xff,0x38,0xff,0x17,0xff,0x38,0xff,0x38,0xff,0x38,0xff,0x38,0xff,0x38,0xff,0x38,0xff,0x38,0xff,0x38,0xff,
    0x17,0xff,0x18,0xff,0x18,0xff,0x38,0xff,0x38,0xff,0x38,0xff,0x38,0xff,0x38,0xff,0x38,0xff,0x38,0xff,0x38,0xff,0x37,0xff,
    0x58,0xff,0x75,0xe6,0x0d,0x8c,0x84,0x31,0x47,0x4a,0xe6,0x41,0x8b,0x7b,0x64,0x29,0x24,0x21,0x0e,0x84,0x16,0xc6,0x06,0x42,
    0xac,0x7b,0x12,0xa5,0xad,0x7b,0x57,0xce,0xfd,0xff,0x7b,0xf7,0xfc,0xff,0x0a,0x63,0x68,0x4a,0xbc,0xff,0x75,0xce,0x34,0xbe,
    0x54,0xc6,0x95,0xce,0x39,0xef,0xbc,0xff,0x9b,0xf7,0xfe,0xff,0xd6,0xbd,0xe2,0x18,0xe6,0x39,0x4d,0x8c,0xab,0x7b,0x23,0x21,
    0xca,0x5a,0xd8,0xde,0xfb,0xff,0x79,0xf7,0x18,0xe7,0xfe,0xff,0x90,0x94,0x40,0x08,0x6f,0x8c,0xfd,0xff,0x96,0xd6,0x39,0xe7,
    0xb8,0xd6,0xe7,0x39,0x64,0x29,0x4b,0x7c,0x2d,0x95,0x8c,0x84,0x87,0x4a,0x43,0x21,0x66,0x42,0x49,0x5b,0xa7,0x4a,0xe2,0x10,
    0x87,0x52,0xb4,0xde,0x37,0xef,0xf2,0xc5,0x73,0xd6,0xee,0xa4,0x29,0x6b,0xa8,0x5a,0xe6,0x41,0x26,0x4a,0xe6,0x39,0x6e,0x9c,
    0xa8,0x5a,0x81,0x10,0xaf,0xa4,0x98,0xff,0x17,0xff,0x38,0xff,0x99,0xff,0xd3,0xcd,0xa5,0x39,0xbc,0xf7,0x11,0xa5,0x0a,0x63,
    0xa8,0x52,0xc8,0x52,0xc8,0x52,0xc9,0x5a,0xc8,0x52,0xa8,0x52,0x26,0x42,0xe6,0x39,0x06,0x42,0x64,0x29,0x23,0x21,0xc5,0x31,
    0x88,0x52,0xe9,0x5a,0xe6,0x39,0xa2,0x10,0x73,0xad,0xfe,0xff,0x9b,0xf7,0xbc,0xff,0xbb,0xff,0xbb,0xff,0xbc,0xff,0xbc,0xff,
    0xdc,0xff,0xd3,0xb5,0x0f,0x95,0x0f,0x9d,0xef,0x94,0xce,0x94,0x6a,0x63,0x6a,0x63,0x6a,0x63,0x49,0x63,0x49,0x63,0x49,0x63,
    0x6a,0x63,0x29,0x5b,0xf0,0x94,0xbc,0xf7,0x59,0xef,0xba,0xf7,0x6e,0x84,0xc8,0x4a,0x5a,0xef,0xdc,0xff,0xbc,0xff,0xbc,0xff,
    0xbc,0xff,0xbc,0xff,0xdc,0xff,0x3a,0xef,0xe8,0x52,0x0c,0x7c,0x74,0xc6,0x33,0xbe,0x54,0xc6,0x54,0xc6,0x54,0xc6,0x54,0xc6,
    0x34,0xbe,0x54,0xc6,0x54,0xc6,0x54,0xc6,0x54,0xc6,0x33,0xbe,0x33,0xbe,0x33,0xbe,0x34,0xbe,0x54,0xc6,0x75,0xce,0x95,0xce,
    0x74,0xce,0x75,0xce,0xb5,0xce,0x9b,0xf7,0xbb,0xff,0xbb,0xff,0x5a,0xef,0x68,0x52,0x84,0x31,0xd1,0x9c,0xff,0xff,0xf1,0xa4,
    0x64,0x31,0xa5,0x39,0x6c,0x73,0x27,0x4a,0x64,0x29,0x23,0x21,0x03,0x21,0x27,0x42,0xa8,0x5a,0x68,0x52,0x88,0x52,0x68,0x52,
    0x24,0x21,0x23,0x21,0x23,0x21,0x24,0x21,0x44,0x29,0xe2,0x18,0x27,0x42,0xfe,0xff,0x2b,0x6b,0x27,0x4a,0xff,0xff,0xbc,0xff,
    0xbc,0xff,0x48,0x4a,0x81,0x10,0xac,0x7b,0x99,0xff,0xf7,0xf6,0x50,0xcd,0x2f,0xc5,0xcb,0x93,0x64,0x29,0x50,0xcd,0xcb,0x8b,
    0xa5,0x31,0xe6,0x41,0xa5,0x31,0x96,0xe6,0x58,0xff,0x17,0xff,0x38,0xff,0xd6,0xf6,0xd2,0xdd,0x50,0xc5,0x91,0xd5,0x91,0xd5,
    0x91,0xcd,0xd7,0xf6,0x58,0xff,0x38,0xff,0x38,0xff,0x38,0xff,0x38,0xff,0x38,0xff,0x38,0xff,0x38,0xff,0x38,0xff,0x38,0xff,
    0x38,0xff,0x38,0xff,0x38,0xff,0x38,0xff,0x38,0xff,0x38,0xff,0x38,0xff,0x38,0xff,0x38,0xff,0x38,0xff,0x38,0xff,0xf7,0xf6,
    0x17,0xf7,0x6f,0x94,0x61,0x08,0xf0,0xac,0xfb,0xff,0xf4,0xcd,0xc2,0x18,0xc2,0x18,0xa9,0x5a,0xfd,0xff,0x73,0xb5,0x0a,0x63,
    0xac,0x73,0x23,0x21,0xf4,0xc5,0xfc,0xff,0x9b,0xf7,0xbc,0xf7,0x7b,0xef,0x4b,0x63,0xa9,0x52,0xbb,0xff,0x75,0xce,0x13,0xbe,
    0x34,0xc6,0xf2,0xb5,0xd6,0xd6,0xbb,0xff,0xbc,0xff,0x5b,0xef,0xd2,0x9c,0xa2,0x10,0x09,0x63,0x0f,0xad,0x84,0x31,0x64,0x31,
    0xb9,0xde,0xfe,0xff,0x9a,0xf7,0x95,0xd6,0xd2,0xb5,0x7a,0xf7,0x5a,0xef,0xd9,0xde,0x5a,0xef,0xbb,0xff,0xbb,0xff,0xfe,0xff,
    0xce,0x7b,0x20,0x00,0x29,0x5b,0x0d,0x95,0xac,0x84,0x6b,0x7c,0x49,0x63,0x25,0x3a,0x2e,0x95,0xcc,0x84,0x2d,0x95,0xea,0x73,
    0x03,0x21,0x50,0xad,0xb1,0xbd,0x90,0xb5,0x6f,0xb5,0x11,0xce,0x29,0x6b,0x41,0x08,0xec,0x83,0x6d,0x94,0xe2,0x18,0xa2,0x10,
    0xe3,0x18,0x64,0x31,0x72,0xbd,0x78,0xff,0x17,0xff,0x38,0xff,0x79,0xff,0x75,0xde,0x2d,0x94,0x56,0xce,0x9a,0xff,0x0d,0x84,
    0x87,0x4a,0xc9,0x5a,0xa8,0x52,0xa8,0x52,0xa8,0x52,0xa8,0x52,0xc8,0x52,0xc9,0x5a,0xe9,0x5a,0x06,0x42,0x03,0x21,0xe3,0x18,
    0x47,0x4a,0xe9,0x5a,0x27,0x42,0xc2,0x18,0x2e,0x8c,0x19,0xe7,0xbb,0xff,0x9b,0xf7,0x7a,0xef,0x7a,0xf7,0x7b,0xf7,0x7b,0xf7,
    0xbc,0xf7,0x55,0xc6,0x0f,0x9d,0x50,0xa5,0x30,0x9d,0x2f,0x9d,0x0c,0x7c,0x0c,0x7c,0x0c,0x7c,0xec,0x73,0xec,0x73,0xec,0x73,
    0x0c,0x74,0xec,0x73,0xef,0x94,0x74,0xc6,0x33,0xbe,0x74,0xc6,0xec,0x73,0xc8,0x52,0x5a,0xef,0xdc,0xff,0xbc,0xff,0xbc,0xff,
    0xbc,0xff,0xbc,0xff,0xdc,0xff,0x3a,0xe7,0x29,0x5b,0x87,0x4a,0xc5,0x39,0xe6,0x39,0xe6,0x39,0xc5,0x39,0xc5,0x39,0xc5,0x39,
    0xc5,0x31,0xc5,0x39,0xc5,0x39,0xa5,0x31,0xa5,0x31,0xa5,0x31,0xa5,0x31,0xc5,0x31,0xc5,0x31,0xc5,0x39,0xc5,0x39,0xc5,0x39,
    0xa5,0x31,0xc5,0x39,0x06,0x3a,0x07,0x42,0xe6,0x39,0xe6,0x41,0xe6,0x39,0x24,0x29,0x23,0x21,0xe6,0x39,0x68,0x4a,0xa5,0x31,
    0x44,0x29,0x64,0x31,0x03,0x21,0x44,0x29,0x64,0x29,0x44,0x29,0x23,0x21,0x85,0x31,0xe6,0x39,0xc5,0x39,0xc5,0x39,0xa5,0x39,
    0x24,0x29,0x23,0x21,0x23,0x21,0x44,0x29,0x44,0x29,0x03,0x21,0xa9,0x52,0xd5,0xbd,0x67,0x4a,0xb7,0xd6,0x7b,0xef,0x9b,0xf7,
    0xbc,0xff,0x68,0x4a,0x81,0x10,0x6b,0x73,0x78,0xff,0xf6,0xf6,0x71,0xd5,0x71,0xcd,0xe8,0x6a,0xae,0xac,0x70,0xd5,0x29,0x73,
    0x85,0x31,0xcb,0x8b,0x0c,0x9c,0x76,0xde,0x79,0xff,0x17,0xff,0x37,0xff,0x71,0xcd,0xb2,0xd5,0x91,0xcd,0x50,0xc5,0xf2,0xdd,
    0x50,0xc5,0xb6,0xee,0x38,0xff,0x38,0xff,0x38,0xff,0x38,0xff,0x38,0xff,0x38,0xff,0x38,0xff,0x38,0xff,0x38,0xff,0x38,0xff,
    0x38,0xff,0x38,0xff,0x38,0xff,0x38,0xff,0x38,0xff,0x38,0xff,0x38,0xff,0x38,0xff,0x38,0xff,0x79,0xff,0xdb,0xff,0xf0,0xa4,
    0xe2,0x18,0x03,0x21,0x03,0x21,0x75,0xe6,0x37,0xff,0x79,0xff,0x4b,0x6b,0xa1,0x10,0x16,0xc6,0x97,0xd6,0xe6,0x39,0xbd,0xff,
    0xea,0x5a,0xc9,0x5a,0xbc,0xff,0x9a,0xf7,0xbb,0xff,0x7b,0xef,0x06,0x42,0x32,0xa5,0x9b,0xf7,0x7a,0xf7,0x54,0xc6,0x33,0xbe,
    0x34,0xbe,0x33,0xbe,0xd7,0xd6,0x9b,0xff,0xfd,0xff,0x6c,0x6b,0xc2,0x10,0x81,0x08,0xa8,0x52,0xcf,0xa4,0xe2,0x18,0x23,0x21,
    0x57,0xce,0xfd,0xff,0xdb,0xff,0x17,0xe7,0x9a,0xf7,0xfc,0xff,0xfc,0xff,0xfd,0xff,0xfe,0xff,0xdc,0xff,0xfc,0xff,0x39,0xe7,
    0x44,0x29,0x06,0x3a,0x6b,0x7c,0x8c,0x84,0x2d,0x95,0x0a,0x74,0xc5,0x31,0xac,0x84,0xcc,0x8c,0xcc,0x8c,0x6b,0x7c,0x6b,0x7c,
    0x69,0x63,0x29,0x63,0xf1,0xc5,0x6f,0xb5,0x4e,0xb5,0xc8,0x5a,0xc2,0x18,0xe5,0x39,0xd2,0xc5,0x4d,0x8c,0x09,0x63,0x23,0x21,
    0x47,0x4a,0xf7,0xee,0x18,0xff,0x38,0xff,0x38,0xff,0x38,0xff,0x38,0xff,0x99,0xff,0x55,0xd6,0x64,0x29,0x59,0xf7,0x11,0xa5,
    0x47,0x4a,0xc9,0x5a,0xa8,0x52,0xa8,0x52,0xc8,0x52,0xa8,0x52,0xa8,0x52,0xa8,0x52,0xa8,0x52,0xc8,0x52,0xa8,0x52,0x03,0x21,
    0xa5,0x31,0xe9,0x5a,0xa8,0x52,0x64,0x29,0x81,0x10,0x2b,0x63,0xfd,0xff,0xf7,0xde,0x34,0xbe,0x75,0xc6,0x54,0xc6,0x75,0xc6,
    0x74,0xc6,0x33,0xc6,0x34,0xc6,0x54,0xc6,0x54,0xc6,0x54,0xc6,0x74,0xc6,0x75,0xce,0x75,0xce,0x74,0xc6,0x74,0xc6,0x74,0xc6,
    0x74,0xc6,0x54,0xc6,0x54,0xc6,0x33,0xbe,0x33,0xbe,0x74,0xc6,0xec,0x73,0xe8,0x52,0x5a,0xef,0xdc,0xff,0xbc,0xff,0xbc,0xff,
    0xbc,0xff,0xbc,0xff,0xdc,0xff,0x3a,0xef,0x29,0x5b,0x67,0x4a,0xa5,0x31,0xa5,0x31,0xa5,0x31,0x85,0x31,0x84,0x31,0x64,0x29,
    0x64,0x29,0x64,0x29,0x64,0x29,0x64,0x29,0x64,0x29,0x64,0x29,0x64,0x29,0x64,0x29,0x64,0x29,0x64,0x29,0x44,0x29,0x44,0x29,
    0x23,0x21,0x44,0x29,0x44,0x29,0x23,0x21,0x23,0x21,0x44,0x29,0x43,0x29,0x44,0x29,0x84,0x31,0x64,0x29,0x03,0x21,0x23,0x21,
    0x44,0x29,0x23,0x21,0x03,0x21,0x03,0x21,0x23,0x21,0x03,0x21,0x03,0x21,0x03,0x21,0x03,0x21,0xe3,0x18,0xe3,0x18,0xe3,0x18,
    0xe3,0x20,0xe3,0x18,0x03,0x21,0x03,0x21,0x03,0x21,0x03,0x21,0x64,0x29,0x44,0x29,0x24,0x21,0x44,0x29,0x4f,0x8c,0xfe,0xff,
    0x9b,0xff,0x47,0x4a,0x40,0x08,0x4a,0x73,0x98,0xff,0xf6,0xf6,0xd6,0xf6,0xd3,0xcd,0x46,0x4a,0x71,0xcd,0x33,0xee,0x4a,0x73,
    0x03,0x19,0x4a,0x7b,0x71,0xd5,0xd7,0xf6,0x58,0xff,0x17,0xff,0x38,0xff,0xd2,0xd5,0xf3,0xdd,0x91,0xcd,0x50,0xcd,0xf2,0xdd,
    0xd2,0xd5,0xd7,0xf6,0x58,0xff,0x38,0xff,0x38,0xff,0x38,0xff,0x38,0xff,0x38,0xff,0x38,0xff,0x38,0xff,0x38,0xff,0x38,0xff,
    0x38,0xff,0x38,0xff,0x38,0xff,0x38,0xff,0x38,0xff,0x38,0xff,0x38,0xff,0x38,0xff,0xba,0xff,0x6f,0x94,0x88,0x52,0x23,0x21,
    0x8c,0x7b,0x51,0xbd,0xc9,0x62,0xb5,0xee,0x17,0xff,0x99,0xff,0x4b,0x6b,0xe2,0x18,0x53,0xad,0x68,0x4a,0x73,0xad,0xd9,0xde,
    0x4b,0x6b,0xee,0x7b,0xfd,0xff,0x9b,0xf7,0x9b,0xff,0x9b,0xf7,0xf5,0xbd,0x1a,0xe7,0xdb,0xff,0x9a,0xf7,0x34,0xc6,0x13,0xbe,
    0x34,0xbe,0x34,0xbe,0xf8,0xde,0xbc,0xff,0xfc,0xff,0x2b,0x63,0x81,0x10,0xe5,0x41,0x67,0x52,0x71,0xb5,0x88,0x52,0x44,0x29,
    0x23,0x21,0x73,0xb5,0xd8,0xde,0x2a,0x63,0xb5,0xbd,0xd8,0xde,0x56,0xce,0x76,0xd6,0x97,0xd6,0x31,0xa5,0x76,0xce,0x93,0xb5,
    0x23,0x21,0x03,0x21,0xa7,0x4a,0xca,0x6b,0x0a,0x74,0x46,0x42,0xe2,0x18,0xea,0x6b,0x4b,0x74,0x0a,0x74,0xa9,0x63,0xa9,0x6b,
    0x25,0x3a,0x06,0x42,0x0b,0x84,0xaa,0x7b,0xe5,0x41,0xa2,0x10,0x03,0x21,0x8b,0x73,0xce,0x9c,0xcb,0x7b,0x29,0x6b,0xa2,0x10,
    0xd0,0xa4,0x99,0xff,0x17,0xff,0x38,0xff,0x38,0xff,0x38,0xff,0x17,0xff,0x58,0xff,0x14,0xd6,0x85,0x31,0x7b,0xf7,0x32,0xa5,
    0x47,0x4a,0xc9,0x5a,0xc8,0x52,0xc8,0x52,0xa8,0x52,0xc8,0x52,0xc8,0x52,0xc8,0x5a,0xc8,0x5a,0xc8,0x52,0xa8,0x52,0x47,0x4a,
    0x88,0x52,0xe9,0x5a,0x88,0x52,0x44,0x29,0xc2,0x18,0x4b,0x6b,0xfc,0xff,0xf7,0xde,0x74,0xc6,0x75,0xce,0x54,0xc6,0x75,0xc6,
    0x75,0xc6,0x54,0xc6,0x54,0xc6,0x75,0xc6,0x95,0xce,0x95,0xce,0x95,0xce,0x95,0xce,0x95,0xce,0x95,0xce,0x75,0xce,0x74,0xce,
    0x74,0xc6,0x74,0xc6,0x54,0xc6,0x54,0xc6,0x54,0xc6,0x95,0xce,0x0c,0x7c,0xe9,0x52,0x5a,0xef,0xdc,0xff,0xbc,0xff,0xbc,0xff,
    0xbc,0xff,0xbc,0xff,0xdc,0xff,0x3a,0xef,0x29,0x5b,0x87,0x4a,0x07,0x42,0x06,0x42,0x06,0x42,0x47,0x4a,0xe9,0x5a,0xe9,0x5a,
    0xe9,0x5a,0xe9,0x5a,0xe9,0x5a,0xe9,0x5a,0xe9,0x5a,0x09,0x5b,0x09,0x5b,0xe9,0x5a,0xe9,0x5a,0xe9,0x5a,0xe9,0x5a,0xe9,0x5a,
    0xe9,0x5a,0xc9,0x5a,0xc9,0x5a,0xc8,0x52,0xc9,0x5a,0xe9,0x5a,0xe9,0x5a,0xa8,0x52,0xa8,0x52,0xa8,0x52,0x88,0x4a,0x67,0x4a,
    0x67,0x4a,0x06,0x42,0x06,0x42,0xe6,0x39,0xe6,0x39,0xc6,0x39,0xe6,0x39,0xe6,0x39,0x06,0x42,0x06,0x42,0x26,0x42,0x06,0x42,
    0xc5,0x39,0xe5,0x39,0xe6,0x39,0xc5,0x39,0xa5,0x31,0xc5,0x39,0xc5,0x39,0xa5,0x31,0x64,0x29,0x81,0x10,0x48,0x4a,0xd1,0x9c,
    0x19,0xe7,0x4c,0x6b,0xe2,0x18,0xc9,0x62,0x17,0xef,0x38,0xf7,0x79,0xff,0x92,0xc5,0xa8,0x5a,0xf3,0xdd,0xb2,0xd5,0x09,0x6b,
    0x23,0x21,0x49,0x7b,0x2f,0xcd,0x50,0xcd,0x18,0xff,0xba,0xff,0x17,0xff,0xd6,0xf6,0xd6,0xee,0x91,0xd5,0x70,0xcd,0x33,0xe6,
    0x38,0xff,0x58,0xff,0x38,0xff,0x38,0xff,0x38,0xff,0x38,0xff,0x38,0xff,0x38,0xff,0x38,0xff,0x38,0xff,0x38,0xff,0x38,0xff,
    0x38,0xff,0x38,0xff,0x38,0xff,0x38,0xff,0x38,0xff,0x38,0xff,0x38,0xff,0xd7,0xee,0x96,0xde,0xa8,0x5a,0xc2,0x18,0xa5,0x39,
    0x93,0xc5,0xb9,0xff,0x37,0xff,0x17,0xff,0x17,0xff,0x78,0xff,0x0a,0x6b,0xe2,0x18,0x70,0x94,0xd1,0x9c,0x9d,0xf7,0x06,0x42,
    0x73,0xb5,0xfd,0xff,0x9b,0xf7,0x9b,0xf7,0x7a,0xf7,0x9b,0xf7,0xfd,0xff,0xbc,0xff,0x7a,0xf7,0x59,0xef,0x34,0xbe,0x34,0xbe,
    0x54,0xc6,0x95,0xce,0x39,0xe7,0x5a,0xef,0xfc,0xff,0x2b,0x63,0x81,0x10,0x95,0xe6,0xe9,0x62,0x2d,0x84,0xb5,0xde,0x6b,0x73,
    0x44,0x29,0x06,0x42,0x27,0x42,0x07,0x42,0x47,0x4a,0x27,0x4a,0xe6,0x39,0xa5,0x39,0xe6,0x39,0xe6,0x41,0xe6,0x41,0x85,0x31,
    0x44,0x29,0x44,0x29,0x64,0x29,0x85,0x31,0xa5,0x31,0x85,0x31,0x24,0x29,0x44,0x29,0x64,0x29,0x44,0x29,0x43,0x29,0xe3,0x18,
    0xe2,0x18,0x23,0x21,0x44,0x29,0x23,0x21,0x64,0x29,0xa5,0x31,0x8d,0x94,0xb1,0xbd,0xab,0x73,0xaa,0x73,0xc8,0x5a,0x85,0x31,
    0xd4,0xc5,0x79,0xff,0x17,0xff,0x38,0xff,0x38,0xff,0x38,0xff,0x17,0xff,0x58,0xff,0xf4,0xd5,0xa5,0x31,0x9c,0xf7,0x53,0xad,
    0x47,0x4a,0xc9,0x5a,0xc8,0x52,0xc8,0x52,0xc8,0x52,0xa8,0x52,0xc8,0x52,0xc8,0x52,0xc8,0x52,0xc8,0x52,0xa8,0x52,0xc8,0x52,
    0xc9,0x5a,0xc8,0x5a,0x88,0x4a,0x44,0x29,0xc2,0x18,0x6c,0x6b,0xba,0xf7,0x13,0xbe,0x10,0x9d,0x51,0xa5,0x51,0xa5,0x50,0xa5,
    0x10,0x9d,0xce,0x94,0xce,0x94,0x0f,0x9d,0x10,0x9d,0x10,0x9d,0x0f,0x9d,0xef,0x94,0xef,0x94,0x0f,0x9d,0x0f,0x9d,0x30,0x9d,
    0x0f,0x9d,0x0f,0x9d,0x0f,0x9d,0x10,0x9d,0x0f,0x9d,0x30,0x9d,0xab,0x6b,0x09,0x5b,0x3a,0xef,0xdc,0xff,0xbc,0xff,0xbc,0xff,
    0xbc,0xff,0xbc,0xff,0xdc,0xff,0x3a,0xef,0x49,0x5b,0x87,0x4a,0xa5,0x31,0xa5,0x31,0xa5,0x31,0xc6,0x39,0x06,0x3a,0xe6,0x39,
    0xe6,0x39,0xe6,0x39,0xe6,0x39,0xe6,0x39,0xe6,0x39,0xe6,0x39,0xe6,0x39,0xe6,0x39,0xe6,0x39,0xe6,0x39,0xe6,0x39,0xe6,0x39,
    0xe6,0x39,0x27,0x42,0xa8,0x52,0xa8,0x52,0xa8,0x52,0xa8,0x52,0xa8,0x52,0xa8,0x52,0xa8,0x52,0xa8,0x52,0x09,0x63,0x2a,0x63,
    0x2a,0x63,0x4a,0x63,0x4a,0x63,0x4a,0x63,0x4a,0x63,0x6a,0x6b,0x8b,0x6b,0x8b,0x6b,0x8a,0x6b,0xcb,0x73,0x0c,0x7c,0xec,0x7b,
    0xeb,0x7b,0xec,0x7b,0xcc,0x7b,0xab,0x73,0x8b,0x73,0xab,0x73,0xab,0x73,0x8b,0x6b,0xa8,0x52,0x44,0x29,0x03,0x21,0xa2,0x10,
    0x97,0xd6,0xfd,0xff,0x8c,0x73,0x60,0x08,0x6f,0x9c,0xfb,0xff,0x14,0xd6,0x31,0xb5,0x58,0xff,0x59,0xff,0x4b,0x73,0xa5,0x31,
    0x4a,0x7b,0xee,0xc4,0xad,0xbc,0x2f,0xc5,0x6e,0xa4,0xd0,0xa4,0x79,0xff,0x37,0xff,0x17,0xff,0x75,0xee,0x95,0xee,0x17,0xff,
    0x38,0xff,0x38,0xff,0x38,0xff,0x38,0xff,0x38,0xff,0x38,0xff,0x38,0xff,0x38,0xff,0x38,0xff,0x38,0xff,0x38,0xff,0x38,0xff,
    0x38,0xff,0x38,0xff,0x38,0xff,0x38,0xff,0x38,0xff,0xf7,0xf6,0x99,0xff,0x4e,0x94,0xc2,0x10,0x23,0x29,0x6f,0x9c,0x59,0xff,
    0x17,0xf7,0x17,0xff,0x17,0xff,0x38,0xff,0x18,0xff,0x78,0xff,0x0a,0x63,0x40,0x08,0xb4,0xb5,0xff,0xff,0xbd,0xff,0x5b,0xef,
    0x39,0xef,0x7a,0xf7,0x9b,0xf7,0x59,0xef,0x59,0xef,0x9a,0xf7,0x9b,0xf7,0xbb,0xff,0x59,0xef,0x33,0xbe,0x34,0xbe,0x54,0xc6,
    0x54,0xc6,0x59,0xef,0x39,0xe7,0x75,0xc6,0xfc,0xff,0x4b,0x6b,0xa1,0x10,0xb6,0xee,0x2b,0x6b,0x84,0x29,0x4d,0x8c,0xd2,0xbd,
    0xf6,0xde,0xb6,0xde,0xd6,0xde,0xf7,0xe6,0xf7,0xe6,0xd6,0xde,0xb6,0xde,0xb6,0xde,0xd7,0xde,0x18,0xe7,0x18,0xe7,0xf8,0xe6,
    0xd7,0xe6,0xd7,0xe6,0xf8,0xe6,0xf8,0xe6,0xf8,0xe6,0xf8,0xe6,0xd7,0xde,0xd7,0xde,0xd7,0xde,0xb7,0xde,0xb7,0xde,0x96,0xd6,
    0x96,0xd6,0xb7,0xde,0xb8,0xde,0xb8,0xde,0xd8,0xde,0x95,0xde,0xce,0x9c,0x6a,0x6b,0x0c,0x84,0x47,0x4a,0x44,0x29,0xb6,0xee,
    0x37,0xff,0x38,0xff,0x38,0xff,0x38,0xff,0x38,0xff,0x38,0xff,0x17,0xff,0x58,0xff,0xf3,0xcd,0xc6,0x39,0xbc,0xff,0x53,0xad,
    0x47,0x4a,0xc9,0x5a,0xa8,0x52,0xc8,0x52,0xc8,0x52,0xc8,0x52,0xc8,0x52,0xc8,0x52,0xc8,0x52,0xc8,0x5a,0xa8,0x52,0xa8,0x52,
    0xa8,0x52,0xc8,0x5a,0x88,0x52,0x44,0x29,0xe2,0x18,0x8c,0x73,0xba,0xf7,0xb2,0xb5,0xce,0x94,0xae,0x8c,0x8e,0x84,0x51,0xa5,
    0xef,0x94,0xae,0x8c,0xef,0x94,0x0f,0x9d,0x0f,0x9d,0x0f,0x95,0xef,0x94,0xef,0x94,0xef,0x94,0x0f,0x95,0x0f,0x9d,0x0f,0x9d,
    0x0f,0x9d,0xef,0x94,0xef,0x94,0x0f,0x9d,0xef,0x94,0x0f,0x9d,0xab,0x6b,0x09,0x53,0x3a,0xef,0xdc,0xff,0xbc,0xff,0xbc,0xff,
    0xbc,0xff,0xbc,0xff,0xdc,0xff,0x3a,0xef,0x49,0x63,0x87,0x4a,0xa5,0x31,0xa5,0x31,0xa5,0x31,0xc5,0x31,0xa5,0x31,0xa5,0x31,
    0xa5,0x31,0xa5,0x31,0xa5,0x31,0xa5,0x31,0xa5,0x31,0xa5,0x31,0xa5,0x31,0xa5,0x31,0xa5,0x31,0xa5,0x31,0xa5,0x31,0xa5,0x31,
    0xa5,0x31,0xc5,0x31,0xc6,0x39,0xc6,0x39,0xc6,0x39,0xc6,0x39,0xc5,0x39,0xc5,0x39,0xc6,0x39,0xc6,0x39,0xc6,0x39,0xe6,0x39,
    0xe6,0x39,0xe6,0x39,0xc6,0x39,0xc5,0x31,0xa5,0x31,0xc6,0x39,0xe6,0x39,0xe6,0x39,0xc6,0x39,0xe6,0x39,0x06,0x3a,0x06,0x42,
    0x06,0x42,0x06,0x42,0xe6,0x39,0xa5,0x31,0xa5,0x31,0xe6,0x39,0xe6,0x39,0xc5,0x39,0x09,0x5b,0x09,0x63,0xc5,0x39,0x44,0x29,
    0x98,0xd6,0xfc,0xff,0x93,0xb5,0x61,0x08,0x44,0x29,0x2e,0x94,0x34,0xd6,0xec,0x8b,0x78,0xff,0x39,0xff,0x4b,0x6b,0x84,0x31,
    0x0d,0x94,0xf6,0xfe,0x53,0xee,0x47,0x52,0xc2,0x18,0xc2,0x18,0x85,0x31,0x8f,0x9c,0x37,0xff,0x99,0xff,0x99,0xff,0xba,0xff,
    0xdb,0xff,0x79,0xff,0x17,0xff,0x17,0xff,0x38,0xff,0x38,0xff,0x38,0xff,0x38,0xff,0x38,0xff,0x38,0xff,0x38,0xff,0x38,0xff,
    0x38,0xff,0x38,0xff,0x58,0xff,0x59,0xff,0x9a,0xff,0x37,0xff,0xa8,0x52,0x03,0x21,0xaf,0x9c,0x75,0xde,0x58,0xff,0x38,0xff,
    0x38,0xff,0x38,0xff,0x37,0xff,0x17,0xff,0x78,0xff,0xb7,0xe6,0x44,0x29,0xc2,0x18,0x85,0x31,0x07,0x42,0x06,0x42,0x2e,0x84,
    0xfd,0xff,0xdb,0xff,0xbb,0xff,0xbb,0xff,0xbc,0xff,0xbb,0xff,0x9a,0xf7,0x9b,0xf7,0x9b,0xf7,0x39,0xe7,0x75,0xce,0x54,0xc6,
    0x39,0xe7,0xb7,0xd6,0x74,0xc6,0x75,0xc6,0xfc,0xff,0x4c,0x6b,0xa2,0x10,0x75,0xe6,0x71,0xc5,0xa5,0x39,0x4d,0x8c,0xcd,0x9c,
    0x0f,0xa5,0x50,0xad,0x30,0xad,0x2f,0xad,0x50,0xad,0x50,0xad,0x50,0xad,0x70,0xb5,0x70,0xb5,0x70,0xb5,0x71,0xb5,0x91,0xbd,
    0xb1,0xbd,0xb1,0xbd,0xb1,0xbd,0xb1,0xbd,0xb1,0xbd,0xb1,0xbd,0xb1,0xbd,0xd2,0xbd,0xd2,0xbd,0xd2,0xbd,0xd2,0xbd,0xb1,0xbd,
    0xb1,0xbd,0xd2,0xbd,0xf2,0xc5,0x13,0xc6,0xb2,0xb5,0xab,0x73,0x8a,0x73,0x29,0x63,0xa2,0x10,0xac,0x7b,0x35,0xd6,0xf6,0xf6,
    0x17,0xff,0x38,0xff,0x38,0xff,0x38,0xff,0x38,0xff,0x38,0xff,0x38,0xff,0x99,0xff,0x75,0xde,0x44,0x29,0x9c,0xf7,0x52,0xad,
    0x47,0x4a,0xc9,0x5a,0xa8,0x52,0xa8,0x52,0xc8,0x52,0xc8,0x52,0xc8,0x52,0xc8,0x52,0xc8,0x52,0xc8,0x52,0xc8,0x52,0xa8,0x52,
    0xa8,0x52,0xc8,0x5a,0xc8,0x52,0x64,0x29,0x40,0x08,0x2b,0x63,0xfe,0xff,0x96,0xd6,0x0f,0x9d,0x50,0x9d,0x71,0xa5,0x95,0xce,
    0x74,0xc6,0x74,0xc6,0x95,0xce,0xb5,0xce,0x95,0xce,0x95,0xce,0x95,0xce,0x95,0xce,0x95,0xce,0x95,0xce,0x95,0xce,0x74,0xc6,
    0x74,0xc6,0x75,0xc6,0x95,0xce,0x95,0xce,0x74,0xc6,0xb5,0xd6,0x2d,0x7c,0xe8,0x52,0x5a,0xef,0xdc,0xff,0xbc,0xff,0xbc,0xff,
    0xbc,0xff,0xbc,0xff,0xdc,0xff,0x3a,0xef,0x29,0x5b,0x87,0x4a,0xa5,0x31,0xa5,0x31,0xa5,0x31,0xa5,0x31,0xa5,0x31,0xa5,0x31,
    0xa5,0x31,0xa5,0x31,0xa5,0x31,0xa5,0x31,0xa5,0x31,0xc5,0x31,0xa5,0x31,0xa5,0x31,0xa5,0x31,0xa5,0x31,0xc5,0x31,0xc5,0x31,
    0xa5,0x31,0xa5,0x31,0xa5,0x31,0xa5,0x31,0xa5,0x31,0xa5,0x31,0xa5,0x31,0xa5,0x31,0xa5,0x31,0xa5,0x31,0xa5,0x31,0xa5,0x31,
    0xa5,0x31,0xa5,0x31,0xa5,0x31,0xa5,0x31,0xa5,0x31,0xa5,0x31,0xa5,0x31,0x85,0x31,0x85,0x31,0x85,0x31,0x85,0x31,0x85,0x31,
    0x85,0x31,0x85,0x31,0x85,0x31,0x64,0x29,0x85,0x31,0x85,0x31,0x85,0x29,0x64,0x29,0xa8,0x52,0x6b,0x6b,0xc5,0x39,0x23,0x21,
    0xb7,0xde,0xfc,0xff,0xf9,0xe6,0x2f,0x84,0xc6,0x39,0xa5,0x39,0xac,0x7b,0xcc,0x83,0x98,0xff,0x59,0xff,0x2b,0x6b,0x64,0x29,
    0xaf,0xa4,0xb5,0xee,0x0c,0x94,0x03,0x21,0x88,0x52,0xcc,0x7b,0x4b,0x73,0xa5,0x39,0xe6,0x41,0x4e,0x94,0x2d,0x8c,0x6e,0x94,
    0x0d,0x84,0x92,0xc5,0xda,0xff,0x99,0xff,0x79,0xff,0x59,0xff,0x79,0xff,0x59,0xff,0x79,0xff,0x59,0xff,0x58,0xff,0x38,0xff,
    0x58,0xff,0x37,0xff,0xd6,0xf6,0x95,0xee,0xd3,0xcd,0x8b,0x73,0xa2,0x10,0xc9,0x5a,0xd6,0xee,0x79,0xff,0x38,0xff,0x38,0xff,
    0x38,0xff,0x38,0xff,0x17,0xff,0x58,0xff,0xd6,0xee,0xac,0x7b,0x03,0x21,0x64,0x29,0x84,0x31,0xc5,0x39,0x03,0x21,0xe6,0x39,
    0xed,0x7b,0xf1,0xa4,0x18,0xe7,0xf9,0xe6,0xf9,0xe6,0xf8,0xe6,0x7a,0xf7,0x9a,0xf7,0x9b,0xf7,0x9b,0xf7,0x95,0xce,0x54,0xc6,
    0x7a,0xf7,0x95,0xce,0x34,0xbe,0x54,0xc6,0xfd,0xff,0x6c,0x6b,0xc2,0x18,0x55,0xde,0x16,0xff,0xcb,0x83,0xe8,0x5a,0x8d,0x94,
    0x50,0xad,0x50,0xad,0x50,0xad,0x2f,0xad,0x50,0xad,0x50,0xad,0x50,0xad,0x50,0xad,0x50,0xad,0x2f,0xad,0x4f,0xad,0x2f,0xad,
    0x2f,0xad,0x50,0xad,0x4f,0xad,0x2f,0xad,0x2f,0xad,0x2f,0xad,0x4f,0xad,0x2f,0xad,0x2f,0xad,0x2f,0xad,0x2f,0xad,0x0f,0xad,
    0x2f,0xad,0x2f,0xad,0x0f,0xa5,0x2f,0xad,0x0f,0xa5,0xeb,0x7b,0x49,0x6b,0xe9,0x62,0x2a,0x6b,0x92,0xc5,0xba,0xff,0x17,0xff,
    0x17,0xff,0x38,0xff,0x38,0xff,0x38,0xff,0x38,0xff,0x38,0xff,0x58,0xff,0xf7,0xee,0xed,0x83,0x8d,0x73,0xbc,0xff,0x52,0xad,
    0x67,0x4a,0xc9,0x5a,0xc8,0x52,0xa8,0x52,0xc8,0x52,0xc8,0x52,0xc8,0x5a,0xc8,0x52,0xc8,0x52,0xc8,0x52,0xc8,0x52,0xc8,0x52,
    0xa8,0x52,0xc8,0x5a,0x27,0x42,0x23,0x21,0xc9,0x5a,0x94,0xb5,0xdd,0xff,0xb7,0xd6,0x2f,0x9d,0x13,0xbe,0x34,0xbe,0x30,0x9d,
    0x6d,0x84,0x2c,0x7c,0x6d,0x84,0x4d,0x84,0x4d,0x7c,0x4d,0x84,0x4d,0x84,0x4d,0x84,0x6d,0x84,0x4d,0x84,0x4d,0x7c,0x2d,0x7c,
    0x4d,0x7c,0x4d,0x84,0x6d,0x84,0x6d,0x84,0x6d,0x84,0x8e,0x8c,0x8a,0x63,0x09,0x5b,0x3a,0xef,0xdc,0xff,0xbc,0xff,0xbc,0xff,
    0xbc,0xff,0x9c,0xff,0xdc,0xff,0x3a,0xef,0x29,0x5b,0x87,0x4a,0xa5,0x31,0xa5,0x31,0xa5,0x31,0xa5,0x31,0xa5,0x31,0xa5,0x31,
    0xa5,0x31,0xa5,0x31,0xa5,0x31,0xa5,0x31,0xa5,0x31,0xa5,0x31,0xa5,0x31,0xa5,0x31,0xa5,0x31,0xa5,0x31,0xa5,0x31,0xa5,0x31,
    0xc5,0x31,0xa5,0x31,0xa5,0x31,0xa5,0x31,0xa5,0x31,0xa5,0x31,0xa5,0x31,0xa5,0x31,0xa5,0x31,0xa5,0x31,0xa5,0x31,0xa5,0x31,
    0xa5,0x31,0xa5,0x31,0xc5,0x31,0xa5,0x31,0xa5,0x31,0xa5,0x31,0xa5,0x31,0xa5,0x31,0xa5,0x31,0xa5,0x31,0xa5,0x31,0xa5,0x31,
    0xa5,0x31,0xa5,0x31,0x85,0x31,0xc5,0x39,0x27,0x42,0xa5,0x31,0x85,0x31,0x85,0x31,0x26,0x42,0x4a,0x63,0x85,0x31,0x03,0x21,
    0xd8,0xde,0xdc,0xff,0xbc,0xff,0xff,0xff,0x90,0x94,0x23,0x21,0xa2,0x10,0x8b,0x7b,0x75,0xde,0x34,0xd6,0xc9,0x5a,0x44,0x29,
    0xed,0x8b,0xed,0x8b,0x41,0x00,0x81,0x10,0x11,0xad,0xfb,0xff,0xda,0xff,0xb0,0x9c,0x23,0x21,0x85,0x31,0xc5,0x39,0xa5,0x39,
    0x44,0x29,0xc6,0x39,0xea,0x62,0x8c,0x7b,0x96,0xe6,0xb6,0xe6,0x96,0xe6,0x96,0xe6,0x96,0xe6,0x96,0xe6,0x96,0xe6,0xf7,0xf6,
    0xf7,0xfe,0x74,0xee,0x50,0xcd,0x30,0xc5,0x2c,0x9c,0xe2,0x18,0xc2,0x18,0x54,0xde,0x78,0xff,0x17,0xf7,0x38,0xff,0x38,0xff,
    0x38,0xff,0x38,0xff,0x79,0xff,0xb6,0xee,0xd0,0xac,0x81,0x10,0x03,0x21,0x47,0x42,0x6a,0x6b,0xab,0x73,0x26,0x42,0x03,0x21,
    0x61,0x08,0x03,0x21,0x47,0x4a,0x88,0x52,0xa8,0x52,0xe9,0x5a,0x59,0xef,0xdc,0xff,0xdc,0xff,0xbb,0xff,0x74,0xc6,0x54,0xc6,
    0x9a,0xf7,0x95,0xce,0x54,0xc6,0x75,0xc6,0xfd,0xff,0x8d,0x73,0x02,0x21,0x35,0xde,0x78,0xff,0x14,0xd6,0x06,0x42,0x2c,0x8c,
    0x50,0xad,0x50,0xad,0x50,0xad,0x50,0xad,0x50,0xad,0x50,0xb5,0x50,0xad,0x50,0xb5,0x50,0xb5,0x50,0xad,0x50,0xad,0x50,0xad,
    0x70,0xb5,0x70,0xb5,0x70,0xb5,0x50,0xb5,0x50,0xb5,0x70,0xb5,0x70,0xb5,0x50,0xb5,0x50,0xad,0x50,0xad,0x50,0xad,0x50,0xad,
    0x50,0xb5,0x50,0xb5,0x50,0xad,0x50,0xad,0x2f,0xa5,0x2c,0x84,0xe8,0x5a,0x0a,0x6b,0xb9,0xff,0x37,0xff,0x38,0xff,0x59,0xff,
    0x17,0xff,0x17,0xff,0x37,0xff,0x38,0xff,0x38,0xff,0x17,0xff,0x58,0xff,0xb3,0xc5,0x44,0x29,0x9b,0xf7,0xfc,0xff,0xf1,0x9c,
    0x87,0x4a,0xc9,0x5a,0xc8,0x52,0xc8,0x52,0xa8,0x52,0xa8,0x52,0xc8,0x5a,0xc8,0x52,0xc8,0x52,0xc8,0x52,0xc8,0x52,0xc8,0x52,
    0xa8,0x52,0x88,0x52,0x84,0x31,0x61,0x08,0xb4,0xb5,0xfe,0xff,0xbc,0xff,0xd7,0xde,0x50,0xa5,0x33,0xbe,0x13,0xbe,0x6d,0x84,
    0x8a,0x63,0x49,0x5b,0x6a,0x63,0x4a,0x63,0x4a,0x5b,0x6a,0x63,0x4a,0x63,0x6a,0x63,0x6a,0x63,0x4a,0x5b,0x49,0x5b,0x49,0x5b,
    0x49,0x5b,0x49,0x5b,0x6a,0x63,0x8a,0x63,0x6a,0x63,0x6a,0x63,0x29,0x5b,0x09,0x5b,0x3a,0xef,0xdc,0xff,0xbc,0xff,0xbc,0xff,
    0xbc,0xff,0xbc,0xff,0xdc,0xff,0x3a,0xef,0x29,0x5b,0x87,0x4a,0xa5,0x31,0xa5,0x31,0xa5,0x31,0xa5,0x31,0xa5,0x31,0xa5,0x31,
    0xa5,0x31,0xc5,0x31,0xa5,0x31,0xa5,0x31,0xa5,0x31,0xa5,0x31,0xa5,0x31,0xc5,0x31,0xa5,0x31,0xa5,0x31,0xa5,0x31,0xa5,0x31,
    0xc5,0x31,0xc5,0x31,0xa5,0x31,0xa5,0x31,0xa5,0x31,0xa5,0x31,0xa5,0x31,0xa5,0x31,0xa5,0x31,0xa5,0x31,0xa5,0x31,0xa5,0x31,
    0xa5,0x31,0xa5,0x31,0xa5,0x31,0xa5,0x31,0x85,0x31,0xa5,0x31,0x85,0x31,0xa5,0x31,0x85,0x31,0x85,0x31,0x85,0x31,0xa5,0x31,
    0x85,0x31,0x85,0x31,0xa5,0x31,0x85,0x31,0x85,0x31,0x67,0x4a,0xc5,0x39,0x64,0x29,0x27,0x42,0x4a,0x63,0x85,0x31,0x03,0x21,
    0xd8,0xde,0xdc,0xff,0x9b,0xff,0x7a,0xf7,0xdb,0xff,0x98,0xd6,0xa5,0x31,0x23,0x21,0x81,0x10,0x60,0x08,0x64,0x29,0xe3,0x20,
    0xc2,0x18,0x23,0x29,0x44,0x29,0x81,0x10,0x8f,0x9c,0x78,0xff,0xf7,0xf6,0x38,0xff,0x17,0xf7,0x17,0xff,0x59,0xff,0x38,0xf7,
    0x58,0xff,0xac,0x83,0xc5,0x39,0xa5,0x31,0x23,0x21,0x64,0x31,0x44,0x29,0x64,0x29,0x64,0x29,0x03,0x21,0x44,0x29,0x91,0xcd,
    0xb1,0xd5,0x70,0xd5,0x70,0xcd,0xb1,0xd5,0x30,0xbd,0x64,0x29,0x03,0x21,0x14,0xd6,0x79,0xff,0x37,0xff,0x37,0xff,0x37,0xff,
    0x79,0xff,0xdb,0xff,0x4e,0x94,0x43,0x29,0x03,0x21,0xe2,0x18,0x03,0x21,0x09,0x5b,0x49,0x63,0x4a,0x63,0x4a,0x63,0xc8,0x52,
    0xe3,0x18,0xe3,0x18,0x64,0x29,0x09,0x5b,0xc8,0x52,0x68,0x4a,0x8c,0x6b,0xac,0x73,0xcd,0x7b,0x6b,0x6b,0xd4,0xbd,0xdb,0xff,
    0x9a,0xf7,0x95,0xce,0x54,0xc6,0x75,0xc6,0xfd,0xff,0x8d,0x73,0xc2,0x18,0xb6,0xee,0x78,0xff,0x18,0xf7,0x54,0xe6,0x49,0x73,
    0x4d,0x8c,0xb1,0xbd,0x50,0xad,0x50,0xad,0x50,0xad,0x50,0xb5,0x50,0xb5,0x50,0xb5,0x70,0xb5,0x50,0xb5,0x50,0xad,0x50,0xb5,
    0x70,0xb5,0x70,0xb5,0x70,0xb5,0x70,0xb5,0x50,0xb5,0x70,0xb5,0x70,0xb5,0x70,0xb5,0x50,0xad,0x50,0xad,0x50,0xb5,0x50,0xad,
    0x50,0xad,0x50,0xad,0x50,0xad,0x50,0xad,0x2f,0xa5,0x2c,0x84,0xe8,0x5a,0x2d,0x8c,0xfa,0xff,0x58,0xff,0x17,0xff,0x34,0xe6,
    0xb6,0xf6,0x37,0xff,0x37,0xff,0x38,0xff,0x38,0xff,0x38,0xff,0xfa,0xff,0x09,0x6b,0xe3,0x18,0x79,0xf7,0x9a,0xff,0x4b,0x6b,
    0xa8,0x52,0xe9,0x5a,0xe9,0x5a,0xc9,0x5a,0xc9,0x5a,0xc8,0x5a,0xc8,0x5a,0xc8,0x5a,0xc8,0x52,0xa8,0x52,0xc8,0x52,0xa8,0x52,
    0xe9,0x5a,0x06,0x42,0x03,0x21,0x2b,0x63,0x77,0xd6,0xdc,0xff,0xbc,0xff,0xd7,0xd6,0x70,0xa5,0x34,0xbe,0xf3,0xb5,0x6d,0x84,
    0x8a,0x6b,0x49,0x5b,0x6a,0x63,0x29,0x5b,0x29,0x5b,0x6a,0x63,0xab,0x6b,0x8a,0x6b,0x8a,0x63,0x6a,0x63,0x49,0x5b,0x49,0x5b,
    0x49,0x63,0x8a,0x63,0x8a,0x63,0x69,0x63,0x49,0x5b,0x29,0x5b,0xe8,0x52,0x09,0x5b,0x3a,0xef,0xdc,0xff,0xbc,0xff,0xbc,0xff,
    0xbc,0xff,0xbc,0xff,0xdc,0xff,0x3a,0xef,0x29,0x5b,0x67,0x42,0xa5,0x31,0xa5,0x31,0xa5,0x31,0xa5,0x31,0xa5,0x31,0xa5,0x31,
    0xa5,0x31,0xc5,0x31,0xa5,0x31,0xa5,0x31,0xa5,0x31,0xa5,0x31,0xa5,0x31,0xa5,0x31,0xc5,0x31,0xa5,0x31,0xa5,0x31,0xa5,0x31,
    0xa5,0x31,0xc5,0x31,0xc5,0x31,0xa5,0x31,0xa5,0x31,0xa5,0x31,0xa5,0x31,0xa5,0x31,0xa5,0x31,0xa5,0x31,0xa5,0x31,0xa5,0x31,
    0xa5,0x31,0xa5,0x31,0xa5,0x31,0xe6,0x39,0x67,0x4a,0xe6,0x39,0xe6,0x39,0xc6,0x39,0xe6,0x39,0x06,0x42,0xc5,0x39,0xe6,0x39,
    0x47,0x4a,0xa5,0x31,0x85,0x31,0x85,0x31,0x85,0x31,0xe6,0x39,0xa5,0x31,0x64,0x29,0x26,0x42,0x4a,0x6b,0x85,0x31,0x03,0x21,
    0xd8,0xde,0xdc,0xff,0x9b,0xf7,0xdc,0xff,0x77,0xd6,0x4f,0x8c,0x84,0x31,0xc9,0x5a,0x0f,0x84,0xee,0x7b,0xe6,0x41,0xc9,0x5a,
    0x06,0x42,0xe2,0x18,0x44,0x29,0x81,0x08,0xaf,0xa4,0xb9,0xff,0x17,0xf7,0x38,0xff,0x37,0xff,0x37,0xff,0x38,0xff,0x38,0xff,
    0x17,0xff,0x37,0xff,0x98,0xff,0x54,0xde,0x27,0x42,0xe3,0x18,0x03,0x21,0x03,0x21,0xe2,0x18,0x64,0x31,0xab,0x83,0xb1,0xd5,
    0xb1,0xd5,0x70,0xd5,0x71,0xcd,0xb2,0xd5,0x51,0xc5,0x44,0x29,0x23,0x21,0x35,0xd6,0x79,0xff,0x38,0xff,0x37,0xff,0x58,0xff,
    0x92,0xbd,0xac,0x7b,0x64,0x29,0xe2,0x18,0x03,0x21,0x84,0x31,0x26,0x42,0x29,0x63,0x4a,0x63,0x4a,0x63,0x6a,0x63,0x09,0x5b,
    0x26,0x42,0x64,0x29,0x23,0x21,0xa8,0x52,0xa8,0x52,0x27,0x42,0x68,0x4a,0x47,0x42,0x47,0x4a,0xe6,0x39,0xad,0x7b,0x32,0xad,
    0x7a,0xf7,0x39,0xe7,0xf8,0xde,0xf8,0xde,0xfd,0xff,0x2b,0x63,0x61,0x08,0x6b,0x73,0x75,0xde,0x99,0xff,0xd6,0xf6,0xcb,0x83,
    0x29,0x6b,0x0f,0xa5,0x91,0xb5,0x50,0xb5,0x70,0xb5,0x70,0xb5,0x50,0xb5,0x50,0xad,0x50,0xad,0x50,0xad,0x50,0xad,0x50,0xad,
    0x70,0xb5,0x70,0xb5,0x70,0xb5,0x70,0xb5,0x50,0xb5,0x50,0xb5,0x50,0xb5,0x50,0xb5,0x50,0xad,0x50,0xad,0x50,0xad,0x50,0xad,
    0x50,0xad,0x50,0xad,0x50,0xad,0x50,0xad,0x2f,0xad,0x2c,0x84,0xe8,0x5a,0x88,0x52,0x6e,0x94,0xef,0xb4,0x12,0xe6,0xf2,0xdd,
    0xd6,0xf6,0x38,0xff,0x37,0xff,0x37,0xff,0x79,0xff,0x18,0xf7,0x2d,0x8c,0xa9,0x5a,0x2e,0x84,0xba,0xff,0xd0,0x9c,0x47,0x4a,
    0xc9,0x5a,0x67,0x4a,0x06,0x42,0xc9,0x5a,0x06,0x42,0x27,0x42,0xc9,0x5a,0xc9,0x52,0xc8,0x52,0xa8,0x52,0xc8,0x52,0xe9,0x5a,
    0x47,0x4a,0x43,0x29,0x24,0x21,0x9b,0xf7,0xfd,0xff,0x9b,0xf7,0xdc,0xff,0xd7,0xd6,0x70,0xa5,0x54,0xc6,0x13,0xbe,0x4d,0x84,
    0x8e,0x8c,0xef,0x94,0xcf,0x94,0xae,0x8c,0xae,0x8c,0x6d,0x84,0x4a,0x63,0x4a,0x63,0x29,0x5b,0x4a,0x63,0xae,0x8c,0xef,0x94,
    0x10,0x9d,0x0c,0x74,0xec,0x73,0xcf,0x94,0x8e,0x8c,0xae,0x8c,0x6a,0x63,0x09,0x53,0x3a,0xef,0xdc,0xff,0xbc,0xff,0xbc,0xff,
    0xbc,0xff,0xbc,0xff,0xdc,0xff,0x3a,0xef,0x2a,0x5b,0x67,0x42,0xa5,0x31,0xa5,0x31,0xa5,0x31,0xa5,0x31,0xa5,0x31,0xc5,0x31,
    0xa5,0x31,0xc5,0x31,0xc5,0x31,0xc5,0x39,0xc5,0x31,0xc5,0x31,0xc5,0x31,0xa5,0x31,0xc5,0x31,0xc5,0x31,0xa5,0x31,0xc5,0x31,
    0xa5,0x31,0xc5,0x31,0xc5,0x31,0xa5,0x31,0xa5,0x31,0xa5,0x31,0xa5,0x31,0xa5,0x31,0xa5,0x31,0xa5,0x31,0xa5,0x31,0xa5,0x31,
    0xa5,0x31,0xa5,0x31,0xa5,0x31,0x27,0x42,0x6a,0x6b,0x68,0x4a,0x88,0x52,0xc6,0x39,0xa8,0x52,0x67,0x4a,0x06,0x3a,0x47,0x4a,
    0x09,0x5b,0xe6,0x39,0x65,0x29,0x85,0x31,0x85,0x31,0x64,0x29,0x85,0x31,0x64,0x29,0x06,0x3a,0x2a,0x63,0x84,0x31,0x03,0x21,
    0xd9,0xde,0xdc,0xff,0x9b,0xf7,0xfd,0xff,0xd1,0x9c,0x02,0x21,0x84,0x31,0xf1,0xa4,0xff,0xff,0xfe,0xff,0x2b,0x6b,0xf1,0xa4,
    0x73,0xb5,0x47,0x4a,0x23,0x21,0xc2,0x18,0x0d,0x8c,0x59,0xf7,0x78,0xff,0x79,0xff,0x58,0xff,0x17,0xff,0x17,0xff,0x37,0xff,
    0x17,0xff,0x37,0xff,0xf7,0xf6,0x99,0xff,0xed,0x83,0x81,0x10,0x23,0x21,0x84,0x31,0xa5,0x31,0x67,0x52,0x12,0xe6,0x91,0xd5,
    0x91,0xd5,0x91,0xd5,0xb2,0xd5,0xd2,0xd5,0x10,0xbd,0x85,0x31,0x23,0x21,0x76,0xde,0x79,0xff,0x38,0xff,0x17,0xff,0xb9,0xff,
    0x6b,0x73,0x20,0x00,0x64,0x31,0x64,0x29,0x84,0x31,0xa8,0x52,0x29,0x63,0x29,0x63,0x49,0x63,0x4a,0x63,0x4a,0x63,0x4a,0x63,
    0x6a,0x6b,0x06,0x42,0xe3,0x18,0x27,0x42,0x67,0x4a,0x47,0x42,0x2a,0x63,0xe9,0x5a,0xa8,0x52,0x68,0x4a,0x27,0x42,0x67,0x4a,
    0xd9,0xde,0xbc,0xff,0xbc,0xff,0x9b,0xff,0xfc,0xff,0x8c,0x73,0x03,0x21,0x81,0x10,0xf0,0xa4,0x18,0xf7,0x37,0xff,0x10,0xad,
    0x47,0x4a,0x0c,0x8c,0x50,0xad,0xef,0xa4,0xef,0xa4,0x50,0xad,0xb1,0xbd,0x91,0xbd,0x91,0xb5,0x90,0xb5,0x90,0xb5,0x91,0xb5,
    0xb1,0xbd,0xb1,0xbd,0x91,0xb5,0x91,0xb5,0x91,0xbd,0x91,0xb5,0x90,0xb5,0x90,0xb5,0x90,0xb5,0x90,0xb5,0x90,0xb5,0x91,0xb5,
    0x90,0xb5,0x70,0xb5,0x70,0xb5,0x50,0xad,0xae,0x9c,0x6a,0x6b,0x87,0x52,0x03,0x21,0xc2,0x18,0xc8,0x6a,0x70,0xd5,0x16,0xff,
    0x17,0xff,0x17,0xf7,0x17,0xff,0xb6,0xee,0xb7,0xee,0xb3,0xc5,0x81,0x10,0xad,0x7b,0xff,0xff,0xbb,0xf7,0x48,0x4a,0xe5,0x39,
    0x0a,0x63,0xc5,0x39,0xe2,0x18,0xa8,0x52,0x03,0x21,0xa5,0x31,0xe9,0x5a,0xa8,0x52,0xc8,0x52,0xa8,0x52,0x88,0x52,0xc8,0x5a,
    0xa5,0x31,0x03,0x21,0xc6,0x39,0x19,0xe7,0xbc,0xff,0x9b,0xf7,0xdc,0xff,0xb7,0xd6,0x70,0xa5,0x54,0xc6,0x34,0xbe,0x6d,0x84,
    0xb2,0xad,0x95,0xce,0x74,0xc6,0x54,0xc6,0x94,0xc6,0x71,0xa5,0xe9,0x5a,0x09,0x5b,0xe9,0x52,0x29,0x5b,0x33,0xbe,0x95,0xce,
    0xd6,0xd6,0x8e,0x84,0x4d,0x7c,0x95,0xce,0x54,0xc6,0x95,0xce,0x2c,0x7c,0x08,0x53,0x5a,0xef,0xdc,0xff,0xbc,0xff,0xbc,0xff,
    0xbc,0xff,0xbc,0xff,0xdc,0xff,0x3a,0xef,0x29,0x5b,0x67,0x42,0xa5,0x31,0xa5,0x31,0xa5,0x31,0xc5,0x31,0xc5,0x31,0xa5,0x31,
    0xa5,0x31,0xc5,0x31,0x85,0x31,0x85,0x29,0x85,0x31,0x65,0x29,0x65,0x29,0xa5,0x31,0xc5,0x31,0xa5,0x31,0xa5,0x31,0xa5,0x31,
    0xc5,0x31,0xa5,0x31,0xc5,0x31,0xa5,0x31,0xa5,0x31,0xa5,0x31,0xa5,0x31,0xa5,0x31,0xa5,0x31,0xa5,0x31,0xa5,0x31,0xa5,0x31,
    0xa5,0x31,0xa5,0x31,0xa5,0x31,0x06,0x42,0x6a,0x6b,0x27,0x42,0x06,0x3a,0xa8,0x52,0xc6,0x39,0xc9,0x5a,0x67,0x4a,0xe6,0x39,
    0x09,0x5b,0xc6,0x39,0x85,0x29,0x85,0x31,0x85,0x31,0x85,0x31,0x85,0x31,0x64,0x29,0xe6,0x39,0x09,0x63,0x84,0x31,0x23,0x21,
    0xd9,0xde,0xdc,0xff,0x9b,0xf7,0xfd,0xff,0x33,0xad,0x03,0x21,0x4f,0x8c,0xbc,0xf7,0x15,0xc6,0x4a,0x6b,0x39,0xef,0x18,0xe7,
    0x5a,0xef,0x4f,0x8c,0xa2,0x10,0x23,0x21,0xe2,0x18,0x6b,0x73,0x95,0xde,0x35,0xde,0xf7,0xee,0x38,0xff,0x37,0xff,0x37,0xff,
    0x37,0xff,0x38,0xff,0x17,0xff,0x79,0xff,0xac,0x7b,0xa2,0x10,0xe2,0x18,0x8b,0x73,0x95,0xd6,0xc5,0x31,0x6e,0xa4,0x33,0xe6,
    0x54,0xee,0xd5,0xf6,0xf6,0xfe,0x17,0xff,0x88,0x52,0xac,0x73,0x44,0x29,0x72,0xbd,0x58,0xff,0x37,0xff,0x38,0xff,0x99,0xff,
    0xf0,0xac,0x64,0x31,0x43,0x29,0x09,0x5b,0x29,0x63,0x06,0x42,0x29,0x63,0x29,0x63,0x8a,0x6b,0xc8,0x52,0xe6,0x39,0x6a,0x6b,
    0x29,0x63,0x09,0x5b,0xa5,0x31,0xe3,0x18,0xe6,0x39,0xe9,0x5a,0xa8,0x52,0x88,0x4a,0x68,0x4a,0xa8,0x52,0x09,0x63,0xe9,0x5a,
    0x68,0x4a,0x77,0xd6,0xfd,0xff,0x7a,0xf7,0x9a,0xf7,0x9b,0xf7,0x94,0xb5,0xa1,0x10,0x23,0x21,0x09,0x6b,0x77,0xff,0xf7,0xfe,
    0xf3,0xd5,0x03,0x21,0xc2,0x10,0xc2,0x18,0x23,0x21,0xc8,0x5a,0xee,0x9c,0xae,0x9c,0xae,0x9c,0x8d,0x94,0x8d,0x94,0xae,0x9c,
    0xae,0x9c,0xae,0x9c,0xae,0x9c,0xae,0x9c,0xae,0x9c,0x8d,0x94,0x8d,0x94,0x8e,0x94,0x8e,0x94,0x8d,0x94,0x8d,0x94,0xae,0x9c,
    0xce,0x9c,0xae,0x94,0x8d,0x94,0x8a,0x73,0xe5,0x39,0xe3,0x18,0xe3,0x18,0x06,0x42,0x18,0xf7,0x79,0xff,0x78,0xff,0x78,0xff,
    0x99,0xff,0x9a,0xff,0xfa,0xff,0xed,0x8b,0xe2,0x18,0x84,0x31,0x23,0x21,0xee,0x83,0xb9,0xd6,0xac,0x73,0x44,0x29,0xc9,0x5a,
    0xc9,0x5a,0x27,0x42,0xc5,0x39,0xc8,0x5a,0x27,0x42,0x88,0x52,0xe9,0x5a,0xe9,0x5a,0xe9,0x5a,0xc9,0x5a,0x64,0x29,0x44,0x29,
    0xa1,0x10,0xa9,0x52,0x7b,0xf7,0x9a,0xf7,0xbb,0xff,0xbb,0xff,0xdc,0xff,0xd7,0xde,0x70,0xa5,0x54,0xc6,0x34,0xc6,0x8d,0x8c,
    0x92,0xad,0x54,0xbe,0xf3,0xb5,0x13,0xb6,0x54,0xc6,0x30,0x9d,0xc8,0x52,0x09,0x5b,0x09,0x5b,0x4a,0x63,0xf3,0xb5,0x34,0xbe,
    0x74,0xc6,0x8e,0x84,0x4d,0x7c,0x54,0xc6,0x13,0xbe,0x74,0xc6,0x0c,0x7c,0xe8,0x52,0x3a,0xef,0xdc,0xff,0xbb,0xff,0xbc,0xff,
    0xbc,0xff,0xbc,0xff,0xdc,0xff,0x3a,0xef,0x29,0x5b,0x67,0x42,0xa5,0x31,0xa5,0x31,0xa5,0x31,0xc5,0x31,0xc5,0x31,0xa5,0x31,
    0xa5,0x31,0x85,0x31,0xa7,0x4a,0x69,0x63,0x49,0x63,0x29,0x5b,0x28,0x5b,0xa5,0x31,0xa5,0x31,0xc5,0x31,0xc5,0x31,0xc5,0x31,
    0xc5,0x31,0xa5,0x31,0xa5,0x31,0xa5,0x31,0xa5,0x31,0xa5,0x31,0xa5,0x31,0xa5,0x31,0xa5,0x31,0xa5,0x31,0xa5,0x31,0xa5,0x31,
    0xa5,0x31,0xa5,0x31,0xa5,0x31,0xc6,0x39,0x88,0x4a,0xe6,0x39,0xc5,0x31,0x06,0x42,0x85,0x31,0x47,0x4a,0x06,0x42,0xa5,0x31,
    0x47,0x4a,0xa5,0x31,0x85,0x31,0x85,0x31,0x85,0x31,0x85,0x31,0x85,0x31,0x64,0x29,0xe6,0x39,0x09,0x63,0x84,0x31,0x24,0x21,
    0xd8,0xde,0xdc,0xff,0x9b,0xf7,0xfd,0xff,0x12,0xa5,0xc2,0x18,0xb0,0x9c,0xfc,0xff,0xd8,0xde,0xe6,0x39,0x36,0xce,0xfd,0xff,
    0x11,0xa5,0x61,0x08,0x23,0x21,0x06,0x42,0x85,0x31,0xe3,0x18,0x03,0x21,0xc2,0x18,0x0e,0x8c,0x38,0xf7,0xb5,0xee,0x17,0xff,
    0x38,0xff,0x38,0xff,0x18,0xff,0x99,0xff,0xcd,0x83,0xc2,0x10,0xc2,0x18,0xcc,0x7b,0x7a,0xef,0xac,0x73,0x4a,0x73,0x58,0xff,
    0x17,0xff,0x17,0xff,0x17,0xff,0x2d,0x8c,0x2e,0x84,0x52,0xad,0x03,0x21,0x64,0x29,0x95,0xe6,0x58,0xff,0x38,0xff,0x17,0xff,
    0xb8,0xff,0xab,0x7b,0x81,0x08,0x29,0x63,0xa8,0x52,0x26,0x42,0x4a,0x63,0x6a,0x6b,0xa8,0x52,0xe6,0x39,0x67,0x4a,0x49,0x63,
    0x29,0x63,0x4a,0x63,0xc5,0x39,0xa2,0x18,0xc5,0x39,0x09,0x5b,0xa8,0x52,0x88,0x4a,0x88,0x52,0xc9,0x52,0xc9,0x5a,0x88,0x4a,
    0x27,0x42,0xed,0x7b,0x97,0xd6,0xbb,0xff,0x9b,0xf7,0xdc,0xff,0x19,0xe7,0x90,0x94,0xa6,0x31,0x23,0x29,0x6b,0x7b,0xb2,0xc5,
    0x37,0xff,0x4d,0x9c,0x0c,0x94,0x6e,0x9c,0x26,0x4a,0x03,0x21,0x03,0x21,0x03,0x21,0x23,0x21,0xe2,0x18,0xc2,0x18,0x03,0x21,
    0x03,0x21,0x03,0x21,0x03,0x21,0x03,0x21,0x03,0x21,0x03,0x21,0xe3,0x20,0x03,0x21,0x23,0x21,0xe2,0x18,0xa2,0x10,0xe3,0x20,
    0x23,0x21,0x03,0x21,0xc2,0x18,0x23,0x21,0x03,0x21,0xe3,0x18,0xe3,0x18,0x64,0x31,0x8c,0x7b,0xcc,0x83,0xec,0x83,0x0d,0x8c,
    0x0d,0x8c,0x0d,0x8c,0x2d,0x8c,0x06,0x42,0xa2,0x10,0x23,0x21,0x23,0x21,0x03,0x21,0x23,0x21,0x43,0x29,0x27,0x42,0xe9,0x5a,
    0x09,0x5b,0xe9,0x5a,0xc8,0x5a,0xe9,0x5a,0x2a,0x63,0x47,0x4a,0xc6,0x39,0xc6,0x39,0x06,0x42,0xc6,0x39,0xe3,0x18,0xa1,0x10,
    0x2b,0x6b,0xb5,0xb5,0xfd,0xff,0x9b,0xff,0xbb,0xff,0xbb,0xff,0xdc,0xff,0xd7,0xd6,0x70,0xa5,0x74,0xc6,0x54,0xc6,0x6d,0x84,
    0x71,0xa5,0x54,0xc6,0xb6,0xd6,0xb6,0xd6,0x95,0xce,0x30,0x9d,0xc8,0x52,0x09,0x5b,0x09,0x5b,0x4a,0x63,0x13,0xbe,0x34,0xbe,
    0x74,0xc6,0x6d,0x84,0x4d,0x84,0x74,0xc6,0x34,0xbe,0x95,0xce,0x2c,0x7c,0xe8,0x52,0x3a,0xef,0xdc,0xff,0xbc,0xff,0xbc,0xff,
    0xbc,0xff,0xbc,0xff,0xdc,0xff,0x3a,0xef,0x29,0x5b,0x47,0x42,0x85,0x31,0xa5,0x31,0xa5,0x31,0xc5,0x31,0xc5,0x31,0xc5,0x31,
    0xc5,0x31,0x64,0x29,0xea,0x73,0x4e,0x95,0x0e,0x95,0x0d,0x95,0xed,0x8c,0x06,0x3a,0x85,0x31,0xc5,0x31,0xc5,0x31,0xc5,0x31,
    0xc5,0x31,0xa5,0x31,0xa5,0x31,0xa5,0x31,0xa5,0x31,0xa5,0x31,0xa5,0x31,0xa5,0x31,0xa5,0x31,0xa5,0x31,0xa5,0x31,0xc5,0x31,
    0xa5,0x31,0xa5,0x31,0xa5,0x31,0xa5,0x31,0x65,0x29,0x85,0x31,0x85,0x31,0x64,0x29,0x85,0x31,0x85,0x31,0x85,0x31,0x85,0x31,
    0x65,0x29,0x85,0x31,0x85,0x31,0x85,0x31,0x85,0x31,0x85,0x31,0x85,0x31,0x85,0x29,0xe6,0x39,0x0a,0x63,0xa5,0x31,0x64,0x29,
    0x3a,0xe7,0xfd,0xff,0x9b,0xf7,0xfc,0xff,0x12,0xa5,0xc2,0x18,0x90,0x94,0xfd,0xff,0xbc,0xff,0xa9,0x52,0x93,0xb5,0x5a,0xef,
    0xee,0x83,0x81,0x10,0x44,0x29,0x4a,0x63,0x47,0x42,0x23,0x21,0x03,0x21,0x03,0x21,0x85,0x31,0x85,0x31,0x47,0x4a,0x17,0xf7,
    0x38,0xff,0x38,0xff,0x18,0xff,0x99,0xff,0xed,0x83,0xc2,0x18,0xc2,0x18,0x0e,0x84,0xfe,0xff,0xd4,0xbd,0x47,0x4a,0x35,0xde,
    0x38,0xff,0x38,0xff,0x95,0xe6,0xa5,0x31,0x76,0xce,0x96,0xd6,0xc2,0x18,0x64,0x29,0x95,0xe6,0x58,0xff,0x38,0xff,0x18,0xff,
    0x99,0xff,0x8b,0x7b,0x81,0x10,0xa8,0x52,0x06,0x42,0xa8,0x52,0x4a,0x63,0x4a,0x63,0xe6,0x39,0xa5,0x31,0x4a,0x63,0x29,0x63,
    0x29,0x63,0x6a,0x6b,0xc5,0x39,0xa2,0x18,0xa5,0x31,0x88,0x52,0xa8,0x52,0xa8,0x52,0xa8,0x52,0xc9,0x5a,0x68,0x4a,0x88,0x52,
    0x88,0x52,0xa5,0x31,0x12,0xa5,0xfc,0xff,0x9b,0xf7,0xbc,0xff,0xbc,0xff,0xff,0xff,0xad,0x7b,0x03,0x21,0x61,0x08,0x8b,0x7b,
    0x54,0xde,0xf2,0xd5,0xd2,0xd5,0x53,0xe6,0x88,0x5a,0xe3,0x18,0x23,0x21,0x24,0x21,0x44,0x29,0x64,0x31,0x64,0x29,0x03,0x21,
    0x03,0x21,0x03,0x21,0x23,0x21,0x03,0x21,0x23,0x21,0x23,0x21,0x23,0x21,0x23,0x21,0x24,0x21,0x85,0x31,0x64,0x29,0x03,0x21,
    0x64,0x29,0xc5,0x39,0xa5,0x31,0x44,0x29,0x03,0x21,0x03,0x21,0x23,0x21,0x03,0x21,0x81,0x10,0xa2,0x10,0xc2,0x18,0x81,0x10,
    0xc2,0x10,0xc2,0x18,0xc2,0x18,0xe3,0x18,0x03,0x21,0x23,0x21,0x44,0x29,0x23,0x21,0x24,0x21,0x64,0x29,0xe6,0x39,0xc5,0x39,
    0xe6,0x39,0xe6,0x39,0xa5,0x31,0xa5,0x31,0xc5,0x39,0x24,0x21,0x03,0x21,0x03,0x21,0x23,0x21,0x03,0x21,0x85,0x31,0x44,0x29,
    0x56,0xce,0xff,0xff,0x9b,0xf7,0xbb,0xff,0xbb,0xff,0xbb,0xff,0xdc,0xff,0xd7,0xde,0x70,0xa5,0x74,0xc6,0x54,0xc6,0x6d,0x84,
    0x70,0xa5,0x74,0xc6,0x59,0xef,0x39,0xe7,0x75,0xce,0x30,0x9d,0xc8,0x52,0x09,0x5b,0x09,0x5b,0x4a,0x63,0x13,0xbe,0x34,0xbe,
    0x54,0xc6,0x6d,0x84,0x6d,0x84,0x74,0xc6,0x34,0xbe,0x95,0xce,0x2c,0x7c,0xe8,0x52,0x5a,0xef,0xdc,0xff,0xbc,0xff,0xbc,0xff,
    0xbc,0xff,0xbc,0xff,0xdc,0xff,0x3a,0xef,0x29,0x5b,0x47,0x42,0x85,0x31,0xa5,0x31,0xa5,0x31,0xc6,0x39,0xa5,0x31,0x85,0x31,
    0x2b,0x7c,0x8c,0x84,0xac,0x84,0x8c,0x84,0xad,0x84,0xed,0x8c,0x2e,0x95,0x4b,0x7c,0xa5,0x31,0xa5,0x31,0xc5,0x31,0xc5,0x31,
    0xc5,0x31,0xa5,0x31,0xa5,0x31,0xa5,0x31,0xa5,0x31,0xa5,0x31,0xa5,0x31,0xc5,0x31,0xa5,0x31,0xa5,0x31,0xa5,0x31,0xa5,0x31,
    0x85,0x31,0xa5,0x31,0xa5,0x31,0x85,0x31,0xa5,0x31,0xa5,0x31,0xa5,0x31,0xa5,0x31,0x85,0x31,0x85,0x31,0x85,0x31,0x85,0x31,
    0x85,0x31,0x85,0x31,0x85,0x31,0x85,0x31,0x85,0x31,0x85,0x31,0x85,0x31,0x64,0x29,0xe6,0x39,0x4a,0x63,0xc5,0x39,0x64,0x29,
    0xd5,0xbd,0x5b,0xef,0x7a,0xf7,0x17,0xdf,0xd0,0x9c,0x81,0x10,0xf1,0x9c,0xfe,0xff,0x7b,0xf7,0x5a,0xef,0xfc,0xff,0x2e,0x84,
    0x81,0x10,0x03,0x21,0x06,0x42,0xe9,0x5a,0x09,0x5b,0xe8,0x5a,0x03,0x21,0xe2,0x18,0x23,0x21,0xe3,0x18,0xc5,0x39,0x17,0xf7,
    0x38,0xff,0x38,0xff,0x17,0xff,0xba,0xff,0x0e,0x8c,0xa2,0x10,0xa2,0x10,0x2f,0x84,0xfd,0xff,0xdc,0xff,0x36,0xc6,0x27,0x4a,
    0x96,0xe6,0x59,0xff,0x09,0x63,0x09,0x63,0xfc,0xff,0x76,0xd6,0xc2,0x18,0x23,0x21,0x74,0xe6,0x58,0xff,0x38,0xff,0x18,0xff,
    0xba,0xff,0x4b,0x73,0x41,0x08,0xc2,0x18,0x67,0x4a,0xab,0x73,0x6a,0x6b,0x84,0x31,0x46,0x42,0x49,0x63,0x09,0x5b,0x29,0x63,
    0x49,0x63,0x6a,0x6b,0xc5,0x39,0xa2,0x10,0xc5,0x39,0xc9,0x5a,0x47,0x4a,0xe9,0x5a,0xe9,0x5a,0xc9,0x52,0x88,0x4a,0x47,0x42,
    0xc9,0x5a,0xe6,0x39,0x6f,0x8c,0xfd,0xff,0x9b,0xf7,0xbc,0xff,0xbc,0xff,0x7b,0xf7,0xbc,0xff,0xb4,0xbd,0xa2,0x18,0x23,0x21,
    0x23,0x21,0xc2,0x18,0xc2,0x18,0x23,0x21,0x44,0x29,0x23,0x21,0xc2,0x18,0xa2,0x10,0x40,0x08,0xad,0x73,0x98,0xd6,0xe2,0x18,
    0x03,0x21,0x23,0x21,0x23,0x21,0x03,0x21,0x23,0x21,0x23,0x21,0x03,0x21,0x03,0x21,0x03,0x21,0x92,0xb5,0x99,0xf7,0x27,0x42,
    0x09,0x5b,0x99,0xef,0x97,0xd6,0x85,0x31,0xa5,0x31,0x27,0x42,0x06,0x42,0x06,0x42,0x85,0x31,0x85,0x31,0xc5,0x39,0xe9,0x5a,
    0x84,0x31,0x03,0x21,0x44,0x29,0x27,0x42,0x67,0x4a,0x88,0x4a,0x47,0x42,0x64,0x29,0x03,0x21,0x23,0x21,0x23,0x21,0xe3,0x18,
    0x03,0x21,0x23,0x21,0x03,0x21,0xe3,0x20,0x03,0x21,0x44,0x29,0x23,0x21,0x23,0x21,0x44,0x29,0x23,0x21,0xd4,0xbd,0x7a,0xf7,
    0x5a,0xf7,0x9b,0xff,0xbc,0xff,0xbc,0xff,0xbb,0xff,0xbb,0xff,0xdc,0xff,0xd7,0xde,0x70,0xa5,0x74,0xc6,0x54,0xc6,0x6d,0x84,
    0x71,0xa5,0x54,0xc6,0x55,0xc6,0x75,0xc6,0x75,0xc6,0x30,0x9d,0xc8,0x52,0x09,0x5b,0x09,0x5b,0x4a,0x63,0xf3,0xb5,0x33,0xbe,
    0x54,0xc6,0x4d,0x84,0x6d,0x84,0x75,0xc6,0x34,0xbe,0x95,0xce,0x0c,0x7c,0xe8,0x52,0x3a,0xef,0xdc,0xff,0xbb,0xff,0xbc,0xff,
    0xbc,0xff,0xbb,0xff,0xdc,0xff,0x3a,0xef,0x29,0x5b,0x67,0x42,0x85,0x31,0xa5,0x31,0xc5,0x31,0xa5,0x31,0xc8,0x52,0xea,0x73,
    0xac,0x84,0xcd,0x8c,0x2b,0x74,0x4c,0x7c,0xed,0x8c,0xea,0x73,0x29,0x5b,0xc8,0x52,0xa5,0x31,0xa5,0x31,0xa5,0x31,0xc5,0x31,
    0xa5,0x31,0xa5,0x31,0xa5,0x31,0xa5,0x31,0xa5,0x31,0xa5,0x31,0xa5,0x31,0xa5,0x31,0xc5,0x31,0xc5,0x39,0xe6,0x39,0xc6,0x39,
    0xc5,0x39,0xe6,0x39,0x06,0x42,0xa5,0x31,0x03,0x21,0x03,0x21,0x84,0x29,0xa5,0x31,0x85,0x31,0x85,0x31,0x85,0x31,0x85,0x31,
    0x85,0x31,0x85,0x31,0x85,0x31,0x85,0x31,0x85,0x31,0x85,0x31,0x85,0x31,0x85,0x31,0x85,0x31,0x68,0x4a,0x06,0x42,0x64,0x29,
    0xe2,0x18,0xd1,0x9c,0xdb,0xff,0x74,0xc6,0x56,0xce,0x2f,0x8c,0x06,0x42,0x16,0xc6,0xfd,0xff,0x5a,0xf7,0xfd,0xff,0x2f,0x8c,
    0xa2,0x10,0x23,0x21,0x87,0x4a,0x26,0x42,0x87,0x4a,0x29,0x63,0x67,0x4a,0x06,0x42,0x03,0x21,0x03,0x21,0x88,0x52,0x38,0xff,
    0x38,0xff,0x37,0xff,0x17,0xff,0x79,0xff,0xea,0x62,0xc2,0x18,0x81,0x10,0xee,0x83,0xff,0xff,0x15,0xc6,0xcc,0x73,0x06,0x3a,
    0xb3,0xc5,0xb7,0xee,0xe9,0x5a,0xcf,0x9c,0x2e,0x84,0xf4,0xbd,0xe3,0x18,0x23,0x21,0xb6,0xee,0x78,0xff,0x37,0xff,0x38,0xff,
    0x58,0xff,0xb3,0xc5,0x67,0x52,0xc2,0x18,0x85,0x31,0xa8,0x52,0xe8,0x5a,0xe3,0x18,0x26,0x42,0x29,0x63,0x29,0x63,0x29,0x63,
    0x29,0x63,0x6a,0x6b,0xe5,0x39,0xc2,0x18,0x64,0x29,0x67,0x4a,0x09,0x5b,0xa8,0x52,0xc9,0x52,0xa9,0x52,0x88,0x4a,0x67,0x4a,
    0x88,0x52,0xc5,0x31,0x4f,0x8c,0xfd,0xff,0x9b,0xf7,0xbc,0xff,0xbc,0xff,0x9b,0xff,0xdc,0xff,0x3a,0xef,0xd6,0xbd,0x70,0x94,
    0xc2,0x18,0x03,0x21,0x03,0x21,0x23,0x21,0x23,0x29,0xe2,0x18,0x27,0x4a,0x32,0xad,0xf1,0x9c,0x98,0xd6,0x1a,0xe7,0x23,0x21,
    0x03,0x21,0x23,0x21,0x23,0x21,0x44,0x29,0x84,0x31,0xc5,0x39,0x06,0x42,0xa5,0x31,0xc2,0x18,0x14,0xc6,0x35,0xc6,0x24,0x29,
    0x64,0x29,0xb3,0xb5,0x38,0xe7,0x65,0x31,0x85,0x31,0x4d,0x8c,0x4a,0x6b,0x09,0x63,0x50,0xad,0xe5,0x39,0x2a,0x63,0x37,0xe7,
    0x88,0x52,0xa2,0x10,0x03,0x21,0x47,0x4a,0xc8,0x52,0xa8,0x52,0xa8,0x52,0x06,0x42,0x24,0x21,0x44,0x29,0x24,0x29,0x23,0x21,
    0x23,0x21,0x44,0x29,0x23,0x21,0x23,0x21,0x23,0x21,0x23,0x21,0x44,0x29,0x23,0x21,0x23,0x21,0x03,0x21,0xb8,0xd6,0xfd,0xff,
    0x9b,0xf7,0xbb,0xff,0xbc,0xff,0xbc,0xff,0xbb,0xff,0x9b,0xff,0xdc,0xff,0xd7,0xde,0x70,0xa5,0x74,0xc6,0x54,0xc6,0x6d,0x8c,
    0x91,0xad,0x74,0xc6,0xd2,0xb5,0xd2,0xb5,0x74,0xc6,0x10,0x9d,0xe8,0x52,0x29,0x5b,0x09,0x5b,0x4a,0x63,0xf3,0xb5,0x33,0xbe,
    0x54,0xc6,0x6d,0x84,0x6d,0x84,0x75,0xc6,0x34,0xbe,0x95,0xce,0x0c,0x7c,0xe8,0x52,0x3a,0xef,0xdc,0xff,0xbc,0xff,0xbc,0xff,
    0xbc,0xff,0xbb,0xff,0xdc,0xff,0x3a,0xef,0x49,0x5b,0x67,0x42,0x85,0x31,0xc5,0x31,0xc5,0x39,0x44,0x29,0x49,0x63,0x4e,0x95,
    0xed,0x8c,0xeb,0x6b,0x2b,0x7c,0xcc,0x84,0xed,0x8c,0xc8,0x52,0x44,0x29,0x85,0x31,0xa5,0x31,0xc5,0x31,0xc5,0x31,0xc5,0x31,
    0xc5,0x31,0xc5,0x31,0xc5,0x31,0xa5,0x31,0xa5,0x31,0xa5,0x31,0xc5,0x31,0x44,0x29,0x0d,0x84,0xd6,0xd6,0x75,0xce,0x34,0xc6,
    0x54,0xc6,0x75,0xce,0x96,0xd6,0xf3,0xbd,0x2d,0x84,0x4e,0x84,0xa8,0x52,0x64,0x29,0xa5,0x31,0x85,0x31,0x85,0x31,0x85,0x31,
    0x85,0x31,0x85,0x31,0x85,0x31,0x85,0x31,0x85,0x31,0x85,0x31,0x85,0x31,0x85,0x31,0x64,0x29,0xe6,0x39,0x09,0x63,0xa8,0x52,
    0xa2,0x10,0xb1,0x9c,0xdb,0xff,0x33,0xbe,0x9a,0xf7,0x7b,0xf7,0xa9,0x52,0xcd,0x7b,0xd4,0xbd,0x79,0xf7,0xfd,0xff,0x70,0x94,
    0xa1,0x10,0x23,0x29,0xc8,0x52,0x87,0x4a,0x84,0x31,0xe8,0x5a,0x4a,0x63,0x09,0x5b,0x03,0x21,0xa1,0x10,0xb3,0xc5,0x9a,0xff,
    0x38,0xff,0x38,0xff,0x17,0xff,0xb9,0xff,0x88,0x52,0xc2,0x18,0x81,0x10,0x70,0x94,0x7c,0xef,0xc8,0x52,0x6d,0x8c,0x46,0x42,
    0xb3,0xc5,0x96,0xde,0xc8,0x52,0x35,0xce,0xcb,0x73,0x4b,0x63,0x03,0x21,0x44,0x29,0xd3,0xcd,0x18,0xf7,0x37,0xff,0x17,0xff,
    0xf6,0xfe,0xfb,0xff,0x2e,0x8c,0x20,0x00,0xe2,0x18,0x84,0x31,0xc5,0x39,0xe6,0x39,0x09,0x5b,0x29,0x63,0x29,0x63,0x4a,0x63,
    0x49,0x63,0x4a,0x6b,0xc5,0x39,0xa2,0x10,0x85,0x31,0x88,0x52,0xa8,0x52,0xc9,0x5a,0xa8,0x52,0xa8,0x52,0x88,0x52,0x67,0x4a,
    0x88,0x52,0xc5,0x39,0x6f,0x8c,0xfd,0xff,0x9b,0xf7,0xbc,0xff,0xbb,0xff,0xbc,0xff,0xbb,0xff,0xdc,0xff,0xfe,0xff,0x9c,0xf7,
    0x77,0xd6,0x97,0xd6,0x98,0xd6,0x97,0xd6,0x77,0xd6,0x97,0xd6,0x3a,0xef,0xfc,0xff,0xfc,0xff,0xfd,0xff,0xb8,0xde,0x44,0x29,
    0x23,0x21,0x23,0x21,0xe3,0x18,0xe6,0x39,0xa8,0x52,0x88,0x52,0xc8,0x5a,0x06,0x42,0xa2,0x10,0xb6,0xd6,0x31,0xa5,0xc5,0x31,
    0x64,0x29,0x2d,0x84,0xb9,0xf7,0x65,0x29,0xe6,0x39,0xab,0x73,0x6d,0x94,0x2d,0x8c,0x6a,0x6b,0x85,0x31,0xc9,0x5a,0xd6,0xd6,
    0xa8,0x52,0xc2,0x18,0x03,0x21,0x47,0x4a,0xc9,0x5a,0xa8,0x52,0xc9,0x5a,0xc8,0x52,0xa8,0x52,0x27,0x42,0x03,0x21,0x03,0x21,
    0x03,0x21,0x23,0x21,0x24,0x29,0x23,0x21,0x23,0x21,0x23,0x21,0x23,0x21,0x23,0x21,0x23,0x21,0x23,0x21,0xb1,0x94,0x3a,0xe7,
    0xbc,0xff,0x9b,0xff,0xbb,0xff,0xbb,0xff,0xbb,0xff,0x9b,0xff,0xdc,0xff,0xd7,0xde,0x70,0xa5,0x54,0xc6,0x54,0xc6,0x8d,0x8c,
    0x91,0xad,0x95,0xce,0x92,0xad,0x91,0xad,0x54,0xc6,0x10,0x9d,0xe9,0x52,0x29,0x5b,0x09,0x5b,0x4a,0x63,0xf3,0xb5,0x33,0xbe,
    0x54,0xc6,0x6d,0x84,0x8e,0x84,0x75,0xc6,0x34,0xbe,0x95,0xce,0x0c,0x7c,0xe8,0x52,0x3a,0xef,0xdc,0xff,0xbc,0xff,0xbc,0xff,
    0xbc,0xff,0xbc,0xff,0xbc,0xff,0x3a,0xef,0x4a,0x63,0x67,0x42,0x64,0x29,0xa5,0x31,0x85,0x31,0x87,0x4a,0x0b,0x74,0xed,0x8c,
    0x6c,0x7c,0x2b,0x74,0xed,0x8c,0xcd,0x8c,0x2b,0x74,0x87,0x4a,0xa5,0x31,0xc5,0x39,0xa5,0x31,0x85,0x31,0x85,0x31,0x85,0x31,
    0x85,0x31,0x85,0x31,0xa5,0x31,0xa5,0x31,0xa5,0x31,0xa5,0x31,0xc5,0x39,0x23,0x21,0x8e,0x8c,0x79,0xef,0x18,0xe7,0xf6,0xde,
    0xd6,0xd6,0x17,0xdf,0x17,0xdf,0x17,0xdf,0x37,0xe7,0x78,0xef,0x0d,0x7c,0x24,0x21,0xa5,0x31,0x85,0x31,0x85,0x31,0x85,0x31,
    0x85,0x31,0x85,0x31,0x85,0x31,0x85,0x31,0x85,0x31,0x85,0x31,0x85,0x31,0x85,0x31,0x85,0x31,0x06,0x42,0x4a,0x6b,0xa8,0x52,
    0x81,0x10,0x90,0x94,0xdb,0xff,0x54,0xc6,0x96,0xce,0xf8,0xde,0xff,0xff,0xb0,0x9c,0x6b,0x73,0xbb,0xff,0xf4,0xbd,0xea,0x5a,
    0xa2,0x10,0x47,0x4a,0x49,0x63,0x4a,0x63,0xa5,0x31,0xc5,0x31,0x4a,0x63,0x06,0x3a,0xa2,0x10,0x88,0x52,0x18,0xef,0x58,0xff,
    0x38,0xff,0x17,0xff,0x58,0xff,0x51,0xb5,0xa5,0x31,0x03,0x21,0xe2,0x18,0x89,0x52,0xea,0x5a,0xed,0x7b,0x38,0xe7,0x8b,0x6b,
    0xd3,0xbd,0x14,0xce,0x67,0x42,0xf7,0xe6,0xb6,0xd6,0x23,0x21,0x03,0x21,0x44,0x29,0x03,0x21,0x93,0xc5,0x58,0xff,0x37,0xff,
    0x17,0xff,0xec,0x83,0xac,0x73,0x33,0xa5,0x68,0x4a,0xc2,0x18,0xe3,0x18,0xc8,0x5a,0xc8,0x52,0x06,0x3a,0x4a,0x63,0x4a,0x63,
    0x4a,0x63,0x4a,0x63,0xa5,0x31,0xa2,0x10,0x06,0x42,0xc8,0x52,0x68,0x4a,0xa8,0x52,0xa8,0x52,0x68,0x4a,0x88,0x52,0x88,0x4a,
    0x67,0x4a,0xe5,0x39,0x90,0x94,0xfd,0xff,0x9b,0xf7,0xbc,0xff,0xbb,0xff,0xbb,0xff,0xbc,0xff,0xbc,0xff,0x9b,0xf7,0xbb,0xff,
    0xfd,0xff,0xfd,0xff,0xfd,0xff,0xfc,0xff,0xdc,0xff,0xfd,0xff,0xdc,0xff,0x9b,0xf7,0x7a,0xf7,0xdb,0xff,0xf9,0xe6,0x64,0x29,
    0x23,0x21,0xe3,0x18,0xc5,0x31,0x67,0x4a,0xa8,0x52,0x88,0x52,0x88,0x52,0x85,0x31,0xc2,0x18,0x09,0x63,0xa8,0x52,0xc8,0x52,
    0x67,0x4a,0xc6,0x39,0x0a,0x63,0xc2,0x18,0x64,0x29,0x47,0x4a,0x4a,0x6b,0x09,0x63,0x27,0x42,0xc5,0x39,0xa9,0x52,0xf6,0xde,
    0x67,0x4a,0x61,0x08,0x03,0x21,0x67,0x4a,0xe9,0x5a,0xc8,0x52,0xa8,0x52,0xa8,0x52,0xa8,0x52,0x88,0x52,0x26,0x42,0x27,0x42,
    0x47,0x4a,0xa5,0x31,0x03,0x21,0x23,0x21,0x03,0x21,0xe3,0x18,0xe6,0x39,0x67,0x4a,0x06,0x42,0x44,0x29,0xa1,0x10,0x74,0xb5,
    0xfe,0xff,0x9b,0xf7,0xbb,0xff,0xbb,0xff,0xbc,0xff,0xbb,0xff,0xdc,0xff,0xd7,0xde,0x70,0xa5,0x54,0xc6,0x54,0xc6,0x8d,0x8c,
    0xb2,0xad,0x75,0xc6,0x71,0xa5,0x91,0xa5,0x54,0xc6,0x30,0x9d,0xe9,0x52,0x29,0x5b,0x09,0x5b,0x4a,0x63,0xf3,0xb5,0x33,0xbe,
    0x54,0xc6,0x8e,0x84,0x8e,0x84,0x95,0xc6,0x34,0xbe,0x95,0xce,0x0c,0x7c,0xe8,0x52,0x3a,0xef,0xdc,0xff,0xbc,0xff,0xbc,0xff,
    0x2c,0x74,0x4d,0x7c,0x0c,0x74,0x4d,0x84,0x8a,0x6b,0xe8,0x52,0xc5,0x31,0x85,0x31,0x64,0x29,0x8a,0x63,0xcc,0x84,0x6c,0x84,
    0x2b,0x74,0xcd,0x8c,0x0e,0x95,0xcd,0x8c,0xc8,0x52,0xc5,0x39,0xa5,0x31,0xc5,0x31,0x26,0x42,0xc8,0x52,0x67,0x4a,0x87,0x4a,
    0x87,0x4a,0xa8,0x4a,0x26,0x42,0xa5,0x31,0xc5,0x31,0xa5,0x31,0xc5,0x39,0x44,0x29,0x8f,0x8c,0x37,0xdf,0x75,0xc6,0x95,0xce,
    0xd6,0xd6,0x54,0xc6,0x74,0xc6,0x95,0xce,0x75,0xc6,0x17,0xdf,0xec,0x7b,0x24,0x21,0xa5,0x31,0xa5,0x31,0x85,0x31,0x85,0x31,
    0x85,0x31,0x85,0x31,0x85,0x31,0x85,0x31,0x85,0x31,0x85,0x31,0x85,0x31,0x85,0x31,0x85,0x31,0xe6,0x39,0x4a,0x63,0x88,0x52,
    0x81,0x10,0x90,0x94,0xdc,0xff,0x55,0xc6,0x74,0xc6,0x96,0xce,0x39,0xe7,0x59,0xef,0x9a,0xf7,0x9a,0xf7,0xe6,0x39,0x61,0x08,
    0x03,0x19,0xe8,0x5a,0x6a,0x6b,0x6a,0x63,0x88,0x4a,0x64,0x29,0x47,0x4a,0x44,0x29,0xa2,0x10,0x2d,0x8c,0xb9,0xff,0xf7,0xf6,
    0x38,0xff,0x17,0xff,0x98,0xff,0x09,0x63,0x81,0x10,0x44,0x29,0x24,0x29,0x03,0x21,0x60,0x08,0x52,0xad,0xfd,0xff,0xf4,0xbd,
    0xae,0x94,0x4d,0x8c,0x2e,0x84,0x9a,0xf7,0xd8,0xde,0x03,0x21,0x23,0x21,0x64,0x29,0xc2,0x18,0x52,0xbd,0x99,0xff,0x74,0xe6,
    0x92,0xbd,0x4b,0x6b,0xf2,0x9c,0xff,0xff,0x6c,0x6b,0x61,0x08,0x03,0x21,0x46,0x42,0x26,0x42,0x47,0x4a,0x6a,0x6b,0x4a,0x6b,
    0x4a,0x63,0x4a,0x63,0xa5,0x31,0xe3,0x18,0xe6,0x39,0xa8,0x52,0x67,0x4a,0x88,0x4a,0x88,0x4a,0x88,0x4a,0x68,0x4a,0x68,0x4a,
    0x68,0x4a,0xe6,0x39,0x6f,0x8c,0xfd,0xff,0x9b,0xf7,0xbc,0xff,0xbc,0xff,0xbc,0xff,0xbc,0xff,0xbc,0xff,0xbc,0xff,0xbc,0xff,
    0x9b,0xf7,0x9b,0xf7,0x9b,0xff,0x9b,0xff,0x9b,0xf7,0x9b,0xff,0xbc,0xff,0x9c,0xff,0xdc,0xff,0xb8,0xde,0x88,0x52,0x44,0x29,
    0x64,0x29,0x84,0x31,0x47,0x4a,0xa8,0x52,0x88,0x52,0x88,0x52,0x88,0x52,0x23,0x29,0x47,0x4a,0xca,0x5a,0x27,0x42,0x66,0x4a,
    0xc8,0x52,0x48,0x4a,0x48,0x4a,0xea,0x5a,0x64,0x31,0xc5,0x39,0x88,0x52,0x47,0x4a,0xa8,0x52,0xc5,0x39,0xa9,0x52,0xb6,0xd6,
    0xcc,0x73,0xe6,0x39,0xe3,0x18,0x27,0x42,0xe9,0x5a,0xa8,0x52,0xa8,0x52,0xa8,0x52,0xa8,0x52,0xa8,0x52,0xc9,0x5a,0xc9,0x5a,
    0x09,0x5b,0x47,0x4a,0xc5,0x39,0xc5,0x39,0x84,0x31,0x84,0x31,0x88,0x52,0x09,0x63,0x88,0x52,0x44,0x29,0xe3,0x20,0x94,0xb5,
    0xfd,0xff,0x9b,0xf7,0xbb,0xff,0xbb,0xff,0xbc,0xff,0xbb,0xff,0xdc,0xff,0xd7,0xde,0x70,0xa5,0x74,0xc6,0x54,0xc6,0x8d,0x8c,
    0xb2,0xad,0x75,0xc6,0x50,0xa5,0x70,0xa5,0x74,0xc6,0x30,0x9d,0xe9,0x52,0x29,0x5b,0x09,0x5b,0x4a,0x63,0xf3,0xb5,0x33,0xbe,
    0x74,0xc6,0x8e,0x84,0x8e,0x84,0x95,0xc6,0x33,0xbe,0x95,0xce,0x0c,0x7c,0xe8,0x52,0x3a,0xef,0xdc,0xff,0xbc,0xff,0xbc,0xff,
    0x69,0x5b,0x69,0x5b,0x48,0x53,0x28,0x53,0xca,0x6b,0x0b,0x74,0xa7,0x4a,0x64,0x29,0xa5,0x31,0x89,0x63,0xcc,0x8c,0xaa,0x6b,
    0x8d,0x84,0x4e,0x9d,0xed,0x8c,0xed,0x8c,0xc5,0x31,0x64,0x29,0xa5,0x31,0x64,0x29,0xc8,0x52,0x4e,0x95,0xcc,0x84,0xcd,0x8c,
    0xcc,0x84,0x2d,0x95,0x49,0x5b,0x85,0x31,0xe6,0x39,0xc5,0x31,0xc5,0x31,0x64,0x29,0xaf,0x94,0x37,0xdf,0x70,0xa5,0xd2,0xb5,
    0x18,0xe7,0x50,0xa5,0xd2,0xb5,0xf2,0xb5,0x91,0xad,0x38,0xe7,0xec,0x7b,0x23,0x21,0xa5,0x31,0xa5,0x31,0x85,0x31,0x85,0x31,
    0x85,0x31,0x85,0x31,0x85,0x31,0x85,0x31,0x85,0x31,0x85,0x31,0x85,0x31,0x85,0x31,0x85,0x31,0xe6,0x39,0x29,0x63,0x88,0x52,
    0x81,0x10,0xb0,0x94,0xfc,0xff,0x54,0xc6,0x75,0xce,0x74,0xc6,0x34,0xc6,0x33,0xbe,0xb6,0xd6,0x5a,0xef,0xa5,0x31,0xe3,0x18,
    0xe3,0x18,0xa8,0x52,0x4a,0x63,0x49,0x63,0x8a,0x6b,0xe5,0x39,0xc2,0x18,0x44,0x29,0x03,0x21,0x2d,0x8c,0x78,0xff,0x58,0xff,
    0x17,0xff,0x17,0xf7,0x58,0xff,0xe9,0x62,0xa2,0x10,0x23,0x21,0x23,0x21,0x23,0x21,0xc2,0x18,0x32,0xad,0xfd,0xff,0xbb,0xff,
    0x4a,0x63,0xa7,0x4a,0x9c,0xf7,0xfd,0xff,0xb8,0xde,0x03,0x21,0xc5,0x39,0xe5,0x39,0xa2,0x10,0x51,0xb5,0xd6,0xe6,0xc9,0x5a,
    0x88,0x4a,0x7b,0xf7,0xdb,0xff,0xfc,0xff,0x4c,0x6b,0x81,0x10,0x44,0x29,0xc2,0x18,0x67,0x4a,0xab,0x73,0x4a,0x63,0x4a,0x63,
    0x4a,0x63,0x4a,0x63,0x85,0x31,0x23,0x21,0x03,0x21,0xe6,0x39,0xc9,0x52,0x67,0x4a,0x88,0x4a,0x68,0x4a,0xa8,0x52,0x47,0x4a,
    0xc9,0x52,0x06,0x3a,0x4f,0x8c,0xfd,0xff,0x9b,0xf7,0xbc,0xff,0xbc,0xff,0xbc,0xff,0xbc,0xff,0xbc,0xff,0xbb,0xff,0xbc,0xff,
    0xbc,0xff,0xbc,0xff,0xbc,0xff,0xbc,0xff,0xbc,0xff,0xbc,0xff,0xbc,0xff,0x9b,0xf7,0xfd,0xff,0x94,0xb5,0x81,0x10,0x23,0x21,
    0xc5,0x39,0xa8,0x52,0x88,0x52,0x88,0x52,0x88,0x52,0x88,0x52,0x88,0x52,0x03,0x21,0x8f,0x94,0xfe,0xff,0x18,0xe7,0x8e,0x8c,
    0x51,0xad,0xdb,0xff,0xfc,0xff,0xfe,0xff,0xa9,0x52,0xe2,0x18,0x88,0x52,0x87,0x52,0x88,0x52,0xc5,0x39,0x88,0x52,0x54,0xce,
    0x94,0xd6,0x30,0xa5,0xe2,0x18,0x06,0x42,0xe9,0x5a,0xa8,0x52,0xa8,0x52,0xa8,0x52,0xa8,0x52,0xa8,0x52,0xa8,0x52,0xa8,0x52,
    0xa8,0x52,0xc9,0x5a,0xe9,0x5a,0xe9,0x5a,0xc8,0x52,0xa8,0x52,0xa8,0x52,0xe9,0x5a,0x67,0x4a,0x44,0x29,0xe2,0x18,0x53,0xad,
    0xfc,0xff,0x9b,0xf7,0xbb,0xff,0xbb,0xff,0xbb,0xff,0xbb,0xff,0xdc,0xff,0xd7,0xd6,0x50,0xa5,0x74,0xc6,0x54,0xc6,0x8d,0x8c,
    0xb2,0xad,0x75,0xc6,0x50,0xa5,0x50,0xa5,0x74,0xc6,0x30,0x9d,0xe9,0x52,0x29,0x5b,0x09,0x5b,0x29,0x5b,0xf2,0xb5,0x33,0xbe,
    0x74,0xc6,0x6d,0x84,0x8d,0x84,0x74,0xc6,0x33,0xbe,0x74,0xc6,0x0c,0x7c,0xe8,0x52,0x3a,0xef,0xdc,0xff,0xbc,0xff,0xbc,0xff,
    0x8a,0x63,0x89,0x5b,0x49,0x5b,0x49,0x5b,0xeb,0x73,0xca,0x6b,0x89,0x63,0x69,0x63,0xa5,0x31,0x8a,0x6b,0xcd,0x8c,0xcb,0x6b,
    0x6c,0x7c,0xed,0x8c,0xcd,0x8c,0x87,0x4a,0xc5,0x31,0x65,0x29,0xa5,0x31,0xeb,0x73,0x6c,0x7c,0xcd,0x8c,0xcd,0x8c,0xcd,0x8c,
    0xac,0x84,0x4b,0x7c,0x6c,0x7c,0x8c,0x84,0xe6,0x39,0x44,0x29,0xa5,0x31,0x64,0x29,0xaf,0x94,0x17,0xdf,0x75,0xce,0x75,0xce,
    0xf3,0xb5,0x54,0xc6,0x54,0xc6,0x74,0xc6,0x75,0xce,0x17,0xdf,0xec,0x7b,0x23,0x21,0xa5,0x31,0xa5,0x31,0xa5,0x31,0xa5,0x31,
    0x85,0x31,0x85,0x31,0x85,0x31,0x85,0x31,0x85,0x31,0x85,0x31,0x85,0x31,0x85,0x31,0x85,0x31,0xa5,0x31,0x2a,0x63,0xa8,0x52,
    0x81,0x10,0xb1,0x9c,0xfc,0xff,0x54,0xc6,0x75,0xc6,0x74,0xc6,0x74,0xc6,0x54,0xc6,0x75,0xce,0x75,0xce,0xa5,0x31,0xe2,0x18,
    0x47,0x4a,0x29,0x63,0x29,0x63,0x6a,0x6b,0x67,0x4a,0x23,0x21,0x81,0x10,0x0b,0x63,0x1b,0xe7,0xb0,0x9c,0x29,0x6b,0xab,0x7b,
    0x37,0xff,0x9a,0xff,0xb9,0xff,0x67,0x52,0x81,0x10,0x85,0x31,0xa7,0x4a,0x23,0x21,0xc2,0x18,0xed,0x7b,0xfe,0xff,0x9a,0xf7,
    0xb7,0xd6,0x76,0xce,0xdc,0xff,0xd9,0xde,0xea,0x5a,0x47,0x4a,0xc5,0x39,0xe3,0x18,0x81,0x10,0x06,0x42,0x88,0x52,0xf5,0xbd,
    0x1a,0xe7,0xbb,0xff,0x9a,0xff,0x4e,0x8c,0x4a,0x63,0x87,0x52,0xe3,0x20,0xc2,0x18,0x47,0x4a,0x8a,0x6b,0x4a,0x63,0x4a,0x63,
    0x2a,0x63,0x4a,0x63,0x29,0x63,0xa5,0x31,0xe3,0x18,0x06,0x42,0xe9,0x5a,0x68,0x4a,0x47,0x4a,0x88,0x52,0x68,0x4a,0xa8,0x52,
    0xa9,0x52,0xe6,0x39,0x4e,0x8c,0xfd,0xff,0x9b,0xf7,0xbc,0xff,0xbc,0xff,0xbc,0xff,0xbc,0xff,0xbc,0xff,0xbb,0xff,0xbc,0xff,
    0xbc,0xff,0xbc,0xff,0xbc,0xff,0xbc,0xff,0xbc,0xff,0xbc,0xff,0xbb,0xff,0x9b,0xf7,0xfd,0xff,0xd5,0xbd,0xc2,0x18,0x03,0x21,
    0xc5,0x39,0xa8,0x52,0x88,0x52,0x88,0x52,0x88,0x52,0xa8,0x52,0x88,0x52,0xc2,0x18,0x8f,0x94,0xba,0xf7,0x38,0xef,0x9a,0xf7,
    0x9b,0xf7,0x7a,0xf7,0x18,0xe7,0xbc,0xff,0xa9,0x52,0x03,0x21,0x88,0x52,0x67,0x4a,0x67,0x4a,0xe6,0x39,0x06,0x42,0x33,0xc6,
    0x74,0xce,0x10,0xa5,0x03,0x21,0x06,0x42,0xe9,0x5a,0xa8,0x52,0xa8,0x52,0xa8,0x52,0xa8,0x52,0xa8,0x52,0xc8,0x52,0xc8,0x52,
    0xa8,0x52,0xc8,0x52,0xa8,0x52,0xa8,0x52,0xc8,0x52,0xc9,0x5a,0xe9,0x5a,0xc6,0x39,0x64,0x29,0x27,0x42,0x24,0x21,0x23,0x21,
    0x32,0xad,0xfd,0xff,0x9b,0xf7,0xbc,0xff,0xbc,0xff,0x9b,0xf7,0xdc,0xff,0xd7,0xd6,0x50,0xa5,0x75,0xc6,0x74,0xc6,0x8d,0x8c,
    0x91,0xad,0x74,0xc6,0x33,0xbe,0x13,0xbe,0x74,0xc6,0x50,0x9d,0xe8,0x52,0x29,0x5b,0x09,0x5b,0x29,0x5b,0xf2,0xb5,0x95,0xc6,
    0x95,0xce,0x6d,0x84,0x6d,0x84,0x95,0xce,0x74,0xc6,0x74,0xc6,0x0c,0x7c,0xe9,0x52,0x5a,0xef,0xdc,0xff,0xbc,0xff,0xbc,0xff,
    0x89,0x63,0x89,0x63,0xaa,0x6b,0xaa,0x6b,0xca,0x6b,0xca,0x6b,0xea,0x6b,0x0a,0x74,0x87,0x4a,0xe8,0x52,0x2b,0x74,0x2b,0x7c,
    0x8c,0x84,0xca,0x6b,0x49,0x63,0xa5,0x31,0xa5,0x31,0x47,0x42,0x08,0x5b,0xcd,0x8c,0xcd,0x8c,0xcd,0x8c,0x6c,0x84,0x6c,0x7c,
    0x0b,0x74,0x0b,0x74,0xcd,0x8c,0x4e,0x95,0x08,0x5b,0x67,0x4a,0xc6,0x39,0x64,0x29,0xcf,0x94,0x17,0xdf,0x33,0xc6,0x33,0xbe,
    0xf3,0xb5,0x34,0xc6,0x75,0xc6,0x54,0xc6,0x34,0xc6,0x17,0xdf,0xed,0x7b,0x24,0x21,0xa5,0x31,0x85,0x31,0xa5,0x31,0xa5,0x31,
    0x85,0x31,0x85,0x31,0x85,0x31,0x85,0x31,0x85,0x31,0x85,0x31,0x85,0x31,0x85,0x31,0x85,0x31,0x85,0x31,0x2a,0x63,0xa8,0x52,
    0xa1,0x10,0xd1,0x9c,0xfd,0xff,0x54,0xc6,0x75,0xc6,0x74,0xc6,0x54,0xc6,0x74,0xc6,0x54,0xc6,0x14,0xbe,0x85,0x31,0xc2,0x18,
    0xc8,0x52,0x6a,0x6b,0x29,0x63,0x4a,0x63,0xc5,0x31,0x03,0x21,0x64,0x29,0x6b,0x6b,0x9c,0xf7,0xbb,0xff,0x2e,0x84,0xe9,0x5a,
    0x92,0xbd,0xd3,0xc5,0xf0,0xac,0xe6,0x39,0xc2,0x18,0xc5,0x31,0x09,0x5b,0x03,0x21,0xa5,0x39,0xcc,0x7b,0x36,0xc6,0xbc,0xff,
    0xdc,0xff,0xdb,0xff,0xfc,0xff,0x77,0xce,0x06,0x3a,0xe8,0x52,0x84,0x29,0x24,0x21,0x4b,0x63,0xed,0x7b,0x4e,0x8c,0x5a,0xef,
    0xfe,0xff,0x19,0xe7,0xd4,0xbd,0x29,0x63,0x49,0x63,0x29,0x63,0xa5,0x31,0xc2,0x18,0x47,0x42,0xcb,0x73,0x4a,0x63,0x2a,0x63,
    0x2a,0x63,0x4a,0x63,0x8a,0x6b,0xc5,0x39,0xc2,0x18,0x06,0x3a,0xe9,0x5a,0x88,0x4a,0x67,0x4a,0x67,0x4a,0x88,0x4a,0xa8,0x52,
    0xa8,0x52,0x06,0x3a,0x2e,0x8c,0xfc,0xff,0x9b,0xf7,0xbc,0xff,0xbc,0xff,0x9b,0xff,0xbb,0xff,0xbc,0xff,0xbb,0xff,0xbc,0xff,
    0xbc,0xff,0xbc,0xff,0xbc,0xff,0xbc,0xff,0xbc,0xff,0xbc,0xff,0xbb,0xff,0x9b,0xf7,0xfd,0xff,0xb5,0xbd,0xa2,0x10,0x03,0x21,
    0xc5,0x39,0xc8,0x5a,0x88,0x52,0x88,0x52,0x88,0x52,0x88,0x52,0xe6,0x39,0x61,0x08,0xaf,0x94,0xd3,0xb5,0xae,0x8c,0xcf,0x94,
    0xcf,0x94,0xcf,0x94,0x10,0x9d,0xbc,0xff,0x89,0x52,0x03,0x21,0x88,0x52,0x67,0x4a,0x67,0x4a,0x26,0x42,0x06,0x42,0x34,0xc6,
    0xb5,0xd6,0x31,0xa5,0x03,0x21,0xa5,0x31,0x47,0x4a,0xa8,0x52,0xc8,0x52,0xc8,0x52,0xa8,0x52,0xa8,0x52,0xa8,0x52,0xc8,0x52,
    0xc8,0x52,0xa8,0x52,0xa8,0x52,0xa8,0x52,0xa8,0x52,0x47,0x4a,0xa5,0x31,0x44,0x29,0xa5,0x31,0xa8,0x52,0xa5,0x31,0x61,0x08,
    0x2b,0x63,0xfd,0xff,0x9b,0xf7,0xbb,0xff,0xbb,0xff,0x9b,0xff,0xdc,0xff,0xb7,0xd6,0x50,0xa5,0x75,0xc6,0x74,0xc6,0x8e,0x8c,
    0x91,0xad,0x75,0xc6,0x13,0xbe,0x13,0xbe,0x75,0xc6,0x50,0x9d,0xe9,0x52,0x29,0x5b,0x09,0x5b,0x29,0x5b,0xd2,0xb5,0xaf,0x8c,
    0xf3,0xb5,0xaf,0x8c,0x8e,0x8c,0x71,0xa5,0x6e,0x84,0x74,0xc6,0x2d,0x7c,0xe8,0x52,0x5a,0xef,0xdc,0xff,0xbc,0xff,0xbc,0xff,
    0x8a,0x63,0xea,0x6b,0x4e,0x9d,0xad,0x8c,0x8a,0x63,0xea,0x6b,0xea,0x6b,0xca,0x6b,0x2b,0x74,0x26,0x3a,0x28,0x5b,0xac,0x84,
    0xac,0x8c,0x26,0x3a,0x24,0x21,0xa5,0x31,0x64,0x29,0xeb,0x73,0x4e,0x95,0xac,0x84,0xad,0x84,0xcd,0x8c,0x49,0x5b,0x4c,0x7c,
    0xed,0x94,0x2e,0x95,0x2e,0x95,0x0d,0x95,0x2d,0x95,0xed,0x8c,0x26,0x42,0x64,0x29,0xaf,0x94,0x17,0xdf,0x50,0x9d,0x91,0xa5,
    0xb5,0xd6,0x91,0xa5,0x13,0xbe,0xd2,0xb5,0x70,0xa5,0x16,0xdf,0x0d,0x7c,0x44,0x29,0xc5,0x39,0xa5,0x31,0xa5,0x31,0xa5,0x31,
    0xa5,0x31,0xa5,0x31,0x85,0x31,0x85,0x31,0x85,0x31,0x85,0x31,0x85,0x31,0x85,0x31,0x85,0x31,0x85,0x31,0x09,0x63,0xe9,0x5a,
    0xc2,0x18,0xd1,0x9c,0xdc,0xff,0x54,0xc6,0x74,0xc6,0x74,0xc6,0x74,0xc6,0x75,0xc6,0x95,0xce,0x75,0xce,0x85,0x31,0xa2,0x10,
    0xa8,0x52,0x6a,0x6b,0x29,0x63,0xe8,0x5a,0x03,0x21,0x64,0x29,0x8a,0x6b,0x29,0x63,0xd4,0xbd,0xdb,0xff,0xdb,0xff,0x5a,0xef,
    0xe9,0x5a,0x87,0x52,0xe3,0x18,0x03,0x21,0x23,0x21,0xa5,0x31,0xe8,0x5a,0xe2,0x18,0x4b,0x6b,0x4e,0x8c,0x88,0x4a,0xfc,0xff,
    0x9b,0xf7,0x9b,0xf7,0xfc,0xff,0x16,0xc6,0x27,0x42,0xc8,0x52,0x03,0x21,0x85,0x31,0x7b,0xf7,0xfd,0xff,0xdb,0xff,0x7a,0xf7,
    0xfc,0xff,0x32,0xa5,0xa7,0x52,0x4a,0x63,0x49,0x63,0x29,0x63,0x2a,0x63,0x44,0x29,0xc5,0x39,0xa8,0x52,0xe9,0x5a,0x29,0x63,
    0x4a,0x6b,0x6a,0x6b,0x6a,0x6b,0xa5,0x31,0xa2,0x10,0xe6,0x39,0xa8,0x52,0x88,0x4a,0xa8,0x52,0x88,0x52,0x88,0x52,0xa8,0x52,
    0xa8,0x52,0xe6,0x39,0x4f,0x8c,0xfd,0xff,0x9b,0xf7,0xbc,0xff,0xbc,0xff,0xdc,0xff,0xbc,0xff,0xbb,0xff,0xbc,0xff,0xbb,0xff,
    0xbb,0xff,0xbc,0xff,0xbc,0xff,0xbc,0xff,0xbc,0xff,0xbc,0xff,0xbc,0xff,0x9b,0xff,0xdc,0xff,0x74,0xb5,0x81,0x10,0xc2,0x18,
    0xa5,0x31,0xc8,0x5a,0x88,0x52,0xa8,0x52,0x88,0x52,0x88,0x52,0x44,0x29,0x61,0x08,0x8f,0x94,0xd6,0xd6,0xf3,0xbd,0xf3,0xbd,
    0xf2,0xb5,0xf3,0xbd,0x13,0xbe,0xdb,0xff,0x89,0x52,0x03,0x21,0x88,0x52,0x67,0x4a,0x68,0x4a,0x27,0x42,0x27,0x42,0x34,0xc6,
    0xb6,0xd6,0x51,0xa5,0x03,0x21,0xe3,0x18,0x44,0x29,0xc9,0x5a,0xc8,0x5a,0xc8,0x5a,0xc8,0x52,0xc8,0x52,0xc8,0x52,0xc8,0x52,
    0xa8,0x52,0xc9,0x5a,0x06,0x42,0x44,0x29,0x64,0x29,0x44,0x29,0x03,0x21,0xc5,0x39,0xc9,0x5a,0xc9,0x5a,0x67,0x4a,0xa2,0x10,
    0x27,0x42,0xbc,0xff,0xbb,0xff,0xbb,0xff,0xbb,0xff,0x9b,0xff,0xdc,0xff,0xb7,0xd6,0x50,0xa5,0x54,0xc6,0x54,0xc6,0xae,0x8c,
    0xb1,0xad,0x75,0xc6,0x50,0xa5,0x50,0xa5,0x95,0xce,0x30,0x9d,0xe8,0x52,0x29,0x5b,0x09,0x5b,0x4a,0x63,0xb2,0xad,0x29,0x5b,
    0x51,0xa5,0xcf,0x8c,0xae,0x8c,0xae,0x8c,0xc8,0x52,0x54,0xc6,0x4d,0x84,0xe8,0x52,0x5a,0xef,0xdc,0xff,0xbc,0xff,0xbc,0xff,
    0x8a,0x63,0xaa,0x63,0x0b,0x6c,0x4b,0x74,0xcd,0x8c,0xad,0x84,0xaa,0x63,0xaa,0x63,0x0a,0x6c,0x67,0x42,0x69,0x63,0xc8,0x52,
    0x26,0x42,0xe6,0x39,0x85,0x29,0xe6,0x39,0x2b,0x7c,0xac,0x84,0xcd,0x8c,0xed,0x8c,0xeb,0x6b,0xaa,0x63,0xed,0x8c,0x4e,0x9d,
    0x4e,0x9d,0x2e,0x95,0x4e,0x9d,0x4e,0x9d,0xca,0x6b,0x2b,0x74,0x2e,0x95,0x67,0x42,0x4d,0x84,0x16,0xdf,0x95,0xce,0x54,0xc6,
    0x91,0xa5,0x54,0xc6,0xb6,0xce,0x54,0xc6,0x33,0xbe,0x16,0xdf,0xec,0x7b,0x03,0x21,0x64,0x29,0x43,0x21,0x24,0x21,0x44,0x29,
    0x44,0x29,0x64,0x29,0x85,0x31,0x85,0x31,0x85,0x31,0x85,0x31,0x85,0x31,0x85,0x31,0x85,0x31,0x85,0x31,0x09,0x63,0x09,0x5b,
    0xc2,0x18,0xb0,0x94,0xbb,0xff,0x54,0xc6,0x74,0xc6,0x74,0xc6,0x54,0xc6,0xb6,0xce,0xf4,0xbd,0x07,0x42,0x03,0x21,0x84,0x31,
    0x8a,0x6b,0x8a,0x6b,0x09,0x5b,0x23,0x21,0x03,0x21,0xe8,0x5a,0x8a,0x6b,0x4a,0x63,0x8b,0x6b,0x2d,0x84,0x9c,0xf7,0xdd,0xff,
    0xf9,0xe6,0xb7,0xde,0xb8,0xde,0x12,0xa5,0xc2,0x18,0x23,0x21,0x09,0x5b,0x84,0x29,0x8d,0x73,0x12,0xa5,0x84,0x29,0x39,0xef,
    0xbb,0xff,0xbc,0xff,0x9b,0xf7,0x68,0x4a,0xa9,0x52,0xac,0x73,0xa2,0x10,0x03,0x21,0x76,0xd6,0xdc,0xff,0xfc,0xff,0xd8,0xde,
    0xac,0x73,0xab,0x73,0x4a,0x63,0x49,0x63,0x29,0x63,0x29,0x63,0x4a,0x6b,0xc5,0x39,0xe3,0x18,0xe3,0x18,0x47,0x42,0x26,0x42,
    0x27,0x42,0x09,0x5b,0x8a,0x6b,0xa5,0x31,0xc2,0x18,0xc5,0x39,0xa8,0x52,0x67,0x4a,0xa8,0x52,0xa8,0x52,0xa8,0x52,0x67,0x4a,
    0x68,0x4a,0xc5,0x31,0x4f,0x8c,0xfc,0xff,0xfe,0xff,0x53,0xad,0xe9,0x5a,0x6f,0x8c,0x7b,0xf7,0xbc,0xff,0xbb,0xff,0xbc,0xff,
    0xbc,0xff,0xbc,0xff,0xbc,0xff,0xbc,0xff,0xbc,0xff,0xbc,0xff,0x9b,0xf7,0xfd,0xff,0x2f,0x84,0x24,0x21,0xe3,0x18,0xe6,0x39,
    0x67,0x4a,0xa8,0x52,0xa8,0x52,0xa8,0x52,0xa8,0x52,0xa8,0x52,0x03,0x21,0x68,0x4a,0x59,0xef,0x79,0xf7,0x7a,0xf7,0x9b,0xf7,
    0x9a,0xf7,0x18,0xe7,0x75,0xce,0xfc,0xff,0x89,0x52,0x03,0x21,0x88,0x52,0x67,0x4a,0xa8,0x52,0x26,0x42,0x85,0x31,0x5a,0xef,
    0xd7,0xde,0x54,0xce,0x10,0xa5,0x03,0x21,0x64,0x29,0xc9,0x5a,0xc9,0x5a,0xc9,0x5a,0xc8,0x52,0xc8,0x52,0xc8,0x52,0xc8,0x52,
    0xc8,0x52,0xc8,0x52,0x88,0x52,0x47,0x4a,0x67,0x4a,0x88,0x52,0x68,0x4a,0x88,0x4a,0xa8,0x52,0xc8,0x52,0x47,0x42,0x81,0x10,
    0x68,0x4a,0xdd,0xff,0x9b,0xff,0xbb,0xff,0xbb,0xff,0x9b,0xff,0xdc,0xff,0xb7,0xd6,0x50,0xa5,0x54,0xc6,0x54,0xc6,0xae,0x8c,
    0xb2,0xad,0x75,0xc6,0x54,0xc6,0x34,0xbe,0x74,0xc6,0x10,0x9d,0xc8,0x52,0x09,0x5b,0x09,0x5b,0x6a,0x63,0x13,0xbe,0xd3,0xb5,
    0x34,0xbe,0x6e,0x84,0x6d,0x84,0x13,0xbe,0x91,0xad,0x74,0xc6,0x2c,0x7c,0xe8,0x52,0x5a,0xef,0xdc,0xff,0xbc,0xff,0xbc,0xff,
    0xaa,0x63,0xaa,0x63,0xaa,0x63,0x0b,0x74,0xed,0x8c,0xcd,0x8c,0x0b,0x74,0x69,0x63,0xea,0x6b,0x87,0x4a,0x69,0x63,0x26,0x42,
    0x85,0x29,0xc5,0x31,0xc5,0x31,0x08,0x5b,0xed,0x8c,0xcd,0x8c,0xad,0x8c,0x4c,0x7c,0x0b,0x74,0x2b,0x74,0x2e,0x95,0x2e,0x9d,
    0x2e,0x95,0x4e,0x9d,0x8c,0x84,0xaa,0x6b,0x47,0x42,0xe8,0x52,0x4c,0x84,0xe5,0x39,0x4d,0x84,0x37,0xdf,0x96,0xce,0x54,0xc6,
    0xb2,0xad,0x54,0xc6,0x54,0xc6,0x75,0xc6,0x74,0xc6,0xf6,0xde,0x6e,0x8c,0x26,0x42,0x6c,0x6b,0x6c,0x6b,0x2b,0x63,0x4b,0x6b,
    0x6c,0x6b,0x48,0x4a,0x64,0x29,0x85,0x31,0x85,0x31,0x85,0x31,0x85,0x31,0x85,0x31,0x85,0x29,0x85,0x31,0x2a,0x63,0x0a,0x63,
    0xc2,0x18,0xf1,0x9c,0xfd,0xff,0x34,0xc6,0x74,0xc6,0x75,0xce,0x54,0xc6,0xd6,0xd6,0x11,0xa5,0xa2,0x10,0xe3,0x20,0xe5,0x39,
    0x09,0x5b,0xc8,0x52,0x67,0x4a,0xc2,0x18,0x03,0x21,0x4a,0x63,0x6a,0x6b,0x4a,0x63,0x29,0x63,0xab,0x6b,0x36,0xc6,0xb8,0xde,
    0xdc,0xff,0xbb,0xff,0xfe,0xff,0xf2,0x9c,0x81,0x10,0x23,0x21,0x09,0x5b,0xa4,0x31,0x6c,0x73,0xf6,0xbd,0x43,0x21,0xb7,0xde,
    0xdc,0xff,0xdc,0xff,0xf9,0xe6,0xc6,0x39,0xd1,0x9c,0x0e,0x84,0xa2,0x10,0xe3,0x18,0xb7,0xde,0x7a,0xf7,0x56,0xce,0x11,0xa5,
    0xc8,0x52,0x09,0x63,0x49,0x63,0x29,0x63,0x29,0x63,0x29,0x63,0x6a,0x6b,0x87,0x4a,0x23,0x21,0xc2,0x18,0xc8,0x52,0x29,0x63,
    0xc5,0x39,0xa8,0x52,0xe9,0x5a,0x64,0x29,0xe2,0x18,0x06,0x3a,0x88,0x52,0x88,0x52,0xa8,0x52,0xa8,0x52,0xa8,0x52,0x68,0x4a,
    0x88,0x4a,0x85,0x31,0x4e,0x8c,0xfe,0xff,0x57,0xce,0xac,0x73,0x06,0x42,0xc5,0x39,0x36,0xce,0xfd,0xff,0x9b,0xf7,0xbb,0xff,
    0xbc,0xff,0xbc,0xff,0xbc,0xff,0xbc,0xff,0xbc,0xff,0xbc,0xff,0x9b,0xf7,0xfd,0xff,0x2b,0x6b,0x60,0x08,0x23,0x21,0x88,0x52,
    0xc9,0x5a,0xa8,0x52,0xa8,0x52,0xa8,0x52,0x88,0x52,0x06,0x42,0xe2,0x18,0xea,0x62,0xfc,0xff,0x95,0xce,0xf7,0xde,0xdc,0xff,
    0xbb,0xff,0x17,0xdf,0x54,0xc6,0xfd,0xff,0xa9,0x52,0xe2,0x18,0x88,0x52,0x88,0x52,0x67,0x4a,0x88,0x52,0x0f,0x84,0xdc,0xff,
    0xd7,0xde,0x74,0xce,0x13,0xc6,0x23,0x21,0x85,0x31,0xe9,0x5a,0xc9,0x5a,0xc9,0x5a,0xc8,0x52,0xc8,0x52,0xc8,0x52,0xc8,0x52,
    0xc8,0x52,0xc8,0x52,0xc9,0x5a,0xc9,0x5a,0xc9,0x5a,0xc9,0x5a,0xc8,0x52,0xc8,0x52,0xa8,0x52,0xc8,0x52,0x47,0x4a,0x03,0x21,
    0xe6,0x39,0x3b,0xef,0xdc,0xff,0x9b,0xff,0xbb,0xff,0x9b,0xff,0xdc,0xff,0xb7,0xd6,0x50,0xa5,0x54,0xc6,0x54,0xc6,0xae,0x8c,
    0xb2,0xad,0x75,0xc6,0x74,0xc6,0x54,0xc6,0x95,0xce,0x30,0x9d,0xc8,0x52,0x09,0x5b,0x09,0x5b,0x8a,0x63,0x13,0xbe,0x54,0xc6,
    0x54,0xbe,0x4d,0x7c,0x4d,0x84,0x74,0xc6,0x54,0xc6,0x95,0xce,0x2c,0x7c,0xe9,0x52,0x5a,0xef,0xdc,0xff,0xbc,0xff,0xbc,0xff,
    0xaa,0x63,0xaa,0x63,0xea,0x6b,0xea,0x6b,0x0a,0x6c,0xac,0x84,0x2e,0x95,0x49,0x5b,0x89,0x63,0x87,0x4a,0x69,0x63,0x06,0x3a,
    0x85,0x31,0xa5,0x31,0x47,0x42,0x0d,0x95,0xcd,0x8c,0xed,0x8c,0x8c,0x84,0x29,0x53,0x8c,0x84,0x8f,0x9d,0x0e,0x95,0x0e,0x95,
    0x2e,0x95,0x8f,0x9d,0x08,0x5b,0xe3,0x18,0x85,0x31,0xa5,0x31,0x85,0x29,0x03,0x21,0x8e,0x94,0x78,0xef,0x14,0xbe,0x54,0xc6,
    0xf7,0xde,0x95,0xce,0x54,0xc6,0x75,0xce,0xd6,0xd6,0xf6,0xd6,0xb2,0xad,0xce,0x8c,0x9b,0xf7,0xfd,0xff,0xdc,0xff,0xdc,0xff,
    0xfe,0xff,0x6f,0x8c,0x23,0x21,0xa5,0x31,0x85,0x31,0x85,0x31,0x85,0x31,0x85,0x31,0x85,0x31,0x85,0x31,0x4a,0x6b,0x0a,0x63,
    0xc2,0x18,0x0a,0x63,0x15,0xc6,0x95,0xce,0x54,0xc6,0x55,0xc6,0x55,0xc6,0x59,0xef,0x73,0xad,0xc2,0x18,0x03,0x21,0x46,0x42,
    0x06,0x3a,0xc5,0x39,0xe5,0x39,0xc2,0x18,0x64,0x29,0x49,0x63,0x4a,0x63,0x4a,0x63,0x6a,0x6b,0x8a,0x6b,0x08,0x5b,0xec,0x7b,
    0x9b,0xf7,0x9b,0xff,0xff,0xff,0x8c,0x73,0xa1,0x10,0x44,0x29,0x29,0x5b,0xa4,0x31,0xea,0x5a,0x3b,0xe7,0xe6,0x39,0x36,0xce,
    0xdc,0xff,0xdb,0xff,0xf5,0xc5,0x88,0x4a,0xfd,0xff,0x2e,0x84,0xe2,0x18,0xc2,0x18,0x6c,0x6b,0x2e,0x84,0xc8,0x52,0x09,0x5b,
    0x2a,0x63,0x29,0x63,0x29,0x63,0x29,0x63,0x29,0x63,0x2a,0x63,0x29,0x63,0x6a,0x6b,0x84,0x29,0x82,0x10,0xa8,0x52,0x6a,0x6b,
    0xc8,0x52,0x88,0x52,0x06,0x3a,0xc2,0x18,0xe3,0x18,0xc6,0x39,0xc8,0x52,0x88,0x52,0xc9,0x52,0x67,0x4a,0x88,0x52,0xa8,0x52,
    0x68,0x4a,0xe6,0x39,0xc9,0x5a,0xd0,0x9c,0x88,0x52,0x88,0x52,0xc9,0x5a,0xe6,0x39,0xf5,0xc5,0xfd,0xff,0x9b,0xf7,0x9b,0xff,
    0x9b,0xff,0xbb,0xff,0xbb,0xff,0xbc,0xff,0xbc,0xff,0xbc,0xff,0x9b,0xf7,0xfd,0xff,0x4b,0x6b,0xa1,0x10,0x44,0x29,0x88,0x52,
    0xc9,0x5a,0xa8,0x52,0xa8,0x52,0xc8,0x5a,0x67,0x4a,0x03,0x21,0xc2,0x18,0xea,0x5a,0xfd,0xff,0x95,0xce,0xf6,0xde,0x9a,0xff,
    0x9a,0xf7,0xd6,0xde,0x34,0xc6,0xfd,0xff,0xaa,0x5a,0x03,0x19,0x88,0x52,0xc9,0x5a,0x84,0x31,0x0b,0x63,0xfe,0xff,0x9b,0xf7,
    0xb6,0xde,0x33,0xc6,0xb2,0xb5,0x24,0x21,0x85,0x31,0x09,0x5b,0xc9,0x5a,0xc8,0x5a,0xc8,0x5a,0xc8,0x52,0xc8,0x52,0xc8,0x5a,
    0xc9,0x5a,0xc9,0x5a,0xc8,0x52,0xc8,0x52,0xa8,0x52,0xa8,0x52,0xa8,0x52,0xc8,0x52,0xa8,0x52,0xa8,0x52,0xa8,0x52,0xa8,0x52,
    0x03,0x21,0x2b,0x63,0x9c,0xf7,0xbb,0xff,0xbc,0xff,0x9b,0xff,0xdc,0xff,0xb7,0xd6,0x50,0xa5,0x54,0xc6,0x54,0xc6,0xae,0x8c,
    0xb2,0xad,0x95,0xce,0x54,0xc6,0x54,0xc6,0x95,0xce,0x71,0xa5,0xe9,0x52,0x09,0x5b,0x09,0x5b,0x8a,0x6b,0x13,0xbe,0x13,0xbe,
    0x33,0xbe,0x6d,0x84,0x8e,0x84,0x95,0xce,0x54,0xc6,0xb5,0xce,0x2c,0x7c,0xe8,0x52,0x5a,0xef,0xdc,0xff,0xbc,0xff,0xbc,0xff,
    0x51,0x9d,0xcf,0x8c,0x68,0x5b,0x89,0x63,0x2b,0x74,0xed,0x8c,0x8f,0xa5,0xed,0x8c,0x28,0x5b,0x26,0x42,0xee,0x94,0x26,0x42,
    0x85,0x29,0xa5,0x31,0x47,0x42,0x0d,0x95,0x0d,0x95,0x0b,0x74,0x0b,0x74,0xcd,0x8c,0xed,0x8c,0x2e,0x95,0x4e,0x9d,0x8e,0x9d,
    0xaa,0x6b,0x06,0x3a,0xe6,0x39,0xa5,0x31,0xa5,0x31,0xa5,0x31,0xa5,0x31,0x23,0x21,0xf0,0x9c,0xd9,0xf7,0x58,0xe7,0x58,0xef,
    0x38,0xe7,0x37,0xe7,0x37,0xe7,0x37,0xe7,0x18,0xe7,0x17,0xdf,0x92,0xad,0x4d,0x84,0x39,0xef,0xbb,0xff,0x9b,0xf7,0x7a,0xf7,
    0xfc,0xff,0x4f,0x8c,0x23,0x21,0xa5,0x31,0x85,0x31,0x85,0x31,0x85,0x31,0x85,0x31,0x85,0x31,0x85,0x31,0xc6,0x39,0xa8,0x52,
    0xa5,0x31,0x81,0x10,0x27,0x4a,0xdc,0xff,0xbb,0xf7,0xdb,0xff,0xfd,0xff,0x90,0x94,0x27,0x42,0x03,0x19,0xc2,0x18,0x06,0x42,
    0x8a,0x6b,0xa8,0x52,0x23,0x21,0xe6,0x39,0x4a,0x63,0x4a,0x63,0x4a,0x63,0x6a,0x63,0x6a,0x6b,0x6a,0x6b,0x4a,0x63,0x4a,0x63,
    0x8b,0x6b,0xf5,0xbd,0x9d,0xf7,0x2b,0x6b,0xa2,0x18,0x64,0x29,0x49,0x63,0xe5,0x39,0x07,0x42,0xbc,0xff,0x15,0xc6,0x68,0x4a,
    0x97,0xd6,0xf8,0xe6,0x27,0x42,0x47,0x4a,0xdc,0xff,0x2e,0x84,0xc2,0x10,0x64,0x29,0x87,0x52,0xc8,0x52,0x6a,0x6b,0x6a,0x6b,
    0x49,0x63,0x29,0x63,0x29,0x63,0x29,0x63,0x29,0x63,0x4a,0x63,0x29,0x63,0x29,0x63,0x26,0x42,0x03,0x21,0x64,0x29,0xe9,0x5a,
    0x09,0x5b,0x09,0x5b,0xc5,0x39,0xc2,0x18,0x64,0x29,0x67,0x4a,0xa8,0x52,0xc9,0x52,0x88,0x4a,0x67,0x4a,0x67,0x4a,0x67,0x4a,
    0x47,0x4a,0x67,0x4a,0x47,0x4a,0x47,0x4a,0xc9,0x5a,0x47,0x4a,0x47,0x42,0x06,0x42,0xf5,0xc5,0xfc,0xff,0x9b,0xff,0xdc,0xff,
    0xbc,0xff,0xdc,0xff,0xdc,0xff,0xbc,0xff,0xbb,0xff,0xbb,0xff,0x9b,0xf7,0xfd,0xff,0x6c,0x73,0xa2,0x10,0xa5,0x31,0xa8,0x52,
    0xa8,0x52,0xa8,0x52,0xa8,0x52,0xc8,0x5a,0x67,0x4a,0x44,0x29,0xc2,0x18,0xa9,0x5a,0xfd,0xff,0xb6,0xd6,0x74,0xc6,0x95,0xce,
    0x95,0xd6,0x33,0xc6,0x13,0xbe,0xdc,0xff,0xca,0x5a,0xe2,0x18,0x47,0x4a,0x47,0x4a,0x03,0x21,0x44,0x29,0xc6,0x39,0xe6,0x39,
    0xe6,0x39,0xa5,0x31,0x85,0x31,0x03,0x21,0x44,0x29,0x64,0x29,0x88,0x52,0xc9,0x5a,0xc8,0x5a,0xc8,0x5a,0xc8,0x52,0xc8,0x5a,
    0xc8,0x5a,0xc9,0x5a,0xc9,0x5a,0xc8,0x5a,0xc8,0x52,0xc8,0x52,0xc8,0x52,0xc8,0x52,0xa8,0x52,0xa8,0x52,0xc9,0x52,0xa8,0x52,
    0x44,0x29,0x64,0x29,0x39,0xef,0xdc,0xff,0xbc,0xff,0x9b,0xff,0xdc,0xff,0xb7,0xd6,0x50,0xa5,0x54,0xc6,0x34,0xbe,0xae,0x94,
    0x8e,0x8c,0xce,0x8c,0xee,0x94,0xce,0x94,0xee,0x94,0xae,0x8c,0x2c,0x7c,0x2c,0x7c,0x2c,0x7c,0x4c,0x7c,0xae,0x8c,0x8e,0x8c,
    0x8e,0x8c,0x6d,0x84,0x8d,0x84,0xce,0x94,0xae,0x8c,0xef,0x94,0x8a,0x63,0xe8,0x52,0x3a,0xef,0xdc,0xff,0xbc,0xff,0xbc,0xff,
    0xdc,0xff,0x5a,0xef,0x51,0xa5,0x30,0x9d,0xeb,0x73,0xeb,0x73,0xaa,0x6b,0x89,0x63,0x29,0x5b,0xeb,0x73,0x12,0xb6,0x4a,0x63,
    0x44,0x29,0x85,0x31,0xe6,0x39,0x6c,0x84,0x8c,0x84,0x8c,0x84,0xad,0x84,0x2e,0x95,0x0d,0x95,0x2e,0x95,0xaa,0x6b,0x69,0x63,
    0x46,0x42,0x44,0x29,0xa5,0x31,0xa5,0x31,0xa5,0x31,0x85,0x31,0xa5,0x31,0x64,0x29,0xab,0x73,0x51,0xa5,0xcf,0x9c,0x11,0xa5,
    0x52,0xad,0x51,0xad,0x10,0xa5,0x51,0xad,0x54,0xc6,0x34,0xc6,0x91,0xad,0x30,0x9d,0x95,0xd6,0xb6,0xd6,0x96,0xce,0xd7,0xde,
    0xfc,0xff,0x4f,0x8c,0x23,0x21,0xa5,0x31,0x85,0x31,0x85,0x31,0x85,0x31,0x85,0x31,0x85,0x31,0x85,0x31,0x44,0x29,0xa8,0x52,
    0x4a,0x6b,0x44,0x29,0x89,0x52,0xfe,0xff,0xf5,0xc5,0xd0,0x9c,0x12,0xa5,0x0a,0x63,0x85,0x31,0xe3,0x18,0xe5,0x39,0x08,0x5b,
    0xcb,0x73,0x06,0x3a,0xe3,0x18,0x67,0x4a,0xab,0x73,0x4a,0x63,0x6a,0x6b,0x6a,0x6b,0x6a,0x6b,0x6a,0x63,0x4a,0x63,0x4a,0x63,
    0x6a,0x6b,0x4a,0x63,0x29,0x63,0xa5,0x31,0xe3,0x20,0x26,0x42,0xaa,0x6b,0x26,0x42,0xe6,0x39,0xdb,0xff,0xd8,0xde,0x64,0x29,
    0x77,0xd6,0xb7,0xde,0x85,0x31,0x4f,0x8c,0xfc,0xff,0xed,0x7b,0x03,0x21,0x44,0x29,0x47,0x4a,0xa8,0x52,0x47,0x42,0xc8,0x5a,
    0x6a,0x6b,0x49,0x63,0x29,0x63,0x29,0x63,0x29,0x63,0x29,0x63,0x29,0x63,0x09,0x63,0x4a,0x63,0x46,0x42,0xe2,0x18,0x47,0x4a,
    0xe9,0x5a,0x29,0x63,0xe6,0x39,0xe2,0x18,0x85,0x31,0x68,0x4a,0xa8,0x52,0xa8,0x52,0xa8,0x52,0x67,0x4a,0x27,0x42,0x47,0x4a,
    0x27,0x42,0xc8,0x52,0xe9,0x5a,0xc9,0x5a,0x68,0x4a,0x06,0x42,0x06,0x42,0x06,0x42,0x77,0xce,0xfc,0xff,0x59,0xef,0xd7,0xd6,
    0xd7,0xd6,0xd7,0xd6,0xb6,0xd6,0x7a,0xef,0xbc,0xff,0xbb,0xff,0x9b,0xf7,0xfd,0xff,0xad,0x73,0xc2,0x18,0xa5,0x31,0xa8,0x52,
    0xa8,0x52,0xa8,0x52,0xa8,0x52,0xa8,0x52,0x68,0x4a,0x44,0x29,0xe2,0x18,0xa9,0x5a,0xdd,0xff,0xdc,0xff,0xba,0xff,0xdc,0xff,
    0xfd,0xff,0xdb,0xff,0xba,0xff,0xfd,0xff,0xea,0x5a,0xe2,0x18,0x44,0x29,0x23,0x21,0x64,0x29,0x64,0x29,0xc2,0x18,0xc2,0x18,
    0xe2,0x18,0xe2,0x18,0xe3,0x18,0x23,0x21,0x23,0x21,0x23,0x21,0x88,0x52,0xe9,0x5a,0xc9,0x5a,0xc8,0x5a,0xc8,0x5a,0xc8,0x5a,
    0xc9,0x5a,0xc9,0x5a,0xc8,0x5a,0xc8,0x5a,0xc8,0x5a,0xc8,0x5a,0xc8,0x52,0xc8,0x52,0xc8,0x52,0xa8,0x52,0xc8,0x52,0x88,0x52,
    0x23,0x21,0x85,0x31,0x19,0xe7,0xbc,0xff,0xbb,0xff,0x9b,0xff,0xdc,0xff,0xb7,0xd6,0x50,0xa5,0x54,0xc6,0x33,0xbe,0xae,0x8c,
    0x91,0xad,0x13,0xbe,0xd2,0xb5,0xb1,0xad,0xb1,0xad,0xb2,0xad,0xf3,0xb5,0xf3,0xb5,0xf3,0xb5,0xd2,0xb5,0x91,0xad,0x71,0xa5,
    0x91,0xad,0xd2,0xb5,0xd2,0xb5,0x92,0xad,0x71,0xa5,0xb1,0xad,0xeb,0x73,0xe8,0x52,0x3a,0xef,0xdc,0xff,0xbc,0xff,0xbc,0xff,
    0x9b,0xff,0xbb,0xff,0xfd,0xff,0x9b,0xf7,0x6a,0x63,0x47,0x42,0x44,0x29,0x85,0x29,0x28,0x5b,0xee,0x94,0x73,0xc6,0xef,0x94,
    0x64,0x29,0x85,0x29,0x06,0x3a,0xaa,0x6b,0x4c,0x7c,0x4e,0x9d,0x6e,0x9d,0x2e,0x95,0xed,0x94,0xed,0x94,0xc5,0x31,0x04,0x21,
    0x85,0x29,0xc5,0x31,0xc5,0x31,0xa5,0x31,0xa5,0x31,0x85,0x31,0x85,0x31,0xa5,0x31,0xa5,0x31,0x44,0x21,0x03,0x21,0x44,0x21,
    0x64,0x29,0x64,0x29,0x44,0x29,0xa5,0x31,0x8d,0x84,0xce,0x94,0x0f,0x9d,0x34,0xbe,0xf7,0xde,0x95,0xce,0x54,0xc6,0xb6,0xd6,
    0xfc,0xff,0x2e,0x84,0x03,0x21,0x85,0x31,0x85,0x31,0x85,0x31,0x85,0x31,0x85,0x31,0x85,0x29,0x85,0x29,0x44,0x29,0xc8,0x52,
    0x8b,0x73,0x44,0x29,0x68,0x4a,0xfd,0xff,0xcd,0x7b,0xa5,0x31,0x06,0x42,0xa8,0x52,0x26,0x42,0x03,0x21,0x4a,0x63,0xeb,0x73,
    0x6a,0x63,0x84,0x29,0x03,0x21,0xa8,0x52,0xab,0x73,0x6a,0x6b,0x6a,0x6b,0x6a,0x6b,0x6a,0x63,0x4a,0x63,0x4a,0x63,0x6a,0x6b,
    0x4a,0x63,0x49,0x63,0x29,0x63,0xa5,0x31,0xe3,0x18,0x09,0x5b,0xeb,0x73,0x47,0x42,0xe6,0x39,0xdb,0xff,0x97,0xd6,0x64,0x29,
    0xb8,0xd6,0xd8,0xde,0x06,0x42,0x5a,0xef,0xfc,0xff,0x8c,0x73,0x64,0x29,0xe3,0x18,0x03,0x21,0x47,0x4a,0x23,0x21,0x26,0x42,
    0x6a,0x6b,0x29,0x63,0x29,0x63,0x29,0x63,0x29,0x63,0x29,0x63,0x29,0x63,0x29,0x63,0x2a,0x63,0x47,0x4a,0xc2,0x18,0xc5,0x39,
    0x4a,0x6b,0xab,0x73,0x06,0x42,0xe3,0x18,0xa5,0x31,0x88,0x4a,0x68,0x4a,0xa8,0x52,0xa8,0x52,0x47,0x4a,0x27,0x42,0x27,0x42,
    0x27,0x42,0xc9,0x5a,0xc9,0x5a,0xc8,0x52,0x27,0x42,0xe6,0x39,0x07,0x42,0x88,0x52,0x19,0xe7,0xdc,0xff,0xd7,0xde,0xf2,0xb5,
    0x13,0xbe,0x13,0xbe,0xf2,0xb5,0xd7,0xd6,0xbb,0xff,0x9b,0xff,0x9b,0xf7,0xfd,0xff,0x8c,0x73,0x81,0x10,0xa5,0x31,0xa8,0x52,
    0xa8,0x52,0xc8,0x5a,0xa8,0x52,0xa8,0x52,0x27,0x42,0x24,0x21,0x23,0x21,0x64,0x29,0x48,0x4a,0x4b,0x6b,0x8c,0x73,0x8d,0x73,
    0xee,0x7b,0xee,0x7b,0xad,0x7b,0xcd,0x7b,0xc6,0x39,0x43,0x29,0x85,0x31,0xa5,0x31,0x88,0x52,0xe6,0x39,0x23,0x21,0x23,0x21,
    0x23,0x21,0x23,0x21,0x44,0x29,0x23,0x21,0x23,0x21,0x23,0x21,0x47,0x4a,0xc8,0x5a,0xc9,0x5a,0xc8,0x5a,0xc9,0x5a,0xc9,0x5a,
    0xc9,0x5a,0xc9,0x5a,0xc8,0x5a,0xc9,0x5a,0xc8,0x5a,0xc8,0x5a,0xc8,0x5a,0xc8,0x52,0xc8,0x52,0xa8,0x52,0xa8,0x52,0x88,0x52,
    0x03,0x21,0x64,0x29,0x9b,0xff,0xfd,0xff,0x9b,0xf7,0xbb,0xff,0xdc,0xff,0xb7,0xd6,0x50,0xa5,0x54,0xc6,0x33,0xbe,0xae,0x8c,
    0xf3,0xb5,0xb6,0xce,0x75,0xc6,0x54,0xc6,0x54,0xc6,0x74,0xc6,0x74,0xc6,0x95,0xce,0x95,0xce,0x74,0xc6,0x54,0xc6,0x54,0xc6,
    0x54,0xc6,0x75,0xc6,0x75,0xc6,0x74,0xc6,0x54,0xc6,0xb5,0xce,0x4d,0x7c,0xe8,0x52,0x3a,0xef,0xdc,0xff,0xbb,0xff,0xbc,0xff,
    0xbb,0xff,0x5a,0xef,0xf8,0xde,0xb8,0xd6,0x8a,0x63,0x47,0x42,0x24,0x21,0xc6,0x39,0x64,0x29,0x6a,0x6b,0x11,0xb6,0x33,0xbe,
    0x29,0x63,0xc5,0x31,0xb1,0xad,0x0b,0x74,0xa5,0x31,0x0b,0x74,0x0d,0x95,0xac,0x8c,0x67,0x4a,0x06,0x3a,0xa5,0x31,0x65,0x29,
    0x64,0x29,0x85,0x31,0x85,0x31,0x64,0x29,0x44,0x29,0x65,0x29,0xa5,0x31,0xa5,0x31,0xa5,0x31,0xc5,0x31,0xc5,0x31,0xa5,0x31,
    0xa5,0x31,0xc5,0x31,0xa5,0x31,0x47,0x42,0xb2,0xad,0xd2,0xb5,0x55,0xc6,0x9b,0xf7,0xdc,0xff,0xbc,0xff,0xbc,0xff,0x9b,0xf7,
    0xfd,0xff,0x2e,0x8c,0x03,0x21,0x85,0x31,0x85,0x31,0x85,0x31,0x85,0x31,0x85,0x31,0x64,0x29,0x85,0x31,0x44,0x29,0xc8,0x5a,
    0x8b,0x73,0x44,0x29,0x48,0x4a,0xfc,0xff,0xad,0x73,0x67,0x4a,0xe9,0x5a,0xe9,0x5a,0x27,0x42,0x03,0x21,0x29,0x5b,0xaa,0x6b,
    0x84,0x29,0xc2,0x18,0xc8,0x52,0x8a,0x6b,0x8a,0x6b,0x6a,0x6b,0x6a,0x6b,0x6a,0x6b,0x6a,0x63,0x4a,0x63,0x6a,0x6b,0x29,0x63,
    0x03,0x19,0xe8,0x5a,0x26,0x42,0xe3,0x18,0xc2,0x18,0xe8,0x5a,0xcb,0x73,0x67,0x4a,0x07,0x42,0xbb,0xff,0xbb,0xff,0x68,0x52,
    0xac,0x73,0x11,0x9d,0x64,0x29,0xf9,0xe6,0xfc,0xff,0xac,0x73,0x84,0x29,0xc2,0x18,0xe3,0x18,0x67,0x4a,0x29,0x63,0x8b,0x6b,
    0x4a,0x6b,0x29,0x63,0x29,0x63,0x29,0x63,0x29,0x63,0x29,0x63,0x2a,0x63,0x29,0x63,0x8a,0x6b,0x67,0x4a,0xe3,0x18,0x43,0x29,
    0x19,0xe7,0x98,0xd6,0x02,0x21,0xc2,0x18,0xc5,0x39,0xa8,0x52,0x68,0x4a,0x68,0x4a,0x68,0x4a,0xc9,0x5a,0x47,0x4a,0x27,0x42,
    0xa8,0x52,0xa8,0x52,0xc9,0x5a,0xa8,0x52,0x27,0x42,0xc6,0x39,0x88,0x52,0x19,0xe7,0xdd,0xff,0xd8,0xde,0xf3,0xb5,0x13,0xbe,
    0x34,0xbe,0x34,0xbe,0x13,0xbe,0x13,0xbe,0x7b,0xf7,0xbb,0xff,0x9b,0xf7,0xdc,0xff,0x0a,0x63,0xa1,0x10,0x88,0x52,0xa8,0x52,
    0xa8,0x52,0xa8,0x52,0xc9,0x5a,0x06,0x42,0x03,0x21,0x23,0x21,0x23,0x21,0x03,0x21,0xe2,0x18,0xe2,0x18,0xa1,0x10,0xc2,0x18,
    0xe2,0x18,0xa2,0x10,0x81,0x10,0x81,0x10,0xc2,0x18,0x44,0x29,0xc5,0x39,0xc6,0x39,0xc5,0x39,0x64,0x29,0x23,0x21,0x03,0x21,
    0x03,0x21,0x23,0x21,0x23,0x21,0x23,0x21,0x23,0x21,0x23,0x21,0x03,0x21,0x27,0x42,0xe9,0x5a,0xc8,0x5a,0xc9,0x5a,0xc9,0x5a,
    0xc9,0x5a,0xc9,0x5a,0xc9,0x5a,0xc9,0x5a,0xc9,0x5a,0xc8,0x5a,0xc8,0x5a,0xc8,0x52,0xc8,0x52,0xa8,0x52,0xa8,0x52,0xa8,0x52,
    0x44,0x29,0x44,0x29,0xf1,0x9c,0xb8,0xde,0xdc,0xff,0x9b,0xf7,0xdc,0xff,0xb7,0xd6,0x50,0xa5,0x54,0xc6,0x34,0xbe,0xae,0x8c,
    0xae,0x8c,0x6d,0x84,0x8e,0x84,0x8d,0x84,0x8e,0x8c,0x6d,0x84,0x6d,0x84,0x8e,0x8c,0xce,0x8c,0xef,0x94,0x0f,0x95,0x30,0x9d,
    0x91,0xad,0xb2,0xad,0x91,0xad,0x91,0xad,0xb1,0xad,0x13,0xbe,0x0c,0x74,0xe8,0x52,0x3a,0xef,0xdc,0xff,0xbb,0xff,0xbc,0xff,
    0x4d,0x7c,0xcb,0x6b,0x69,0x5b,0xca,0x63,0x89,0x63,0x29,0x5b,0x49,0x63,0xc5,0x39,0x64,0x29,0xe6,0x39,0x8a,0x6b,0x93,0xc6,
    0x29,0x5b,0x06,0x3a,0x73,0xc6,0x08,0x5b,0x64,0x29,0xa5,0x31,0xc5,0x31,0xa5,0x31,0xa5,0x31,0xa5,0x31,0x64,0x29,0xa7,0x4a,
    0xaa,0x6b,0xaa,0x6b,0x89,0x63,0x49,0x5b,0x69,0x63,0x87,0x4a,0x85,0x31,0xa5,0x31,0x85,0x31,0xa5,0x31,0xa5,0x31,0xa5,0x31,
    0xa5,0x31,0xa5,0x31,0x85,0x31,0x47,0x4a,0xd7,0xde,0xb6,0xd6,0x33,0xbe,0xf7,0xde,0xf8,0xde,0xd7,0xde,0xd7,0xd6,0x39,0xe7,
    0xfe,0xff,0x2f,0x8c,0x03,0x21,0x85,0x31,0x85,0x31,0x85,0x31,0x85,0x31,0x85,0x31,0x64,0x29,0x85,0x29,0x44,0x29,0xc9,0x5a,
    0xab,0x73,0x44,0x29,0x27,0x42,0xfd,0xff,0xac,0x73,0x26,0x42,0xa8,0x52,0x27,0x42,0x64,0x29,0xe3,0x18,0xe8,0x5a,0x8a,0x6b,
    0x23,0x21,0xa4,0x31,0x6a,0x6b,0x8a,0x6b,0x6a,0x6b,0x6a,0x6b,0x6a,0x6b,0x6a,0x6b,0x6a,0x6b,0x6a,0x6b,0x6a,0x6b,0x4a,0x63,
    0x46,0x42,0x29,0x5b,0xe5,0x39,0xe3,0x18,0x06,0x3a,0x29,0x63,0xaa,0x6b,0x67,0x4a,0x85,0x31,0x1a,0xe7,0xfe,0xff,0xea,0x62,
    0x67,0x4a,0xcb,0x73,0x64,0x29,0x59,0xef,0xba,0xff,0x47,0x4a,0x47,0x42,0x84,0x31,0xc2,0x18,0x87,0x4a,0x6a,0x6b,0x27,0x42,
    0xa8,0x52,0x49,0x63,0x29,0x63,0x29,0x63,0x29,0x63,0x29,0x63,0x2a,0x63,0x6a,0x6b,0x87,0x4a,0x84,0x31,0x44,0x29,0x03,0x21,
    0x6b,0x6b,0x77,0xd6,0xd5,0xbd,0x27,0x42,0x23,0x21,0x68,0x4a,0x88,0x52,0x67,0x4a,0x67,0x4a,0x88,0x52,0x67,0x4a,0x47,0x4a,
    0xc8,0x52,0xc8,0x52,0x88,0x52,0x27,0x42,0x07,0x42,0xe6,0x39,0x11,0xa5,0xdb,0xff,0x59,0xef,0x96,0xce,0x13,0xbe,0x13,0xbe,
    0x13,0xbe,0x13,0xb6,0x54,0xc6,0x19,0xe7,0xbc,0xff,0xbb,0xff,0xfc,0xff,0x4f,0x8c,0xa2,0x10,0x24,0x21,0xa8,0x52,0xc8,0x52,
    0xa8,0x52,0xa8,0x52,0xc9,0x5a,0x06,0x42,0xe3,0x18,0x23,0x21,0x23,0x21,0x23,0x21,0x44,0x29,0x44,0x29,0x23,0x21,0x23,0x21,
    0x44,0x29,0x44,0x29,0x24,0x29,0x23,0x21,0x85,0x31,0xc5,0x39,0xe6,0x39,0x64,0x29,0x85,0x31,0xc6,0x39,0xe6,0x39,0x06,0x42,
    0x06,0x42,0x06,0x42,0x06,0x42,0x44,0x29,0x03,0x21,0x23,0x21,0xe3,0x18,0x26,0x42,0xe9,0x5a,0xc9,0x5a,0xc9,0x5a,0xc9,0x5a,
    0xc9,0x5a,0xc9,0x5a,0xc9,0x5a,0xc9,0x5a,0xc9,0x5a,0xc8,0x5a,0xc8,0x52,0xc8,0x52,0xc8,0x52,0xa8,0x52,0xa8,0x52,0xa8,0x52,
    0x47,0x42,0xa5,0x31,0x20,0x00,0x90,0x94,0xfd,0xff,0x9b,0xf7,0xdc,0xff,0xb7,0xd6,0x50,0xa5,0x54,0xc6,0x34,0xbe,0x8e,0x8c,
    0xef,0x94,0x50,0x9d,0x50,0x9d,0x50,0x9d,0x30,0x9d,0xef,0x94,0xcf,0x8c,0x8e,0x84,0x6d,0x84,0x8e,0x8c,0xcf,0x94,0x4d,0x7c,
    0x29,0x5b,0xab,0x6b,0x8a,0x6b,0xab,0x6b,0xec,0x73,0x2c,0x7c,0x49,0x63,0x29,0x5b,0x3a,0xef,0xdc,0xff,0xbc,0xff,0xbc,0xff,
    0x48,0x5b,0x49,0x5b,0x69,0x5b,0x89,0x63,0xea,0x6b,0x2b,0x74,0x0d,0x95,0x67,0x4a,0x06,0x3a,0x44,0x21,0xe6,0x39,0xf1,0xb5,
    0x29,0x5b,0xc8,0x52,0x53,0xc6,0x26,0x42,0x85,0x31,0x85,0x31,0xa5,0x31,0x85,0x29,0xe6,0x39,0x67,0x42,0x26,0x42,0xea,0x6b,
    0x0d,0x8d,0xac,0x84,0xcd,0x8c,0xac,0x84,0x2d,0x95,0xaa,0x6b,0x06,0x42,0xc5,0x31,0xa5,0x31,0xa5,0x31,0xa5,0x31,0xa5,0x31,
    0xa5,0x31,0xa5,0x31,0x85,0x31,0x47,0x42,0x7b,0xf7,0x59,0xef,0x54,0xc6,0xb6,0xd6,0xb6,0xd6,0x96,0xce,0x75,0xce,0x18,0xdf,
    0xfe,0xff,0x2f,0x84,0x03,0x21,0x85,0x31,0x85,0x31,0x85,0x31,0x85,0x31,0x85,0x31,0x85,0x31,0x85,0x29,0x44,0x29,0xc9,0x5a,
    0xab,0x73,0x44,0x29,0x27,0x42,0xfd,0xff,0xac,0x73,0xe6,0x39,0x88,0x52,0xa5,0x31,0xe3,0x18,0xe3,0x18,0xc8,0x52,0x8a,0x6b,
    0x44,0x29,0x67,0x4a,0x8b,0x6b,0x4a,0x63,0x6a,0x6b,0x6a,0x6b,0x6a,0x6b,0x6a,0x6b,0x6a,0x6b,0x8a,0x6b,0x29,0x63,0xc5,0x39,
    0x09,0x5b,0x09,0x5b,0x84,0x29,0xe3,0x18,0xe8,0x5a,0x6a,0x63,0x6a,0x6b,0x67,0x4a,0x44,0x29,0x56,0xce,0xd9,0xde,0x89,0x52,
    0x49,0x63,0xee,0x94,0x23,0x21,0xf5,0xc5,0xd4,0xbd,0x64,0x29,0xe9,0x5a,0x67,0x4a,0xe3,0x18,0x47,0x4a,0xe9,0x5a,0x84,0x31,
    0x67,0x4a,0x4a,0x63,0x29,0x63,0x29,0x63,0x29,0x63,0x29,0x63,0x4a,0x63,0x4a,0x6b,0x85,0x31,0x03,0x19,0xa5,0x31,0xe6,0x39,
    0xa2,0x10,0xd4,0xbd,0xfe,0xff,0xea,0x5a,0xa2,0x10,0x27,0x42,0xa8,0x52,0x68,0x4a,0x68,0x4a,0x47,0x4a,0x27,0x42,0x67,0x4a,
    0xc8,0x52,0xc8,0x52,0x67,0x4a,0xe6,0x39,0x07,0x42,0x27,0x42,0xf9,0xe6,0xbb,0xff,0xb6,0xd6,0x54,0xc6,0x33,0xbe,0x13,0xbe,
    0x33,0xbe,0x54,0xc6,0x96,0xd6,0x7a,0xf7,0x7b,0xef,0x5a,0xef,0xdc,0xff,0x4b,0x6b,0xa2,0x10,0x64,0x29,0xa8,0x52,0xc8,0x52,
    0xa8,0x52,0xa8,0x52,0xc9,0x5a,0x06,0x42,0x03,0x21,0x23,0x21,0x23,0x21,0x23,0x21,0x24,0x21,0x64,0x29,0x44,0x29,0x44,0x29,
    0x64,0x29,0x64,0x31,0x24,0x29,0x44,0x29,0x47,0x4a,0xa8,0x52,0x88,0x52,0xc5,0x39,0x67,0x4a,0xa8,0x52,0x88,0x52,0xa8,0x52,
    0xa8,0x52,0xa8,0x52,0x88,0x52,0x64,0x29,0x03,0x21,0x23,0x21,0x03,0x21,0x06,0x42,0xe9,0x5a,0xc9,0x5a,0xc9,0x5a,0xc9,0x5a,
    0xc9,0x5a,0xc9,0x5a,0xc9,0x5a,0xc8,0x5a,0xc8,0x5a,0xc8,0x5a,0xc8,0x52,0xc8,0x52,0xc8,0x52,0xa8,0x52,0xa8,0x52,0xa8,0x52,
    0xc9,0x5a,0x26,0x42,0x81,0x10,0xb0,0x94,0xfd,0xff,0x9b,0xf7,0xdc,0xff,0xb7,0xd6,0x50,0xa5,0x54,0xc6,0x54,0xc6,0x8e,0x8c,
    0x91,0xad,0x74,0xc6,0x54,0xc6,0x54,0xc6,0x54,0xc6,0x54,0xc6,0x54,0xc6,0x54,0xc6,0x54,0xc6,0x54,0xc6,0x95,0xce,0x71,0xa5,
    0x29,0x5b,0x71,0xa5,0x91,0xad,0x91,0xa5,0xb2,0xad,0x13,0xb6,0x0c,0x74,0x09,0x53,0x5a,0xef,0xdc,0xff,0xbc,0xff,0xbc,0xff,
    0xaa,0x63,0x89,0x63,0x29,0x5b,0x69,0x63,0xb0,0xa5,0xad,0x8c,0x69,0x63,0xeb,0x6b,0x69,0x5b,0x64,0x29,0xc5,0x31,0xeb,0x73,
    0xcd,0x8c,0xf1,0xb5,0xd1,0xb5,0xe6,0x39,0x85,0x31,0x64,0x29,0x85,0x31,0x64,0x29,0x49,0x63,0x0d,0x8d,0xed,0x8c,0x4b,0x7c,
    0x69,0x63,0x09,0x53,0x29,0x5b,0x49,0x5b,0x8c,0x84,0xed,0x8c,0xcd,0x8c,0x26,0x42,0x44,0x29,0xa5,0x31,0xa5,0x31,0xa5,0x31,
    0xa5,0x31,0xa5,0x31,0x84,0x29,0x27,0x42,0x5a,0xef,0xbc,0xff,0xbc,0xff,0xdd,0xff,0xdd,0xff,0xdc,0xff,0xbb,0xff,0xbb,0xff,
    0xfd,0xff,0x2e,0x84,0x03,0x21,0x85,0x31,0x85,0x31,0x85,0x31,0x85,0x31,0x85,0x31,0x85,0x31,0x85,0x31,0x44,0x29,0xc8,0x5a,
    0xab,0x73,0x44,0x29,0x27,0x42,0xfd,0xff,0x8c,0x73,0x06,0x42,0x09,0x5b,0xa5,0x31,0xe3,0x18,0xe3,0x18,0x09,0x5b,0x8a,0x6b,
    0x03,0x21,0x26,0x42,0x8a,0x6b,0x4a,0x63,0x6a,0x6b,0x6a,0x6b,0x6a,0x6b,0x6a,0x6b,0x6a,0x6b,0x6a,0x6b,0x6a,0x6b,0x4a,0x63,
    0x6a,0x6b,0x84,0x29,0xe3,0x18,0xe3,0x18,0xc8,0x52,0x4a,0x63,0x6a,0x6b,0x67,0x4a,0x85,0x31,0x6e,0x8c,0x03,0x19,0xc2,0x18,
    0x09,0x5b,0x0b,0x7c,0xa2,0x10,0xe2,0x18,0xe3,0x18,0x44,0x29,0x09,0x5b,0xc8,0x52,0x23,0x21,0x03,0x21,0xe5,0x39,0x6a,0x6b,
    0x29,0x63,0x29,0x63,0x49,0x63,0x2a,0x63,0x4a,0x63,0x29,0x63,0x4a,0x63,0xe6,0x39,0x44,0x29,0xc5,0x39,0x64,0x31,0x57,0xce,
    0x27,0x42,0x35,0xce,0xfd,0xff,0xea,0x5a,0x61,0x08,0xe6,0x39,0xa8,0x52,0xa8,0x52,0x67,0x4a,0x67,0x4a,0x06,0x42,0x26,0x42,
    0xc8,0x52,0xa8,0x52,0x47,0x4a,0xe6,0x39,0x06,0x42,0x27,0x42,0x77,0xce,0x17,0xdf,0x34,0xbe,0x34,0xbe,0x34,0xbe,0xf2,0xb5,
    0x75,0xce,0xbb,0xff,0x39,0xef,0xf3,0xb5,0x34,0xbe,0x13,0xbe,0x39,0xe7,0xad,0x73,0xe2,0x18,0x67,0x4a,0xa8,0x52,0xa8,0x52,
    0xc8,0x52,0xa8,0x52,0xc9,0x5a,0x06,0x42,0x03,0x21,0x23,0x21,0x23,0x21,0x23,0x21,0x03,0x21,0x06,0x42,0x27,0x4a,0x06,0x42,
    0x47,0x4a,0x47,0x4a,0x44,0x29,0xc5,0x39,0xc9,0x5a,0x88,0x52,0x88,0x52,0xc5,0x39,0x47,0x4a,0x88,0x52,0x88,0x52,0x88,0x52,
    0x88,0x52,0x67,0x4a,0x88,0x52,0xa5,0x31,0xe3,0x18,0x23,0x21,0x23,0x21,0x84,0x31,0xe9,0x5a,0xe9,0x5a,0xe9,0x5a,0xc9,0x5a,
    0xc9,0x5a,0xc9,0x5a,0xc9,0x5a,0xc9,0x5a,0xc8,0x5a,0xc8,0x5a,0xc8,0x52,0xc8,0x52,0xa8,0x52,0xc8,0x52,0xc8,0x52,0xa8,0x52,
    0xa8,0x52,0x06,0x42,0x81,0x10,0xb0,0x94,0xfd,0xff,0x9b,0xf7,0xdd,0xff,0xb7,0xd6,0x50,0xa5,0x74,0xc6,0x54,0xc6,0xae,0x8c,
    0x91,0xad,0x34,0xbe,0x13,0xbe,0x33,0xbe,0x33,0xbe,0x13,0xbe,0x13,0xbe,0x13,0xbe,0x13,0xbe,0x13,0xbe,0x54,0xc6,0x51,0xa5,
    0x29,0x5b,0xf2,0xb5,0x33,0xbe,0x33,0xbe,0x34,0xbe,0x95,0xce,0x2c,0x7c,0x09,0x53,0x5a,0xef,0xdc,0xff,0xbc,0xff,0xbc,0xff,
    0x8a,0x63,0xaa,0x63,0x2c,0x7c,0xee,0x94,0x6c,0x7c,0x8c,0x84,0x0e,0x95,0xed,0x8c,0xca,0x6b,0x26,0x42,0x64,0x29,0xe5,0x39,
    0x0e,0x95,0xd1,0xad,0x88,0x4a,0xc5,0x31,0x64,0x29,0x09,0x5b,0xee,0x94,0xcb,0x73,0xaa,0x6b,0x89,0x63,0xca,0x6b,0x6c,0x7c,
    0xac,0x84,0x2c,0x7c,0x6c,0x84,0x4c,0x7c,0x69,0x63,0x2b,0x7c,0xed,0x8c,0x2b,0x74,0x69,0x63,0x85,0x29,0xa5,0x31,0xa5,0x31,
    0xa5,0x31,0xa5,0x31,0x84,0x29,0x27,0x42,0x7b,0xf7,0x9b,0xf7,0xb7,0xd6,0xd7,0xd6,0x59,0xef,0xd7,0xde,0x75,0xce,0xf7,0xde,
    0xfc,0xff,0x0e,0x84,0x03,0x21,0xa5,0x31,0x85,0x31,0x85,0x31,0x85,0x31,0x85,0x31,0x85,0x31,0x85,0x31,0x44,0x29,0xc8,0x5a,
    0xcc,0x73,0x44,0x29,0x27,0x42,0xfc,0xff,0x8c,0x73,0x27,0x42,0x09,0x63,0xc8,0x52,0x84,0x31,0xe2,0x18,0x46,0x42,0x6a,0x6b,
    0x87,0x52,0x09,0x5b,0x6a,0x6b,0x4a,0x6b,0x6a,0x6b,0x6a,0x6b,0x6a,0x6b,0x6a,0x6b,0x6a,0x6b,0x6a,0x6b,0x4a,0x63,0x6a,0x6b,
    0xab,0x6b,0xa5,0x31,0x03,0x19,0xe3,0x18,0x64,0x29,0x09,0x5b,0x8a,0x6b,0xa8,0x52,0xc5,0x39,0x09,0x5b,0x68,0x4a,0x78,0xce,
    0x96,0xd6,0xb6,0xde,0x56,0xce,0x12,0xa5,0x03,0x21,0x44,0x29,0xe8,0x5a,0xc8,0x52,0x23,0x21,0x03,0x21,0x85,0x31,0x4a,0x63,
    0x29,0x63,0x29,0x63,0x29,0x63,0x29,0x63,0x2a,0x63,0x29,0x63,0x6a,0x6b,0x23,0x21,0x23,0x21,0xe6,0x41,0x73,0xb5,0x7a,0xf7,
    0xf9,0xde,0x35,0xce,0x68,0x4a,0x52,0xad,0x2a,0x63,0x84,0x29,0xc9,0x5a,0x68,0x4a,0xa8,0x52,0x68,0x4a,0xe6,0x39,0x47,0x4a,
    0xcb,0x73,0xcb,0x73,0xe9,0x5a,0xc6,0x39,0x06,0x42,0x06,0x42,0x56,0xce,0x95,0xce,0x13,0xbe,0xf3,0xb5,0x75,0xce,0x96,0xce,
    0x95,0xce,0x39,0xef,0x54,0xc6,0x13,0xbe,0x33,0xbe,0x13,0xb6,0x59,0xe7,0x8c,0x73,0xc2,0x18,0x88,0x52,0x88,0x52,0xa8,0x52,
    0xa8,0x52,0xe9,0x5a,0xe6,0x39,0x44,0x29,0x23,0x21,0x23,0x21,0x23,0x21,0x64,0x29,0x06,0x42,0x27,0x4a,0x27,0x4a,0x27,0x4a,
    0x27,0x4a,0x67,0x52,0x85,0x31,0xa5,0x31,0xc9,0x5a,0x88,0x52,0x88,0x52,0xc5,0x39,0x47,0x4a,0xa8,0x52,0x88,0x52,0x88,0x52,
    0x88,0x52,0x88,0x52,0x88,0x52,0x67,0x4a,0xc5,0x39,0x23,0x21,0x23,0x21,0x44,0x29,0x84,0x31,0x88,0x52,0xe9,0x5a,0xc9,0x5a,
    0xc9,0x5a,0xc9,0x5a,0xc9,0x5a,0xc9,0x5a,0xc9,0x5a,0xc8,0x5a,0xc8,0x52,0xc8,0x52,0xa8,0x52,0xa8,0x52,0xc8,0x52,0xc9,0x5a,
    0xe9,0x5a,0x26,0x42,0x20,0x00,0x90,0x94,0xfe,0xff,0x9b,0xf7,0xdc,0xff,0xb7,0xd6,0x50,0xa5,0x74,0xc6,0x54,0xc6,0xae,0x8c,
    0x91,0xad,0x54,0xbe,0x33,0xbe,0x33,0xbe,0x33,0xbe,0x33,0xbe,0x33,0xbe,0x33,0xbe,0x33,0xbe,0x33,0xbe,0x74,0xc6,0x30,0x9d,
    0xe8,0x52,0xd2,0xb5,0xd2,0xb5,0x50,0xa5,0x13,0xbe,0x74,0xc6,0x0c,0x7c,0x09,0x53,0x5a,0xef,0xdc,0xff,0xbc,0xff,0xbc,0xff,
    0xeb,0x6b,0x4c,0x7c,0xcd,0x8c,0xcd,0x8c,0x0a,0x6c,0x8c,0x84,0x2e,0x9d,0xed,0x94,0xad,0x84,0x09,0x5b,0x84,0x29,0x64,0x29,
    0x4f,0x9d,0xb1,0xad,0x44,0x29,0xa5,0x31,0x64,0x29,0xad,0x8c,0x6f,0xa5,0x26,0x3a,0x06,0x3a,0x67,0x42,0x49,0x5b,0x0b,0x74,
    0x4b,0x7c,0xac,0x84,0x6f,0xa5,0x8f,0xa5,0xaa,0x6b,0xeb,0x73,0x8c,0x84,0xed,0x8c,0xac,0x84,0xc5,0x31,0xa5,0x31,0xa5,0x31,
    0xa5,0x31,0xa5,0x31,0x85,0x29,0x27,0x42,0x7b,0xf7,0x7b,0xf7,0x96,0xce,0x95,0xce,0x95,0xce,0x95,0xce,0x54,0xc6,0xd7,0xde,
    0xfd,0xff,0x2e,0x84,0x23,0x21,0xa5,0x31,0x85,0x31,0x85,0x31,0x85,0x31,0x85,0x31,0x85,0x29,0x85,0x31,0x64,0x29,0xa8,0x52,
    0xcc,0x7b,0x84,0x31,0x27,0x42,0xdb,0xff,0x6c,0x73,0x06,0x42,0x09,0x5b,0xe9,0x5a,0xa5,0x31,0xe3,0x18,0x84,0x31,0x09,0x5b,
    0x29,0x63,0x6a,0x6b,0x6a,0x6b,0x6a,0x6b,0x6a,0x6b,0x6a,0x6b,0x6a,0x6b,0x6a,0x6b,0x6a,0x6b,0x6a,0x6b,0x6a,0x6b,0x4a,0x63,
    0x87,0x4a,0x64,0x29,0x23,0x21,0xa5,0x31,0x03,0x21,0xa8,0x52,0x8a,0x6b,0xa8,0x52,0xe6,0x39,0x46,0x42,0xea,0x5a,0xff,0xff,
    0x96,0xd6,0x14,0xc6,0xdb,0xff,0x57,0xce,0x23,0x21,0x64,0x29,0xe8,0x5a,0xc8,0x52,0x03,0x21,0xe3,0x18,0x64,0x29,0x4a,0x63,
    0x4a,0x63,0x4a,0x63,0x29,0x63,0x29,0x63,0x4a,0x63,0x29,0x63,0x47,0x4a,0x89,0x52,0xa9,0x52,0xc5,0x39,0xf9,0xe6,0xdb,0xff,
    0xd8,0xde,0xad,0x7b,0xe3,0x18,0x97,0xd6,0x6b,0x6b,0x44,0x29,0xc9,0x5a,0x68,0x4a,0x88,0x4a,0x88,0x52,0xe6,0x39,0x67,0x4a,
    0x2c,0x7c,0x4d,0x84,0x6a,0x6b,0xe6,0x39,0x06,0x3a,0xe6,0x39,0x56,0xce,0xb6,0xce,0x54,0xc6,0x75,0xce,0xd7,0xd6,0x96,0xce,
    0x75,0xce,0x95,0xce,0xf2,0xb5,0x13,0xbe,0x33,0xbe,0x13,0xb6,0x38,0xe7,0x8c,0x73,0x81,0x10,0xe6,0x39,0xa8,0x52,0xc8,0x52,
    0xa8,0x52,0xe9,0x5a,0xa5,0x31,0x03,0x21,0x23,0x21,0x23,0x21,0x23,0x21,0x85,0x31,0x47,0x4a,0x47,0x4a,0x47,0x4a,0x27,0x4a,
    0x27,0x4a,0x67,0x52,0xa5,0x31,0xa5,0x31,0xc9,0x5a,0x88,0x52,0xa8,0x52,0xc5,0x39,0x47,0x4a,0xa8,0x52,0x88,0x52,0x88,0x52,
    0x88,0x52,0x88,0x52,0x88,0x52,0x88,0x52,0x06,0x42,0x23,0x21,0x23,0x21,0x23,0x21,0x03,0x21,0x67,0x4a,0xe9,0x5a,0xc9,0x5a,
    0xc9,0x5a,0xc9,0x5a,0xc9,0x5a,0xc9,0x5a,0xc8,0x5a,0xc9,0x5a,0xc8,0x5a,0xc8,0x52,0xc8,0x52,0xa8,0x52,0xc8,0x52,0x47,0x4a,
    0x27,0x42,0x47,0x4a,0xaa,0x52,0x94,0xb5,0xfd,0xff,0x9b,0xf7,0xdc,0xff,0xb7,0xd6,0x50,0xa5,0x74,0xc6,0x54,0xc6,0xce,0x94,
    0xb1,0xad,0x54,0xc6,0x33,0xbe,0x33,0xbe,0x33,0xbe,0x33,0xbe,0x33,0xbe,0x33,0xbe,0x33,0xbe,0x13,0xbe,0x54,0xc6,0x51,0xa5,
    0x29,0x5b,0xf2,0xb5,0xd2,0xb5,0x10,0x9d,0x33,0xbe,0x74,0xc6,0x0c,0x7c,0x09,0x53,0x5a,0xef,0xdc,0xff,0xbc,0xff,0xbc,0xff,
    0xad,0x8c,0x0e,0x95,0x89,0x63,0x89,0x63,0x4b,0x74,0x4b,0x74,0x0b,0x74,0xea,0x6b,0x52,0xbe,0x2c,0x84,0x64,0x29,0xa5,0x31,
    0x70,0xa5,0xd1,0xad,0x64,0x29,0x85,0x31,0xa5,0x31,0xb0,0xad,0x0b,0x74,0x08,0x53,0x69,0x63,0x8a,0x63,0x0b,0x74,0x87,0x4a,
    0xa5,0x31,0xad,0x8c,0xad,0x8c,0x8c,0x84,0x0d,0x95,0x4b,0x7c,0x49,0x5b,0x8c,0x84,0xed,0x8c,0x46,0x42,0x65,0x29,0x85,0x31,
    0xa5,0x31,0xa5,0x31,0x85,0x31,0x47,0x4a,0x3a,0xef,0xbb,0xff,0x9b,0xf7,0x9a,0xf7,0x9b,0xf7,0x9b,0xff,0x9a,0xf7,0x7a,0xf7,
    0xfc,0xff,0x2f,0x84,0x23,0x21,0xa5,0x31,0x85,0x31,0x85,0x31,0x85,0x31,0x85,0x31,0x85,0x29,0x85,0x31,0x64,0x29,0x88,0x52,
    0xab,0x73,0xa5,0x31,0x27,0x42,0xdc,0xff,0x8c,0x73,0xc6,0x39,0xc9,0x5a,0xe9,0x5a,0xc5,0x31,0x03,0x21,0x44,0x29,0x87,0x52,
    0x4a,0x63,0x6a,0x6b,0x6a,0x6b,0x6a,0x6b,0x6a,0x6b,0x6a,0x6b,0x6a,0x6b,0x6a,0x6b,0x6a,0x6b,0x6a,0x6b,0x6a,0x6b,0x29,0x63,
    0x03,0x19,0x03,0x21,0x64,0x29,0x29,0x63,0x64,0x29,0x47,0x4a,0x49,0x63,0x88,0x4a,0xa5,0x31,0x23,0x21,0xea,0x5a,0xfc,0xff,
    0x6d,0x84,0x8a,0x63,0x18,0xe7,0x36,0xce,0x23,0x21,0x84,0x29,0x09,0x63,0x09,0x5b,0x23,0x21,0xe2,0x18,0x44,0x29,0x09,0x63,
    0x29,0x63,0x4a,0x63,0x29,0x63,0x29,0x63,0x4a,0x63,0x2a,0x63,0xa2,0x10,0xd5,0xbd,0x74,0xad,0x03,0x21,0xf9,0xe6,0xfc,0xff,
    0x2b,0x6b,0x20,0x00,0x6c,0x6b,0x78,0xce,0xa1,0x10,0x64,0x29,0x88,0x4a,0x47,0x4a,0x67,0x4a,0x67,0x4a,0x06,0x42,0x67,0x4a,
    0x0c,0x7c,0x4d,0x84,0x6b,0x6b,0xe6,0x39,0xe6,0x39,0xc6,0x39,0x76,0xce,0x38,0xe7,0xf7,0xde,0x9a,0xf7,0x9b,0xf7,0x55,0xc6,
    0x34,0xbe,0x13,0xbe,0x33,0xbe,0x33,0xbe,0x34,0xbe,0x13,0xbe,0xf7,0xde,0x8c,0x73,0x81,0x10,0x44,0x29,0xc9,0x5a,0xe9,0x5a,
    0xa8,0x52,0xc9,0x5a,0xa5,0x31,0x03,0x21,0x23,0x21,0x23,0x21,0x23,0x21,0xa5,0x31,0x47,0x4a,0x27,0x4a,0x47,0x4a,0x27,0x4a,
    0x27,0x4a,0x67,0x4a,0xa5,0x31,0x85,0x31,0xc9,0x5a,0x88,0x52,0x88,0x52,0xe6,0x39,0x47,0x4a,0x88,0x52,0x88,0x52,0x88,0x52,
    0x88,0x52,0x88,0x52,0x67,0x4a,0x88,0x52,0x26,0x42,0x23,0x21,0x23,0x21,0x23,0x21,0x23,0x21,0x67,0x4a,0xe9,0x5a,0xc9,0x5a,
    0xc9,0x5a,0xc9,0x5a,0xc9,0x5a,0xc8,0x5a,0xc8,0x5a,0xc8,0x5a,0xa8,0x52,0xa8,0x52,0xa8,0x52,0xa8,0x52,0xa8,0x52,0x85,0x31,
    0xa2,0x18,0x89,0x52,0xff,0xff,0xdd,0xff,0xbb,0xff,0xbb,0xff,0xdc,0xff,0xd7,0xd6,0x70,0xa5,0x74,0xc6,0x54,0xc6,0xce,0x94,
    0xb2,0xad,0x54,0xc6,0x33,0xbe,0x33,0xbe,0x33,0xbe,0x33,0xbe,0x33,0xbe,0x33,0xbe,0x33,0xbe,0x33,0xbe,0x34,0xbe,0x91,0xad,
    0x4c,0x7c,0x13,0xb6,0xf3,0xb5,0x30,0x9d,0x13,0xbe,0x74,0xc6,0x0c,0x7c,0x09,0x53,0x5a,0xef,0xdc,0xff,0xbc,0xff,0xbc,0xff,
    0x2e,0x95,0x0b,0x74,0x89,0x63,0xaa,0x63,0x0a,0x74,0x2b,0x74,0x0b,0x74,0xe5,0x39,0xeb,0x73,0xb0,0xad,0x4d,0x84,0x23,0x21,
    0x91,0xad,0xf2,0xb5,0x64,0x29,0x24,0x21,0x23,0x21,0x8d,0x84,0x6b,0x7c,0xac,0x84,0x8c,0x84,0xcb,0x6b,0x6c,0x84,0x8c,0x84,
    0xeb,0x73,0x84,0x29,0xeb,0x73,0xed,0x8c,0xac,0x84,0xcd,0x8c,0xcd,0x8c,0x8a,0x6b,0x8c,0x84,0x8c,0x84,0xe8,0x52,0x24,0x21,
    0xa5,0x31,0xa5,0x31,0x85,0x31,0x47,0x4a,0xbc,0xff,0xfd,0xff,0xfc,0xff,0xfd,0xff,0xfd,0xff,0xfd,0xff,0xfd,0xff,0xfc,0xff,
    0xfe,0xff,0x6f,0x8c,0x03,0x21,0xa5,0x31,0x85,0x31,0x85,0x31,0x85,0x31,0x85,0x31,0x85,0x31,0x85,0x31,0x64,0x29,0x67,0x4a,
    0x4a,0x6b,0xa5,0x31,0xe3,0x18,0x0b,0x63,0x19,0xe7,0x11,0xa5,0x67,0x4a,0xe9,0x5a,0xc9,0x52,0x44,0x29,0x23,0x21,0x44,0x29,
    0x29,0x63,0xab,0x73,0x4a,0x63,0x6a,0x6b,0x6a,0x6b,0x6a,0x6b,0x6a,0x6b,0x6a,0x6b,0x6a,0x6b,0x6a,0x6b,0x8a,0x6b,0xe6,0x39,
    0x03,0x21,0xe3,0x18,0x06,0x42,0x8a,0x6b,0xe8,0x5a,0x44,0x29,0x47,0x42,0xa8,0x52,0x85,0x31,0x02,0x19,0xc9,0x5a,0xdc,0xff,
    0x2f,0x9d,0x6c,0x84,0x19,0xe7,0x57,0xce,0x23,0x21,0x84,0x29,0x09,0x63,0x27,0x42,0x47,0x42,0x44,0x29,0xe2,0x18,0xa5,0x31,
    0x6a,0x6b,0x4a,0x63,0x49,0x63,0x4a,0x63,0x4a,0x63,0x2a,0x63,0xa2,0x10,0x73,0xb5,0xde,0xff,0xee,0x83,0xb0,0x9c,0xba,0xff,
    0x23,0x21,0xad,0x73,0xb8,0xd6,0x07,0x42,0x64,0x29,0x06,0x42,0x27,0x42,0x26,0x42,0x27,0x42,0x67,0x4a,0xe6,0x39,0x88,0x52,
    0x2d,0x84,0x6d,0x84,0x6a,0x6b,0xe6,0x39,0x06,0x3a,0xe6,0x39,0xb8,0xde,0xbb,0xff,0x79,0xf7,0xba,0xff,0x39,0xe7,0x34,0xbe,
    0x34,0xc6,0x34,0xbe,0x33,0xbe,0x33,0xbe,0x34,0xbe,0x33,0xbe,0x54,0xc6,0xd3,0xb5,0x93,0xb5,0x64,0x29,0xe3,0x20,0x44,0x29,
    0xc5,0x39,0xc9,0x5a,0x44,0x29,0x03,0x21,0x23,0x21,0x23,0x21,0x03,0x21,0x85,0x31,0x47,0x4a,0x27,0x4a,0x27,0x4a,0x27,0x4a,
    0x27,0x4a,0x47,0x4a,0x26,0x42,0x23,0x21,0x85,0x31,0xa8,0x52,0xc9,0x5a,0x06,0x42,0x47,0x4a,0xa8,0x52,0xa8,0x52,0xa8,0x52,
    0xa8,0x52,0x88,0x52,0x88,0x52,0xa8,0x52,0x26,0x42,0x03,0x21,0x23,0x21,0x23,0x21,0x03,0x21,0xe6,0x39,0x2a,0x63,0xc9,0x5a,
    0xc9,0x5a,0xc9,0x5a,0xc8,0x5a,0xc8,0x5a,0xc9,0x5a,0xc9,0x5a,0xe9,0x5a,0x88,0x52,0x64,0x29,0x64,0x29,0x03,0x21,0x81,0x10,
    0x53,0xad,0xf8,0xe6,0x9b,0xf7,0xbb,0xff,0xbc,0xff,0x9b,0xff,0xdc,0xff,0xd7,0xde,0x70,0xa5,0x54,0xc6,0x34,0xbe,0xce,0x94,
    0xb2,0xad,0x54,0xc6,0x33,0xbe,0x34,0xbe,0x33,0xbe,0x33,0xbe,0x33,0xbe,0x33,0xbe,0x33,0xbe,0x33,0xbe,0x34,0xbe,0x91,0xad,
    0x4d,0x84,0x13,0xb6,0x34,0xbe,0x13,0xbe,0x13,0xbe,0x74,0xc6,0x2c,0x7c,0x09,0x53,0x5a,0xef,0xdc,0xff,0xbc,0xff,0xbc,0xff,
    0x6c,0x84,0xaa,0x63,0x89,0x5b,0xa9,0x63,0xca,0x6b,0x69,0x5b,0x87,0x4a,0x85,0x29,0x28,0x5b,0x6f,0xa5,0xee,0x94,0xe2,0x18,
    0x0e,0x95,0x70,0xa5,0x23,0x21,0x06,0x3a,0xeb,0x73,0xcb,0x73,0x89,0x63,0x2d,0x95,0x2d,0x95,0xcd,0x8c,0x6c,0x84,0x0e,0x95,
    0xad,0x84,0x87,0x4a,0xa7,0x4a,0x49,0x5b,0xcd,0x8c,0xed,0x8c,0xed,0x8c,0x2b,0x7c,0x4b,0x7c,0xcc,0x84,0x08,0x5b,0x24,0x21,
    0xa5,0x31,0xa5,0x31,0x85,0x31,0xe6,0x39,0xb0,0x94,0xd1,0x9c,0xb1,0x9c,0xd1,0x9c,0xd1,0x9c,0xf1,0x9c,0xd1,0x9c,0xb1,0x94,
    0x12,0xa5,0xca,0x5a,0x44,0x29,0x85,0x31,0x85,0x31,0x85,0x31,0x85,0x31,0x85,0x31,0x85,0x31,0x85,0x31,0x85,0x31,0xa5,0x31,
    0x88,0x52,0x88,0x52,0xc5,0x39,0xa1,0x10,0x16,0xc6,0x35,0xc6,0x47,0x4a,0x09,0x5b,0x09,0x63,0x06,0x3a,0x03,0x21,0x03,0x21,
    0x06,0x42,0x09,0x5b,0x6a,0x6b,0x6a,0x6b,0x6a,0x6b,0x6a,0x6b,0x6a,0x6b,0x6a,0x6b,0x6a,0x6b,0x8a,0x6b,0xc8,0x52,0x23,0x21,
    0x03,0x21,0x64,0x29,0xc8,0x52,0x6a,0x6b,0x6a,0x6b,0xc5,0x39,0x84,0x31,0x87,0x4a,0xa5,0x31,0xc2,0x18,0xc9,0x5a,0xfc,0xff,
    0x75,0xce,0xf3,0xbd,0xbc,0xf7,0x57,0xce,0x03,0x19,0x64,0x29,0xa8,0x52,0x06,0x3a,0xa8,0x52,0x64,0x29,0xe3,0x18,0x44,0x29,
    0x67,0x4a,0x4a,0x63,0x4a,0x63,0x4a,0x63,0x4a,0x63,0x2a,0x63,0xe6,0x39,0xc9,0x5a,0x57,0xce,0xf8,0xde,0xa5,0x31,0x52,0xad,
    0xc5,0x39,0xad,0x73,0xbc,0xf7,0x23,0x21,0x85,0x31,0x06,0x42,0xe6,0x39,0x06,0x42,0x26,0x42,0x47,0x4a,0x27,0x42,0xa8,0x52,
    0x4d,0x84,0x4d,0x84,0x4a,0x63,0xc6,0x39,0x06,0x3a,0x26,0x42,0xd9,0xde,0xdc,0xff,0x9a,0xff,0x18,0xe7,0x74,0xc6,0x13,0xbe,
    0x75,0xc6,0x95,0xce,0x95,0xce,0x75,0xc6,0x54,0xc6,0x34,0xbe,0x33,0xbe,0x54,0xc6,0xb6,0xd6,0x0d,0x84,0xac,0x73,0x44,0x29,
    0x03,0x21,0xc5,0x39,0x23,0x21,0x23,0x21,0x23,0x21,0x23,0x21,0x84,0x31,0x06,0x42,0x47,0x4a,0x27,0x4a,0x27,0x4a,0x27,0x4a,
    0x47,0x4a,0x47,0x4a,0x47,0x4a,0x85,0x31,0x03,0x21,0x84,0x31,0x27,0x42,0xc5,0x39,0xc6,0x39,0xe6,0x39,0xe6,0x39,0x06,0x42,
    0xe6,0x41,0xe6,0x39,0xe6,0x41,0xa8,0x52,0x47,0x4a,0x85,0x31,0x23,0x21,0x23,0x21,0x03,0x21,0x64,0x29,0x47,0x4a,0xc9,0x5a,
    0xc9,0x5a,0xc9,0x5a,0xc8,0x5a,0xc8,0x5a,0xc9,0x5a,0xa8,0x52,0x06,0x42,0xc5,0x39,0x03,0x21,0xe2,0x18,0x0a,0x63,0xcd,0x7b,
    0x19,0xe7,0xfc,0xff,0x9b,0xf7,0xbc,0xff,0xbc,0xff,0xbb,0xff,0xdc,0xff,0xd7,0xde,0x71,0xad,0x54,0xc6,0x34,0xbe,0xce,0x94,
    0xb2,0xad,0x54,0xbe,0x33,0xbe,0x34,0xbe,0x33,0xbe,0x33,0xbe,0x33,0xbe,0x33,0xbe,0x33,0xbe,0x13,0xbe,0x34,0xbe,0x91,0xad,
    0x6d,0x84,0x13,0xbe,0x54,0xbe,0x33,0xbe,0x13,0xbe,0x74,0xc6,0x2c,0x7c,0x09,0x53,0x5a,0xef,0xdc,0xff,0xbc,0xff,0xbc,0xff,
    0x89,0x5b,0x89,0x5b,0x89,0x63,0xa9,0x63,0x89,0x63,0xa7,0x4a,0x03,0x21,0xa5,0x31,0x49,0x63,0x4f,0x9d,0xce,0x8c,0xe3,0x18,
    0x4c,0x7c,0xad,0x84,0xe3,0x20,0x4a,0x63,0xd3,0xce,0x09,0x5b,0x67,0x4a,0x2d,0x95,0x0d,0x95,0x2e,0x95,0x6c,0x7c,0x8d,0x84,
    0xed,0x8c,0xac,0x84,0xe5,0x39,0x64,0x29,0xad,0x8c,0xcd,0x8c,0x8c,0x84,0x4e,0x95,0x0b,0x74,0x0b,0x74,0x08,0x5b,0x24,0x21,
    0xa5,0x31,0x85,0x31,0xa5,0x31,0xa5,0x31,0x44,0x21,0x23,0x21,0x23,0x21,0x23,0x21,0x23,0x21,0x23,0x21,0x23,0x21,0x23,0x21,
    0x03,0x21,0x44,0x29,0x85,0x31,0x85,0x31,0x85,0x31,0x85,0x31,0x85,0x31,0x85,0x31,0x85,0x31,0x85,0x31,0x85,0x31,0x64,0x29,
    0x47,0x4a,0x8b,0x73,0x88,0x52,0xa2,0x10,0xf5,0xc5,0x15,0xc6,0x47,0x42,0xe9,0x5a,0x09,0x5b,0xa8,0x52,0x23,0x21,0x44,0x21,
    0x03,0x21,0x47,0x42,0x6a,0x6b,0x6a,0x6b,0x8a,0x6b,0x6a,0x6b,0x6a,0x6b,0x6a,0x6b,0x6a,0x6b,0x8a,0x6b,0xc5,0x39,0x03,0x21,
    0x23,0x21,0x06,0x3a,0x6a,0x6b,0x09,0x63,0x29,0x63,0xa8,0x52,0x24,0x21,0x26,0x42,0x85,0x31,0xc2,0x18,0xc9,0x5a,0xbc,0xf7,
    0x7b,0xf7,0x7b,0xf7,0xbd,0xf7,0xd5,0xbd,0xe2,0x18,0x44,0x29,0x26,0x42,0x26,0x42,0x87,0x52,0x84,0x31,0x23,0x21,0x24,0x21,
    0x64,0x29,0x4a,0x63,0x4a,0x63,0x2a,0x63,0x29,0x63,0x4a,0x63,0x4a,0x63,0xa1,0x10,0x4b,0x6b,0xf9,0xde,0xa5,0x31,0x84,0x31,
    0xa5,0x39,0xe6,0x41,0xd4,0xbd,0xe3,0x18,0xc2,0x18,0x03,0x21,0x24,0x21,0xc9,0x5a,0x4a,0x6b,0x27,0x42,0x06,0x3a,0xa8,0x52,
    0x2d,0x84,0x2c,0x84,0x09,0x5b,0xc5,0x31,0x06,0x42,0x27,0x42,0xd9,0xde,0xdc,0xff,0x9b,0xff,0x95,0xce,0xd2,0xad,0x34,0xc6,
    0xcf,0x94,0x67,0x4a,0x67,0x4a,0x8f,0x8c,0x54,0xc6,0x33,0xbe,0x33,0xbe,0x34,0xbe,0x55,0xc6,0xb6,0xd6,0xf7,0xd6,0xe6,0x39,
    0xc2,0x18,0xe3,0x18,0x23,0x21,0x23,0x21,0x23,0x21,0x03,0x21,0xe6,0x41,0x47,0x4a,0x27,0x4a,0x27,0x4a,0x27,0x4a,0x27,0x4a,
    0x47,0x4a,0x47,0x4a,0x27,0x4a,0x27,0x4a,0x44,0x29,0x24,0x21,0x44,0x29,0x44,0x29,0x23,0x21,0x03,0x21,0x03,0x21,0x23,0x21,
    0x44,0x29,0x44,0x29,0x44,0x29,0x67,0x52,0xa8,0x52,0x68,0x52,0x64,0x29,0x44,0x29,0x23,0x21,0x03,0x21,0x64,0x29,0xc8,0x5a,
    0xc9,0x5a,0xc9,0x5a,0xc8,0x5a,0xa8,0x52,0xc8,0x5a,0x67,0x4a,0x03,0x21,0x03,0x21,0x24,0x21,0xc2,0x18,0x36,0xce,0xfe,0xff,
    0xbb,0xff,0x9b,0xf7,0xbb,0xff,0xbb,0xff,0xbc,0xff,0xbb,0xff,0xdc,0xff,0xd7,0xde,0x71,0xa5,0x54,0xc6,0x34,0xc6,0xef,0x94,
    0xb2,0xad,0x54,0xc6,0x33,0xbe,0x33,0xbe,0x33,0xbe,0x33,0xbe,0x33,0xbe,0x33,0xbe,0x33,0xbe,0x33,0xbe,0x34,0xbe,0x91,0xad,
    0x6d,0x84,0x13,0xbe,0x33,0xbe,0x13,0xbe,0x13,0xbe,0x74,0xc6,0x0c,0x7c,0x09,0x53,0x5a,0xef,0xdc,0xff,0xbc,0xff,0xbc,0xff,
    0xca,0x63,0x69,0x5b,0xc7,0x4a,0xcf,0x94,0xab,0x6b,0x87,0x4a,0x64,0x29,0xa5,0x31,0x64,0x29,0x2c,0x7c,0x8f,0xa5,0x46,0x42,
    0xeb,0x73,0xaa,0x6b,0x84,0x31,0x90,0xa5,0x6d,0x84,0x64,0x29,0x85,0x31,0xa7,0x52,0x8f,0xa5,0x6e,0x9d,0x2e,0x95,0x8c,0x84,
    0xcc,0x84,0xed,0x8c,0x46,0x42,0x64,0x29,0xc5,0x39,0xca,0x6b,0x4e,0x9d,0xcd,0x8c,0xac,0x84,0x4b,0x7c,0xe8,0x52,0xe3,0x18,
    0xa5,0x31,0xa5,0x31,0xa5,0x31,0xa5,0x31,0xa5,0x31,0xc5,0x31,0xc5,0x31,0xa5,0x31,0xa5,0x31,0xa5,0x31,0xa5,0x31,0xa5,0x31,
    0xa5,0x31,0x85,0x31,0x85,0x31,0x85,0x31,0x85,0x31,0x85,0x31,0x85,0x31,0x85,0x31,0x85,0x31,0x85,0x31,0x85,0x31,0x64,0x29,
    0x67,0x4a,0x8b,0x73,0x68,0x4a,0xa1,0x10,0x37,0xc6,0x0f,0x84,0x20,0x00,0xc2,0x18,0x03,0x21,0x03,0x21,0xa2,0x10,0x81,0x10,
    0xe3,0x18,0x44,0x29,0x64,0x29,0x6a,0x6b,0xcb,0x73,0xab,0x73,0x8b,0x6b,0x8a,0x6b,0x85,0x31,0x64,0x29,0x44,0x29,0xe2,0x18,
    0xe2,0x18,0xe2,0x18,0xa2,0x10,0x82,0x10,0x81,0x10,0xa2,0x10,0xe3,0x18,0xe2,0x18,0x81,0x10,0x61,0x08,0xe3,0x18,0x85,0x31,
    0x44,0x29,0x44,0x29,0x85,0x31,0x24,0x21,0x81,0x10,0xa2,0x10,0xa2,0x10,0x81,0x10,0x82,0x10,0xc2,0x18,0xe3,0x18,0x03,0x21,
    0x64,0x29,0x44,0x21,0x87,0x4a,0x6a,0x6b,0x4a,0x63,0x09,0x5b,0x64,0x29,0xa2,0x10,0x64,0x29,0x48,0x4a,0x07,0x42,0x28,0x4a,
    0x48,0x4a,0x69,0x52,0x28,0x4a,0x27,0x42,0x68,0x4a,0x68,0x4a,0xc2,0x18,0xe3,0x18,0x44,0x29,0xe6,0x39,0x47,0x42,0xe9,0x5a,
    0x6d,0x8c,0x4d,0x84,0x09,0x63,0xc6,0x39,0x47,0x42,0x47,0x4a,0x3b,0xe7,0xff,0xff,0xfd,0xff,0x17,0xdf,0xb5,0xce,0xcf,0x94,
    0xc2,0x18,0xe3,0x18,0x03,0x21,0x23,0x21,0x47,0x4a,0x54,0xc6,0x94,0xce,0x95,0xce,0xd6,0xd6,0xb6,0xce,0xb5,0xce,0x06,0x42,
    0x03,0x21,0x44,0x29,0x23,0x21,0x23,0x21,0x23,0x21,0x03,0x21,0xc5,0x39,0x26,0x42,0x27,0x4a,0x27,0x4a,0x27,0x4a,0x27,0x4a,
    0x47,0x4a,0x47,0x4a,0x27,0x4a,0x27,0x4a,0x26,0x42,0x27,0x4a,0xa5,0x39,0x24,0x21,0x44,0x29,0x23,0x21,0x44,0x29,0x68,0x4a,
    0x88,0x52,0x88,0x52,0x88,0x52,0x88,0x52,0x88,0x52,0x67,0x4a,0x68,0x4a,0xc5,0x39,0x23,0x21,0x23,0x21,0x23,0x21,0x64,0x29,
    0x64,0x29,0x64,0x29,0x64,0x29,0x44,0x29,0x44,0x29,0x44,0x29,0x23,0x21,0x23,0x21,0x23,0x21,0xc2,0x18,0xd5,0xbd,0xfc,0xff,
    0x9b,0xf7,0xbb,0xff,0xbb,0xff,0xbb,0xff,0xbb,0xff,0x9b,0xff,0xdc,0xff,0xd8,0xde,0x91,0xad,0x54,0xc6,0x54,0xc6,0xcf,0x94,
    0xb2,0xad,0x54,0xc6,0x33,0xbe,0x34,0xbe,0x34,0xbe,0x33,0xbe,0x33,0xbe,0x33,0xbe,0x33,0xbe,0x33,0xbe,0x34,0xbe,0x91,0xad,
    0x6d,0x84,0xf3,0xb5,0x33,0xbe,0x54,0xc6,0x33,0xbe,0x74,0xc6,0x0c,0x7c,0x09,0x5b,0x5a,0xef,0xdc,0xff,0xbc,0xff,0xbc,0xff,
    0xa9,0x63,0xeb,0x6b,0xef,0x9c,0x35,0xc6,0xcc,0x73,0xa8,0x4a,0x64,0x29,0x85,0x31,0x03,0x21,0x8a,0x6b,0x6f,0x9d,0x4c,0x84,
    0xeb,0x73,0xa7,0x4a,0xcb,0x73,0xb1,0xad,0xc8,0x52,0x03,0x21,0x64,0x29,0xe6,0x39,0x8a,0x6b,0x69,0x63,0x89,0x6b,0x8c,0x84,
    0xcc,0x84,0x2d,0x95,0x87,0x4a,0x44,0x29,0x64,0x29,0x67,0x4a,0x89,0x63,0xac,0x84,0xcd,0x8c,0x6c,0x7c,0xca,0x6b,0x87,0x4a,
    0x64,0x29,0x85,0x31,0xa5,0x31,0xa5,0x31,0xa5,0x31,0xa5,0x31,0xa5,0x31,0x85,0x31,0x85,0x31,0x85,0x31,0x85,0x31,0x85,0x31,
    0x85,0x31,0x85,0x31,0x85,0x31,0x85,0x31,0x85,0x31,0x85,0x31,0x85,0x31,0x85,0x31,0x85,0x31,0x85,0x31,0x85,0x31,0x64,0x29,
    0x06,0x42,0xab,0x73,0x88,0x52,0xa1,0x10,0xf6,0xbd,0x98,0xd6,0xf0,0xa4,0x30,0xad,0x51,0xad,0x52,0xb5,0x10,0xad,0x50,0xad,
    0xec,0x83,0xc2,0x18,0x23,0x21,0xc5,0x31,0x26,0x42,0x27,0x42,0xe6,0x39,0xc5,0x39,0x03,0x21,0xc2,0x18,0x67,0x4a,0xae,0x94,
    0x4e,0x8c,0x8f,0x94,0xf0,0xa4,0xf0,0xa4,0x10,0xa5,0x31,0xad,0x72,0xb5,0x51,0xad,0xcf,0x9c,0x8e,0x94,0x8e,0x94,0x6e,0x8c,
    0x6e,0x8c,0xcf,0x94,0xcf,0x94,0x8e,0x8c,0x6e,0x8c,0x8e,0x94,0xaf,0x94,0x6e,0x8c,0x6e,0x8c,0xec,0x7b,0x0c,0x7c,0xe9,0x5a,
    0xa2,0x10,0xc2,0x18,0x64,0x29,0xc5,0x31,0x85,0x31,0x64,0x29,0x81,0x10,0xc9,0x5a,0xb5,0xb5,0xfe,0xff,0xdb,0xff,0xdb,0xff,
    0xdc,0xff,0xdd,0xff,0xdb,0xff,0xda,0xff,0xfc,0xff,0xbc,0xff,0x93,0xb5,0xe9,0x5a,0x64,0x29,0xa5,0x31,0x44,0x29,0x44,0x29,
    0xc5,0x31,0x84,0x31,0x03,0x21,0xc2,0x18,0x03,0x21,0x03,0x21,0x48,0x4a,0xa9,0x52,0xa9,0x52,0x07,0x42,0xe6,0x39,0x64,0x29,
    0xc2,0x18,0x06,0x42,0x47,0x4a,0x23,0x21,0x23,0x21,0x51,0xad,0x67,0x4a,0xc5,0x39,0x27,0x42,0x06,0x42,0x26,0x42,0x03,0x21,
    0x81,0x10,0x81,0x10,0x23,0x21,0x44,0x29,0x23,0x21,0x23,0x21,0x06,0x42,0x47,0x4a,0x47,0x4a,0x47,0x4a,0x47,0x4a,0x67,0x52,
    0x67,0x52,0x47,0x4a,0x27,0x4a,0x47,0x4a,0x47,0x4a,0x68,0x52,0xc5,0x39,0x23,0x21,0x44,0x29,0x23,0x21,0x44,0x29,0xc5,0x39,
    0x67,0x4a,0xa8,0x52,0x88,0x52,0x88,0x52,0x68,0x52,0x67,0x4a,0x88,0x52,0xc5,0x39,0x03,0x21,0x23,0x21,0x23,0x21,0x23,0x21,
    0x23,0x21,0x23,0x21,0x23,0x21,0x23,0x21,0x23,0x21,0x23,0x21,0x23,0x21,0x23,0x21,0x23,0x21,0xe2,0x18,0xf6,0xbd,0xfd,0xff,
    0x9b,0xf7,0x9b,0xf7,0x9b,0xf7,0x9b,0xf7,0x9b,0xf7,0x9b,0xf7,0xbc,0xff,0xd8,0xde,0x91,0xad,0x54,0xc6,0x34,0xc6,0xae,0x8c,
    0x91,0xad,0x54,0xc6,0x34,0xbe,0x34,0xbe,0x34,0xbe,0x34,0xbe,0x33,0xbe,0x33,0xbe,0x33,0xbe,0x33,0xbe,0x34,0xbe,0x91,0xad,
    0x4d,0x84,0xf2,0xb5,0x71,0xa5,0x8e,0x8c,0xb2,0xad,0x74,0xc6,0x0c,0x7c,0x09,0x5b,0x5a,0xef,0xdc,0xff,0xbc,0xff,0xbc,0xff,
    0x28,0x53,0x6d,0x84,0xfd,0xff,0x5a,0xef,0xab,0x6b,0xa8,0x4a,0x44,0x29,0x64,0x29,0xc2,0x18,0x49,0x63,0x4f,0x9d,0x12,0xb6,
    0xeb,0x73,0x84,0x29,0xd0,0xad,0x70,0xa5,0x64,0x29,0x23,0x21,0x44,0x29,0x64,0x29,0x44,0x29,0x24,0x21,0xa5,0x31,0xac,0x84,
    0xed,0x8c,0x4e,0x95,0x87,0x4a,0x44,0x29,0x85,0x31,0x44,0x29,0x64,0x29,0x6b,0x7c,0xac,0x84,0x6c,0x7c,0xcc,0x84,0x4b,0x7c,
    0x24,0x21,0x85,0x31,0xa5,0x31,0x85,0x31,0x85,0x31,0x85,0x31,0x85,0x31,0x85,0x31,0x85,0x31,0x85,0x31,0x85,0x31,0x85,0x31,
    0x85,0x31,0x85,0x31,0x85,0x31,0x85,0x31,0x85,0x31,0x85,0x31,0x85,0x31,0x85,0x31,0x85,0x31,0x85,0x31,0x85,0x31,0x64,0x29,
    0xc5,0x39,0x8b,0x73,0x67,0x4a,0x81,0x10,0xb4,0xb5,0xfd,0xff,0xb9,0xff,0x98,0xff,0x99,0xff,0xb9,0xff,0x99,0xff,0x98,0xff,
    0x37,0xef,0x34,0xce,0x92,0xb5,0xe2,0x18,0xa2,0x10,0xc2,0x10,0xa2,0x10,0x00,0x00,0xa8,0x5a,0x94,0xd6,0xb5,0xde,0xb9,0xff,
    0x99,0xff,0x99,0xff,0xb8,0xff,0xb8,0xff,0xb9,0xff,0xd9,0xff,0xda,0xff,0xda,0xff,0xb9,0xff,0xb8,0xff,0x99,0xff,0x98,0xff,
    0x58,0xef,0x38,0xe7,0x17,0xdf,0xf6,0xde,0xf6,0xde,0x16,0xdf,0x17,0xdf,0xf6,0xde,0xf6,0xde,0x95,0xce,0x75,0xc6,0xb2,0xb5,
    0xcf,0x94,0x06,0x42,0x20,0x08,0x61,0x08,0x81,0x10,0x85,0x31,0x0f,0x84,0x96,0xd6,0x38,0xe7,0x54,0xce,0x30,0xa5,0x0f,0x9d,
    0x10,0x9d,0x30,0xa5,0x0f,0x9d,0x0f,0x9d,0x10,0x9d,0x30,0xa5,0x79,0xef,0x59,0xef,0xb4,0xb5,0xe3,0x18,0xc9,0x5a,0x4e,0x8c,
    0x0d,0x84,0xec,0x83,0x0d,0x84,0x2e,0x8c,0x2d,0x8c,0x0d,0x84,0xcc,0x7b,0xab,0x7b,0xac,0x73,0x6b,0x73,0xed,0x7b,0xe9,0x5a,
    0xc2,0x18,0x6d,0x8c,0xef,0x9c,0xe6,0x39,0xe2,0x18,0x31,0xa5,0xac,0x73,0x2a,0x63,0x8b,0x73,0x6b,0x6b,0x0a,0x63,0x6b,0x6b,
    0x4a,0x6b,0x6b,0x6b,0xa5,0x31,0xc2,0x18,0xc2,0x18,0xa2,0x10,0x23,0x29,0x44,0x29,0x44,0x29,0x44,0x29,0x64,0x29,0x64,0x31,
    0x84,0x31,0x85,0x31,0xa5,0x39,0xc5,0x39,0xe6,0x39,0xc5,0x39,0x64,0x29,0x23,0x21,0x44,0x29,0x44,0x29,0x23,0x21,0xe2,0x18,
    0x06,0x42,0x88,0x52,0x88,0x52,0x88,0x52,0x88,0x52,0x88,0x52,0x88,0x52,0xa5,0x39,0x03,0x21,0x44,0x29,0x24,0x29,0x44,0x29,
    0x44,0x29,0x44,0x29,0x44,0x29,0x44,0x29,0x44,0x29,0x44,0x29,0x44,0x21,0x24,0x21,0x44,0x29,0xe3,0x18,0x57,0xce,0xff,0xff,
    0xfd,0xff,0xfe,0xff,0xfd,0xff,0xfd,0xff,0xfd,0xff,0xfd,0xff,0xff,0xff,0x59,0xe7,0xd2,0xb5,0xd6,0xd6,0xb6,0xce,0xce,0x94,
    0x91,0xad,0x34,0xbe,0x34,0xbe,0x33,0xbe,0x33,0xbe,0x34,0xbe,0x33,0xbe,0x33,0xbe,0x33,0xbe,0x33,0xbe,0x34,0xbe,0x91,0xad,
    0x4c,0x84,0x33,0xbe,0xae,0x8c,0x87,0x4a,0x10,0x9d,0x95,0xce,0x0c,0x7c,0x09,0x53,0x5a,0xef,0xdc,0xff,0xbc,0xff,0xbc,0xff,
    0xb7,0xd6,0xf8,0xde,0xdd,0xff,0x7b,0xf7,0x8a,0x63,0xc8,0x4a,0x46,0x42,0x26,0x42,0x06,0x3a,0x06,0x3a,0x2c,0x7c,0x12,0xb6,
    0xcb,0x73,0xc8,0x52,0xb0,0xa5,0xcb,0x6b,0xc5,0x39,0x67,0x42,0x46,0x42,0xa8,0x4a,0x06,0x3a,0x64,0x29,0x84,0x29,0x06,0x3a,
    0x46,0x42,0x87,0x4a,0xc5,0x39,0x85,0x29,0x64,0x29,0xa5,0x31,0xa5,0x31,0x47,0x42,0xac,0x84,0xcd,0x8c,0xcd,0x8c,0x2b,0x7c,
    0x64,0x29,0x64,0x29,0x85,0x31,0x85,0x31,0x85,0x31,0x85,0x31,0x85,0x31,0x85,0x31,0x85,0x31,0x85,0x31,0x85,0x31,0x85,0x31,
    0x85,0x31,0x85,0x31,0x85,0x31,0x85,0x31,0x64,0x29,0x64,0x29,0x64,0x29,0x64,0x29,0x64,0x29,0x85,0x31,0x85,0x31,0x65,0x29,
    0xe6,0x39,0x8b,0x73,0x47,0x4a,0x61,0x08,0x93,0xb5,0xfc,0xff,0x38,0xef,0x79,0xf7,0x78,0xff,0x98,0xff,0x99,0xff,0x78,0xff,
    0x97,0xff,0xd9,0xff,0xb9,0xff,0x14,0xc6,0xf3,0xc5,0x14,0xc6,0x14,0xc6,0xd3,0xbd,0xb5,0xde,0xfa,0xff,0xd9,0xff,0xb9,0xff,
    0xda,0xff,0xb9,0xff,0x98,0xff,0x98,0xff,0xb9,0xff,0xb9,0xff,0xb9,0xff,0x99,0xff,0x98,0xff,0xb9,0xff,0xb9,0xff,0xb9,0xff,
    0x58,0xf7,0x18,0xef,0x18,0xef,0xb5,0xde,0x95,0xce,0x95,0xd6,0x95,0xce,0x95,0xd6,0x95,0xce,0x95,0xd6,0xb5,0xd6,0x95,0xce,
    0xd6,0xd6,0x10,0x9d,0x0d,0x7c,0x6e,0x8c,0xa8,0x52,0xa5,0x31,0xff,0xff,0x4b,0x6b,0x84,0x31,0xe6,0x39,0xe3,0x18,0x03,0x21,
    0x23,0x21,0x23,0x21,0x03,0x21,0x24,0x29,0x64,0x29,0x24,0x21,0xa4,0x31,0x53,0xad,0x3a,0xe7,0x61,0x08,0xcf,0x9c,0xfb,0xff,
    0xb9,0xff,0x98,0xf7,0xd9,0xff,0xda,0xff,0xb9,0xff,0x98,0xf7,0x98,0xff,0xb9,0xff,0xba,0xff,0x99,0xf7,0x96,0xd6,0x0d,0x84,
    0x82,0x10,0xd1,0xbd,0x93,0xce,0x47,0x4a,0xc2,0x18,0x72,0xad,0xda,0xff,0x75,0xce,0x71,0xad,0xd2,0xbd,0x57,0xef,0x57,0xef,
    0x37,0xef,0x99,0xf7,0x2e,0x84,0xc9,0x5a,0x09,0x63,0xe9,0x62,0x09,0x63,0x09,0x63,0x09,0x63,0x09,0x63,0x2a,0x63,0x2a,0x6b,
    0x88,0x52,0x64,0x29,0xe3,0x18,0x23,0x21,0x23,0x21,0xc2,0x18,0xe2,0x18,0x23,0x29,0x43,0x29,0x44,0x29,0x84,0x31,0x03,0x21,
    0xa5,0x31,0x27,0x42,0x47,0x4a,0x47,0x4a,0x26,0x42,0x27,0x4a,0x27,0x42,0x44,0x29,0xa1,0x10,0xe2,0x18,0xe2,0x18,0xe2,0x18,
    0xc2,0x18,0xc2,0x18,0xe2,0x18,0xc2,0x18,0xc2,0x18,0xc2,0x18,0xe2,0x18,0xe2,0x18,0xc2,0x18,0xa2,0x10,0x48,0x4a,0x0b,0x63,
    0x0a,0x63,0x0a,0x63,0x0a,0x63,0x0a,0x63,0x2b,0x63,0x2b,0x63,0x2b,0x63,0xa9,0x52,0x26,0x42,0xc9,0x52,0xc9,0x52,0x06,0x3a,
    0xcf,0x94,0xb5,0xce,0x74,0xc6,0x74,0xc6,0x74,0xc6,0x34,0xbe,0x34,0xbe,0x33,0xbe,0x33,0xbe,0x33,0xbe,0x34,0xbe,0x91,0xad,
    0x4c,0x7c,0x33,0xbe,0xcf,0x94,0xe8,0x52,0x30,0x9d,0x74,0xc6,0xec,0x73,0xe8,0x52,0x5a,0xef,0xdc,0xff,0xbc,0xff,0xbc,0xff,
    0xdc,0xff,0xdd,0xff,0x9b,0xf7,0x76,0xce,0x6a,0x63,0x67,0x42,0x84,0x29,0xa5,0x31,0xe9,0x5a,0x85,0x29,0x29,0x63,0xf1,0xb5,
    0x49,0x63,0x29,0x5b,0xf1,0xad,0x67,0x4a,0xe6,0x39,0x49,0x63,0xe8,0x52,0x08,0x5b,0x47,0x42,0x64,0x29,0x44,0x29,0x64,0x29,
    0x64,0x29,0x44,0x29,0x64,0x29,0x85,0x31,0x44,0x29,0xa5,0x31,0xa5,0x31,0xa5,0x31,0xeb,0x73,0x6c,0x84,0xed,0x8c,0x4b,0x7c,
    0x85,0x31,0x44,0x29,0x85,0x31,0x85,0x31,0x85,0x31,0x85,0x31,0x85,0x31,0x85,0x31,0x85,0x31,0x85,0x31,0x85,0x31,0x85,0x31,
    0x85,0x31,0x64,0x29,0xa5,0x31,0xa5,0x31,0x85,0x31,0xa5,0x31,0x64,0x29,0xc5,0x39,0xe6,0x39,0x85,0x31,0x85,0x31,0x84,0x31,
    0xc5,0x39,0x6a,0x6b,0x27,0x42,0x61,0x08,0x93,0xb5,0xdb,0xff,0x59,0xef,0x75,0xd6,0xd2,0xbd,0xd3,0xc5,0xf3,0xc5,0xd2,0xbd,
    0xd2,0xc5,0xf3,0xc5,0xf4,0xc5,0x55,0xce,0x34,0xce,0x55,0xce,0x55,0xce,0x34,0xce,0x13,0xc6,0xf3,0xc5,0xf3,0xc5,0xd3,0xc5,
    0x14,0xc6,0xf3,0xc5,0x14,0xce,0x34,0xce,0x34,0xce,0x34,0xce,0x14,0xce,0x13,0xc6,0x13,0xce,0x34,0xce,0x55,0xce,0x14,0xc6,
    0x59,0xf7,0xfb,0xff,0x99,0xff,0x16,0xe7,0x16,0xe7,0x37,0xe7,0xf6,0xde,0x95,0xce,0xb6,0xd6,0xb5,0xd6,0x95,0xce,0x95,0xce,
    0x75,0xce,0xd6,0xd6,0xf6,0xde,0x58,0xe7,0x4d,0x84,0x44,0x21,0x7b,0xf7,0x98,0xd6,0xed,0x7b,0x03,0x21,0x23,0x21,0x03,0x21,
    0x03,0x21,0xe3,0x18,0xe3,0x20,0x03,0x21,0x44,0x29,0xa5,0x31,0x12,0xa5,0xf9,0xde,0xb8,0xd6,0xc2,0x10,0x8c,0x73,0xd2,0xbd,
    0x13,0xc6,0x58,0xef,0xf7,0xde,0xf7,0xde,0xd6,0xde,0xd6,0xde,0xd6,0xde,0xd6,0xde,0x17,0xe7,0x76,0xd6,0x64,0x29,0x03,0x21,
    0xe3,0x18,0xcb,0x73,0x2c,0x84,0x06,0x3a,0xc2,0x18,0x52,0xad,0x18,0xe7,0xe9,0x5a,0xa2,0x10,0x03,0x19,0x91,0xb5,0xf7,0xe6,
    0xd6,0xde,0xf7,0xde,0x38,0xef,0x38,0xef,0x37,0xef,0x37,0xef,0x38,0xef,0x37,0xef,0x37,0xef,0x58,0xef,0x58,0xef,0x58,0xef,
    0xf6,0xde,0x34,0xc6,0xf3,0xbd,0xf4,0xc5,0x55,0xce,0x54,0xce,0x13,0xc6,0xf3,0xbd,0x13,0xc6,0xf3,0xc5,0x6e,0x94,0x23,0x21,
    0xc9,0x5a,0xac,0x73,0xac,0x73,0xac,0x7b,0xac,0x73,0xac,0x7b,0xac,0x7b,0x0a,0x63,0x89,0x52,0xa9,0x5a,0xc9,0x5a,0xc9,0x5a,
    0xa9,0x52,0xa9,0x52,0xa9,0x5a,0xa9,0x52,0xa9,0x52,0xa9,0x52,0xc9,0x5a,0xc9,0x5a,0xa9,0x52,0xa9,0x52,0x27,0x4a,0x07,0x42,
    0x27,0x42,0x07,0x42,0x27,0x42,0x27,0x42,0x27,0x42,0x27,0x42,0x07,0x42,0xe6,0x39,0x07,0x42,0x48,0x4a,0x27,0x42,0x82,0x10,
    0x6a,0x6b,0x71,0xa5,0x10,0x9d,0x10,0x9d,0x30,0xa5,0x34,0xbe,0x54,0xbe,0x34,0xbe,0x33,0xbe,0x33,0xbe,0x54,0xbe,0x91,0xad,
    0x4c,0x7c,0x13,0xb6,0xcf,0x8c,0x09,0x53,0x50,0xa5,0x94,0xc6,0xec,0x73,0xe8,0x52,0x5a,0xef,0xdc,0xff,0xbb,0xff,0xbc,0xff,
    0x9b,0xf7,0xfd,0xff,0x56,0xce,0x29,0x5b,0x8a,0x6b,0x71,0xad,0xd3,0xb5,0x2d,0x84,0x43,0x21,0xe2,0x18,0x43,0x29,0x87,0x4a,
    0x23,0x21,0xe2,0x18,0xc8,0x52,0x03,0x19,0xa2,0x10,0xc4,0x31,0x87,0x4a,0x15,0xc6,0xf9,0xde,0xcd,0x7b,0xc2,0x18,0x84,0x29,
    0x84,0x29,0x84,0x29,0x85,0x29,0x85,0x31,0x44,0x29,0xa5,0x31,0xc5,0x39,0xc5,0x39,0xc6,0x31,0x88,0x4a,0x2d,0x95,0x8c,0x84,
    0x85,0x31,0x23,0x21,0x85,0x31,0xa5,0x31,0x85,0x31,0x85,0x31,0x85,0x31,0x85,0x31,0x85,0x31,0x85,0x31,0x85,0x31,0x85,0x31,
    0x85,0x31,0x44,0x29,0x88,0x52,0x27,0x4a,0xa5,0x31,0x2a,0x63,0x85,0x31,0xc8,0x5a,0x4a,0x6b,0xa5,0x31,0x85,0x31,0x64,0x29,
    0xa5,0x31,0x6a,0x6b,0x47,0x4a,0x61,0x08,0x73,0xb5,0xfa,0xff,0xfb,0xff,0x8c,0x73,0x23,0x29,0xa5,0x31,0xa5,0x31,0x64,0x31,
    0x23,0x21,0x44,0x29,0xa5,0x39,0x85,0x31,0x03,0x21,0xe3,0x18,0xe3,0x18,0x64,0x29,0xa5,0x31,0xa5,0x31,0x44,0x29,0x03,0x21,
    0xc2,0x18,0x03,0x21,0x64,0x29,0x64,0x29,0x44,0x29,0x24,0x21,0x03,0x21,0xe3,0x18,0xe3,0x18,0x23,0x21,0x24,0x21,0x03,0x21,
    0xed,0x83,0x11,0xa5,0x4e,0x8c,0x8e,0x94,0xcf,0x9c,0xcf,0x9c,0x51,0xad,0x58,0xef,0xd6,0xde,0xb6,0xd6,0x95,0xce,0x95,0xce,
    0x95,0xce,0x75,0xce,0x55,0xc6,0xf6,0xd6,0x2d,0x84,0x44,0x29,0x5a,0xf7,0xfc,0xff,0x9b,0xf7,0xf9,0xe6,0xb8,0xde,0x78,0xd6,
    0x77,0xd6,0x76,0xce,0x77,0xd6,0x98,0xd6,0xb8,0xde,0xf9,0xde,0xfd,0xff,0xbb,0xff,0x55,0xce,0xe2,0x18,0x44,0x21,0x24,0x21,
    0x07,0x42,0x92,0xb5,0x17,0xe7,0xf6,0xde,0xf7,0xe6,0xf7,0xe6,0xf7,0xe6,0xf6,0xde,0x58,0xef,0x92,0xb5,0x64,0x29,0x8a,0x73,
    0x44,0x29,0x44,0x21,0x29,0x5b,0x06,0x3a,0x82,0x10,0xb3,0xb5,0xf0,0x9c,0xc5,0x39,0x4c,0x84,0x06,0x3a,0x88,0x52,0x58,0xef,
    0xf7,0xde,0xf7,0xde,0xd6,0xde,0xd6,0xde,0xd6,0xde,0xd6,0xde,0xd6,0xde,0xd6,0xde,0xd6,0xde,0xd6,0xde,0xd6,0xde,0xd6,0xde,
    0xd6,0xde,0x16,0xe7,0x17,0xe7,0xda,0xff,0xd3,0xbd,0x4e,0x8c,0xb2,0xbd,0x99,0xf7,0x37,0xef,0xaf,0x9c,0xe3,0x18,0xe3,0x18,
    0xb4,0xbd,0xfd,0xff,0xbb,0xff,0xdb,0xff,0xdc,0xff,0xfd,0xff,0xfd,0xff,0xfd,0xff,0xfc,0xff,0xfc,0xff,0xfd,0xff,0xfd,0xff,
    0xfd,0xff,0xfd,0xff,0xfd,0xff,0xfd,0xff,0xfc,0xff,0xfd,0xff,0xdc,0xff,0xdc,0xff,0xdc,0xff,0xdc,0xff,0xdc,0xff,0xfc,0xff,
    0xfc,0xff,0xfd,0xff,0xfd,0xff,0xfd,0xff,0xfc,0xff,0xfc,0xff,0xdc,0xff,0xdb,0xff,0xdc,0xff,0xfd,0xff,0x19,0xe7,0x03,0x21,
    0x61,0x08,0x61,0x08,0x81,0x08,0x81,0x10,0x44,0x29,0xd3,0xb5,0x54,0xc6,0x33,0xbe,0x33,0xbe,0x33,0xbe,0x54,0xc6,0xb2,0xad,
    0x4c,0x7c,0x13,0xb6,0xae,0x8c,0x09,0x5b,0x71,0xa5,0x95,0xce,0x0c,0x74,0xe8,0x52,0x3a,0xef,0xdc,0xff,0xbb,0xff,0xbc,0xff,
    0x9b,0xf7,0xfc,0xff,0x56,0xce,0x49,0x5b,0xcb,0x6b,0x75,0xc6,0x17,0xdf,0xd3,0xb5,0xcd,0x7b,0x0e,0x84,0xee,0x7b,0xce,0x7b,
    0x0e,0x84,0x0f,0x84,0xce,0x7b,0xad,0x7b,0xad,0x73,0x4f,0x8c,0x73,0xad,0x7a,0xf7,0xfd,0xff,0x6f,0x94,0xc2,0x18,0x84,0x29,
    0x64,0x29,0x85,0x29,0x85,0x31,0x85,0x29,0x64,0x29,0xa5,0x31,0xc5,0x39,0xc6,0x39,0xe6,0x39,0x06,0x3a,0x08,0x5b,0x08,0x5b,
    0x85,0x31,0x23,0x21,0x64,0x29,0xa5,0x31,0xa5,0x31,0xa5,0x31,0xa5,0x31,0x85,0x31,0x85,0x31,0x85,0x31,0x85,0x31,0x85,0x31,
    0x85,0x31,0x65,0x31,0xe6,0x39,0xc6,0x39,0x85,0x31,0x26,0x42,0xa5,0x31,0x06,0x42,0x27,0x42,0xa5,0x31,0x85,0x31,0x64,0x29,
    0x64,0x29,0x09,0x63,0x67,0x4a,0x81,0x10,0xb4,0xbd,0xf8,0xe6,0x2d,0x84,0x0a,0x63,0x67,0x52,0x6a,0x73,0xe9,0x5a,0x47,0x4a,
    0xe6,0x39,0xa8,0x5a,0x4a,0x6b,0x27,0x4a,0x85,0x31,0x64,0x29,0x87,0x52,0x8b,0x73,0x4a,0x6b,0xc9,0x5a,0xe8,0x5a,0x27,0x4a,
    0x03,0x21,0x87,0x52,0xc8,0x5a,0x88,0x52,0xe9,0x5a,0xa8,0x52,0xa5,0x31,0xa5,0x31,0x47,0x4a,0x67,0x52,0x67,0x4a,0xc5,0x39,
    0xa5,0x31,0x84,0x31,0x84,0x31,0x44,0x29,0xe3,0x20,0x24,0x29,0x06,0x42,0x4e,0x8c,0x75,0xce,0xb6,0xd6,0x95,0xce,0x75,0xce,
    0x75,0xce,0x75,0xce,0x75,0xce,0xf7,0xde,0x6e,0x8c,0x64,0x29,0x7a,0xf7,0x9a,0xf7,0x9b,0xff,0xdc,0xff,0xdd,0xff,0xfd,0xff,
    0xdc,0xff,0xdc,0xff,0xfd,0xff,0xfd,0xff,0xdc,0xff,0xdc,0xff,0x9b,0xf7,0x38,0xe7,0xf8,0xde,0xd0,0x9c,0xb8,0xd6,0x9c,0xf7,
    0xa6,0x39,0x44,0x29,0xd6,0xde,0xf6,0xde,0xf7,0xe6,0xf7,0xe6,0xf7,0xe6,0xf6,0xde,0x58,0xef,0x51,0xad,0xe3,0x18,0x29,0x63,
    0xa5,0x31,0x44,0x29,0x29,0x5b,0x06,0x42,0x82,0x10,0xb3,0xb5,0x6e,0x8c,0xc5,0x39,0x0b,0x7c,0x84,0x31,0x8c,0x73,0x58,0xef,
    0xd6,0xde,0xd6,0xde,0xd6,0xde,0xd6,0xde,0xd6,0xde,0xd6,0xde,0xd6,0xde,0xd6,0xde,0xd6,0xde,0xd6,0xde,0xd6,0xde,0xd6,0xde,
    0xd6,0xde,0xd6,0xde,0xd6,0xde,0xaf,0x94,0x06,0x42,0x44,0x29,0x27,0x42,0xaf,0x94,0x58,0xef,0x06,0x42,0x64,0x29,0x23,0x21,
    0x73,0xad,0xfd,0xff,0x9b,0xf7,0xbb,0xff,0x7a,0xf7,0xd7,0xd6,0xd7,0xde,0xd7,0xde,0xd7,0xde,0xd7,0xde,0xd7,0xde,0xd7,0xde,
    0xd7,0xde,0xd7,0xde,0xd7,0xde,0xd7,0xde,0xd7,0xde,0xf7,0xde,0xbb,0xff,0xdc,0xff,0xbc,0xff,0xbb,0xff,0xbb,0xff,0xbb,0xff,
    0xbb,0xff,0xbc,0xff,0xbc,0xff,0xbc,0xff,0xbc,0xff,0xbb,0xff,0xbb,0xff,0xbb,0xff,0x9b,0xff,0xbc,0xff,0x18,0xe7,0xe6,0x39,
    0x09,0x63,0xcc,0x7b,0xec,0x7b,0x6a,0x6b,0xe2,0x18,0x6e,0x8c,0x95,0xce,0x13,0xbe,0x33,0xbe,0x33,0xbe,0x54,0xc6,0xb2,0xad,
    0x2c,0x7c,0x13,0xb6,0xae,0x8c,0xe9,0x52,0x71,0xa5,0xb5,0xce,0x0c,0x74,0xe8,0x52,0x5a,0xef,0xdc,0xff,0xbb,0xff,0xbc,0xff,
    0x9b,0xf7,0xfc,0xff,0x35,0xc6,0x49,0x63,0xcb,0x6b,0xf3,0xbd,0x75,0xc6,0x74,0xce,0xbb,0xff,0xdc,0xff,0xfd,0xff,0xfd,0xff,
    0xfd,0xff,0xfe,0xff,0xfe,0xff,0xfc,0xff,0xfc,0xff,0xfd,0xff,0xfe,0xff,0x7b,0xf7,0xfb,0xff,0x2e,0x8c,0xa2,0x10,0x64,0x29,
    0x64,0x29,0x64,0x29,0x64,0x29,0x64,0x29,0x64,0x29,0xa5,0x31,0xc6,0x39,0xe6,0x39,0xe6,0x39,0xe6,0x39,0xa5,0x31,0xa5,0x31,
    0x85,0x31,0x23,0x21,0x44,0x29,0xa5,0x31,0x85,0x31,0x85,0x31,0x85,0x31,0x85,0x31,0x85,0x31,0x85,0x31,0x85,0x31,0x85,0x31,
    0x85,0x31,0x85,0x31,0x85,0x31,0x64,0x31,0x85,0x31,0x85,0x29,0xa5,0x31,0x85,0x31,0x64,0x29,0xa5,0x31,0x85,0x31,0x85,0x31,
    0x65,0x29,0xa8,0x52,0x47,0x4a,0xc2,0x18,0xf5,0xc5,0x15,0xc6,0xe2,0x18,0xe6,0x39,0x06,0x42,0x47,0x4a,0xe6,0x39,0xe6,0x39,
    0x67,0x4a,0x88,0x52,0xc5,0x39,0x85,0x31,0x06,0x42,0x27,0x42,0xe6,0x39,0x27,0x42,0x47,0x4a,0xe6,0x39,0x85,0x31,0xc5,0x39,
    0xe6,0x39,0xe6,0x39,0xe6,0x41,0x47,0x4a,0x67,0x4a,0x06,0x42,0x85,0x31,0xc6,0x39,0xc8,0x5a,0xa8,0x52,0x06,0x42,0xa5,0x31,
    0xe9,0x5a,0xe9,0x62,0xe9,0x5a,0xa8,0x52,0x85,0x31,0x88,0x52,0x47,0x4a,0x44,0x29,0x34,0xc6,0xb6,0xd6,0x95,0xce,0xb6,0xd6,
    0x96,0xd6,0xd6,0xde,0xf7,0xe6,0xf6,0xde,0x6e,0x8c,0x85,0x31,0x7a,0xf7,0xbb,0xff,0x9b,0xf7,0x9b,0xf7,0xbb,0xff,0x9b,0xff,
    0x9b,0xf7,0x9b,0xf7,0x9b,0xff,0xbb,0xff,0x9b,0xff,0x9b,0xf7,0xbb,0xff,0x38,0xe7,0x59,0xe7,0x34,0xc6,0xd8,0xde,0xfc,0xff,
    0xf5,0xbd,0x27,0x42,0xc5,0x39,0xd6,0xde,0xf6,0xde,0xf6,0xde,0xf7,0xde,0xf6,0xde,0x37,0xef,0x92,0xb5,0x03,0x21,0xa8,0x52,
    0x47,0x42,0x64,0x29,0x29,0x63,0x47,0x42,0x81,0x10,0x92,0xb5,0xec,0x7b,0x85,0x31,0x09,0x63,0x44,0x29,0xb0,0x9c,0x37,0xe7,
    0xb6,0xd6,0xd6,0xd6,0xd6,0xd6,0xd6,0xd6,0xb6,0xd6,0xb6,0xd6,0xb6,0xd6,0xb6,0xd6,0xb6,0xd6,0xd6,0xd6,0xd6,0xd6,0xd6,0xd6,
    0xd6,0xde,0xd6,0xd6,0x14,0xc6,0x44,0x29,0x26,0x42,0x2c,0x84,0x87,0x4a,0xe3,0x18,0x8e,0x94,0x47,0x4a,0x47,0x4a,0x06,0x42,
    0x73,0xb5,0xfc,0xff,0x9b,0xf7,0xbc,0xff,0x7b,0xf7,0xf7,0xde,0xf7,0xde,0xf8,0xde,0x18,0xe7,0xf8,0xde,0xf7,0xde,0xf8,0xde,
    0xf8,0xde,0xf8,0xde,0xf8,0xde,0xf8,0xde,0x18,0xe7,0xf8,0xde,0xb6,0xd6,0xb7,0xd6,0xb7,0xd6,0xd7,0xd6,0xb7,0xd6,0xb6,0xd6,
    0xb6,0xd6,0xd7,0xd6,0xd7,0xd6,0xd7,0xd6,0xd7,0xd6,0xb7,0xd6,0xb6,0xd6,0x5a,0xef,0xbc,0xff,0xbb,0xff,0x5a,0xf7,0x8c,0x73,
    0x6e,0x94,0x91,0xb5,0xd2,0xbd,0xce,0x9c,0xc2,0x18,0x6a,0x6b,0x33,0xbe,0x13,0xbe,0x33,0xbe,0x34,0xbe,0x54,0xc6,0xb2,0xad,
    0x2c,0x7c,0x13,0xbe,0xef,0x94,0x09,0x5b,0x51,0xa5,0xb5,0xce,0x0c,0x74,0xe8,0x52,0x5a,0xef,0xdc,0xff,0xbb,0xff,0xbc,0xff,
    0x9b,0xf7,0xfd,0xff,0x56,0xce,0x6a,0x63,0xab,0x6b,0xf3,0xb5,0x95,0xce,0x74,0xc6,0x75,0xce,0x55,0xc6,0x3a,0xe7,0x9b,0xf7,
    0x7a,0xf7,0x9b,0xf7,0x7b,0xf7,0x7a,0xf7,0x7a,0xf7,0x7b,0xf7,0x9b,0xf7,0x9c,0xff,0xfd,0xff,0x6f,0x8c,0x81,0x10,0x44,0x29,
    0x24,0x21,0x24,0x21,0x24,0x21,0x23,0x21,0x23,0x21,0x85,0x31,0xe6,0x39,0xe6,0x39,0xe6,0x39,0xe6,0x39,0xc5,0x31,0x26,0x42,
    0x26,0x42,0x03,0x21,0x44,0x29,0xe3,0x20,0x03,0x21,0xe3,0x18,0xe2,0x18,0xe2,0x18,0xe2,0x18,0xe2,0x18,0xe2,0x18,0xc2,0x18,
    0xe2,0x18,0x03,0x21,0x03,0x21,0xc2,0x18,0xc2,0x18,0x03,0x21,0x23,0x21,0x03,0x21,0xc2,0x18,0xc2,0x18,0xc2,0x18,0xe3,0x18,
    0x03,0x21,0x23,0x21,0xc2,0x18,0xc6,0x39,0xdd,0xff,0x15,0xc6,0xe6,0x39,0x88,0x52,0xa8,0x5a,0xc6,0x39,0xa5,0x31,0xa8,0x52,
    0x09,0x63,0x68,0x52,0x64,0x29,0x88,0x52,0xe9,0x5a,0xa8,0x52,0xa5,0x31,0x88,0x52,0x49,0x6b,0x47,0x4a,0x85,0x31,0x88,0x52,
    0xe9,0x5a,0xe6,0x39,0xc5,0x39,0xa8,0x52,0xa8,0x52,0xc5,0x39,0x87,0x52,0x6a,0x6b,0x4a,0x6b,0x27,0x42,0x64,0x29,0x67,0x4a,
    0xa8,0x52,0x47,0x4a,0x85,0x31,0x64,0x29,0xa8,0x5a,0x47,0x4a,0x44,0x29,0xc5,0x39,0x13,0xbe,0x95,0xce,0xd7,0xde,0xbb,0xff,
    0xbb,0xff,0xbb,0xff,0x59,0xf7,0xd5,0xd6,0x2d,0x84,0x85,0x31,0x7b,0xf7,0xbb,0xff,0xbb,0xff,0x18,0xe7,0xb2,0xad,0x59,0xef,
    0xbc,0xff,0xbc,0xff,0xbc,0xff,0xd3,0xb5,0xb6,0xd6,0xbb,0xff,0xbc,0xff,0x7a,0xef,0x97,0xd6,0x85,0x31,0xa1,0x10,0x2e,0x84,
    0xfe,0xff,0x2b,0x6b,0x23,0x21,0xd6,0xde,0xd6,0xde,0xd6,0xde,0xd6,0xde,0xf6,0xde,0xb6,0xd6,0x37,0xe7,0x8e,0x94,0x85,0x31,
    0x4a,0x6b,0x84,0x29,0xc8,0x5a,0xa8,0x52,0x81,0x08,0xf0,0xa4,0xc9,0x5a,0xa8,0x52,0x84,0x31,0x6b,0x6b,0x38,0xe7,0x95,0xce,
    0xb5,0xd6,0xb5,0xd6,0xb6,0xd6,0xb6,0xd6,0xb5,0xd6,0xb5,0xd6,0xb5,0xd6,0xb5,0xd6,0xb5,0xd6,0xb5,0xd6,0xb5,0xd6,0xb5,0xd6,
    0xb6,0xd6,0x17,0xdf,0xc5,0x39,0x67,0x4a,0x6a,0x6b,0x4a,0x63,0x8a,0x6b,0x4a,0x63,0x03,0x19,0x06,0x42,0xc5,0x31,0x56,0xce,
    0x9b,0xff,0x9b,0xff,0x9b,0xff,0xbc,0xff,0xdc,0xff,0xdc,0xff,0xdc,0xff,0xdc,0xff,0xfd,0xff,0xdc,0xff,0xdc,0xff,0xbc,0xff,
    0xbc,0xff,0xbc,0xff,0xbc,0xff,0xbc,0xff,0xdc,0xff,0xbb,0xff,0xb6,0xd6,0xb6,0xd6,0x96,0xce,0x34,0xbe,0x13,0xbe,0x34,0xbe,
    0x33,0xbe,0x34,0xbe,0x34,0xc6,0x34,0xbe,0x34,0xbe,0x54,0xc6,0x75,0xc6,0x39,0xe7,0xbc,0xff,0xbb,0xff,0xbb,0xff,0x9b,0xf7,
    0xa9,0x52,0x2c,0x84,0xb1,0xb5,0x4d,0x8c,0xc2,0x10,0x82,0x10,0xcc,0x73,0x74,0xc6,0x33,0xbe,0x54,0xbe,0x74,0xc6,0xb2,0xad,
    0x4c,0x7c,0x13,0xb6,0x33,0xbe,0xd2,0xb5,0x13,0xbe,0x74,0xc6,0x0c,0x74,0xe8,0x52,0x5a,0xef,0xdc,0xff,0xbc,0xff,0xbc,0xff,
    0x9b,0xf7,0xfd,0xff,0x56,0xce,0x6a,0x63,0x8a,0x6b,0xae,0x8c,0x30,0x9d,0x71,0xa5,0x30,0x9d,0xb2,0xad,0xbb,0xf7,0xfd,0xff,
    0xdc,0xff,0xdb,0xff,0xbb,0xff,0xdc,0xff,0xdc,0xff,0xdc,0xff,0x18,0xe7,0x95,0xce,0x34,0xc6,0x68,0x4a,0xe2,0x18,0x24,0x21,
    0x24,0x21,0x23,0x21,0x23,0x21,0x23,0x21,0xe2,0x18,0x85,0x31,0xe6,0x39,0xe6,0x39,0xe6,0x39,0xc6,0x39,0xa5,0x31,0x27,0x42,
    0x27,0x42,0xc2,0x18,0xa9,0x52,0x37,0xc6,0xf5,0xc5,0xf5,0xc5,0xf5,0xbd,0xf5,0xc5,0xf5,0xc5,0xf5,0xc5,0xf5,0xc5,0xf5,0xc5,
    0x16,0xc6,0x16,0xc6,0x15,0xc6,0xf5,0xbd,0xd5,0xbd,0xf5,0xbd,0xf5,0xbd,0xd5,0xbd,0xb4,0xbd,0xd5,0xbd,0x32,0xad,0x68,0x4a,
    0xa9,0x52,0xa9,0x52,0x68,0x4a,0x36,0xce,0x77,0xce,0x6c,0x6b,0x67,0x4a,0xe9,0x5a,0xe6,0x39,0x26,0x42,0xc8,0x5a,0x09,0x63,
    0x67,0x52,0xe6,0x39,0xc8,0x5a,0xe9,0x62,0x67,0x4a,0x06,0x42,0x29,0x63,0x09,0x63,0xe6,0x39,0x06,0x42,0xe9,0x62,0xe8,0x5a,
    0x06,0x42,0x67,0x4a,0xc8,0x5a,0x67,0x4a,0x85,0x31,0x06,0x42,0xc8,0x5a,0xe8,0x5a,0x67,0x4a,0xa5,0x31,0xa5,0x31,0x47,0x4a,
    0x68,0x52,0x26,0x42,0x84,0x29,0x47,0x4a,0x47,0x4a,0x85,0x31,0x44,0x29,0x64,0x29,0x13,0xbe,0x95,0xce,0x96,0xce,0xf8,0xde,
    0xf8,0xde,0xb6,0xd6,0x75,0xce,0xb5,0xd6,0x0d,0x7c,0x65,0x29,0x9c,0xf7,0xbc,0xff,0xdc,0xff,0xf8,0xe6,0x8d,0x84,0xf3,0xbd,
    0x59,0xf7,0x7a,0xf7,0x96,0xce,0xad,0x8c,0x75,0xce,0xdc,0xff,0x9b,0xf7,0x7a,0xef,0x97,0xd6,0x03,0x21,0x0a,0x63,0x85,0x31,
    0xfa,0xe6,0x6c,0x6b,0x84,0x31,0xd6,0xd6,0xd6,0xde,0xd6,0xd6,0xd6,0xde,0xd6,0xd6,0xf6,0xde,0x13,0xc6,0x47,0x4a,0x44,0x29,
    0x29,0x63,0xa5,0x31,0x47,0x42,0x67,0x4a,0x82,0x10,0xf4,0xc5,0x4b,0x6b,0x67,0x4a,0x44,0x29,0xe6,0x39,0x31,0xa5,0xd6,0xd6,
    0x95,0xce,0x95,0xce,0xb5,0xd6,0x95,0xce,0x95,0xce,0x95,0xce,0x95,0xce,0x95,0xce,0x95,0xce,0x95,0xce,0x95,0xce,0x95,0xce,
    0xf6,0xde,0x6b,0x6b,0x06,0x3a,0x4a,0x63,0x4a,0x63,0x4a,0x63,0x8b,0x6b,0xe9,0x5a,0x85,0x31,0xc8,0x52,0x85,0x29,0xd8,0xde,
    0xdc,0xff,0x9b,0xff,0xbb,0xff,0xf7,0xde,0xb6,0xd6,0xb6,0xd6,0xb6,0xd6,0xb6,0xd6,0xd6,0xd6,0xb6,0xd6,0xd7,0xde,0xbc,0xff,
    0xbc,0xff,0xbc,0xff,0xbc,0xff,0xdc,0xff,0xdc,0xff,0xdc,0xff,0xdc,0xff,0xfc,0xff,0xbc,0xff,0x5a,0xef,0x59,0xef,0x7a,0xef,
    0x7a,0xf7,0x7a,0xef,0x7a,0xef,0x7a,0xef,0x7a,0xf7,0x9b,0xf7,0xdc,0xff,0xbb,0xff,0xbb,0xff,0xbb,0xff,0xbb,0xff,0xdd,0xff,
    0x68,0x4a,0x0c,0x84,0x70,0xad,0xee,0x9c,0xec,0x7b,0xe2,0x18,0x8b,0x6b,0xd5,0xd6,0x34,0xbe,0x54,0xc6,0x54,0xc6,0xb1,0xad,
    0x4c,0x7c,0x13,0xb6,0x54,0xc6,0x34,0xbe,0x33,0xbe,0x74,0xc6,0x0c,0x7c,0xe8,0x52,0x3a,0xef,0xdc,0xff,0xbb,0xff,0xbc,0xff,
    0x9b,0xf7,0xfd,0xff,0x56,0xc6,0x69,0x63,0x6a,0x63,0xef,0x94,0x13,0xbe,0x91,0xad,0x91,0xa5,0x10,0x95,0x31,0xa5,0x52,0xa5,
    0x31,0xa5,0xd2,0xb5,0x13,0xbe,0x34,0xc6,0x34,0xc6,0x54,0xc6,0x74,0xce,0xd6,0xd6,0xf0,0x9c,0xc2,0x18,0x24,0x21,0x23,0x21,
    0x23,0x21,0x23,0x21,0x23,0x21,0x44,0x29,0x06,0x42,0xe6,0x39,0xe6,0x39,0xe6,0x39,0xc6,0x39,0xe6,0x39,0xc5,0x31,0x47,0x42,
    0x47,0x4a,0x81,0x10,0x2b,0x63,0xfe,0xff,0xdc,0xff,0xfc,0xff,0xfc,0xff,0xfc,0xff,0xfc,0xff,0xfc,0xff,0xfc,0xff,0xdc,0xff,
    0xdc,0xff,0xdc,0xff,0xbb,0xf7,0xbb,0xff,0xbb,0xff,0xbb,0xf7,0xbb,0xf7,0xdc,0xff,0xdc,0xff,0xbb,0xf7,0x5a,0xef,0x19,0xe7,
    0x3a,0xef,0x5b,0xef,0x5b,0xef,0xbc,0xff,0xee,0x83,0x43,0x21,0x26,0x42,0x26,0x42,0xa5,0x31,0xc5,0x39,0x06,0x42,0x67,0x4a,
    0x06,0x42,0x85,0x31,0x27,0x4a,0x06,0x42,0xe6,0x39,0xe6,0x39,0xa8,0x52,0x67,0x52,0x64,0x31,0xc5,0x39,0x09,0x63,0xe8,0x5a,
    0xc6,0x39,0x88,0x52,0x4a,0x6b,0x67,0x52,0x24,0x21,0x47,0x4a,0x4a,0x6b,0xe9,0x5a,0x85,0x31,0xe9,0x62,0x4a,0x6b,0x29,0x63,
    0xe9,0x5a,0x64,0x31,0xa5,0x31,0xa8,0x52,0xc5,0x39,0x44,0x29,0xa5,0x31,0x88,0x52,0x14,0xbe,0x95,0xce,0x75,0xce,0x75,0xc6,
    0x54,0xc6,0x54,0xc6,0x34,0xc6,0xb5,0xd6,0x0d,0x7c,0x65,0x29,0x9c,0xf7,0xbc,0xff,0xdc,0xff,0xf8,0xde,0xef,0x94,0x0f,0x9d,
    0xef,0x94,0x0f,0x9d,0x30,0x9d,0x0f,0x9d,0x76,0xce,0xdc,0xff,0x9b,0xff,0x79,0xef,0x76,0xce,0xc2,0x10,0x6e,0x94,0x67,0x4a,
    0x1a,0xe7,0x6c,0x73,0xa4,0x31,0xd6,0xde,0xd6,0xde,0xd6,0xd6,0xb6,0xd6,0xf7,0xde,0x71,0xad,0x64,0x29,0xa2,0x10,0x03,0x21,
    0xc8,0x5a,0xe6,0x39,0xa5,0x31,0x67,0x4a,0xc2,0x18,0x18,0xe7,0xcc,0x7b,0xe6,0x39,0x44,0x29,0x23,0x21,0xe3,0x18,0x4e,0x8c,
    0xf6,0xde,0x95,0xce,0x95,0xce,0x95,0xce,0x95,0xce,0x95,0xce,0x75,0xce,0x95,0xce,0x95,0xce,0x95,0xce,0x95,0xce,0x54,0xc6,
    0xb2,0xb5,0xe6,0x39,0x88,0x4a,0xab,0x73,0x4a,0x63,0x4a,0x63,0x2a,0x63,0x47,0x42,0x06,0x42,0xe9,0x5a,0x68,0x4a,0xf8,0xe6,
    0xbb,0xff,0x9b,0xff,0xbc,0xff,0xf8,0xde,0xb6,0xd6,0xd7,0xd6,0xd7,0xde,0xd7,0xd6,0xd7,0xde,0xf7,0xde,0xd7,0xde,0xb6,0xd6,
    0xb6,0xd6,0xb6,0xd6,0xb6,0xd6,0xb7,0xd6,0xb7,0xd6,0xb6,0xd6,0xb6,0xd6,0xb6,0xd6,0xf7,0xde,0xbb,0xff,0xdc,0xff,0x9b,0xf7,
    0x5a,0xef,0x39,0xe7,0x18,0xe7,0x38,0xe7,0x7a,0xef,0x9a,0xf7,0x7a,0xf7,0x7a,0xf7,0x9a,0xf7,0xbb,0xff,0xbc,0xff,0xdc,0xff,
    0xea,0x5a,0x8a,0x73,0x2f,0xa5,0x50,0xad,0x70,0xad,0x84,0x31,0xa8,0x52,0x71,0xad,0x34,0xbe,0x33,0xbe,0x54,0xc6,0x91,0xad,
    0x4d,0x84,0x13,0xbe,0x54,0xbe,0x33,0xbe,0x33,0xbe,0x74,0xc6,0x0c,0x7c,0xe8,0x52,0x3a,0xef,0xdc,0xff,0xbc,0xff,0xbc,0xff,
    0x9b,0xf7,0xfd,0xff,0x35,0xc6,0x49,0x5b,0x6a,0x63,0x71,0xa5,0xb5,0xce,0x75,0xc6,0x95,0xce,0x91,0xad,0x6d,0x84,0x6d,0x84,
    0x6d,0x84,0xb2,0xb5,0x14,0xbe,0x34,0xc6,0x35,0xc6,0x34,0xc6,0x54,0xc6,0xfc,0xff,0xf5,0xbd,0x03,0x21,0x44,0x29,0x23,0x21,
    0x23,0x21,0x23,0x21,0x03,0x21,0xa5,0x31,0x9d,0xf7,0xee,0x7b,0x64,0x29,0xe6,0x39,0xc6,0x39,0xe6,0x39,0xc5,0x39,0x67,0x4a,
    0x47,0x4a,0x61,0x08,0x0a,0x63,0xfd,0xff,0xdc,0xff,0xdc,0xff,0xbb,0xff,0xdc,0xff,0xdc,0xff,0x9a,0xff,0xdc,0xff,0x14,0xbe,
    0x70,0xa5,0x70,0xa5,0x30,0x9d,0x50,0x9d,0x50,0xa5,0x2f,0x9d,0x2f,0x9d,0x50,0xa5,0xd2,0xb5,0x4d,0x84,0x44,0x29,0xc5,0x39,
    0xc5,0x39,0xc6,0x39,0x06,0x3a,0x06,0x42,0xc5,0x39,0x64,0x29,0x64,0x29,0xa5,0x31,0x85,0x31,0x44,0x29,0x44,0x29,0xc5,0x39,
    0x06,0x42,0xe6,0x39,0xc5,0x39,0xe6,0x41,0x27,0x42,0x47,0x4a,0xe6,0x39,0xa5,0x31,0xc5,0x39,0xe6,0x39,0x06,0x3a,0x06,0x42,
    0x06,0x42,0xe6,0x39,0xa5,0x31,0x85,0x31,0xa5,0x31,0x84,0x31,0x23,0x21,0x64,0x29,0x85,0x31,0xc5,0x39,0xc5,0x39,0xa5,0x31,
    0x64,0x29,0xa5,0x31,0xc8,0x5a,0xc5,0x39,0x85,0x31,0xe3,0x18,0x47,0x42,0xb6,0xd6,0x75,0xce,0x75,0xce,0x74,0xc6,0x95,0xce,
    0x74,0xc6,0x75,0xce,0x54,0xc6,0xd6,0xd6,0x2d,0x84,0x64,0x29,0x7b,0xf7,0xdc,0xff,0x5a,0xef,0x30,0xa5,0x0f,0x9d,0xce,0x94,
    0xee,0x94,0xee,0x94,0xef,0x94,0x30,0x9d,0x30,0x9d,0xf8,0xde,0xdc,0xff,0x59,0xef,0x55,0xce,0xa2,0x10,0x4e,0x8c,0x88,0x52,
    0x1b,0xe7,0x6c,0x6b,0xa4,0x31,0xd6,0xd6,0xb6,0xd6,0xb6,0xd6,0xb5,0xd6,0x17,0xdf,0xaf,0x94,0x44,0x29,0xae,0x9c,0x06,0x42,
    0x64,0x29,0x85,0x31,0xc3,0x18,0x44,0x21,0xc2,0x18,0x37,0xce,0xa9,0x52,0xa2,0x10,0x26,0x42,0x0c,0x84,0x64,0x29,0x8b,0x6b,
    0x17,0xdf,0x75,0xce,0x95,0xce,0x75,0xce,0x75,0xce,0x75,0xce,0x75,0xce,0x75,0xce,0x75,0xce,0x75,0xc6,0xb6,0xd6,0xd3,0xb5,
    0xc2,0x18,0xa8,0x52,0xab,0x73,0x4a,0x6b,0x4a,0x63,0x6a,0x6b,0x67,0x4a,0x23,0x21,0x2a,0x63,0x64,0x29,0x77,0xd6,0xdb,0xff,
    0x9b,0xf7,0xbb,0xff,0xbc,0xff,0xdc,0xff,0xbb,0xff,0xbc,0xff,0xdc,0xff,0xbc,0xff,0xbb,0xff,0xdc,0xff,0xbc,0xff,0xb6,0xd6,
    0xb6,0xd6,0xb6,0xd6,0xb6,0xd6,0xb6,0xd6,0xb6,0xd6,0xb6,0xd6,0xb6,0xd6,0x96,0xce,0xd7,0xde,0x9b,0xf7,0xbc,0xff,0x18,0xdf,
    0x54,0xc6,0x54,0xc6,0x13,0xbe,0x13,0xbe,0x34,0xc6,0x54,0xc6,0x54,0xc6,0x33,0xbe,0x18,0xe7,0xbc,0xff,0xbb,0xff,0xbb,0xff,
    0xb6,0xde,0x47,0x4a,0xae,0x94,0x71,0xad,0x30,0xa5,0xa5,0x31,0xa2,0x10,0x85,0x31,0x54,0xc6,0x74,0xc6,0x74,0xc6,0xb1,0xad,
    0x8d,0x84,0x13,0xbe,0x34,0xbe,0x33,0xbe,0x33,0xbe,0x74,0xc6,0x0c,0x7c,0xe8,0x52,0x3a,0xef,0xdc,0xff,0xbc,0xff,0xbc,0xff,
    0x9b,0xf7,0xfd,0xff,0x35,0xc6,0x29,0x5b,0x6a,0x63,0x71,0xa5,0x95,0xce,0x54,0xc6,0x34,0xc6,0x34,0xbe,0x54,0xc6,0x33,0xbe,
    0x33,0xbe,0x9b,0xf7,0xdc,0xff,0xdc,0xff,0xdc,0xff,0xbb,0xff,0x75,0xce,0xdc,0xff,0xf5,0xbd,0x03,0x21,0x44,0x29,0x23,0x21,
    0x23,0x21,0x23,0x21,0x23,0x21,0x64,0x29,0xa9,0x52,0x07,0x42,0xc5,0x39,0xe6,0x39,0xe6,0x39,0xe6,0x39,0xe6,0x39,0x68,0x4a,
    0x47,0x4a,0xc2,0x18,0xa5,0x31,0xa9,0x52,0xc9,0x5a,0xc9,0x5a,0x68,0x52,0x88,0x52,0x68,0x4a,0x8e,0x8c,0xb1,0xad,0xb7,0xd6,
    0x7a,0xf7,0x39,0xef,0x18,0xe7,0x39,0xef,0x5a,0xef,0x59,0xef,0x39,0xef,0x5a,0xef,0x10,0x95,0x8e,0x8c,0x36,0xce,0x57,0xce,
    0x36,0xce,0x15,0xce,0x36,0xce,0x57,0xce,0x57,0xce,0x15,0xc6,0xf5,0xc5,0x15,0xc6,0xf5,0xc5,0xb4,0xbd,0x15,0xc6,0xed,0x7b,
    0xc5,0x39,0x47,0x4a,0x47,0x4a,0x67,0x4a,0x67,0x4a,0x67,0x4a,0x47,0x4a,0x47,0x4a,0x67,0x4a,0x67,0x4a,0x67,0x4a,0x88,0x52,
    0x88,0x52,0xa8,0x52,0xa8,0x52,0xa8,0x52,0xc8,0x5a,0xc8,0x5a,0x67,0x4a,0x47,0x4a,0x47,0x4a,0x68,0x52,0x67,0x4a,0x27,0x42,
    0x27,0x4a,0x47,0x4a,0xa5,0x31,0xa5,0x31,0x03,0x21,0x27,0x42,0x71,0xad,0x75,0xce,0x54,0xc6,0x18,0xe7,0x38,0xe7,0x54,0xc6,
    0x74,0xc6,0x74,0xc6,0x54,0xc6,0xd6,0xd6,0x2d,0x84,0x64,0x29,0x7b,0xf7,0xdc,0xff,0x39,0xef,0xce,0x94,0xd3,0xb5,0xb6,0xd6,
    0x8d,0x8c,0x8d,0x8c,0xb7,0xd6,0xf3,0xbd,0xce,0x8c,0xd8,0xde,0xdc,0xff,0x79,0xef,0x76,0xce,0xc2,0x18,0x6e,0x8c,0x47,0x4a,
    0xfa,0xe6,0x4c,0x6b,0x84,0x31,0xb5,0xd6,0xb6,0xd6,0xb5,0xd6,0x95,0xd6,0xf6,0xde,0xf0,0x9c,0x64,0x29,0xab,0x73,0xeb,0x7b,
    0xcb,0x7b,0xeb,0x83,0xcb,0x7b,0x0c,0x84,0x2c,0x84,0x8e,0x94,0xec,0x83,0x29,0x63,0x87,0x52,0xa5,0x31,0xc2,0x18,0xac,0x73,
    0xf6,0xd6,0x74,0xc6,0x75,0xce,0x75,0xce,0x74,0xce,0x74,0xce,0x75,0xce,0x75,0xce,0x54,0xc6,0xb5,0xce,0xf3,0xbd,0xe6,0x39,
    0x47,0x4a,0x2a,0x63,0x6a,0x6b,0x6a,0x6b,0x4a,0x63,0x4a,0x63,0x64,0x29,0x06,0x42,0xa5,0x31,0x70,0x8c,0xbc,0xf7,0x9b,0xff,
    0x9b,0xff,0x9a,0xf7,0x39,0xef,0x96,0xce,0x95,0xce,0x95,0xce,0x18,0xe7,0x59,0xef,0x59,0xef,0x5a,0xef,0x9b,0xf7,0xdc,0xff,
    0xdc,0xff,0xdc,0xff,0xdc,0xff,0xdc,0xff,0xdc,0xff,0xdc,0xff,0xdc,0xff,0xdc,0xff,0xbc,0xff,0xbb,0xff,0xdc,0xff,0x39,0xef,
    0xb6,0xd6,0xb6,0xd6,0xb6,0xd6,0x18,0xe7,0x9b,0xf7,0x7a,0xf7,0x7a,0xf7,0x7a,0xf7,0xbc,0xff,0xbc,0xff,0xbb,0xff,0x9b,0xf7,
    0xdb,0xff,0xca,0x5a,0xec,0x7b,0xb1,0xb5,0x50,0xa5,0x8e,0x94,0x47,0x42,0xe3,0x18,0xe6,0x39,0x64,0x29,0x10,0x9d,0x54,0xc6,
    0x8d,0x84,0x33,0xbe,0x54,0xbe,0x33,0xbe,0x33,0xbe,0x74,0xc6,0x0c,0x7c,0xe8,0x52,0x3a,0xef,0xdc,0xff,0xbc,0xff,0xbc,0xff,
    0x9b,0xf7,0xfd,0xff,0x76,0xce,0xab,0x6b,0x6a,0x63,0x50,0xa5,0x95,0xce,0x54,0xc6,0x54,0xc6,0x33,0xbe,0x13,0xbe,0x13,0xbe,
    0x13,0xb6,0x5a,0xef,0xbc,0xff,0x9b,0xf7,0x9b,0xff,0x7a,0xf7,0x96,0xce,0xfc,0xff,0xd5,0xbd,0xe2,0x18,0x44,0x29,0x23,0x21,
    0x23,0x21,0x23,0x21,0x03,0x21,0x03,0x21,0xc2,0x18,0x03,0x21,0x44,0x29,0x44,0x29,0x64,0x29,0x64,0x29,0x64,0x29,0x64,0x29,
    0x64,0x29,0xe3,0x18,0xe3,0x18,0x81,0x08,0xa2,0x10,0xc2,0x18,0xa2,0x10,0xa2,0x10,0x61,0x08,0x2d,0x84,0x13,0xb6,0xf8,0xde,
    0xf8,0xde,0xb6,0xd6,0xd7,0xde,0xf8,0xde,0x18,0xe7,0x39,0xe7,0xf8,0xde,0xd3,0xb5,0x10,0x95,0xb2,0xad,0xfb,0xff,0x59,0xef,
    0x7a,0xef,0x79,0xef,0x59,0xef,0x59,0xef,0x38,0xe7,0xb5,0xce,0x95,0xce,0x74,0xc6,0x74,0xce,0x7a,0xef,0xfd,0xff,0x8f,0x94,
    0x44,0x29,0x85,0x31,0x65,0x29,0x65,0x29,0x64,0x29,0x64,0x29,0x44,0x29,0x44,0x29,0x64,0x29,0x64,0x29,0x64,0x29,0x85,0x29,
    0x85,0x31,0x85,0x31,0xa5,0x31,0xa5,0x31,0xc5,0x39,0xc6,0x39,0xe6,0x39,0xc5,0x39,0xc5,0x31,0xc6,0x39,0xc5,0x39,0xa5,0x31,
    0xc5,0x39,0xc5,0x39,0x64,0x29,0x44,0x29,0x81,0x10,0xec,0x7b,0xd5,0xd6,0x54,0xc6,0x54,0xc6,0xf8,0xde,0xf7,0xde,0x54,0xc6,
    0x74,0xc6,0x74,0xc6,0x54,0xc6,0xd6,0xd6,0x4d,0x84,0x64,0x29,0x7b,0xf7,0xdc,0xff,0x39,0xe7,0xce,0x94,0x71,0xa5,0x71,0xad,
    0xb2,0xb5,0xb2,0xb5,0x71,0xa5,0x50,0xa5,0xce,0x8c,0xb7,0xde,0xbc,0xff,0x7a,0xf7,0x76,0xce,0x44,0x29,0x43,0x29,0xea,0x5a,
    0xde,0xff,0x4c,0x6b,0x03,0x21,0x95,0xce,0x95,0xce,0x95,0xce,0x95,0xce,0xf6,0xde,0xf0,0x9c,0x44,0x29,0xa8,0x52,0x09,0x5b,
    0x6a,0x6b,0xcb,0x7b,0xec,0x7b,0xec,0x7b,0x0c,0x84,0xec,0x7b,0xcb,0x7b,0xe6,0x39,0x44,0x29,0xe3,0x18,0x81,0x10,0xac,0x73,
    0xd6,0xd6,0x54,0xc6,0x74,0xc6,0x74,0xc6,0x74,0xc6,0x74,0xc6,0x74,0xc6,0x54,0xc6,0x75,0xc6,0x74,0xc6,0x2a,0x63,0x64,0x29,
    0x4a,0x63,0x6a,0x6b,0x4a,0x63,0x6a,0x6b,0x6b,0x6b,0xc8,0x52,0x64,0x29,0x67,0x4a,0xe6,0x39,0x98,0xd6,0xfd,0xff,0x9b,0xf7,
    0xbb,0xff,0x7a,0xf7,0xb6,0xd6,0x95,0xce,0xd7,0xd6,0xf7,0xde,0x96,0xce,0x75,0xce,0x95,0xce,0xb6,0xd6,0xb6,0xd6,0x59,0xef,
    0x5a,0xef,0x5a,0xef,0x59,0xef,0x59,0xef,0x59,0xef,0x59,0xef,0x59,0xef,0x59,0xef,0x5a,0xef,0x5a,0xef,0x39,0xef,0x9b,0xf7,
    0xdc,0xff,0xdb,0xff,0xdc,0xff,0x9a,0xf7,0x38,0xe7,0x18,0xe7,0x18,0xe7,0x39,0xe7,0x5a,0xef,0xbc,0xff,0x9b,0xff,0x9b,0xf7,
    0xfc,0xff,0xea,0x5a,0xab,0x73,0xd2,0xbd,0x30,0xa5,0xd1,0xb5,0x67,0x4a,0xa2,0x10,0xc8,0x52,0xa8,0x52,0xc5,0x31,0x09,0x5b,
    0x2f,0x9d,0x13,0xbe,0x33,0xbe,0x33,0xbe,0x33,0xbe,0x74,0xc6,0x0c,0x7c,0xe8,0x52,0x3a,0xef,0xdc,0xff,0xbc,0xff,0xbc,0xff,
    0x9b,0xff,0x9b,0xff,0xbc,0xff,0xd8,0xde,0x09,0x5b,0x6e,0x8c,0x95,0xce,0x54,0xc6,0x34,0xc6,0x33,0xbe,0x13,0xbe,0x13,0xbe,
    0x13,0xbe,0x7a,0xef,0xbc,0xff,0xbb,0xff,0xbb,0xff,0x9b,0xf7,0x96,0xce,0xfc,0xff,0x93,0xb5,0xc2,0x10,0x44,0x29,0x23,0x21,
    0x23,0x21,0x23,0x21,0xa5,0x31,0x06,0x42,0x06,0x42,0xe6,0x39,0xe6,0x39,0x06,0x42,0x06,0x3a,0xe6,0x39,0x06,0x3a,0xe6,0x39,
    0xe6,0x39,0xe6,0x39,0x06,0x3a,0xe6,0x39,0xa5,0x31,0x23,0x21,0x24,0x21,0x44,0x29,0xc2,0x18,0x94,0xb5,0xfe,0xff,0x18,0xe7,
    0xee,0x94,0xce,0x8c,0xce,0x8c,0xce,0x94,0xae,0x8c,0xce,0x8c,0xae,0x8c,0xca,0x6b,0x96,0xd6,0xdb,0xff,0x18,0xe7,0xf2,0xb5,
    0x13,0xbe,0x13,0xbe,0xf2,0xb5,0xd1,0xb5,0xf2,0xb5,0x13,0xbe,0x13,0xbe,0x75,0xce,0x18,0xe7,0x7a,0xef,0xba,0xf7,0x4e,0x8c,
    0x44,0x29,0x64,0x29,0x44,0x29,0x64,0x29,0x64,0x29,0x44,0x29,0x64,0x29,0x65,0x29,0x65,0x29,0x64,0x29,0x85,0x31,0x85,0x31,
    0x85,0x31,0x85,0x31,0xa5,0x31,0x85,0x31,0x85,0x31,0x85,0x31,0x85,0x31,0x85,0x31,0x85,0x31,0x85,0x31,0x85,0x29,0x64,0x29,
    0x85,0x31,0xa5,0x31,0x44,0x29,0xe2,0x18,0x27,0x42,0xf3,0xbd,0x54,0xc6,0x54,0xc6,0x54,0xc6,0x54,0xc6,0x54,0xc6,0x74,0xc6,
    0x74,0xc6,0x54,0xc6,0x54,0xc6,0xd6,0xd6,0x4e,0x84,0x64,0x29,0x7a,0xf7,0xdc,0xff,0x39,0xe7,0xee,0x94,0x0f,0x9d,0x0f,0x9d,
    0x59,0xef,0x5a,0xef,0x0f,0x9d,0xee,0x94,0xad,0x8c,0xb6,0xd6,0xdc,0xff,0x7a,0xf7,0x97,0xd6,0x23,0x21,0x27,0x4a,0x3a,0xe7,
    0x94,0xb5,0xc6,0x39,0xc9,0x5a,0x75,0xce,0x95,0xce,0x95,0xce,0x95,0xce,0xf7,0xde,0xf0,0x9c,0x64,0x29,0x09,0x5b,0xc8,0x52,
    0xc9,0x52,0xc8,0x52,0xc9,0x5a,0xa8,0x52,0xc8,0x52,0xc9,0x5a,0xa8,0x52,0x44,0x29,0x03,0x21,0x44,0x29,0xa2,0x10,0xac,0x73,
    0xd5,0xce,0x54,0xc6,0x54,0xc6,0x74,0xc6,0x54,0xc6,0x54,0xc6,0x54,0xc6,0x54,0xc6,0x95,0xce,0x6e,0x8c,0xe2,0x18,0x29,0x63,
    0x6a,0x6b,0x4a,0x63,0x4a,0x63,0x6a,0x6b,0x8b,0x6b,0xe6,0x39,0x26,0x42,0x26,0x42,0x2e,0x84,0xfc,0xff,0x7a,0xf7,0x9b,0xff,
    0x9b,0xf7,0x9b,0xf7,0xbb,0xff,0x9a,0xff,0xbb,0xff,0xbc,0xff,0x9b,0xff,0x9b,0xf7,0xbb,0xff,0xbc,0xff,0x7a,0xef,0x54,0xc6,
    0x75,0xce,0x75,0xce,0x75,0xc6,0x75,0xc6,0x54,0xc6,0x54,0xc6,0x54,0xc6,0x54,0xc6,0x54,0xc6,0x54,0xc6,0x34,0xc6,0x95,0xce,
    0xd7,0xde,0xd7,0xd6,0xd7,0xde,0xb6,0xd6,0x54,0xc6,0x74,0xc6,0x75,0xce,0x95,0xce,0xb6,0xd6,0xbb,0xff,0x9b,0xff,0x9b,0xf7,
    0xfd,0xff,0x0f,0x84,0x4a,0x6b,0x30,0xa5,0x50,0xad,0x70,0xad,0x4a,0x6b,0x23,0x21,0x6e,0x8c,0x16,0xdf,0x8b,0x6b,0x47,0x4a,
    0x87,0x4a,0x91,0xad,0x74,0xc6,0x33,0xbe,0x33,0xbe,0x74,0xc6,0x0c,0x74,0xe8,0x52,0x3a,0xef,0xdc,0xff,0xbc,0xff,0xbc,0xff,
    0x9b,0xff,0x9b,0xf7,0xdc,0xff,0x3a,0xe7,0xe9,0x52,0x6d,0x84,0x95,0xce,0x54,0xc6,0x34,0xc6,0x33,0xbe,0x13,0xbe,0x13,0xbe,
    0x13,0xbe,0x7a,0xf7,0xbc,0xff,0xbb,0xff,0xbc,0xff,0x9b,0xf7,0x95,0xce,0xfc,0xff,0x52,0xad,0xa2,0x10,0x44,0x29,0x24,0x21,
    0x24,0x21,0x23,0x21,0x27,0x42,0xa8,0x52,0x88,0x52,0x88,0x52,0xa8,0x52,0xa8,0x52,0xa8,0x52,0x88,0x52,0x88,0x52,0xa8,0x52,
    0xa8,0x52,0x88,0x52,0x88,0x52,0xc8,0x52,0xe6,0x39,0xc2,0x18,0x03,0x21,0x24,0x21,0xa2,0x10,0xb4,0xb5,0xfd,0xff,0xba,0xff,
    0x9a,0xf7,0x9a,0xf7,0xbb,0xff,0xdc,0xff,0x9b,0xf7,0x7a,0xef,0x7b,0xf7,0x9b,0xf7,0xdb,0xff,0xfb,0xff,0xfc,0xff,0xdc,0xff,
    0xfc,0xff,0xfd,0xff,0xdc,0xff,0xbb,0xff,0xbb,0xff,0xdc,0xff,0xdd,0xff,0xfc,0xff,0xfc,0xff,0x19,0xe7,0xf3,0xbd,0x8b,0x73,
    0x44,0x29,0x03,0x19,0x23,0x21,0x44,0x29,0x23,0x21,0x43,0x21,0x44,0x29,0x64,0x29,0x64,0x29,0x44,0x29,0xe2,0x18,0xa1,0x10,
    0xa2,0x10,0xe2,0x18,0xe3,0x18,0xe2,0x18,0xc2,0x18,0xc2,0x18,0xc2,0x18,0xc2,0x18,0xc2,0x18,0xc2,0x18,0xc2,0x18,0xc2,0x18,
    0xe2,0x18,0x03,0x21,0xa2,0x10,0x29,0x63,0x74,0xc6,0x54,0xc6,0x54,0xc6,0x34,0xc6,0x54,0xc6,0x54,0xc6,0x54,0xc6,0x54,0xc6,
    0x54,0xc6,0x54,0xc6,0x54,0xc6,0xd6,0xd6,0x4e,0x84,0x44,0x29,0x7a,0xf7,0xbc,0xff,0x9b,0xf7,0x56,0xce,0xee,0x94,0xef,0x94,
    0xef,0x94,0x0f,0x9d,0x30,0x9d,0xce,0x94,0xb2,0xad,0x5a,0xef,0xbb,0xff,0x38,0xe7,0x18,0xdf,0x10,0xa5,0x7a,0xf7,0xdc,0xff,
    0xc6,0x39,0xa2,0x10,0x75,0xce,0x75,0xce,0x75,0xce,0x95,0xce,0x75,0xce,0xf6,0xd6,0xf0,0x9c,0x44,0x29,0x09,0x63,0xe9,0x5a,
    0x09,0x5b,0x4a,0x63,0x09,0x5b,0xe9,0x5a,0xe9,0x5a,0x09,0x5b,0xe9,0x5a,0x64,0x29,0x23,0x21,0x44,0x21,0xa2,0x10,0xac,0x73,
    0xb5,0xce,0x54,0xc6,0x54,0xc6,0x54,0xc6,0x54,0xc6,0x54,0xc6,0x54,0xc6,0x95,0xce,0x51,0xa5,0x03,0x21,0x09,0x5b,0x4a,0x63,
    0x4a,0x63,0x4a,0x63,0x4a,0x63,0x8b,0x6b,0xc8,0x52,0x26,0x42,0xa7,0x52,0xa9,0x52,0xdd,0xff,0xdb,0xff,0xfc,0xff,0xfd,0xff,
    0xfd,0xff,0xfc,0xff,0xfc,0xff,0xfc,0xff,0xfc,0xff,0xfc,0xff,0xfc,0xff,0xfd,0xff,0xfe,0xff,0xfd,0xff,0xdc,0xff,0x7a,0xf7,
    0x9b,0xf7,0x9b,0xf7,0x9b,0xf7,0x9b,0xf7,0x9b,0xf7,0x9b,0xf7,0x9b,0xf7,0x9b,0xf7,0x7a,0xf7,0x7a,0xf7,0x7a,0xf7,0xf8,0xde,
    0xb7,0xd6,0xd7,0xd6,0xb6,0xd6,0xb7,0xd6,0x18,0xe7,0x59,0xef,0x5a,0xef,0x5a,0xef,0x5a,0xef,0x9b,0xf7,0x9a,0xf7,0x9b,0xf7,
    0x9c,0xf7,0xbd,0xff,0x89,0x52,0x29,0x63,0x90,0xb5,0x2f,0xa5,0xd1,0xbd,0xa8,0x52,0x24,0x21,0x95,0xce,0x37,0xdf,0x8e,0x8c,
    0x61,0x08,0x6e,0x8c,0x13,0xbe,0x34,0xbe,0x33,0xbe,0x74,0xc6,0x0c,0x7c,0xe8,0x52,0x3a,0xef,0xdc,0xff,0xbc,0xff,0xbc,0xff,
    0x9b,0xf7,0x9b,0xf7,0xdc,0xff,0x19,0xe7,0xe8,0x52,0x6d,0x84,0x95,0xce,0x54,0xc6,0x34,0xc6,0x33,0xbe,0x33,0xbe,0x13,0xbe,
    0x13,0xbe,0x7a,0xef,0xbc,0xff,0x9b,0xff,0xbc,0xff,0x9b,0xf7,0x95,0xce,0xfc,0xff,0x32,0xa5,0xa2,0x10,0x44,0x29,0x24,0x29,
    0x24,0x29,0x24,0x21,0x23,0x21,0x03,0x21,0x03,0x21,0x23,0x21,0x23,0x21,0x23,0x21,0x23,0x21,0x23,0x21,0x23,0x21,0x23,0x21,
    0x44,0x29,0x24,0x21,0x24,0x21,0x23,0x21,0x64,0x29,0x47,0x42,0x67,0x42,0x87,0x4a,0x87,0x4a,0x0a,0x5b,0x8c,0x6b,0x8c,0x73,
    0xac,0x73,0xcd,0x7b,0xcd,0x7b,0xed,0x7b,0xed,0x7b,0xac,0x73,0xad,0x73,0xee,0x7b,0xcd,0x73,0x8c,0x73,0xac,0x73,0xcd,0x7b,
    0xac,0x73,0xcd,0x73,0xcd,0x7b,0xac,0x73,0x8c,0x73,0xcd,0x7b,0xed,0x7b,0xcd,0x7b,0x0d,0x7c,0x0d,0x7c,0x87,0x4a,0x09,0x5b,
    0x2a,0x63,0x64,0x29,0xd2,0xbd,0x33,0xc6,0x13,0xc6,0x34,0xce,0x55,0xce,0x54,0xce,0x75,0xce,0x14,0xc6,0xef,0x9c,0x8f,0x8c,
    0xaf,0x94,0xcf,0x94,0xcf,0x94,0xcf,0x94,0xaf,0x94,0xaf,0x94,0x8e,0x8c,0x8e,0x8c,0x8f,0x8c,0x6e,0x8c,0x4e,0x8c,0x4d,0x84,
    0x6e,0x8c,0x6e,0x8c,0x4d,0x84,0xb2,0xad,0x33,0xbe,0x34,0xc6,0x54,0xc6,0x33,0xbe,0x33,0xc6,0x54,0xc6,0x34,0xc6,0x54,0xc6,
    0x54,0xc6,0x54,0xc6,0x34,0xc6,0xb5,0xce,0x2d,0x84,0x44,0x29,0x7b,0xf7,0xbc,0xff,0xbc,0xff,0xbc,0xff,0x14,0xc6,0xef,0x94,
    0xef,0x94,0x0f,0x9d,0x2f,0x9d,0xf3,0xbd,0x9b,0xf7,0xdc,0xff,0xbc,0xff,0x17,0xdf,0xb6,0xd6,0xf0,0x9c,0x15,0xc6,0xed,0x7b,
    0x61,0x08,0xcc,0x73,0x54,0xc6,0x54,0xc6,0x75,0xc6,0x74,0xc6,0x54,0xc6,0xb6,0xce,0xcf,0x94,0x23,0x21,0x09,0x5b,0xe9,0x5a,
    0xe9,0x5a,0x2a,0x63,0xe9,0x5a,0xe9,0x5a,0xe9,0x5a,0x09,0x5b,0xe9,0x5a,0x44,0x29,0x03,0x21,0x44,0x29,0xa2,0x10,0xac,0x73,
    0xb5,0xce,0x34,0xbe,0x54,0xc6,0x54,0xc6,0x54,0xc6,0x54,0xc6,0x74,0xc6,0xf3,0xb5,0x26,0x42,0xe8,0x5a,0x4a,0x63,0x8a,0x6b,
    0xab,0x73,0x8b,0x6b,0x6a,0x6b,0x8b,0x6b,0x26,0x42,0x44,0x21,0x23,0x21,0x65,0x29,0x0b,0x63,0xca,0x5a,0xca,0x5a,0x0b,0x63,
    0x0b,0x63,0xea,0x5a,0xca,0x5a,0x0a,0x5b,0xea,0x5a,0xea,0x5a,0x0a,0x63,0x4b,0x6b,0x4b,0x6b,0x0b,0x63,0x8c,0x73,0xdc,0xff,
    0xfd,0xff,0xfd,0xff,0xfd,0xff,0xfd,0xff,0xfd,0xff,0xfd,0xff,0xfd,0xff,0xfd,0xff,0xfd,0xff,0xfd,0xff,0xfd,0xff,0xfd,0xff,
    0xfe,0xff,0xfe,0xff,0xfd,0xff,0xfd,0xff,0xfd,0xff,0xfd,0xff,0xfd,0xff,0xfd,0xff,0xfd,0xff,0xfc,0xff,0xfc,0xff,0xfd,0xff,
    0xfe,0xff,0xfe,0xff,0x88,0x52,0x29,0x63,0xf1,0xbd,0xb1,0xb5,0xd1,0xb5,0x0f,0x9d,0x26,0x42,0x0d,0x7c,0x53,0xc6,0xf2,0xb5,
    0x12,0xb6,0x44,0x21,0xa8,0x52,0x16,0xd7,0x13,0xbe,0x54,0xc6,0x0c,0x7c,0x09,0x5b,0x3a,0xef,0xdc,0xff,0xbc,0xff,0xbc,0xff,
    0x9b,0xff,0x9b,0xff,0xdc,0xff,0x19,0xe7,0xc8,0x52,0x4d,0x84,0xb5,0xce,0x54,0xc6,0x54,0xc6,0x34,0xbe,0x33,0xbe,0x13,0xbe,
    0x13,0xbe,0x7a,0xef,0xbc,0xff,0xbb,0xff,0xbc,0xff,0x9b,0xf7,0x95,0xce,0xfc,0xff,0x32,0xa5,0xa2,0x10,0x44,0x29,0x24,0x21,
    0x23,0x21,0x24,0x21,0x44,0x29,0x44,0x21,0x24,0x21,0x44,0x29,0x44,0x29,0x44,0x29,0x44,0x21,0x24,0x21,0x44,0x29,0x44,0x29,
    0x44,0x29,0x44,0x29,0x44,0x29,0xe3,0x18,0xa5,0x31,0x4d,0x84,0x2c,0x7c,0x2c,0x7c,0x4d,0x84,0x29,0x63,0x09,0x5b,0x09,0x5b,
    0x87,0x4a,0x88,0x4a,0x87,0x4a,0x67,0x4a,0x67,0x4a,0x67,0x4a,0x67,0x4a,0x67,0x4a,0x87,0x4a,0x67,0x4a,0xa8,0x52,0xc8,0x52,
    0x88,0x4a,0x26,0x42,0x26,0x3a,0x06,0x3a,0x26,0x42,0x26,0x42,0xa4,0x31,0x67,0x42,0xc8,0x52,0x6d,0x8c,0xb2,0xb5,0xb7,0xd6,
    0x73,0xad,0x64,0x29,0xd5,0xde,0xf6,0xe6,0xd6,0xde,0x17,0xe7,0x17,0xe7,0xf6,0xde,0xf6,0xde,0xb6,0xd6,0x58,0xe7,0xfc,0xff,
    0xfb,0xff,0xfc,0xff,0xfc,0xff,0xfd,0xff,0xfd,0xff,0xfc,0xff,0xfc,0xff,0xfc,0xff,0xdc,0xff,0xdc,0xff,0xdb,0xff,0xdc,0xff,
    0xfc,0xff,0xdb,0xff,0xdb,0xff,0x9b,0xf7,0x7a,0xf7,0x7a,0xf7,0x7b,0xf7,0x7a,0xf7,0x54,0xc6,0x33,0xbe,0x33,0xbe,0x33,0xbe,
    0x34,0xbe,0x54,0xbe,0x34,0xbe,0xb5,0xce,0x2d,0x84,0x85,0x31,0x9c,0xf7,0xbc,0xff,0x9b,0xf7,0xbb,0xff,0x9b,0xff,0x59,0xf7,
    0x7a,0xf7,0x7a,0xf7,0x7a,0xf7,0x9b,0xff,0xbc,0xff,0x9b,0xff,0xbc,0xff,0x38,0xe7,0xf3,0xbd,0xc2,0x18,0xa2,0x10,0xc2,0x10,
    0x0d,0x7c,0x54,0xc6,0x54,0xc6,0x54,0xc6,0x54,0xc6,0x54,0xc6,0x54,0xc6,0xb5,0xce,0xaf,0x94,0x44,0x29,0x09,0x5b,0xe9,0x5a,
    0x09,0x5b,0x09,0x63,0xe9,0x5a,0xe9,0x5a,0xe9,0x5a,0x09,0x5b,0xe9,0x5a,0x44,0x29,0x03,0x21,0x44,0x29,0xa2,0x10,0xac,0x73,
    0xb5,0xce,0x34,0xc6,0x54,0xc6,0x54,0xc6,0x54,0xc6,0x54,0xc6,0xb5,0xce,0x0a,0x5b,0x03,0x21,0x88,0x4a,0x47,0x42,0x47,0x4a,
    0x88,0x4a,0x67,0x4a,0x26,0x42,0x27,0x42,0x85,0x29,0xc5,0x39,0x87,0x4a,0x06,0x3a,0xe5,0x39,0xe5,0x39,0x84,0x31,0xa4,0x31,
    0xe5,0x39,0xc5,0x31,0xc5,0x31,0x06,0x3a,0x44,0x29,0xc2,0x18,0x03,0x21,0x03,0x21,0xc2,0x18,0xa2,0x10,0xe3,0x18,0x4c,0x6b,
    0x8c,0x73,0xad,0x73,0xad,0x73,0xad,0x73,0xad,0x73,0xad,0x73,0xad,0x73,0xad,0x7b,0xcd,0x7b,0xcd,0x7b,0xad,0x7b,0xad,0x7b,
    0xad,0x73,0xac,0x73,0xad,0x73,0xad,0x7b,0xcd,0x7b,0xcd,0x7b,0xcd,0x7b,0xcd,0x7b,0xcd,0x7b,0xad,0x7b,0xcd,0x7b,0xce,0x7b,
    0xcd,0x7b,0x8c,0x73,0x44,0x29,0xa5,0x39,0xe9,0x5a,0xe9,0x5a,0x09,0x63,0x4a,0x63,0x84,0x31,0x23,0x21,0x13,0xbe,0x53,0xbe,
    0x54,0xc6,0x6e,0x84,0x4a,0x63,0xc8,0x52,0xb1,0xad,0x95,0xce,0x2c,0x7c,0x09,0x5b,0x5a,0xef,0xdc,0xff,0xbc,0xff,0xbc,0xff,
    0xbb,0xff,0x9b,0xf7,0xdc,0xff,0x19,0xe7,0xa8,0x4a,0x4d,0x84,0xb5,0xce,0x54,0xc6,0x54,0xc6,0x34,0xbe,0x33,0xbe,0x13,0xbe,
    0x13,0xbe,0x7a,0xef,0xbc,0xff,0x9b,0xff,0xbc,0xff,0x9b,0xf7,0x96,0xce,0xfd,0xff,0x12,0xa5,0xa1,0x10,0x64,0x29,0x44,0x29,
    0x44,0x29,0x44,0x29,0x44,0x29,0x44,0x29,0x44,0x29,0x44,0x29,0x44,0x29,0x44,0x29,0x44,0x29,0x44,0x29,0x44,0x29,0x44,0x29,
    0x44,0x29,0x44,0x29,0x44,0x29,0xe3,0x18,0xa5,0x31,0x95,0xce,0xb5,0xd6,0x95,0xce,0x95,0xce,0xb5,0xce,0xb5,0xd6,0xd6,0xd6,
    0x95,0xce,0x75,0xce,0x54,0xc6,0x34,0xc6,0x54,0xc6,0x54,0xc6,0x33,0xc6,0x33,0xc6,0x54,0xc6,0x54,0xc6,0x75,0xc6,0x55,0xc6,
    0x74,0xc6,0x4d,0x84,0x8a,0x6b,0xae,0x8c,0x4c,0x84,0x09,0x5b,0x47,0x42,0x54,0xc6,0xb5,0xd6,0x58,0xef,0x37,0xe7,0xfe,0xff,
    0xf5,0xbd,0xe2,0x18,0xe6,0x39,0x2a,0x63,0xd6,0xde,0xb5,0xd6,0xb6,0xd6,0x95,0xd6,0x95,0xce,0xb6,0xd6,0x7a,0xf7,0xbb,0xff,
    0x18,0xe7,0xb6,0xd6,0xd7,0xd6,0xd7,0xd6,0xd7,0xde,0xd7,0xde,0xd7,0xd6,0xf8,0xde,0x9b,0xff,0x9b,0xf7,0x9b,0xff,0xbb,0xff,
    0xbc,0xff,0xbc,0xff,0x9b,0xff,0xbb,0xff,0xbb,0xff,0xbb,0xff,0xfd,0xff,0xd4,0xb5,0xb2,0xad,0x34,0xbe,0x33,0xbe,0x33,0xbe,
    0x33,0xbe,0x34,0xbe,0x33,0xbe,0x95,0xc6,0x4d,0x84,0xc6,0x39,0x7c,0xf7,0xbb,0xff,0x9b,0xff,0x9b,0xf7,0x9b,0xf7,0x9b,0xff,
    0xbb,0xff,0xbb,0xff,0xbb,0xff,0x9b,0xff,0x9b,0xf7,0xbb,0xff,0xbc,0xff,0x38,0xe7,0xf4,0xbd,0xe3,0x18,0x2a,0x63,0x10,0x9d,
    0x34,0xc6,0x54,0xc6,0x34,0xbe,0x54,0xc6,0x54,0xbe,0x34,0xbe,0x34,0xbe,0x95,0xce,0xaf,0x94,0x44,0x29,0x09,0x5b,0xe9,0x5a,
    0xe9,0x5a,0xe9,0x5a,0xe9,0x5a,0xe9,0x5a,0xe9,0x5a,0xe9,0x5a,0xc9,0x5a,0x44,0x29,0x23,0x21,0x44,0x29,0xc2,0x18,0xac,0x73,
    0xb5,0xce,0x54,0xc6,0x54,0xc6,0x54,0xc6,0x54,0xc6,0x54,0xc6,0x95,0xce,0xa8,0x52,0xc2,0x18,0x23,0x21,0x64,0x29,0x64,0x29,
    0x24,0x21,0x24,0x21,0x24,0x21,0x23,0x21,0x03,0x21,0x67,0x4a,0xec,0x7b,0x4a,0x63,0x8b,0x6b,0xcc,0x73,0x2d,0x84,0x0c,0x7c,
    0x4d,0x84,0x6e,0x8c,0x0d,0x84,0x6a,0x6b,0xc8,0x52,0x26,0x42,0x47,0x4a,0x06,0x42,0xa5,0x31,0xc5,0x31,0xc6,0x39,0x64,0x29,
    0x43,0x29,0x43,0x29,0x44,0x29,0x64,0x29,0x64,0x29,0x44,0x29,0x44,0x29,0x44,0x29,0x64,0x29,0x64,0x29,0x43,0x29,0x43,0x21,
    0x43,0x21,0x23,0x21,0x43,0x21,0x44,0x29,0x44,0x29,0x44,0x29,0x44,0x29,0x44,0x29,0x43,0x21,0x44,0x21,0x44,0x29,0x44,0x29,
    0x43,0x21,0x03,0x21,0x64,0x29,0x64,0x29,0x44,0x29,0xa5,0x31,0x64,0x29,0xa2,0x10,0xc2,0x18,0xa5,0x31,0x13,0xbe,0x54,0xc6,
    0x13,0xbe,0xf6,0xd6,0xcf,0x94,0x03,0x21,0xaf,0x94,0x95,0xce,0x4d,0x84,0xe8,0x52,0x5a,0xef,0xdc,0xff,0xbc,0xff,0xbc,0xff,
    0xbb,0xff,0x9b,0xf7,0xdc,0xff,0x19,0xe7,0xc8,0x52,0x4d,0x84,0x95,0xce,0x54,0xc6,0x54,0xc6,0x34,0xbe,0x33,0xbe,0x13,0xbe,
    0x13,0xbe,0x7a,0xef,0xbc,0xff,0x9b,0xff,0xbc,0xff,0x9b,0xf7,0x96,0xce,0xfd,0xff,0x2f,0x84,0x81,0x10,0xe3,0x18,0xc2,0x18,
    0xc2,0x18,0xe2,0x18,0xc2,0x18,0xe2,0x18,0xe2,0x18,0xe2,0x18,0xe2,0x18,0xe2,0x18,0xe2,0x18,0xc2,0x18,0xe2,0x18,0x03,0x21,
    0x23,0x21,0x23,0x21,0x23,0x21,0xe2,0x18,0x85,0x31,0xd5,0xd6,0xf6,0xde,0xf6,0xd6,0xd6,0xd6,0xd6,0xd6,0xd6,0xd6,0xf6,0xd6,
    0x16,0xdf,0xf6,0xde,0xd6,0xd6,0xb5,0xd6,0xb5,0xd6,0xb5,0xce,0xb5,0xce,0x95,0xce,0xb5,0xce,0xb5,0xce,0xb5,0xce,0x95,0xce,
    0xb5,0xce,0x6d,0x84,0xab,0x6b,0x70,0xa5,0x8d,0x8c,0xc8,0x52,0x27,0x42,0x37,0xe7,0xd7,0xde,0xb6,0xde,0xfb,0xff,0xb4,0xb5,
    0xa9,0x52,0x67,0x4a,0xa5,0x31,0x47,0x42,0xd6,0xd6,0x95,0xce,0x95,0xce,0x95,0xce,0x74,0xc6,0x59,0xef,0xdc,0xff,0xdc,0xff,
    0x9b,0xf7,0x59,0xef,0x38,0xe7,0x39,0xef,0x59,0xef,0x39,0xe7,0x39,0xe7,0xf8,0xde,0x95,0xce,0x75,0xce,0x75,0xce,0x95,0xce,
    0x96,0xce,0x95,0xce,0x75,0xce,0x7a,0xf7,0x9b,0xff,0xdb,0xff,0x76,0xce,0x4d,0x7c,0xf2,0xb5,0x34,0xbe,0x33,0xbe,0x33,0xbe,
    0x33,0xbe,0x33,0xbe,0x33,0xbe,0x34,0xbe,0x13,0xb6,0xcb,0x73,0xa5,0x31,0x77,0xd6,0xbb,0xff,0xbb,0xff,0xdb,0xff,0xdc,0xff,
    0xdc,0xff,0xdc,0xff,0xdc,0xff,0xdc,0xff,0xdc,0xff,0x9a,0xf7,0xd7,0xd6,0x96,0xce,0x67,0x4a,0xa2,0x10,0xec,0x73,0x70,0xa5,
    0x30,0x9d,0x34,0xbe,0x54,0xc6,0x34,0xc6,0x34,0xbe,0x34,0xbe,0x34,0xbe,0x95,0xce,0xaf,0x94,0x44,0x29,0x09,0x5b,0xe9,0x5a,
    0xe9,0x5a,0xe9,0x5a,0xe9,0x5a,0xe9,0x5a,0xe9,0x5a,0xe9,0x5a,0xc8,0x52,0x44,0x29,0x23,0x21,0x44,0x29,0xc2,0x18,0xcc,0x73,
    0xb5,0xce,0x34,0xc6,0x54,0xc6,0x54,0xc6,0x54,0xc6,0x54,0xc6,0x34,0xc6,0x33,0xbe,0x88,0x52,0x64,0x29,0x8a,0x6b,0x8a,0x6b,
    0xa5,0x31,0x85,0x31,0xc8,0x52,0x06,0x42,0x23,0x21,0xc5,0x39,0x6a,0x63,0x4a,0x63,0x09,0x5b,0xec,0x7b,0x78,0xef,0x57,0xe7,
    0x57,0xe7,0xdb,0xff,0x96,0xce,0x09,0x5b,0x6a,0x6b,0x6a,0x6b,0x4a,0x63,0x2a,0x63,0x09,0x5b,0x29,0x63,0x4a,0x63,0x6a,0x6b,
    0x6a,0x6b,0x6a,0x63,0x6a,0x6b,0x6a,0x6b,0x6a,0x6b,0x6a,0x6b,0x6a,0x6b,0x6a,0x63,0x6a,0x63,0x6a,0x63,0x6a,0x63,0x4a,0x63,
    0x4a,0x63,0x4a,0x63,0x6a,0x63,0x6a,0x6b,0x6a,0x6b,0x6a,0x63,0x4a,0x63,0x4a,0x63,0x4a,0x63,0x6a,0x63,0x6a,0x63,0x6a,0x63,
    0x6a,0x63,0x4a,0x63,0x29,0x5b,0x09,0x5b,0xa8,0x52,0x8a,0x6b,0x88,0x4a,0xa2,0x10,0xab,0x73,0xd2,0xb5,0x33,0xbe,0x34,0xbe,
    0x34,0xbe,0x13,0xbe,0x33,0xbe,0x54,0xc6,0x64,0x29,0x4b,0x63,0x2c,0x7c,0xc8,0x52,0x3a,0xef,0xdc,0xff,0xbc,0xff,0xbc,0xff,
    0xbb,0xff,0x9b,0xff,0xdc,0xff,0x19,0xe7,0xe8,0x52,0x4d,0x84,0x95,0xce,0x54,0xc6,0x54,0xc6,0x34,0xbe,0x13,0xbe,0x13,0xbe,
    0x13,0xbe,0x5a,0xef,0xbc,0xff,0x9b,0xff,0xbc,0xff,0x9b,0xf7,0x95,0xce,0xfd,0xff,0x2f,0x84,0x81,0x10,0x67,0x4a,0xc8,0x5a,
    0xe9,0x5a,0xc9,0x5a,0xc9,0x52,0xc8,0x52,0xc8,0x52,0xc9,0x52,0xc9,0x52,0xc9,0x5a,0xc9,0x5a,0xc9,0x5a,0x67,0x4a,0xe6,0x39,
    0x44,0x29,0x03,0x21,0x64,0x29,0x84,0x31,0xe6,0x39,0xcf,0x94,0xef,0x9c,0xcf,0x94,0xaf,0x94,0xaf,0x94,0xaf,0x94,0xcf,0x94,
    0xcf,0x94,0xaf,0x94,0xaf,0x94,0xaf,0x94,0xaf,0x94,0xaf,0x94,0xaf,0x94,0xae,0x8c,0xae,0x8c,0xaf,0x94,0xae,0x8c,0x8e,0x8c,
    0x8e,0x8c,0x6a,0x6b,0x09,0x5b,0x29,0x63,0x4a,0x63,0x26,0x42,0x27,0x42,0x18,0xe7,0x59,0xef,0xba,0xff,0x11,0xa5,0xa8,0x52,
    0x67,0x4a,0xc9,0x5a,0x84,0x31,0x47,0x4a,0xb6,0xd6,0x74,0xc6,0x74,0xc6,0x54,0xc6,0xd7,0xde,0xbb,0xff,0x9b,0xf7,0x19,0xe7,
    0x39,0xe7,0x18,0xe7,0xf7,0xde,0xf8,0xde,0xf7,0xde,0x9a,0xf7,0xbb,0xff,0xbb,0xff,0x7a,0xef,0x7a,0xef,0x7a,0xef,0x7a,0xef,
    0x7a,0xef,0x59,0xef,0x39,0xef,0x9b,0xf7,0xbb,0xff,0xdb,0xff,0x30,0x9d,0x6d,0x84,0x33,0xbe,0x33,0xbe,0x33,0xbe,0x33,0xbe,
    0x33,0xbe,0x33,0xbe,0x33,0xbe,0x13,0xbe,0x54,0xc6,0xce,0x8c,0x26,0x42,0x23,0x21,0xad,0x73,0x5a,0xef,0xf8,0xe6,0x19,0xe7,
    0x19,0xe7,0x19,0xe7,0x19,0xe7,0x19,0xe7,0x39,0xe7,0x97,0xd6,0x06,0x3a,0x85,0x31,0x23,0x21,0x6a,0x63,0x4d,0x84,0x8e,0x8c,
    0xce,0x94,0x30,0x9d,0xb2,0xad,0x54,0xc6,0x34,0xbe,0x34,0xbe,0x34,0xbe,0x95,0xce,0xaf,0x8c,0x44,0x29,0xe9,0x5a,0xe9,0x5a,
    0xe9,0x5a,0xe9,0x5a,0xe9,0x5a,0xe9,0x5a,0xe9,0x5a,0xe9,0x5a,0xc8,0x52,0x44,0x29,0x23,0x21,0x44,0x29,0xc2,0x18,0xcc,0x73,
    0xb5,0xce,0x54,0xc6,0x54,0xc6,0x54,0xc6,0x54,0xc6,0x54,0xc6,0x34,0xbe,0xd5,0xd6,0xe9,0x5a,0x64,0x29,0xef,0x9c,0x8a,0x6b,
    0xa5,0x31,0xa5,0x31,0xe9,0x5a,0x47,0x42,0x24,0x21,0xe6,0x39,0x6a,0x63,0x4a,0x63,0x09,0x5b,0x8b,0x6b,0x71,0xad,0x71,0xa5,
    0x71,0xad,0xd3,0xb5,0xf0,0x9c,0xe9,0x5a,0x09,0x5b,0xe9,0x5a,0xc9,0x5a,0xa8,0x52,0xc8,0x52,0x09,0x5b,0x09,0x5b,0x29,0x63,
    0x09,0x5b,0x29,0x63,0x29,0x63,0x2a,0x63,0x29,0x63,0x29,0x5b,0x29,0x63,0x29,0x5b,0x29,0x5b,0x09,0x5b,0x29,0x5b,0x09,0x5b,
    0x29,0x5b,0x29,0x63,0x2a,0x63,0x2a,0x63,0x29,0x63,0x29,0x63,0x29,0x5b,0x29,0x5b,0x29,0x63,0x29,0x63,0x29,0x63,0x29,0x63,
    0x29,0x5b,0x29,0x5b,0x09,0x5b,0xc8,0x52,0xc5,0x31,0x09,0x5b,0x47,0x42,0x82,0x10,0x6d,0x84,0xb5,0xce,0x33,0xbe,0x33,0xbe,
    0x33,0xbe,0x33,0xbe,0x33,0xbe,0x33,0xbe,0x30,0xa5,0x68,0x4a,0xc5,0x31,0x49,0x63,0x3a,0xe7,0xdc,0xff,0xbc,0xff,0xbc,0xff,
    0xbc,0xff,0xbb,0xff,0xdc,0xff,0x3a,0xe7,0xe9,0x52,0x4d,0x84,0x95,0xce,0x54,0xc6,0x54,0xc6,0x33,0xbe,0x13,0xbe,0x13,0xbe,
    0x13,0xbe,0x7a,0xef,0xbc,0xff,0x9b,0xf7,0xbb,0xff,0x7a,0xf7,0xb6,0xce,0xfc,0xff,0x0f,0x84,0xa1,0x10,0x51,0xa5,0xb5,0xce,
    0x95,0xce,0x95,0xce,0x94,0xce,0x94,0xce,0x94,0xce,0x94,0xce,0x95,0xce,0x95,0xce,0x95,0xce,0x95,0xce,0x74,0xc6,0x13,0xb6,
    0x26,0x42,0xa2,0x10,0x06,0x3a,0x2a,0x63,0x2a,0x63,0xc8,0x52,0xa8,0x52,0xa8,0x52,0xa8,0x52,0x88,0x4a,0x67,0x4a,0x67,0x4a,
    0x47,0x4a,0x47,0x4a,0x68,0x4a,0x47,0x4a,0x26,0x42,0x27,0x42,0x26,0x42,0x06,0x3a,0x06,0x3a,0x06,0x42,0x06,0x42,0xe6,0x39,
    0xc5,0x39,0x06,0x3a,0x27,0x42,0x47,0x4a,0x67,0x4a,0xa5,0x31,0xa9,0x52,0xfd,0xff,0x9c,0xf7,0x0d,0x84,0x26,0x42,0x29,0x63,
    0xc9,0x5a,0x64,0x29,0x44,0x29,0x4a,0x63,0x95,0xce,0x54,0xc6,0x34,0xbe,0x95,0xce,0x9b,0xff,0xbb,0xff,0xbb,0xff,0xd7,0xd6,
    0xd7,0xd6,0xb6,0xd6,0xb6,0xd6,0xb6,0xd6,0x95,0xce,0x95,0xce,0x74,0xc6,0x95,0xce,0xb6,0xd6,0xb6,0xd6,0xb6,0xd6,0xb6,0xd6,
    0xb6,0xd6,0xd7,0xde,0xbb,0xff,0x9b,0xff,0xdc,0xff,0xf9,0xe6,0x4d,0x84,0xb2,0xad,0x34,0xbe,0x33,0xbe,0x33,0xbe,0x33,0xbe,
    0x33,0xbe,0x33,0xbe,0x33,0xbe,0x33,0xbe,0x33,0xbe,0x13,0xbe,0x71,0xa5,0xab,0x73,0x47,0x42,0x03,0x21,0xe3,0x18,0xe3,0x18,
    0xe3,0x18,0xe3,0x18,0xe3,0x18,0x03,0x19,0x03,0x21,0xe3,0x18,0x67,0x4a,0xc8,0x52,0x6a,0x6b,0x30,0x9d,0x30,0x9d,0x30,0x9d,
    0x30,0x9d,0xf2,0xb5,0x33,0xbe,0x33,0xbe,0x34,0xbe,0x34,0xbe,0x34,0xbe,0x95,0xce,0xaf,0x8c,0x23,0x21,0xe9,0x5a,0xe9,0x5a,
    0xe9,0x5a,0xe9,0x5a,0xe9,0x5a,0xe9,0x5a,0xe9,0x5a,0xe9,0x5a,0xc9,0x52,0x64,0x29,0x23,0x21,0x44,0x29,0xa2,0x18,0xac,0x73,
    0xb5,0xce,0x54,0xc6,0x54,0xc6,0x54,0xc6,0x54,0xc6,0x54,0xc6,0x54,0xc6,0xd6,0xd6,0x09,0x5b,0xa5,0x31,0x50,0xa5,0x4a,0x63,
    0xc5,0x31,0x85,0x31,0xc8,0x52,0x87,0x4a,0x44,0x29,0xe6,0x39,0x6a,0x6b,0x4a,0x63,0x2a,0x63,0xe9,0x5a,0xa8,0x52,0xe9,0x5a,
    0xe9,0x5a,0xe8,0x5a,0xa8,0x52,0x27,0x42,0x47,0x4a,0x47,0x4a,0x47,0x42,0x06,0x42,0xa8,0x52,0x2a,0x63,0x29,0x63,0x29,0x63,
    0x29,0x5b,0x29,0x63,0x2a,0x63,0x2a,0x63,0x2a,0x63,0x29,0x63,0x29,0x5b,0x29,0x5b,0x29,0x5b,0x09,0x5b,0x29,0x63,0x09,0x5b,
    0x09,0x5b,0x29,0x5b,0x09,0x5b,0x09,0x5b,0x09,0x5b,0x09,0x5b,0x09,0x5b,0x09,0x5b,0x09,0x5b,0x09,0x5b,0x09,0x5b,0xe9,0x5a,
    0xe9,0x5a,0x09,0x5b,0x29,0x5b,0xc8,0x52,0xa5,0x31,0x09,0x5b,0x47,0x42,0xa2,0x10,0x2d,0x84,0x74,0xc6,0x13,0xbe,0x33,0xbe,
    0x33,0xbe,0x33,0xbe,0x33,0xbe,0x13,0xbe,0xb5,0xce,0xec,0x7b,0x26,0x3a,0x4a,0x63,0x3a,0xe7,0xdc,0xff,0xbb,0xff,0xbc,0xff,
    0xbc,0xff,0xbb,0xff,0xdc,0xff,0x3a,0xe7,0xe8,0x52,0x6d,0x84,0xd6,0xd6,0x54,0xc6,0x34,0xc6,0x13,0xbe,0x13,0xbe,0x13,0xbe,
    0xf2,0xb5,0x5a,0xef,0xbb,0xff,0x9b,0xf7,0x9b,0xff,0x9b,0xff,0x7b,0xf7,0xfd,0xff,0x0e,0x84,0x81,0x10,0x51,0xa5,0x74,0xc6,
    0x13,0xbe,0x33,0xbe,0x33,0xbe,0x33,0xbe,0x33,0xbe,0x33,0xbe,0x33,0xbe,0x33,0xbe,0x33,0xbe,0x33,0xbe,0x13,0xbe,0x95,0xce,
    0x0d,0x7c,0x20,0x00,0x6b,0x6b,0xb5,0xce,0x54,0xc6,0x54,0xc6,0x54,0xc6,0x54,0xc6,0x54,0xc6,0x54,0xc6,0x34,0xc6,0x33,0xbe,
    0x33,0xbe,0x33,0xbe,0x54,0xc6,0xf3,0xbd,0x6a,0x63,0x6a,0x63,0x8b,0x6b,0x8a,0x6b,0x6a,0x63,0x6a,0x63,0x6a,0x63,0x6a,0x63,
    0x4a,0x63,0x49,0x63,0x4a,0x63,0x6a,0x63,0x4c,0x84,0x4a,0x63,0xca,0x5a,0x5c,0xef,0x8c,0x6b,0x67,0x4a,0xc9,0x5a,0x47,0x4a,
    0x44,0x29,0x8b,0x6b,0x34,0xc6,0x34,0xbe,0x54,0xc6,0x54,0xc6,0x54,0xc6,0x7a,0xf7,0xbb,0xff,0x7a,0xf7,0x59,0xef,0x7a,0xf7,
    0x7a,0xef,0x7a,0xf7,0x9b,0xf7,0x9b,0xf7,0xdc,0xff,0x7a,0xef,0x18,0xe7,0x38,0xe7,0x39,0xe7,0x39,0xe7,0x39,0xe7,0x39,0xe7,
    0x18,0xe7,0x39,0xe7,0xbb,0xff,0xbb,0xff,0xbb,0xff,0xaf,0x94,0x6d,0x84,0x33,0xbe,0x33,0xbe,0x33,0xbe,0x33,0xbe,0x33,0xbe,
    0x33,0xbe,0x33,0xbe,0x33,0xbe,0x33,0xbe,0x13,0xbe,0x13,0xbe,0xf3,0xb5,0x54,0xbe,0x51,0xa5,0xcc,0x73,0xab,0x73,0x8b,0x6b,
    0x8b,0x6b,0x8b,0x6b,0x8b,0x6b,0xab,0x6b,0xab,0x6b,0x8b,0x6b,0x50,0xa5,0xb1,0xad,0x91,0xa5,0xf3,0xb5,0x54,0xbe,0x54,0xbe,
    0x34,0xbe,0x34,0xbe,0x33,0xbe,0x33,0xbe,0x34,0xbe,0x34,0xbe,0x34,0xbe,0x95,0xc6,0xaf,0x8c,0x24,0x21,0xe9,0x5a,0xe9,0x5a,
    0xe9,0x5a,0xe9,0x5a,0xe9,0x5a,0xe9,0x5a,0xc9,0x5a,0xc9,0x5a,0xc9,0x5a,0x64,0x29,0x23,0x21,0x44,0x29,0xc2,0x18,0xcc,0x73,
    0xb5,0xce,0x54,0xc6,0x54,0xc6,0x54,0xc6,0x54,0xc6,0x34,0xbe,0x95,0xce,0x6b,0x6b,0x23,0x21,0xa8,0x52,0x6a,0x6b,0x4a,0x63,
    0xa5,0x31,0x84,0x31,0xa8,0x52,0x88,0x52,0x64,0x29,0xe6,0x39,0x6a,0x63,0x4a,0x63,0x09,0x5b,0x8b,0x73,0xd7,0xde,0xf7,0xde,
    0xb6,0xd6,0xd6,0xd6,0x71,0xad,0xc8,0x52,0x2a,0x63,0x2a,0x63,0x09,0x5b,0xe9,0x5a,0x09,0x5b,0x29,0x63,0x29,0x63,0x29,0x5b,
    0x29,0x63,0x29,0x63,0x2a,0x63,0x29,0x63,0x29,0x5b,0x29,0x5b,0x29,0x5b,0x09,0x5b,0x09,0x5b,0x29,0x5b,0xe9,0x5a,0xcf,0x94,
    0xf2,0xb5,0xb2,0xad,0xb2,0xad,0xb2,0xad,0xb2,0xad,0xb2,0xad,0xb2,0xad,0xb2,0xad,0xb2,0xad,0xb1,0xad,0x91,0xad,0x91,0xad,
    0x91,0xad,0x30,0x9d,0x2a,0x63,0xc8,0x52,0xa5,0x31,0x09,0x5b,0x67,0x42,0xe2,0x18,0x8b,0x6b,0x2f,0x9d,0x13,0xbe,0x33,0xbe,
    0x13,0xbe,0x33,0xbe,0x33,0xbe,0x13,0xbe,0x13,0xb6,0x54,0xc6,0x0c,0x7c,0xe8,0x52,0x3a,0xef,0xdc,0xff,0xbb,0xff,0xbc,0xff,
    0xbc,0xff,0xbb,0xff,0xdc,0xff,0x3a,0xe7,0x09,0x5b,0x29,0x5b,0x6e,0x8c,0x95,0xce,0x74,0xc6,0x53,0xc6,0x33,0xbe,0x33,0xbe,
    0x13,0xbe,0x9a,0xf7,0xfc,0xff,0xdc,0xff,0xdc,0xff,0xba,0xf7,0x5a,0xef,0x89,0x52,0x85,0x29,0xe3,0x18,0x06,0x3a,0x51,0xa5,
    0xb5,0xce,0x74,0xc6,0x74,0xc6,0x74,0xc6,0x74,0xc6,0x74,0xc6,0x74,0xc6,0x74,0xc6,0x74,0xc6,0x74,0xc6,0xb5,0xce,0x71,0xa5,
    0x27,0x42,0x81,0x10,0x8b,0x6b,0xf6,0xd6,0x74,0xce,0x95,0xce,0x94,0xce,0x95,0xce,0x95,0xce,0x95,0xce,0x95,0xce,0x95,0xce,
    0x95,0xce,0x95,0xce,0xb5,0xce,0x74,0xc6,0x6a,0x63,0x6a,0x63,0xab,0x6b,0xaa,0x6b,0x8a,0x6b,0x8a,0x63,0x8a,0x63,0x6a,0x63,
    0x8a,0x63,0x6a,0x63,0x0c,0x7c,0x2c,0x7c,0x2c,0x7c,0x8a,0x6b,0xe6,0x39,0xac,0x73,0xa8,0x52,0xe9,0x5a,0x64,0x29,0x85,0x31,
    0x51,0xa5,0x95,0xce,0x54,0xc6,0x33,0xbe,0x33,0xbe,0x75,0xc6,0x39,0xef,0x9b,0xff,0xbb,0xff,0xb7,0xd6,0x75,0xc6,0x75,0xc6,
    0x75,0xc6,0x95,0xce,0x95,0xce,0x96,0xce,0x39,0xe7,0x7a,0xef,0x7a,0xef,0x59,0xef,0x5a,0xef,0x5a,0xef,0x5a,0xef,0x39,0xef,
    0x7a,0xf7,0xbc,0xff,0xbb,0xff,0xdc,0xff,0xf8,0xde,0x4c,0x7c,0x91,0xad,0x33,0xbe,0x33,0xbe,0x33,0xbe,0x33,0xbe,0x33,0xbe,
    0x33,0xbe,0x33,0xbe,0x33,0xbe,0x33,0xbe,0x33,0xbe,0x13,0xbe,0x33,0xbe,0x33,0xbe,0x74,0xc6,0x95,0xce,0x95,0xc6,0x95,0xce,
    0x95,0xce,0x95,0xce,0x95,0xce,0x95,0xce,0x95,0xc6,0x95,0xc6,0x34,0xbe,0x33,0xbe,0x33,0xbe,0x13,0xbe,0x33,0xbe,0x34,0xbe,
    0x33,0xbe,0x33,0xbe,0x33,0xbe,0x34,0xbe,0x34,0xbe,0x34,0xbe,0x33,0xbe,0x94,0xc6,0x8e,0x8c,0x44,0x29,0x09,0x5b,0xe9,0x5a,
    0xe9,0x5a,0xe9,0x5a,0xe9,0x5a,0xc9,0x5a,0xc9,0x5a,0xc9,0x5a,0xc9,0x5a,0x64,0x29,0x23,0x21,0x44,0x29,0xa2,0x10,0xac,0x73,
    0xb5,0xce,0x54,0xc6,0x54,0xc6,0x54,0xc6,0x54,0xc6,0x34,0xbe,0x95,0xce,0xc9,0x52,0xa2,0x10,0x03,0x21,0xe3,0x18,0x03,0x19,
    0xe3,0x18,0x23,0x21,0x84,0x29,0x85,0x31,0x24,0x21,0xe6,0x39,0x4a,0x63,0x4a,0x63,0x29,0x63,0x8b,0x6b,0x96,0xd6,0xb6,0xd6,
    0x95,0xce,0x95,0xd6,0x71,0xad,0xe9,0x5a,0x4a,0x63,0x2a,0x63,0x2a,0x63,0x29,0x63,0x2a,0x63,0x2a,0x63,0x29,0x63,0x29,0x63,
    0x29,0x63,0x2a,0x63,0x29,0x63,0x29,0x63,0x29,0x5b,0x09,0x5b,0x09,0x5b,0x09,0x5b,0x09,0x5b,0x29,0x63,0xe9,0x5a,0xcf,0x94,
    0xf3,0xb5,0xb2,0xad,0xd2,0xb5,0xd2,0xb5,0xd2,0xad,0xd2,0xad,0xd2,0xb5,0xd2,0xb5,0xd2,0xb5,0xd2,0xb5,0xd2,0xad,0xb1,0xad,
    0xb2,0xad,0x50,0xa5,0x29,0x5b,0xe9,0x5a,0x06,0x3a,0x4a,0x63,0x87,0x4a,0xc2,0x18,0x6a,0x63,0xee,0x94,0xef,0x94,0xb1,0xad,
    0x54,0xc6,0x33,0xbe,0x33,0xbe,0x33,0xbe,0x13,0xbe,0x54,0xc6,0x0c,0x74,0xe8,0x52,0x3a,0xef,0xdc,0xff,0xbb,0xff,0xbc,0xff,
    0xbc,0xff,0x9c,0xff,0xdc,0xff,0x1a,0xe7,0x29,0x5b,0xc8,0x52,0x4a,0x63,0xd2,0xb5,0xb2,0xad,0x71,0xad,0x71,0xad,0x91,0xad,
    0x71,0xa5,0x97,0xd6,0xf9,0xe6,0xf9,0xe6,0xf9,0xe6,0x96,0xd6,0x15,0xc6,0x23,0x21,0xc2,0x18,0x23,0x21,0xc2,0x10,0x4e,0x84,
    0x13,0xbe,0x92,0xad,0xb2,0xad,0xb2,0xad,0xb2,0xad,0xb2,0xad,0xb2,0xad,0xb2,0xad,0xb2,0xad,0xb2,0xad,0xf3,0xb5,0x8b,0x73,
    0xa2,0x10,0xe3,0x18,0x6a,0x6b,0x95,0xce,0x33,0xc6,0x34,0xc6,0x34,0xc6,0x34,0xc6,0x34,0xc6,0x54,0xc6,0x54,0xc6,0x54,0xc6,
    0x54,0xc6,0x54,0xc6,0x54,0xc6,0x13,0xbe,0x6a,0x63,0x4a,0x63,0x8b,0x6b,0xab,0x6b,0x8a,0x6b,0x8a,0x6b,0x8a,0x6b,0x8a,0x6b,
    0x8a,0x6b,0x8a,0x6b,0x8b,0x6b,0x4a,0x63,0xcb,0x73,0x4a,0x63,0xa5,0x31,0x29,0x63,0x09,0x63,0x03,0x19,0x09,0x5b,0x33,0xbe,
    0x54,0xc6,0x34,0xc6,0x34,0xc6,0x34,0xbe,0x33,0xbe,0x95,0xce,0xbc,0xff,0x9b,0xff,0x9b,0xff,0xbb,0xff,0xbb,0xff,0x9b,0xf7,
    0xbb,0xff,0xbb,0xff,0xbb,0xff,0x7a,0xef,0x75,0xc6,0x96,0xce,0x95,0xce,0x75,0xce,0x75,0xce,0x75,0xce,0x75,0xce,0x54,0xc6,
    0xf8,0xde,0xbb,0xff,0xbc,0xff,0xbc,0xf7,0x10,0x9d,0xce,0x8c,0x54,0xc6,0x13,0xbe,0x33,0xbe,0x33,0xbe,0x33,0xbe,0x33,0xbe,
    0x34,0xbe,0x33,0xbe,0x33,0xbe,0x34,0xbe,0x33,0xbe,0x33,0xbe,0x13,0xbe,0x33,0xbe,0x13,0xbe,0x13,0xbe,0x13,0xbe,0x13,0xbe,
    0x13,0xbe,0x13,0xbe,0x13,0xbe,0x13,0xbe,0x13,0xbe,0x13,0xbe,0x33,0xbe,0x33,0xbe,0x33,0xbe,0x13,0xbe,0x33,0xbe,0x33,0xbe,
    0x33,0xbe,0x34,0xbe,0x34,0xbe,0x34,0xbe,0x34,0xbe,0x34,0xbe,0x33,0xbe,0x74,0xc6,0x8e,0x8c,0x64,0x29,0x2a,0x63,0xe9,0x5a,
    0xe9,0x5a,0xe9,0x5a,0xe9,0x5a,0xc9,0x5a,0xc9,0x5a,0xe9,0x5a,0xe9,0x5a,0x85,0x31,0x23,0x21,0x23,0x21,0x03,0x21,0xcc,0x73,
    0x74,0xc6,0x54,0xc6,0x54,0xc6,0x54,0xc6,0x54,0xc6,0x54,0xc6,0x54,0xc6,0x13,0xbe,0x6e,0x8c,0xe8,0x5a,0xe9,0x5a,0xe9,0x5a,
    0x47,0x42,0x03,0x21,0x44,0x21,0x44,0x29,0x44,0x29,0xe6,0x39,0x2a,0x63,0x29,0x5b,0x2a,0x63,0x09,0x5b,0x09,0x5b,0x2a,0x63,
    0x09,0x5b,0xc9,0x52,0xe9,0x5a,0x09,0x5b,0x09,0x5b,0x09,0x5b,0x09,0x5b,0x09,0x5b,0x09,0x63,0x2a,0x63,0x29,0x63,0x2a,0x63,
    0x2a,0x63,0x2a,0x63,0x2a,0x63,0x2a,0x63,0x2a,0x63,0x2a,0x63,0x29,0x63,0x29,0x63,0x29,0x5b,0x29,0x5b,0x2a,0x63,0x09,0x5b,
    0xe9,0x5a,0x09,0x5b,0x09,0x5b,0xe9,0x5a,0x09,0x5b,0xe9,0x5a,0xe9,0x5a,0x09,0x5b,0x09,0x5b,0x09,0x5b,0x09,0x5b,0x09,0x5b,
    0x09,0x5b,0x09,0x5b,0x09,0x5b,0x09,0x5b,0xc8,0x52,0x6a,0x63,0x88,0x4a,0xc2,0x18,0x29,0x63,0xce,0x8c,0x4d,0x84,0x0f,0x9d,
    0xf3,0xb5,0x33,0xbe,0x33,0xbe,0x33,0xbe,0x33,0xbe,0x54,0xc6,0xec,0x73,0xc8,0x52,0x3a,0xef,0xdc,0xff,0xbb,0xff,0xbc,0xff,
    0xbc,0xff,0xbc,0xff,0xdc,0xff,0x19,0xe7,0x4a,0x63,0x47,0x42,0xe3,0x18,0x03,0x21,0x03,0x21,0x03,0x21,0x03,0x21,0x44,0x21,
    0x44,0x29,0x44,0x29,0x44,0x29,0x44,0x29,0x44,0x21,0x23,0x21,0x03,0x21,0x23,0x21,0x23,0x21,0x03,0x21,0x23,0x21,0x23,0x21,
    0x03,0x21,0xe3,0x18,0xe3,0x18,0xe3,0x18,0xe3,0x18,0xe3,0x18,0xe3,0x18,0xe3,0x18,0xe3,0x18,0xe3,0x18,0xe3,0x18,0xc3,0x18,
    0x03,0x21,0x84,0x29,0xa5,0x31,0x06,0x3a,0x06,0x3a,0xe6,0x39,0xe6,0x39,0xe6,0x39,0xe6,0x39,0xe6,0x39,0xe6,0x39,0xe6,0x39,
    0xe6,0x39,0xe6,0x39,0xe6,0x39,0xc6,0x39,0x85,0x29,0x85,0x31,0xa5,0x31,0xc5,0x31,0xc5,0x31,0xa5,0x31,0xa5,0x31,0xa5,0x31,
    0xa5,0x31,0xc5,0x31,0xa5,0x31,0x64,0x29,0x84,0x29,0x64,0x29,0x23,0x21,0x64,0x29,0x06,0x3a,0x6d,0x84,0xd2,0xb5,0x54,0xc6,
    0x13,0xbe,0x34,0xbe,0x54,0xc6,0x33,0xbe,0xb6,0xd6,0xbc,0xff,0xbc,0xff,0xdc,0xff,0xdc,0xff,0xdc,0xff,0xbc,0xff,0xbc,0xff,
    0xdc,0xff,0xdc,0xff,0xdc,0xff,0xdc,0xff,0xdc,0xff,0xdc,0xff,0xdc,0xff,0xdc,0xff,0xdc,0xff,0xdc,0xff,0xdc,0xff,0xdc,0xff,
    0xbb,0xff,0xbb,0xff,0xfd,0xff,0x92,0xad,0x0c,0x74,0xb2,0xad,0x13,0xbe,0x13,0xbe,0x13,0xbe,0x13,0xbe,0x33,0xbe,0x13,0xbe,
    0x13,0xbe,0x13,0xbe,0x13,0xbe,0x13,0xbe,0x13,0xb6,0x13,0xbe,0x33,0xbe,0x33,0xbe,0x33,0xbe,0x33,0xbe,0x33,0xbe,0x33,0xbe,
    0x33,0xbe,0x13,0xbe,0x33,0xbe,0x33,0xbe,0x33,0xbe,0x33,0xbe,0x33,0xbe,0x34,0xbe,0x34,0xbe,0x33,0xbe,0x33,0xbe,0x33,0xbe,
    0x33,0xbe,0x33,0xbe,0x33,0xbe,0x34,0xbe,0x34,0xbe,0x34,0xbe,0x34,0xbe,0x54,0xbe,0xf3,0xb5,0x0c,0x7c,0xa8,0x52,0xa8,0x52,
    0x88,0x52,0x88,0x52,0x88,0x52,0x88,0x4a,0x88,0x4a,0x88,0x52,0x47,0x4a,0x24,0x21,0x03,0x21,0x44,0x21,0x0c,0x7c,0x91,0xad,
    0x54,0xc6,0x34,0xbe,0x34,0xbe,0x54,0xbe,0x54,0xc6,0x54,0xc6,0x34,0xbe,0x54,0xc6,0x54,0xc6,0x54,0xc6,0x33,0xbe,0x74,0xc6,
    0x8e,0x8c,0xe6,0x39,0x06,0x3a,0x06,0x3a,0x26,0x42,0x03,0x21,0x44,0x21,0x64,0x29,0x64,0x29,0x85,0x29,0x85,0x31,0x84,0x29,
    0x64,0x29,0x64,0x29,0x65,0x29,0x85,0x29,0x65,0x29,0x65,0x29,0x64,0x29,0x64,0x29,0x85,0x31,0x85,0x31,0x84,0x29,0x84,0x29,
    0x85,0x31,0x85,0x31,0x85,0x31,0x84,0x29,0x85,0x29,0x85,0x31,0x85,0x31,0x85,0x31,0x85,0x31,0x85,0x31,0xa5,0x31,0x85,0x31,
    0x85,0x31,0xa5,0x31,0x85,0x31,0x85,0x31,0x85,0x31,0x85,0x31,0xa5,0x31,0xa5,0x31,0x85,0x31,0xa5,0x31,0xa5,0x31,0xa5,0x31,
    0xa5,0x31,0xa5,0x31,0x85,0x31,0xa5,0x31,0xa5,0x31,0xe6,0x39,0x24,0x21,0x23,0x21,0x2c,0x7c,0x8d,0x84,0x50,0xa5,0x50,0xa5,
    0x50,0xa5,0x13,0xbe,0x13,0xbe,0x13,0xbe,0x13,0xbe,0x54,0xc6,0xec,0x73,0xc8,0x52,0x3a,0xef,0xdc,0xff,0xbb,0xff,0xbc,0xff,
    0xbc,0xff,0xbc,0xff,0xdc,0xff,0x3a,0xe7,0x09,0x5b,0x8a,0x6b,0x6e,0x8c,0x6e,0x8c,0x8e,0x8c,0x6e,0x8c,0x6e,0x84,0x8e,0x8c,
    0x8e,0x8c,0x8e,0x8c,0x8e,0x8c,0x6e,0x8c,0x6e,0x8c,0x8e,0x8c,0x8e,0x8c,0x8e,0x8c,0x8e,0x8c,0x8e,0x8c,0x6e,0x8c,0x6e,0x8c,
    0x6e,0x8c,0x6e,0x8c,0x6e,0x8c,0x6e,0x8c,0x6e,0x84,0x6e,0x84,0x6e,0x8c,0x6e,0x8c,0x6e,0x84,0x6d,0x84,0x6d,0x84,0x6e,0x8c,
    0x6e,0x8c,0x8e,0x8c,0x8e,0x8c,0x6e,0x8c,0x6e,0x84,0x4d,0x84,0x6d,0x84,0x6e,0x84,0x6e,0x84,0x6e,0x84,0x6e,0x84,0x4d,0x84,
    0x4d,0x84,0x2d,0x84,0x4d,0x84,0x4d,0x84,0x2d,0x84,0x2d,0x84,0x2d,0x84,0x2d,0x84,0x2d,0x7c,0x2d,0x7c,0x2d,0x7c,0x2d,0x7c,
    0x0d,0x7c,0x0d,0x7c,0x0c,0x7c,0xec,0x73,0xcc,0x73,0xcc,0x73,0xcc,0x73,0xec,0x73,0x4d,0x84,0xf3,0xb5,0x34,0xbe,0x13,0xbe,
    0x33,0xbe,0x33,0xbe,0x34,0xbe,0x34,0xbe,0xf3,0xb5,0xd3,0xb5,0xf3,0xb5,0xd3,0xb5,0xd3,0xb5,0xd3,0xb5,0xd3,0xb5,0xd3,0xb5,
    0xd3,0xb5,0xd3,0xb5,0xb2,0xb5,0xd3,0xb5,0xd3,0xb5,0xd3,0xb5,0xd3,0xb5,0xd3,0xb5,0xd3,0xb5,0xd3,0xb5,0xd3,0xb5,0xd3,0xb5,
    0xd3,0xb5,0xd2,0xb5,0xd3,0xb5,0xef,0x94,0x8e,0x8c,0xf3,0xb5,0x13,0xbe,0x13,0xbe,0x13,0xbe,0x13,0xbe,0x33,0xbe,0xd7,0xd6,
    0x18,0xe7,0xf8,0xde,0xf8,0xde,0xf8,0xde,0x18,0xdf,0xd7,0xd6,0x34,0xbe,0x34,0xbe,0x34,0xbe,0x33,0xbe,0x33,0xbe,0x33,0xbe,
    0x33,0xbe,0x33,0xbe,0x33,0xbe,0x33,0xbe,0x33,0xbe,0x33,0xbe,0x34,0xbe,0x34,0xbe,0x34,0xbe,0x34,0xbe,0x34,0xbe,0x34,0xbe,
    0x34,0xbe,0x34,0xbe,0x34,0xbe,0x34,0xbe,0x34,0xbe,0x34,0xbe,0x54,0xbe,0x34,0xbe,0x53,0xbe,0xb1,0xad,0xcf,0x94,0xcf,0x94,
    0xaf,0x94,0xaf,0x94,0xaf,0x94,0xaf,0x8c,0xaf,0x94,0xaf,0x94,0x6e,0x8c,0xec,0x73,0x2d,0x84,0x8e,0x8c,0x91,0xad,0xf3,0xb5,
    0x34,0xbe,0x33,0xbe,0x33,0xbe,0x34,0xbe,0x34,0xbe,0x34,0xbe,0x34,0xbe,0x33,0xbe,0x33,0xbe,0x33,0xbe,0x13,0xbe,0x34,0xbe,
    0xd2,0xb5,0x10,0x9d,0x10,0x9d,0x10,0x9d,0x10,0x9d,0xaf,0x94,0x8e,0x8c,0x8e,0x8c,0x8e,0x8c,0xaf,0x8c,0xaf,0x8c,0xae,0x8c,
    0xae,0x8c,0xaf,0x8c,0xaf,0x8c,0xaf,0x8c,0x8e,0x8c,0x8e,0x8c,0x8e,0x8c,0x8e,0x8c,0x8e,0x8c,0x8e,0x8c,0x8e,0x8c,0x8e,0x8c,
    0x8e,0x8c,0x8e,0x8c,0x6e,0x8c,0x6e,0x8c,0x6e,0x84,0x6e,0x8c,0x6e,0x8c,0x6e,0x8c,0x6e,0x8c,0x6e,0x8c,0x6e,0x84,0x6e,0x84,
    0x6e,0x84,0x4d,0x84,0x4d,0x84,0x4d,0x84,0x2d,0x84,0x2d,0x7c,0x2d,0x7c,0x2d,0x7c,0x0d,0x7c,0x0d,0x7c,0x0d,0x7c,0x0c,0x7c,
    0x0d,0x7c,0x0c,0x7c,0xec,0x7b,0xec,0x7b,0xec,0x73,0xec,0x73,0x8b,0x6b,0xcc,0x73,0x30,0x9d,0x70,0xa5,0x54,0xbe,0x54,0xbe,
    0x34,0xbe,0x13,0xbe,0x13,0xbe,0x13,0xbe,0x13,0xbe,0x54,0xc6,0x0c,0x74,0xe8,0x52,0x3a,0xef,0xdc,0xff,0xbb,0xff,0xbc,0xff,
    0xbc,0xff,0xbc,0xff,0xdc,0xff,0x3a,0xe7,0xe8,0x52,0x6d,0x84,0xd5,0xd6,0x53,0xbe,0x54,0xc6,0x54,0xc6,0x54,0xc6,0x54,0xc6,
    0x54,0xc6,0x54,0xbe,0x53,0xbe,0x53,0xbe,0x33,0xbe,0x53,0xbe,0x53,0xbe,0x33,0xbe,0x53,0xbe,0x33,0xbe,0x33,0xbe,0x54,0xbe,
    0x74,0xc6,0x74,0xc6,0x74,0xc6,0x74,0xc6,0x74,0xc6,0x74,0xc6,0x74,0xc6,0x74,0xc6,0x74,0xc6,0x54,0xc6,0x54,0xc6,0x53,0xbe,
    0x53,0xbe,0x33,0xbe,0x33,0xbe,0x33,0xbe,0x33,0xbe,0x33,0xbe,0x33,0xbe,0x54,0xbe,0x54,0xc6,0x54,0xc6,0x54,0xc6,0x54,0xc6,
    0x54,0xc6,0x54,0xc6,0x54,0xc6,0x54,0xc6,0x74,0xc6,0x74,0xc6,0x74,0xc6,0x54,0xc6,0x54,0xbe,0x54,0xc6,0x54,0xc6,0x74,0xc6,
    0x74,0xc6,0x74,0xc6,0x54,0xc6,0x53,0xc6,0x54,0xc6,0x74,0xc6,0x54,0xc6,0x53,0xbe,0x53,0xbe,0x13,0xbe,0x13,0xbe,0xf3,0xb5,
    0xf2,0xb5,0xf3,0xb5,0x13,0xb6,0x13,0xb6,0xf2,0xb5,0xd2,0xb5,0xd2,0xb5,0xd2,0xad,0xb2,0xad,0xd2,0xad,0xd2,0xad,0xd2,0xad,
    0xb1,0xad,0xb1,0xad,0xb1,0xad,0xb1,0xad,0xb1,0xad,0xb1,0xad,0xb1,0xad,0xb1,0xad,0xb1,0xad,0xb1,0xad,0xb1,0xad,0xb1,0xad,
    0xb1,0xad,0xb1,0xad,0xb1,0xad,0xd2,0xb5,0xf2,0xb5,0x13,0xbe,0x13,0xb6,0xf2,0xb5,0xf2,0xb5,0x13,0xbe,0x13,0xbe,0x9b,0xf7,
    0xdc,0xff,0xdc,0xff,0xdc,0xff,0xdc,0xff,0xdd,0xff,0x7b,0xf7,0x33,0xbe,0x33,0xbe,0x33,0xbe,0x13,0xbe,0x13,0xbe,0x13,0xbe,
    0x13,0xbe,0x13,0xbe,0x13,0xbe,0x13,0xbe,0x33,0xbe,0x13,0xbe,0x13,0xbe,0x33,0xbe,0x33,0xbe,0x13,0xbe,0x33,0xbe,0x33,0xbe,
    0x33,0xbe,0x33,0xbe,0x33,0xbe,0x33,0xbe,0x33,0xbe,0x33,0xbe,0x33,0xbe,0x33,0xbe,0x33,0xbe,0x33,0xbe,0x74,0xc6,0x74,0xc6,
    0x74,0xc6,0x74,0xc6,0x74,0xc6,0x74,0xc6,0x74,0xc6,0x74,0xc6,0x74,0xc6,0x74,0xc6,0x74,0xc6,0x74,0xc6,0x34,0xbe,0x13,0xbe,
    0x13,0xbe,0x13,0xbe,0x13,0xbe,0x13,0xbe,0x13,0xbe,0x13,0xbe,0x13,0xbe,0x13,0xbe,0x13,0xbe,0x13,0xb6,0x13,0xbe,0x13,0xbe,
    0x54,0xbe,0x54,0xbe,0x54,0xc6,0x74,0xc6,0x54,0xc6,0x54,0xc6,0x54,0xc6,0x54,0xc6,0x74,0xc6,0x74,0xc6,0x74,0xc6,0x74,0xc6,
    0x74,0xc6,0x74,0xc6,0x74,0xc6,0x74,0xc6,0x74,0xc6,0x54,0xc6,0x74,0xc6,0x74,0xc6,0x74,0xc6,0x74,0xc6,0x74,0xc6,0x74,0xc6,
    0x74,0xc6,0x74,0xc6,0x74,0xc6,0x74,0xc6,0x74,0xc6,0x74,0xc6,0x54,0xc6,0x74,0xc6,0x74,0xc6,0x74,0xc6,0x74,0xc6,0x74,0xc6,
    0x74,0xc6,0x74,0xc6,0x74,0xc6,0x74,0xc6,0x74,0xc6,0x54,0xc6,0x54,0xc6,0x54,0xc6,0x54,0xc6,0x54,0xc6,0x54,0xc6,0x74,0xc6,
    0x54,0xc6,0x74,0xc6,0x74,0xc6,0x54,0xc6,0x54,0xc6,0x53,0xbe,0x53,0xbe,0x53,0xbe,0x13,0xbe,0x34,0xbe,0x13,0xbe,0x13,0xbe,
    0x13,0xbe,0x13,0xbe,0x13,0xbe,0x13,0xbe,0x13,0xbe,0x53,0xbe,0xec,0x73,0xe8,0x52,0x3a,0xef,0xdc,0xff,0xbb,0xff,0xbc,0xff,
    0xbc,0xff,0xbc,0xff,0xdc,0xff,0x3a,0xe7,0xa8,0x4a,0x6e,0x8c,0x18,0xe7,0x75,0xce,0x96,0xce,0x96,0xce,0x95,0xce,0x96,0xce,
    0x95,0xce,0x75,0xce,0x75,0xce,0x75,0xce,0x75,0xce,0x75,0xce,0x75,0xce,0x75,0xce,0x75,0xce,0x75,0xce,0x95,0xce,0x95,0xce,
    0x96,0xce,0x96,0xce,0x96,0xce,0x96,0xce,0x96,0xce,0x75,0xce,0x96,0xce,0x96,0xce,0x96,0xce,0x96,0xce,0x95,0xce,0x75,0xce,
    0x75,0xce,0x75,0xce,0x75,0xce,0x95,0xce,0x76,0xce,0x75,0xce,0x75,0xce,0x96,0xce,0x96,0xce,0x96,0xce,0x96,0xce,0x96,0xce,
    0x96,0xce,0x96,0xce,0x96,0xce,0x96,0xce,0x96,0xce,0x96,0xce,0x96,0xce,0x96,0xce,0x96,0xce,0x96,0xce,0x96,0xce,0x96,0xce,
    0x96,0xce,0x96,0xce,0x96,0xce,0x96,0xce,0x96,0xce,0x96,0xce,0x96,0xce,0x75,0xce,0x75,0xce,0x96,0xce,0x96,0xd6,0x96,0xce,
    0x96,0xce,0x96,0xce,0x96,0xce,0x96,0xce,0x96,0xce,0xb6,0xd6,0xb6,0xd6,0x96,0xd6,0x96,0xd6,0x96,0xce,0x96,0xd6,0xb6,0xd6,
    0xb6,0xd6,0x96,0xce,0x96,0xce,0xb6,0xd6,0xb6,0xd6,0xb6,0xd6,0xb6,0xd6,0xb6,0xd6,0xb6,0xd6,0x96,0xd6,0xb6,0xd6,0xb6,0xd6,
    0x96,0xd6,0x96,0xd6,0xb6,0xd6,0x96,0xce,0x96,0xce,0x96,0xce,0x96,0xce,0x96,0xce,0x95,0xce,0x96,0xce,0xb6,0xd6,0x9b,0xf7,
    0xbc,0xff,0xbb,0xff,0x9b,0xff,0x9b,0xff,0xbc,0xff,0x9b,0xf7,0x5a,0xef,0x5a,0xef,0x59,0xef,0x59,0xef,0x59,0xef,0x59,0xef,
    0x59,0xef,0x59,0xef,0x59,0xef,0x59,0xef,0x59,0xef,0x59,0xef,0x59,0xef,0x59,0xef,0x5a,0xef,0x5a,0xef,0x5a,0xef,0x5a,0xef,
    0x5a,0xef,0x5a,0xef,0x59,0xef,0x59,0xef,0x59,0xef,0x59,0xef,0x59,0xef,0x59,0xef,0x5a,0xef,0x59,0xef,0x39,0xe7,0x39,0xe7,
    0x39,0xef,0x39,0xef,0x39,0xef,0x39,0xef,0x39,0xef,0x39,0xef,0x39,0xef,0x39,0xe7,0x39,0xef,0x39,0xef,0x59,0xef,0x39,0xef,
    0x59,0xef,0x39,0xef,0x39,0xef,0x39,0xef,0x59,0xef,0x59,0xef,0x59,0xef,0x59,0xef,0x59,0xef,0x39,0xef,0x39,0xef,0x59,0xef,
    0x59,0xef,0x39,0xe7,0x39,0xef,0x5a,0xef,0x59,0xef,0x39,0xef,0x39,0xe7,0x39,0xef,0x39,0xef,0x39,0xef,0x39,0xef,0x39,0xe7,
    0x39,0xe7,0x39,0xe7,0x39,0xef,0x39,0xef,0x39,0xe7,0x39,0xe7,0x39,0xe7,0x39,0xe7,0x39,0xe7,0x39,0xe7,0x39,0xef,0x39,0xef,
    0x39,0xef,0x39,0xef,0x39,0xe7,0x39,0xe7,0x39,0xe7,0x39,0xe7,0x39,0xe7,0x39,0xe7,0x39,0xe7,0x39,0xe7,0x39,0xe7,0x39,0xe7,
    0x39,0xe7,0x39,0xe7,0x39,0xe7,0x39,0xe7,0x39,0xe7,0x19,0xe7,0x39,0xe7,0x39,0xe7,0x39,0xe7,0x39,0xe7,0x39,0xe7,0x39,0xe7,
    0x39,0xe7,0x39,0xe7,0x39,0xef,0x39,0xe7,0x39,0xe7,0x39,0xe7,0x39,0xe7,0x39,0xe7,0x59,0xef,0x59,0xef,0x5a,0xef,0x5a,0xef,
    0x59,0xef,0x39,0xef,0x39,0xef,0x59,0xef,0x39,0xef,0x9b,0xef,0x6e,0x8c,0xc8,0x4a,0x3a,0xef,0xdc,0xff,0xbb,0xff,0xbc,0xff,
    0xbc,0xff,0xbc,0xff,0xdc,0xff,0x3a,0xe7,0xa7,0x4a,0x8f,0x8c,0xfd,0xff,0xbc,0xff,0xbc,0xff,0xdc,0xff,0xbc,0xff,0xbc,0xff,
    0xbc,0xff,0xbc,0xff,0xbc,0xff,0xbc,0xff,0xdc,0xff,0xdc,0xff,0xbc,0xff,0xdc,0xff,0xdc,0xff,0xdc,0xff,0xdc,0xff,0xdc,0xff,
    0xdc,0xff,0xdc,0xff,0xdc,0xff,0xbc,0xff,0xbc,0xff,0xbc,0xff,0xbc,0xff,0xdc,0xff,0xdc,0xff,0xdc,0xff,0xdc,0xff,0xdc,0xff,
    0xdc,0xff,0xdc,0xff,0xdc,0xff,0xdc,0xff,0xdc,0xff,0xdc,0xff,0xdc,0xff,0xdc,0xff,0xdc,0xff,0xdc,0xff,0xdc,0xff,0xdc,0xff,
    0xdc,0xff,0xdc,0xff,0xdc,0xff,0xdc,0xff,0xbc,0xff,0xbc,0xff,0xdc,0xff,0xdc,0xff,0xdc,0xff,0xdc,0xff,0xdc,0xff,0xdc,0xff,
    0xbc,0xff,0xdc,0xff,0xdc,0xff,0xdc,0xff,0xdc,0xff,0xdc,0xff,0xbc,0xff,0xdc,0xff,0xbc,0xff,0xdc,0xff,0xdc,0xff,0xbc,0xff,
    0xbc,0xff,0xdc,0xff,0xdc,0xff,0xdc,0xff,0xdc,0xff,0xbc,0xff,0xdc,0xff,0xdc,0xff,0xdc,0xff,0xdc,0xff,0xdc,0xff,0xdc,0xff,
    0xdc,0xff,0xdc,0xff,0xdc,0xff,0xdc,0xff,0xdc,0xff,0xdc,0xff,0xdc,0xff,0xdc,0xff,0xdc,0xff,0xdc,0xff,0xdc,0xff,0xdc,0xff,
    0xdc,0xff,0xbc,0xff,0xdc,0xff,0xdc,0xff,0xbc,0xff,0xbc,0xff,0xdc,0xff,0xbc,0xff,0xbc,0xff,0xbc,0xff,0xdc,0xff,0xbb,0xff,
    0xbc,0xff,0xbc,0xff,0xbc,0xff,0xbc,0xff,0xbb,0xff,0xbc,0xff,0xbc,0xff,0xbc,0xff,0xbc,0xff,0xbc,0xff,0xbc,0xff,0xbc,0xff,
    0xbc,0xff,0xbc,0xff,0xbc,0xff,0xdc,0xff,0xbc,0xff,0xbc,0xff,0xdc,0xff,0xdc,0xff,0xdc,0xff,0xdc,0xff,0xbc,0xff,0xdc,0xff,
    0xdc,0xff,0xbc,0xff,0xdc,0xff,0xdc,0xff,0xbc,0xff,0xbc,0xff,0xdc,0xff,0xbc,0xff,0xdc,0xff,0xdc,0xff,0xdc,0xff,0xbc,0xff,
    0xdc,0xff,0xbc,0xff,0xdc,0xff,0xbc,0xff,0xbc,0xff,0xbc,0xff,0xbc,0xff,0xdc,0xff,0xbc,0xff,0xbc,0xff,0xbc,0xff,0xbc,0xff,
    0xbc,0xff,0xbc,0xff,0xbc,0xff,0xbc,0xff,0xdc,0xff,0xbc,0xff,0xbc,0xff,0xdc,0xff,0xbc,0xff,0xdc,0xff,0xbc,0xff,0xbc,0xff,
    0xbc,0xff,0xdc,0xff,0xbc,0xff,0xbc,0xff,0xdc,0xff,0xbc,0xff,0xbc,0xff,0xdc,0xff,0xdc,0xff,0xbc,0xff,0xbc,0xff,0xbc,0xff,
    0xbc,0xff,0xbc,0xff,0xbc,0xff,0xbc,0xff,0xbc,0xff,0xbc,0xff,0xbc,0xff,0xbc,0xff,0xbc,0xff,0xbc,0xff,0xdc,0xff,0xdc,0xff,
    0xdc,0xff,0xdc,0xff,0xbc,0xff,0xbc,0xff,0xbc,0xff,0xbc,0xff,0xbc,0xff,0xbc,0xff,0xdc,0xff,0xbc,0xff,0xbc,0xff,0xbc,0xff,
    0xbc,0xff,0xbc,0xff,0xbc,0xff,0xbc,0xff,0xbc,0xff,0xbc,0xff,0xbc,0xff,0xbc,0xff,0xdc,0xff,0xbc,0xff,0xdc,0xff,0xbc,0xff,
    0xdc,0xff,0xbc,0xff,0xbc,0xff,0xdc,0xff,0xbc,0xff,0xbc,0xff,0xbc,0xff,0xdc,0xff,0xbc,0xff,0xbc,0xff,0xbc,0xff,0xbc,0xff,
    0xdc,0xff,0xbc,0xff,0xdc,0xff,0xdc,0xff,0xbc,0xff,0xfd,0xff,0x8f,0x8c,0xa8,0x4a,0x3a,0xef,0xdc,0xff,0xbb,0xff,0xbb,0xff,
    0xbc,0xff,0xbc,0xff,0xdc,0xff,0x3a,0xe7,0xa7,0x4a,0x8f,0x8c,0xfd,0xff,0x9b,0xf7,0x9b,0xff,0xbb,0xff,0xbb,0xff,0xbb,0xff,
    0xbb,0xff,0xbb,0xff,0xbb,0xff,0xbb,0xff,0xbb,0xff,0xbb,0xff,0xbb,0xff,0xbb,0xff,0xbb,0xff,0xbb,0xff,0xbb,0xff,0xbb,0xff,
    0xbb,0xff,0xbc,0xff,0xbb,0xff,0xbb,0xff,0xbb,0xff,0xbb,0xff,0xbb,0xff,0xbb,0xff,0xbb,0xff,0xbb,0xff,0xbb,0xff,0xbb,0xff,
    0xbb,0xff,0xbb,0xff,0xbc,0xff,0xbb,0xff,0xbb,0xff,0xbc,0xff,0xbc,0xff,0xbb,0xff,0xbc,0xff,0xbb,0xff,0xbb,0xff,0xbb,0xff,
    0xbb,0xff,0xbb,0xff,0xbb,0xff,0xbb,0xff,0xbb,0xff,0xbb,0xff,0xbb,0xff,0xbb,0xff,0xbb,0xff,0xbb,0xff,0xbb,0xff,0xbb,0xff,
    0xbb,0xff,0xbb,0xff,0xbb,0xff,0x9b,0xff,0xbb,0xff,0xbb,0xff,0xbb,0xff,0xbb,0xff,0xbb,0xff,0xbb,0xff,0xbb,0xff,0xbb,0xff,
    0xbc,0xff,0xbb,0xff,0xbb,0xff,0xbb,0xff,0xbb,0xff,0xbb,0xff,0xbb,0xff,0xbb,0xff,0xbb,0xff,0xbb,0xff,0xbb,0xff,0xbb,0xff,
    0xbb,0xff,0xbb,0xff,0xbb,0xff,0xbb,0xff,0xbc,0xff,0xbc,0xff,0xbc,0xff,0xbc,0xff,0xbc,0xff,0xbb,0xff,0xbb,0xff,0xbb,0xff,
    0xbb,0xff,0xbb,0xff,0xbb,0xff,0x9b,0xff,0xbb,0xff,0x9b,0xff,0xbb,0xff,0xbb,0xff,0xbb,0xff,0xbc,0xff,0xbb,0xff,0xbb,0xff,
    0xbb,0xff,0xbc,0xff,0xbc,0xff,0xbc,0xff,0xbb,0xff,0xbc,0xff,0xbb,0xff,0xbb,0xff,0xbb,0xff,0xbb,0xff,0xbb,0xff,0xbb,0xff,
    0xbb,0xff,0xbb,0xff,0xbb,0xff,0xbb,0xff,0xbb,0xff,0xbb,0xff,0xbc,0xff,0xbb,0xff,0xbb,0xff,0xbc,0xff,0xbc,0xff,0xbc,0xff,
    0xbb,0xff,0xbb,0xff,0xbb,0xff,0xbb,0xff,0xbb,0xff,0xbc,0xff,0xbb,0xff,0xbb,0xff,0xbb,0xff,0xbb,0xff,0xbb,0xff,0xbb,0xff,
    0xbb,0xff,0xbb,0xff,0xbb,0xff,0xbb,0xff,0xbb,0xff,0xbb,0xff,0xbb,0xff,0xbb,0xff,0xbb,0xff,0xbb,0xff,0xbb,0xff,0xbb,0xff,
    0xbb,0xff,0xbb,0xff,0xbb,0xff,0x9b,0xff,0x9b,0xff,0xbb,0xff,0xbb,0xff,0xbb,0xff,0xbb,0xff,0x9b,0xff,0xbb,0xff,0xbb,0xff,
    0xbb,0xff,0xbb,0xff,0xbb,0xff,0xbb,0xff,0xbb,0xff,0xbb,0xff,0xbc,0xff,0xbb,0xff,0xbb,0xff,0xbb,0xff,0xbb,0xff,0xbb,0xff,
    0xbb,0xff,0xbb,0xff,0xbb,0xff,0xbb,0xff,0xbb,0xff,0xbb,0xff,0xbb,0xff,0xbb,0xff,0xbb,0xff,0xbb,0xff,0xbb,0xff,0xbb,0xff,
    0xbb,0xff,0xbb,0xff,0xbb,0xff,0xbb,0xff,0xbb,0xff,0xbb,0xff,0xbb,0xff,0xbb,0xff,0xbb,0xff,0xbb,0xff,0x9b,0xff,0xbb,0xff,
    0xbb,0xff,0xbb,0xff,0xbb,0xff,0xbb,0xff,0xbb,0xff,0xbb,0xff,0xbb,0xff,0xbb,0xff,0xbb,0xff,0xbb,0xff,0xbb,0xff,0xbb,0xff,
    0xbb,0xff,0xbb,0xff,0xbb,0xff,0xbb,0xff,0xbb,0xff,0xbb,0xff,0xbb,0xff,0xbb,0xff,0xbb,0xff,0xbb,0xff,0xbb,0xff,0xbb,0xff,
    0xbb,0xff,0xbb,0xff,0xbc,0xff,0xbc,0xff,0x9b,0xf7,0xfd,0xff,0x8f,0x8c,0xa8,0x4a,0x3a,0xef,0xdc,0xff,0xbb,0xff,0xbb,0xff,
    0xbc,0xff,0xbc,0xff,0xdc,0xff,0x3a,0xe7,0xa8,0x4a,0x8f,0x8c,0xfd,0xff,0x9b,0xf7,0xbb,0xff,0xbb,0xff,0xbb,0xff,0xbb,0xff,
    0xbb,0xff,0xbb,0xff,0xbc,0xff,0xbc,0xff,0xbc,0xff,0xbc,0xff,0xbb,0xff,0xbc,0xff,0xbb,0xff,0xbb,0xff,0xbb,0xff,0xbb,0xff,
    0xbb,0xff,0xbc,0xff,0xbb,0xff,0xbc,0xff,0xbc,0xff,0xbc,0xff,0xbb,0xff,0xbb,0xff,0xbc,0xff,0xbb,0xff,0xbb,0xff,0xbc,0xff,
    0xbb,0xff,0xbb,0xff,0xbc,0xff,0xbc,0xff,0xbc,0xff,0xbc,0xff,0xbc,0xff,0xbc,0xff,0xbc,0xff,0xbc,0xff,0xbc,0xff,0xbc,0xff,
    0xbc,0xff,0xbb,0xff,0xbb,0xff,0xbb,0xff,0xbb,0xff,0xbb,0xff,0xbb,0xff,0xbc,0xff,0xbb,0xff,0xbb,0xff,0xbc,0xff,0xbb,0xff,
    0xbb,0xff,0xbc,0xff,0xbc,0xff,0xbb,0xff,0xbc,0xff,0xbb,0xff,0xbb,0xff,0xbb,0xff,0xbb,0xff,0xbc,0xff,0xbc,0xff,0xbc,0xff,
    0xbc,0xff,0xbc,0xff,0xbb,0xff,0xbb,0xff,0xbb,0xff,0xbb,0xff,0xbb,0xff,0xbb,0xff,0xbc,0xff,0xbb,0xff,0xbb,0xff,0xbb,0xff,
    0xbc,0xff,0xbc,0xff,0xbc,0xff,0xbc,0xff,0xbc,0xff,0xbc,0xff,0xbc,0xff,0xbc,0xff,0xbc,0xff,0xbc,0xff,0xbc,0xff,0xbc,0xff,
    0xbb,0xff,0xbb,0xff,0xbb,0xff,0xbb,0xff,0xbb,0xff,0xbb,0xff,0xbb,0xff,0xbb,0xff,0xbc,0xff,0xbc,0xff,0xbc,0xff,0xbb,0xff,
    0xbb,0xff,0xbc,0xff,0xbc,0xff,0xbc,0xff,0xbb,0xff,0xbc,0xff,0xbb,0xff,0xbb,0xff,0xbc,0xff,0xbc,0xff,0xbb,0xff,0xbc,0xff,
    0xbc,0xff,0xbc,0xff,0xbb,0xff,0xbc,0xff,0xbc,0xff,0xbb,0xff,0xbc,0xff,0xbc,0xff,0xbc,0xff,0xbc,0xff,0xbc,0xff,0xbc,0xff,
    0xbc,0xff,0xbc,0xff,0xbb,0xff,0xbb,0xff,0xbc,0xff,0xbc,0xff,0xbc,0xff,0xbc,0xff,0xbb,0xff,0xbc,0xff,0xbb,0xff,0xbb,0xff,
    0xbc,0xff,0xbb,0xff,0xbb,0xff,0xbb,0xff,0xbb,0xff,0xbb,0xff,0xbb,0xff,0xbb,0xff,0xbb,0xff,0xbb,0xff,0xbb,0xff,0xbc,0xff,
    0xbc,0xff,0xbc,0xff,0xbb,0xff,0xbb,0xff,0xbb,0xff,0xbb,0xff,0xbc,0xff,0xbb,0xff,0xbb,0xff,0xbb,0xff,0xbc,0xff,0xbb,0xff,
    0xbb,0xff,0xbb,0xff,0xbc,0xff,0xbb,0xff,0xbb,0xff,0xbb,0xff,0xbc,0xff,0xbc,0xff,0xbc,0xff,0xbc,0xff,0xbc,0xff,0xbc,0xff,
    0xbb,0xff,0xbc,0xff,0xbc,0xff,0xbb,0xff,0xbc,0xff,0xbc,0xff,0xbc,0xff,0xbb,0xff,0xbb,0xff,0xbb,0xff,0xbc,0xff,0xbc,0xff,
    0xbc,0xff,0xbc,0xff,0xbb,0xff,0xbb,0xff,0xbc,0xff,0xbb,0xff,0xbb,0xff,0xbb,0xff,0xbb,0xff,0xbb,0xff,0xbb,0xff,0xbb,0xff,
    0xbb,0xff,0xbb,0xff,0xbb,0xff,0xbb,0xff,0xbb,0xff,0xbc,0xff,0xbc,0xff,0xbc,0xff,0xbc,0xff,0xbc,0xff,0xbb,0xff,0xbb,0xff,
    0xbb,0xff,0xbb,0xff,0xbc,0xff,0xbb,0xff,0xbb,0xff,0xbb,0xff,0xbc,0xff,0xbc,0xff,0xbc,0xff,0xbc,0xff,0xbb,0xff,0xbb,0xff,
    0xbc,0xff,0xbc,0xff,0xbc,0xff,0xbc,0xff,0x9b,0xf7,0xfd,0xff,0x8f,0x8c,0xa8,0x4a,0x3a,0xef,0xdc,0xff,0xbb,0xff,0xbb,0xff,
    0xbc,0xff,0xbb,0xff,0xdc,0xff,0x3a,0xe7,0xa8,0x4a,0x8f,0x8c,0xfd,0xff,0x9b,0xf7,0xbb,0xff,0xbb,0xff,0xbb,0xff,0xbb,0xff,
    0xbb,0xff,0xbb,0xff,0xbb,0xff,0x9b,0xff,0x9b,0xf7,0x9b,0xf7,0x9b,0xf7,0x9b,0xf7,0x9b,0xf7,0x9b,0xf7,0x9b,0xf7,0x9b,0xf7,
    0x9b,0xf7,0x9b,0xf7,0x9b,0xf7,0x9b,0xf7,0x9b,0xf7,0x9b,0xf7,0x9b,0xf7,0x9b,0xf7,0x9b,0xf7,0x9b,0xf7,0x9b,0xf7,0x9b,0xf7,
    0x9b,0xf7,0x9b,0xf7,0x9b,0xff,0x9b,0xff,0x9b,0xf7,0x9b,0xf7,0x9b,0xff,0x9b,0xff,0x9b,0xf7,0xbb,0xff,0x9b,0xf7,0x9b,0xf7,
    0x9b,0xf7,0x9b,0xf7,0x9b,0xf7,0x9b,0xf7,0x9b,0xf7,0x9b,0xf7,0x9b,0xf7,0x9b,0xf7,0x9b,0xf7,0xbb,0xff,0xbc,0xff,0xbc,0xff,
    0xbb,0xff,0xbb,0xff,0xbc,0xff,0xbb,0xff,0xbc,0xff,0xbc,0xff,0xbb,0xff,0xbb,0xff,0xbb,0xff,0xbb,0xff,0xbb,0xff,0xbb,0xff,
    0x9b,0xf7,0x9b,0xf7,0x9b,0xf7,0x9b,0xf7,0x9b,0xf7,0x9b,0xf7,0x9b,0xf7,0x9b,0xf7,0x9b,0xf7,0x9b,0xf7,0x9b,0xf7,0x9b,0xf7,
    0x9b,0xf7,0x9b,0xf7,0x9b,0xf7,0x9b,0xf7,0x9b,0xff,0x9b,0xff,0x9b,0xf7,0x9b,0xf7,0x9b,0xf7,0x9b,0xf7,0x9b,0xf7,0x9b,0xff,
    0x9b,0xff,0x9b,0xf7,0x9b,0xff,0x9b,0xf7,0x9b,0xf7,0x9b,0xf7,0x9b,0xf7,0x9b,0xf7,0x9b,0xf7,0x9b,0xf7,0x9b,0xf7,0x9b,0xf7,
    0x9b,0xf7,0x9b,0xf7,0x9b,0xf7,0x9b,0xf7,0x9b,0xff,0xbc,0xff,0xbb,0xff,0xbc,0xff,0xbc,0xff,0xbc,0xff,0xbc,0xff,0xbb,0xff,
    0xbc,0xff,0xbc,0xff,0xbc,0xff,0xbc,0xff,0xbb,0xff,0xbc,0xff,0xbc,0xff,0x9b,0xff,0x9b,0xf7,0x9b,0xf7,0x9b,0xff,0x9b,0xff,
    0x9b,0xf7,0x9b,0xf7,0x9b,0xf7,0x9b,0xf7,0x9b,0xf7,0x9b,0xf7,0x9b,0xf7,0x9b,0xf7,0x9b,0xf7,0x9b,0xff,0x9b,0xff,0x9b,0xf7,
    0x9b,0xf7,0x9b,0xf7,0x9b,0xf7,0x9b,0xf7,0x9b,0xf7,0x9b,0xf7,0x9b,0xf7,0x9b,0xf7,0x9b,0xf7,0x9b,0xf7,0x9b,0xf7,0x9b,0xf7,
    0x9b,0xf7,0x9b,0xf7,0x9b,0xf7,0x9b,0xf7,0x9b,0xf7,0x9b,0xf7,0x9b,0xf7,0x9b,0xf7,0x9b,0xf7,0x9b,0xf7,0x9b,0xf7,0x9b,0xf7,
    0x9b,0xf7,0xbb,0xff,0xbc,0xff,0xbb,0xff,0xbb,0xff,0xbb,0xff,0xbc,0xff,0xbc,0xff,0xbc,0xff,0xbc,0xff,0xbc,0xff,0xbb,0xff,
    0xbb,0xff,0xbc,0xff,0xbb,0xff,0x9b,0xff,0x9b,0xf7,0x9b,0xff,0x9b,0xf7,0x9b,0xf7,0x9b,0xf7,0x9b,0xf7,0x9b,0xf7,0x9b,0xf7,
    0x9b,0xff,0x9b,0xf7,0x9b,0xf7,0x9b,0xff,0x9b,0xf7,0x9b,0xf7,0x9b,0xf7,0x9b,0xf7,0x9b,0xf7,0x9b,0xf7,0x9b,0xf7,0x9b,0xf7,
    0x9b,0xf7,0x9b,0xf7,0x9b,0xf7,0x9b,0xf7,0x9b,0xf7,0x9b,0xf7,0x9b,0xff,0x9b,0xf7,0x9b,0xff,0x9b,0xf7,0x9b,0xf7,0x9b,0xf7,
    0x9b,0xf7,0x9b,0xf7,0x9b,0xf7,0x9b,0xf7,0x9b,0xf7,0x9b,0xf7,0x9b,0xf7,0x9b,0xf7,0x9b,0xf7,0xbb,0xff,0xbb,0xff,0xbc,0xff,
    0xbc,0xff,0xbc,0xff,0xbc,0xff,0xbc,0xff,0x9b,0xf7,0xfd,0xff,0x8f,0x8c,0xa8,0x4a,0x3a,0xef,0xdc,0xff,0xbb,0xff,0xbb,0xff,
    0xbc,0xff,0x9b,0xff,0xdc,0xff,0x1a,0xe7,0xa7,0x4a,0x8f,0x8c,0xfd,0xff,0x9b,0xf7,0xbb,0xff,0xbc,0xff,0xbb,0xff,0xbc,0xff,
    0xbb,0xff,0xbb,0xff,0xbc,0xff,0xfd,0xff,0xfd,0xff,0xfd,0xff,0xfd,0xff,0xfd,0xff,0xfd,0xff,0xfd,0xff,0xfd,0xff,0xfd,0xff,
    0xfd,0xff,0xfd,0xff,0xfd,0xff,0xfd,0xff,0xfd,0xff,0xfd,0xff,0xfd,0xff,0xfd,0xff,0xfd,0xff,0xfd,0xff,0xfd,0xff,0xfd,0xff,
    0xfd,0xff,0xfd,0xff,0xfd,0xff,0xfd,0xff,0xfd,0xff,0xfd,0xff,0xfd,0xff,0xfd,0xff,0xfd,0xff,0xfd,0xff,0xfd,0xff,0xfd,0xff,
    0xfd,0xff,0xfd,0xff,0xfd,0xff,0xfd,0xff,0xfd,0xff,0xfd,0xff,0xfd,0xff,0xfd,0xff,0xfd,0xff,0xbc,0xff,0xbb,0xff,0xbc,0xff,
    0xbc,0xff,0xbb,0xff,0xbc,0xff,0xbc,0xff,0xbc,0xff,0xbc,0xff,0xbc,0xff,0xbb,0xff,0xbb,0xff,0xbb,0xff,0xbb,0xff,0xdc,0xff,
    0xfd,0xff,0xfd,0xff,0xfd,0xff,0xfd,0xff,0xfd,0xff,0xfd,0xff,0xfd,0xff,0xfd,0xff,0xfd,0xff,0xfd,0xff,0xfd,0xff,0xfd,0xff,
    0xfd,0xff,0xfd,0xff,0xfd,0xff,0xfd,0xff,0xfd,0xff,0xfd,0xff,0xfd,0xff,0xfd,0xff,0xfd,0xff,0xfd,0xff,0xfd,0xff,0xfd,0xff,
    0xfd,0xff,0xfd,0xff,0xfd,0xff,0xfd,0xff,0xfd,0xff,0xfd,0xff,0xfd,0xff,0xfd,0xff,0xfd,0xff,0xfd,0xff,0xfd,0xff,0xfd,0xff,
    0xfd,0xff,0xfd,0xff,0xfd,0xff,0xfd,0xff,0xfd,0xff,0xbc,0xff,0xbc,0xff,0xbc,0xff,0xbc,0xff,0xbb,0xff,0xbb,0xff,0xbc,0xff,
    0xbc,0xff,0xbc,0xff,0xbc,0xff,0xbc,0xff,0xbc,0xff,0xbc,0xff,0xbc,0xff,0xfd,0xff,0xfd,0xff,0xfd,0xff,0xfd,0xff,0xfd,0xff,
    0xfd,0xff,0xfd,0xff,0xfd,0xff,0xfd,0xff,0xfd,0xff,0xfd,0xff,0xfd,0xff,0xfd,0xff,0xfd,0xff,0xfd,0xff,0xfd,0xff,0xfd,0xff,
    0xfd,0xff,0xfd,0xff,0xfd,0xff,0xfd,0xff,0xfd,0xff,0xfd,0xff,0xfd,0xff,0xfd,0xff,0xfd,0xff,0xfd,0xff,0xfd,0xff,0xfd,0xff,
    0xfd,0xff,0xfd,0xff,0xfd,0xff,0xfd,0xff,0xfd,0xff,0xfd,0xff,0xfd,0xff,0xfd,0xff,0xfd,0xff,0xfd,0xff,0xfd,0xff,0xfd,0xff,
    0xfc,0xff,0xbb,0xff,0xbb,0xff,0xbb,0xff,0xbb,0xff,0xbb,0xff,0xbc,0xff,0xbc,0xff,0xbc,0xff,0xbb,0xff,0xbc,0xff,0xbb,0xff,
    0xbc,0xff,0xbc,0xff,0xbc,0xff,0xfd,0xff,0xfd,0xff,0xfd,0xff,0xfd,0xff,0xfd,0xff,0xfd,0xff,0xfd,0xff,0xfd,0xff,0xfd,0xff,
    0xfd,0xff,0xfd,0xff,0xfd,0xff,0xfd,0xff,0xfd,0xff,0xfd,0xff,0xfd,0xff,0xfd,0xff,0xfd,0xff,0xfd,0xff,0xfd,0xff,0xfd,0xff,
    0xfd,0xff,0xfd,0xff,0xfd,0xff,0xfd,0xff,0xfd,0xff,0xfd,0xff,0xfd,0xff,0xfd,0xff,0xfd,0xff,0xfd,0xff,0xfd,0xff,0xfd,0xff,
    0xfd,0xff,0xfd,0xff,0xfd,0xff,0xfd,0xff,0xfd,0xff,0xfd,0xff,0xfd,0xff,0xfd,0xff,0xfd,0xff,0xbc,0xff,0xbc,0xff,0xbc,0xff,
    0xbc,0xff,0xbc,0xff,0xbc,0xff,0xbc,0xff,0x9b,0xff,0xfd,0xff,0x6f,0x8c,0xa8,0x4a,0x3a,0xef,0xdc,0xff,0xbb,0xff,0xbc,0xff,
    0xbc,0xff,0x9b,0xff,0xdc,0xff,0x19,0xe7,0x87,0x4a,0x6f,0x8c,0xfd,0xff,0x9b,0xf7,0xbb,0xff,0xbb,0xff,0xbb,0xff,0xbc,0xff,
    0xbc,0xff,0xbc,0xff,0x9b,0xf7,0x35,0xc6,0x35,0xc6,0x35,0xc6,0x35,0xc6,0x35,0xc6,0x15,0xc6,0x15,0xbe,0x14,0xbe,0x14,0xbe,
    0x14,0xbe,0xf4,0xbd,0xf4,0xbd,0xf4,0xbd,0xf4,0xbd,0xf4,0xbd,0xf4,0xbd,0xf4,0xbd,0xf4,0xbd,0xf4,0xbd,0xf4,0xbd,0xf4,0xbd,
    0xf4,0xbd,0xf4,0xbd,0xf4,0xbd,0xf4,0xbd,0xf4,0xbd,0xf4,0xbd,0xf4,0xb5,0xf4,0xbd,0xf4,0xbd,0xf4,0xbd,0xf4,0xbd,0xf4,0xbd,
    0xf4,0xbd,0xf4,0xbd,0x14,0xbe,0x14,0xbe,0x14,0xbe,0x14,0xbe,0x15,0xbe,0x15,0xbe,0xf4,0xbd,0x5a,0xef,0xbc,0xff,0xbc,0xff,
    0xbc,0xff,0xbc,0xff,0xbc,0xff,0xbc,0xff,0xbc,0xff,0xbb,0xff,0xbb,0xff,0xbc,0xff,0xbc,0xff,0xbb,0xff,0xbb,0xff,0x76,0xce,
    0x15,0xbe,0x35,0xc6,0x35,0xc6,0x35,0xc6,0x15,0xbe,0x14,0xbe,0xf4,0xbd,0xf4,0xbd,0xf4,0xbd,0xf4,0xb5,0xf4,0xb5,0xf4,0xb5,
    0xf4,0xb5,0xf4,0xb5,0xf4,0xbd,0xf4,0xbd,0xf4,0xb5,0xf4,0xb5,0xf4,0xb5,0xd4,0xb5,0xd4,0xb5,0xd4,0xb5,0xd4,0xb5,0xf4,0xb5,
    0xf4,0xb5,0xf4,0xb5,0xf4,0xb5,0xd4,0xb5,0xd4,0xb5,0xd4,0xb5,0xd4,0xb5,0xd4,0xb5,0xd4,0xb5,0xd4,0xb5,0xd4,0xb5,0xd4,0xb5,
    0xf4,0xb5,0xf4,0xbd,0xf4,0xbd,0xf4,0xb5,0x56,0xc6,0xbc,0xff,0xbc,0xff,0xbb,0xff,0xbb,0xff,0xbc,0xff,0xbb,0xff,0xbc,0xff,
    0xbc,0xff,0xbc,0xff,0xbc,0xff,0xbc,0xff,0xbb,0xff,0xbc,0xff,0xbc,0xff,0x97,0xce,0x14,0xbe,0x35,0xc6,0x35,0xc6,0x15,0xbe,
    0xf4,0xbd,0xf4,0xbd,0xf4,0xbd,0xf4,0xb5,0xf4,0xbd,0xf4,0xbd,0xf4,0xbd,0xf4,0xbd,0xf4,0xbd,0xf4,0xbd,0xf4,0xbd,0xf4,0xbd,
    0xf4,0xbd,0xf4,0xb5,0xf4,0xb5,0xf4,0xb5,0xd4,0xb5,0xd4,0xb5,0xf4,0xb5,0xf4,0xb5,0xf4,0xb5,0xf4,0xb5,0xf4,0xb5,0xf4,0xb5,
    0xf4,0xb5,0xf4,0xb5,0xf4,0xb5,0xf4,0xb5,0xf4,0xb5,0xf4,0xbd,0xf4,0xbd,0xf4,0xbd,0xf4,0xbd,0xf4,0xbd,0xf4,0xbd,0xf4,0xb5,
    0x35,0xc6,0xbb,0xff,0xbb,0xff,0xbb,0xff,0xbc,0xff,0xbc,0xff,0xbc,0xff,0xbc,0xff,0xbc,0xff,0xbb,0xff,0xbc,0xff,0xbc,0xff,
    0xbb,0xff,0xbc,0xff,0x7b,0xf7,0xd4,0xb5,0xb3,0xad,0xb3,0xad,0xb3,0xad,0xb3,0xad,0xb3,0xad,0xb3,0xad,0xb3,0xad,0x93,0xad,
    0x93,0xad,0x93,0xad,0x93,0xad,0x93,0xad,0x93,0xad,0x93,0xad,0x93,0xad,0x93,0xad,0x93,0xad,0xb3,0xad,0x93,0xad,0xb3,0xad,
    0xb3,0xad,0xb3,0xad,0xb3,0xad,0xb3,0xad,0xb3,0xad,0x93,0xad,0xb3,0xad,0x93,0xad,0x93,0xad,0x93,0xad,0xb3,0xad,0xb3,0xad,
    0xb3,0xad,0x93,0xad,0x93,0xad,0x93,0xad,0x93,0xad,0xb3,0xad,0xb3,0xad,0x92,0xad,0xb3,0xad,0x9b,0xf7,0xbc,0xff,0xbc,0xff,
    0xbc,0xff,0xbc,0xff,0xbc,0xff,0xbc,0xff,0x9b,0xff,0xfd,0xff,0x6f,0x8c,0xa7,0x4a,0x3a,0xef,0xdc,0xff,0xbb,0xff,0xbc,0xff,
    0xbc,0xff,0x9b,0xff,0xdc,0xff,0x19,0xe7,0x87,0x4a,0x6f,0x8c,0xfd,0xff,0x9b,0xf7,0xbb,0xff,0xbb,0xff,0xbb,0xff,0xbc,0xff,
    0x9b,0xf7,0xbc,0xff,0x3a,0xef,0x49,0x5b,0xa6,0x42,0x86,0x42,0xa6,0x42,0xc6,0x42,0xc6,0x42,0xa6,0x42,0xa6,0x42,0xa6,0x42,
    0xa6,0x42,0xa6,0x42,0xa6,0x42,0xa6,0x42,0xa6,0x42,0xc6,0x42,0xc6,0x42,0xa6,0x42,0xa6,0x42,0xa6,0x42,0xa6,0x42,0xa6,0x42,
    0xa6,0x42,0xa6,0x42,0xa6,0x42,0xa6,0x42,0xa6,0x42,0xa6,0x42,0xa6,0x42,0xa6,0x42,0xa6,0x42,0x86,0x42,0x86,0x42,0x86,0x42,
    0x86,0x42,0xa6,0x42,0xa6,0x42,0xa6,0x42,0xa6,0x42,0xc6,0x42,0xc6,0x42,0xa6,0x42,0xe7,0x4a,0xf8,0xde,0xdc,0xff,0x9b,0xf7,
    0xbc,0xff,0xbc,0xff,0xbc,0xff,0xbb,0xff,0xbc,0xff,0xbc,0xff,0xbb,0xff,0xbc,0xff,0xbb,0xff,0x9b,0xf7,0xdc,0xff,0x2d,0x7c,
    0xa6,0x42,0xc6,0x42,0xa6,0x42,0xc6,0x42,0xc6,0x42,0xc6,0x42,0xa6,0x42,0xa6,0x42,0xa6,0x42,0xa6,0x42,0xa6,0x42,0xa6,0x42,
    0xa6,0x42,0xc6,0x42,0xa6,0x42,0xa6,0x42,0xc6,0x42,0xc6,0x42,0xa6,0x42,0xa6,0x42,0xa6,0x42,0xa6,0x42,0xa6,0x42,0xa6,0x42,
    0xc6,0x42,0xc6,0x42,0xc6,0x42,0xc6,0x42,0xa6,0x42,0xa6,0x42,0xa6,0x42,0xa6,0x42,0x86,0x42,0x86,0x42,0x86,0x42,0x86,0x42,
    0xa6,0x42,0xa6,0x42,0xa6,0x42,0xa6,0x42,0xaa,0x63,0x9b,0xf7,0xbb,0xff,0x9b,0xf7,0xbc,0xff,0xbb,0xff,0xbc,0xff,0xbb,0xff,
    0xbc,0xff,0xbc,0xff,0xbb,0xff,0xbc,0xff,0x9b,0xff,0x9b,0xf7,0xdd,0xff,0x2d,0x7c,0xa6,0x42,0xa6,0x42,0xa6,0x42,0xa6,0x42,
    0xa6,0x42,0xa6,0x42,0xa6,0x42,0xa6,0x42,0xa6,0x42,0xa6,0x42,0xa6,0x42,0xa6,0x42,0xa6,0x42,0xa6,0x42,0xa6,0x42,0xa6,0x42,
    0xa6,0x42,0xa6,0x42,0xa6,0x42,0x86,0x42,0x86,0x42,0x85,0x3a,0x85,0x3a,0x86,0x42,0xa6,0x42,0xa6,0x42,0xa6,0x42,0xa6,0x42,
    0x86,0x42,0xa6,0x42,0xa6,0x42,0xa6,0x42,0xa6,0x42,0xa6,0x42,0xa6,0x42,0xa6,0x42,0xa6,0x42,0x86,0x42,0x86,0x42,0x86,0x3a,
    0xab,0x6b,0xdc,0xff,0xbc,0xff,0x9b,0xff,0xbc,0xff,0xbb,0xff,0xbb,0xff,0xbc,0xff,0xbc,0xff,0xbb,0xff,0xbc,0xff,0xbc,0xff,
    0x9b,0xf7,0xbc,0xff,0x7b,0xef,0x69,0x5b,0xc6,0x42,0xa6,0x42,0xc6,0x42,0xc6,0x42,0xa6,0x42,0xa6,0x42,0xa6,0x42,0xa6,0x42,
    0xa6,0x42,0xa6,0x42,0xa6,0x42,0xa6,0x42,0xa6,0x42,0xa6,0x42,0xa6,0x42,0xa6,0x42,0xa6,0x42,0xa6,0x42,0xa6,0x42,0xa6,0x42,
    0x86,0x42,0x86,0x42,0x86,0x42,0x86,0x42,0xa6,0x42,0xa6,0x42,0xa6,0x42,0xa6,0x42,0xa6,0x42,0xa6,0x42,0xa6,0x42,0xa6,0x42,
    0xa6,0x42,0xa6,0x42,0xa6,0x42,0xa6,0x42,0xa6,0x42,0xa6,0x42,0xa6,0x42,0xa6,0x42,0x49,0x5b,0x7b,0xef,0xbb,0xff,0xbb,0xf7,
    0xbc,0xff,0xbc,0xff,0xbc,0xff,0xbc,0xff,0x9b,0xf7,0xfd,0xff,0x8f,0x8c,0x87,0x4a,0x3a,0xef,0xdc,0xff,0xbb,0xff,0xbc,0xff,
    0xbc,0xff,0x9b,0xff,0xdc,0xff,0x19,0xe7,0x87,0x4a,0x6f,0x8c,0xfd,0xff,0x9b,0xf7,0xbb,0xff,0xbb,0xff,0xbb,0xff,0x9b,0xff,
    0xdc,0xff,0xbc,0xff,0x4d,0x7c,0xa6,0x42,0xf0,0x94,0xb7,0xd6,0x76,0xce,0x76,0xce,0x96,0xce,0x97,0xce,0x97,0xce,0x77,0xce,
    0x97,0xce,0x97,0xce,0x97,0xd6,0x97,0xd6,0x97,0xd6,0x97,0xd6,0x97,0xd6,0x97,0xd6,0x97,0xce,0x97,0xd6,0x97,0xd6,0x97,0xd6,
    0x97,0xd6,0x97,0xd6,0x97,0xd6,0x97,0xd6,0x97,0xd6,0x97,0xd6,0x97,0xd6,0x97,0xd6,0x97,0xd6,0x97,0xce,0x77,0xce,0x97,0xce,
    0x97,0xd6,0x97,0xd6,0x97,0xd6,0x97,0xce,0x97,0xd6,0x97,0xd6,0xd8,0xd6,0xb4,0xb5,0x08,0x53,0x0c,0x74,0xd8,0xde,0xfe,0xff,
    0x9b,0xf7,0xbb,0xff,0xbc,0xff,0xbc,0xff,0xbc,0xff,0xbc,0xff,0xbc,0xff,0xbb,0xff,0xdc,0xff,0x7a,0xf7,0x4d,0x7c,0x08,0x53,
    0xd0,0x94,0xb8,0xd6,0x76,0xce,0x96,0xce,0x97,0xce,0x97,0xce,0x97,0xce,0x97,0xce,0x97,0xd6,0x97,0xce,0x97,0xce,0x97,0xce,
    0x97,0xd6,0x97,0xd6,0x97,0xd6,0x97,0xd6,0x97,0xd6,0x97,0xd6,0x97,0xd6,0x96,0xce,0x96,0xce,0x97,0xce,0x97,0xce,0x97,0xce,
    0x97,0xd6,0x97,0xd6,0x97,0xd6,0x97,0xd6,0x97,0xd6,0x97,0xd6,0x97,0xce,0x97,0xce,0x97,0xd6,0x97,0xd6,0x97,0xce,0x97,0xce,
    0x76,0xce,0x97,0xce,0xb8,0xd6,0xb3,0xb5,0x69,0x5b,0x0c,0x74,0x39,0xef,0xfd,0xff,0x9b,0xff,0xbb,0xff,0xbb,0xff,0xbb,0xff,
    0xbc,0xff,0xbc,0xff,0xbc,0xff,0xbb,0xff,0xfd,0xff,0x9b,0xf7,0x4d,0x7c,0x28,0x53,0x31,0x9d,0xb8,0xd6,0x76,0xce,0x77,0xce,
    0x97,0xce,0x97,0xce,0x97,0xd6,0x97,0xd6,0x97,0xd6,0x97,0xd6,0x97,0xd6,0x97,0xd6,0x97,0xd6,0x97,0xce,0x97,0xce,0x97,0xce,
    0x97,0xce,0x97,0xce,0x97,0xd6,0x97,0xd6,0x97,0xd6,0x97,0xce,0x77,0xce,0x77,0xce,0x97,0xce,0x97,0xce,0x97,0xd6,0x97,0xd6,
    0x77,0xce,0x76,0xce,0x77,0xce,0x97,0xce,0x97,0xce,0x97,0xce,0x97,0xce,0x97,0xce,0x76,0xce,0x76,0xce,0x97,0xd6,0x11,0x9d,
    0x28,0x53,0x6d,0x84,0x7b,0xf7,0xfc,0xff,0x9b,0xff,0xbc,0xff,0xbc,0xff,0xbc,0xff,0xbc,0xff,0xbc,0xff,0xbb,0xff,0x9b,0xf7,
    0xfd,0xff,0xd8,0xde,0x0c,0x74,0x49,0x5b,0xd4,0xb5,0xd7,0xd6,0x97,0xd6,0xb7,0xd6,0xb7,0xd6,0xb7,0xd6,0xb7,0xd6,0xb7,0xd6,
    0xb7,0xd6,0xb7,0xd6,0xb7,0xd6,0xb7,0xd6,0xb7,0xd6,0xb7,0xd6,0xb7,0xd6,0xb7,0xd6,0xb7,0xd6,0xb7,0xd6,0xb7,0xd6,0x97,0xd6,
    0x97,0xd6,0x97,0xd6,0x97,0xd6,0x97,0xd6,0x97,0xd6,0x97,0xd6,0x97,0xd6,0x97,0xd6,0x97,0xd6,0x97,0xd6,0x97,0xd6,0x97,0xd6,
    0x97,0xd6,0xb7,0xd6,0xb7,0xd6,0xb7,0xd6,0xb7,0xd6,0x97,0xd6,0xd8,0xde,0x51,0xa5,0xe7,0x4a,0x0c,0x74,0x3a,0xef,0xfd,0xff,
    0x9b,0xff,0xbc,0xff,0xbc,0xff,0xbc,0xff,0x9b,0xf7,0xfd,0xff,0x8f,0x8c,0x87,0x4a,0x3a,0xe7,0xdc,0xff,0xbc,0xff,0xbc,0xff,
    0xbc,0xff,0xbb,0xff,0xdc,0xff,0x19,0xe7,0x87,0x4a,0x6f,0x8c,0xfd,0xff,0x9b,0xf7,0xbb,0xff,0xbb,0xff,0xbb,0xff,0xdc,0xff,
    0xd8,0xde,0xaf,0x8c,0x08,0x53,0x2d,0x7c,0xd8,0xde,0xfd,0xff,0xdc,0xff,0xfc,0xff,0xfd,0xff,0xfd,0xff,0xfd,0xff,0xfd,0xff,
    0xfd,0xff,0xfd,0xff,0xfd,0xff,0xfd,0xff,0xfd,0xff,0xfd,0xff,0xfd,0xff,0xfd,0xff,0xfd,0xff,0xfd,0xff,0xfd,0xff,0xfd,0xff,
    0xfd,0xff,0xfd,0xff,0xfd,0xff,0xfd,0xff,0xfd,0xff,0xfd,0xff,0xfd,0xff,0xfd,0xff,0xfd,0xff,0xfd,0xff,0xfd,0xff,0xfd,0xff,
    0xfd,0xff,0xfd,0xff,0xfd,0xff,0xfd,0xff,0xfd,0xff,0xfc,0xff,0xfd,0xff,0x3a,0xef,0x4d,0x7c,0x27,0x53,0x2d,0x7c,0x93,0xad,
    0xbc,0xff,0xbc,0xff,0xbc,0xff,0xbc,0xff,0xbc,0xff,0xbc,0xff,0x9b,0xff,0xdc,0xff,0x76,0xce,0x4d,0x7c,0x86,0x42,0x08,0x53,
    0x77,0xce,0xfe,0xff,0xdc,0xff,0xfc,0xff,0xfc,0xff,0xfd,0xff,0xfd,0xff,0xfd,0xff,0xfd,0xff,0xfc,0xff,0xfc,0xff,0xfc,0xff,
    0xfc,0xff,0xfc,0xff,0xfc,0xff,0xfc,0xff,0xfc,0xff,0xfc,0xff,0xfc,0xff,0xfc,0xff,0xfd,0xff,0xfd,0xff,0xfd,0xff,0xfc,0xff,
    0xfc,0xff,0xfc,0xff,0xfc,0xff,0xfd,0xff,0xfd,0xff,0xfd,0xff,0xfd,0xff,0xfd,0xff,0xfd,0xff,0xfd,0xff,0xfd,0xff,0xfd,0xff,
    0xfd,0xff,0xdc,0xff,0xfd,0xff,0x5b,0xe7,0xeb,0x6b,0xa6,0x42,0x2d,0x7c,0x35,0xbe,0xdc,0xff,0x9b,0xff,0xbb,0xff,0xbc,0xff,
    0xbc,0xff,0xbb,0xff,0xbb,0xff,0xdc,0xff,0x35,0xc6,0xaf,0x84,0xc7,0x42,0x49,0x5b,0xb8,0xd6,0xfe,0xff,0xfc,0xff,0xfd,0xff,
    0xfc,0xff,0xfd,0xff,0xfd,0xff,0xfc,0xff,0xfd,0xff,0xfd,0xff,0xfd,0xff,0xfd,0xff,0xfd,0xff,0xfd,0xff,0xfd,0xff,0xfd,0xff,
    0xfd,0xff,0xfd,0xff,0xfd,0xff,0xfd,0xff,0xfd,0xff,0xfd,0xff,0xfd,0xff,0xfd,0xff,0xfd,0xff,0xfd,0xff,0xfd,0xff,0xfd,0xff,
    0xfd,0xff,0xfd,0xff,0xfd,0xff,0xfd,0xff,0xfd,0xff,0xfd,0xff,0xfd,0xff,0xfd,0xff,0xfc,0xff,0xdc,0xff,0xfe,0xff,0xb8,0xd6,
    0x49,0x5b,0x86,0x42,0x2d,0x7c,0x56,0xce,0xdd,0xff,0x9b,0xff,0xbc,0xff,0xbc,0xff,0xbc,0xff,0xbc,0xff,0xbc,0xff,0xbc,0xff,
    0x92,0xad,0x0c,0x74,0x86,0x3a,0xab,0x63,0x3a,0xe7,0xfd,0xff,0xdc,0xff,0xfc,0xff,0xfc,0xff,0xfd,0xff,0xfd,0xff,0xfd,0xff,
    0xfd,0xff,0xfd,0xff,0xfd,0xff,0xfd,0xff,0xfd,0xff,0xfd,0xff,0xfd,0xff,0xfd,0xff,0xfd,0xff,0xfd,0xff,0xfc,0xff,0xfc,0xff,
    0xfd,0xff,0xfd,0xff,0xfd,0xff,0xfd,0xff,0xfd,0xff,0xfc,0xff,0xfc,0xff,0xfc,0xff,0xfd,0xff,0xfd,0xff,0xfd,0xff,0xfd,0xff,
    0xfd,0xff,0xfd,0xff,0xfc,0xff,0xfc,0xff,0xdc,0xff,0xdc,0xff,0xfd,0xff,0xd8,0xde,0xaf,0x8c,0x28,0x53,0x4d,0x7c,0xd8,0xde,
    0xdc,0xff,0x9b,0xff,0xbc,0xff,0xbc,0xff,0x9b,0xff,0xfd,0xff,0x8f,0x8c,0x87,0x4a,0x3a,0xe7,0xdc,0xff,0xbb,0xff,0xbc,0xff,
    0xbc,0xff,0xbb,0xff,0xdc,0xff,0x19,0xe7,0x87,0x4a,0x8f,0x8c,0xfd,0xff,0x9b,0xf7,0xbb,0xff,0xbb,0xff,0x9b,0xf7,0xfd,0xff,
    0x35,0xc6,0x86,0x3a,0x8e,0x84,0x7b,0xef,0xdc,0xff,0x9b,0xf7,0x9b,0xf7,0x9b,0xf7,0x9b,0xf7,0x9b,0xff,0x9b,0xf7,0x9b,0xf7,
    0x9b,0xf7,0x9b,0xff,0x9c,0xff,0x9b,0xff,0xbb,0xff,0x9b,0xff,0xbb,0xff,0x9b,0xff,0x9b,0xff,0x9b,0xff,0x9b,0xff,0x9b,0xff,
    0x9b,0xff,0x9b,0xff,0x9b,0xff,0x9b,0xff,0x9b,0xff,0x9b,0xff,0xbb,0xff,0x9b,0xf7,0xbb,0xff,0x9b,0xff,0xbb,0xff,0xbb,0xff,
    0xbb,0xff,0x9b,0xff,0x9b,0xff,0x9b,0xff,0x9b,0xff,0x9b,0xff,0x9b,0xf7,0xdc,0xff,0x19,0xe7,0x51,0xa5,0x69,0x5b,0xeb,0x73,
    0xdc,0xff,0xbb,0xff,0xbb,0xff,0xbc,0xff,0xbc,0xff,0xbc,0xff,0x9b,0xf7,0xfd,0xff,0x72,0xa5,0x86,0x3a,0x2d,0x7c,0x15,0xbe,
    0xdc,0xff,0x9b,0xf7,0x9b,0xf7,0x9b,0xf7,0x9b,0xf7,0x9b,0xff,0x9b,0xff,0x9b,0xff,0x9b,0xff,0x9b,0xf7,0x9b,0xf7,0x9b,0xf7,
    0x9b,0xf7,0x9b,0xff,0x9b,0xff,0x9b,0xff,0x9b,0xff,0x9b,0xf7,0x9b,0xf7,0x9b,0xf7,0x9b,0xf7,0x9b,0xf7,0x9b,0xf7,0x9b,0xf7,
    0x9b,0xf7,0x9b,0xff,0x9b,0xff,0x9b,0xf7,0x9b,0xff,0x9b,0xff,0x9b,0xff,0xbb,0xff,0xbb,0xff,0xbb,0xff,0x9b,0xff,0x9b,0xff,
    0x9b,0xff,0x9b,0xff,0x9b,0xf7,0xfd,0xff,0xb8,0xd6,0xaf,0x8c,0xa6,0x42,0xf0,0x94,0xfd,0xff,0x9b,0xf7,0xbc,0xff,0xbc,0xff,
    0xbc,0xff,0xbc,0xff,0x9b,0xff,0xfd,0xff,0xcf,0x94,0xc6,0x42,0xf0,0x94,0xb8,0xd6,0xdc,0xff,0x9b,0xf7,0x9b,0xff,0x9b,0xff,
    0x9b,0xf7,0x9b,0xf7,0x9b,0xff,0x9b,0xff,0x9b,0xff,0x9b,0xff,0x9b,0xff,0x9b,0xff,0x9b,0xff,0x9b,0xff,0x9b,0xf7,0x9b,0xf7,
    0x9b,0xff,0x9b,0xff,0x9b,0xf7,0x9b,0xff,0xbb,0xff,0x9b,0xf7,0x9b,0xff,0x9b,0xff,0xbb,0xf7,0x9b,0xff,0x9b,0xff,0x9b,0xff,
    0x9b,0xf7,0x9b,0xff,0x9b,0xff,0x9b,0xff,0x9b,0xff,0x9b,0xff,0x9b,0xff,0x9b,0xf7,0x9b,0xf7,0x9b,0xf7,0x9b,0xf7,0xdc,0xff,
    0x76,0xce,0x8e,0x8c,0x66,0x3a,0x72,0xa5,0xfd,0xff,0x9b,0xf7,0xbc,0xff,0xbc,0xff,0xbc,0xff,0xbc,0xff,0xbc,0xff,0xdc,0xff,
    0xcb,0x6b,0x28,0x53,0xaf,0x8c,0x97,0xd6,0xdc,0xff,0x9b,0xf7,0x9b,0xff,0x9b,0xff,0x9b,0xff,0xbb,0xff,0xbb,0xff,0xbb,0xff,
    0x9b,0xff,0xbb,0xff,0xbb,0xff,0x9b,0xff,0xbb,0xff,0xbb,0xff,0x9b,0xff,0x9b,0xff,0xbb,0xff,0x9b,0xff,0x9b,0xf7,0x9b,0xf7,
    0x9b,0xff,0x9b,0xff,0x9b,0xff,0x9b,0xff,0x9b,0xf7,0x9b,0xf7,0x9b,0xf7,0x9b,0xf7,0x9c,0xf7,0xbc,0xf7,0xbb,0xf7,0x9b,0xf7,
    0x9b,0xf7,0x9b,0xf7,0x9b,0xff,0x9b,0xff,0x9b,0xf7,0x9b,0xf7,0x9b,0xf7,0xdc,0xff,0x9b,0xf7,0x6e,0x84,0x86,0x3a,0x35,0xc6,
    0xfd,0xff,0x9b,0xf7,0xbc,0xff,0xbc,0xff,0x9b,0xf7,0xfd,0xff,0x6f,0x8c,0xa7,0x4a,0x3a,0xef,0xdc,0xff,0xbb,0xff,0xbc,0xff,
    0xbc,0xff,0x9b,0xff,0xdc,0xff,0x1a,0xe7,0xa7,0x4a,0x8f,0x8c,0xfd,0xff,0x9b,0xf7,0xbb,0xff,0xbb,0xff,0x9b,0xf7,0xfd,0xff,
    0x56,0xc6,0xa6,0x42,0x97,0xce,0xfd,0xff,0x9b,0xf7,0xbc,0xff,0xbc,0xff,0xbc,0xff,0xbc,0xff,0xbc,0xff,0xbc,0xff,0xbc,0xff,
    0xbc,0xff,0xbc,0xff,0xbc,0xff,0xbc,0xff,0xbc,0xff,0xbc,0xff,0xbc,0xff,0xbc,0xff,0xbc,0xff,0xbc,0xff,0xbc,0xff,0xbc,0xff,
    0xbc,0xff,0xbc,0xff,0xbc,0xff,0xbc,0xff,0xbc,0xff,0xbc,0xff,0xbc,0xff,0xbc,0xff,0xbc,0xff,0xbc,0xff,0xbc,0xff,0xbc,0xff,
    0xbc,0xff,0xbc,0xff,0xbc,0xff,0xbc,0xff,0xbc,0xff,0xbc,0xff,0xbc,0xff,0x9b,0xff,0xbc,0xff,0xfd,0xff,0xcb,0x6b,0x0c,0x74,
    0xdc,0xff,0xbb,0xff,0xbb,0xff,0xbc,0xff,0xbc,0xff,0xbc,0xff,0x9b,0xf7,0xfd,0xff,0x93,0xad,0xc7,0x42,0xf8,0xde,0xfd,0xff,
    0x9b,0xf7,0xbb,0xff,0xbc,0xff,0xbc,0xff,0xbc,0xff,0xbc,0xff,0xbc,0xff,0xbc,0xff,0xbc,0xff,0xbc,0xff,0xbc,0xff,0xbc,0xff,
    0xbb,0xff,0xbb,0xff,0xbc,0xff,0xbc,0xff,0xbb,0xff,0xbb,0xff,0x9b,0xf7,0xdc,0xff,0xdc,0xff,0x4d,0x7c,0x72,0xa5,0xfd,0xff,
    0x9b,0xf7,0xbc,0xff,0xbc,0xff,0xbc,0xff,0xbc,0xff,0xbc,0xff,0xbc,0xff,0xbc,0xff,0xbc,0xff,0xbc,0xff,0xbc,0xff,0xbc,0xff,
    0xbc,0xff,0xbc,0xff,0xbc,0xff,0x9b,0xf7,0xfd,0xff,0x9b,0xf7,0xe7,0x4a,0x10,0x9d,0xfd,0xff,0x9b,0xf7,0xbb,0xff,0xbb,0xff,
    0xbc,0xff,0xbc,0xff,0x9b,0xf7,0xfd,0xff,0xf0,0x94,0xe7,0x4a,0x9b,0xf7,0xfd,0xff,0x9b,0xf7,0xbb,0xff,0xbb,0xff,0xbc,0xff,
    0xbc,0xff,0xbc,0xff,0xbc,0xff,0xbc,0xff,0xbc,0xff,0xbc,0xff,0xbc,0xff,0xbc,0xff,0xbc,0xff,0xbc,0xff,0xbc,0xff,0xbc,0xff,
    0xbc,0xff,0xbc,0xff,0xbc,0xff,0xbc,0xff,0xbc,0xff,0xbc,0xff,0xbc,0xff,0xbc,0xff,0xbc,0xff,0xbc,0xff,0xbc,0xff,0xbc,0xff,
    0xbc,0xff,0xbc,0xff,0xbc,0xff,0xbc,0xff,0xbc,0xff,0xbc,0xff,0xbc,0xff,0x9b,0xff,0xbb,0xff,0xbc,0xff,0xbc,0xff,0x9b,0xf7,
    0xfc,0xff,0x19,0xe7,0xe7,0x4a,0xb3,0xad,0xfd,0xff,0x9b,0xf7,0xbc,0xff,0xbc,0xff,0xbc,0xff,0xbc,0xff,0xbc,0xff,0xdc,0xff,
    0xec,0x73,0xcb,0x6b,0xfd,0xff,0xbc,0xff,0x9b,0xff,0xbc,0xff,0xbc,0xff,0xbc,0xff,0xbc,0xff,0xbc,0xff,0xbc,0xff,0xbc,0xff,
    0xbc,0xff,0xbc,0xff,0xbc,0xff,0xbc,0xff,0xbc,0xff,0xbc,0xff,0xbc,0xff,0xbc,0xff,0xbc,0xff,0xbc,0xff,0xbc,0xff,0xbc,0xff,
    0xbc,0xff,0xbc,0xff,0xbc,0xff,0xbc,0xff,0xbc,0xff,0xbb,0xff,0x9b,0xf7,0xdc,0xff,0xff,0xff,0x6e,0x84,0x49,0x5b,0x49,0x5b,
    0xf8,0xde,0xfe,0xff,0x9b,0xf7,0xbc,0xff,0xbb,0xff,0x9b,0xff,0xbb,0xff,0x9b,0xf7,0xfd,0xff,0x56,0xce,0x86,0x3a,0x56,0xc6,
    0xfd,0xff,0x9b,0xf7,0xbc,0xff,0xbc,0xff,0x9b,0xf7,0xfd,0xff,0x8f,0x8c,0xa7,0x4a,0x3a,0xef,0xdc,0xff,0xbc,0xff,0xbc,0xff,
    0xbc,0xff,0xbc,0xff,0xdc,0xff,0x3a,0xe7,0xa7,0x4a,0x8f,0x8c,0xfd,0xff,0x9b,0xf7,0xbb,0xff,0xbb,0xff,0x9b,0xf7,0xfd,0xff,
    0x35,0xc6,0xa6,0x42,0x56,0xc6,0xfd,0xff,0x9b,0xf7,0xbb,0xff,0xbc,0xff,0xbc,0xff,0xbc,0xff,0xbc,0xff,0xbc,0xff,0xbc,0xff,
    0xbc,0xff,0xbc,0xff,0xbc,0xff,0xbb,0xff,0xbc,0xff,0xbc,0xff,0xbc,0xff,0xbc,0xff,0xbc,0xff,0xbc,0xff,0xbc,0xff,0xbc,0xff,
    0xbc,0xff,0xbc,0xff,0xbc,0xff,0xbc,0xff,0xbc,0xff,0xbc,0xff,0xbc,0xff,0xbc,0xff,0xbc,0xff,0xbc,0xff,0xbc,0xff,0xbc,0xff,
    0xbc,0xff,0xbc,0xff,0xbc,0xff,0xbc,0xff,0xbb,0xff,0xbc,0xff,0xbc,0xff,0xbb,0xff,0xbb,0xff,0xbb,0xff,0xaa,0x63,0x0c,0x74,
    0xdc,0xff,0xbb,0xff,0xbb,0xff,0xbc,0xff,0xbc,0xff,0xbc,0xff,0x9b,0xf7,0xfd,0xff,0x72,0xad,0xa6,0x42,0xb7,0xd6,0xdc,0xff,
    0x9b,0xf7,0xbb,0xff,0xbb,0xff,0xbc,0xff,0xbc,0xff,0xbb,0xff,0xbc,0xff,0xbc,0xff,0xbc,0xff,0xbc,0xff,0xbc,0xff,0xbc,0xff,
    0xbc,0xff,0xbb,0xff,0xbc,0xff,0xdc,0xff,0xbb,0xff,0x9b,0xf7,0xdc,0xff,0x3a,0xe7,0xb3,0xb5,0x49,0x53,0xaf,0x8c,0xfd,0xff,
    0x9b,0xf7,0xbb,0xff,0xbc,0xff,0xbc,0xff,0xbc,0xff,0xbc,0xff,0xbc,0xff,0xbc,0xff,0xbc,0xff,0xbc,0xff,0xbc,0xff,0xbc,0xff,
    0xbc,0xff,0xbc,0xff,0xbc,0xff,0x9b,0xff,0xbc,0xff,0x3a,0xe7,0xe7,0x4a,0x10,0x9d,0xfd,0xff,0x9b,0xf7,0xbb,0xff,0xbc,0xff,
    0xbc,0xff,0xbc,0xff,0x9b,0xf7,0xfd,0xff,0xf0,0x94,0xe7,0x4a,0x19,0xe7,0xdc,0xff,0xbb,0xff,0xbb,0xff,0xbb,0xff,0xbc,0xff,
    0xbc,0xff,0xbc,0xff,0xbc,0xff,0xbc,0xff,0xbc,0xff,0xbc,0xff,0xbc,0xff,0xbc,0xff,0xbc,0xff,0xbc,0xff,0xbc,0xff,0xbc,0xff,
    0xbc,0xff,0xbc,0xff,0xbc,0xff,0xbc,0xff,0xbc,0xff,0xbc,0xff,0xbc,0xff,0xbc,0xff,0xbc,0xff,0xbc,0xff,0xbc,0xff,0xbc,0xff,
    0xbc,0xff,0xbc,0xff,0xbc,0xff,0xbc,0xff,0xbc,0xff,0xbc,0xff,0xdc,0xff,0xdc,0xff,0xbb,0xff,0xbc,0xff,0xbc,0xff,0x9b,0xff,
    0xdc,0xff,0xd8,0xde,0xc7,0x42,0x93,0xad,0xfd,0xff,0x9b,0xf7,0xbc,0xff,0xbc,0xff,0xbc,0xff,0xbc,0xff,0xbc,0xff,0xdc,0xff,
    0xec,0x73,0xaa,0x63,0xbb,0xf7,0x9b,0xff,0xbb,0xff,0xbc,0xff,0xbc,0xff,0xbc,0xff,0xbc,0xff,0xbc,0xff,0xbc,0xff,0xbc,0xff,
    0xbc,0xff,0xbc,0xff,0xbc,0xff,0xbc,0xff,0xbc,0xff,0xbc,0xff,0xbc,0xff,0xbc,0xff,0xbc,0xff,0xbc,0xff,0xbc,0xff,0xbc,0xff,
    0xbc,0xff,0xbc,0xff,0xbc,0xff,0xbc,0xff,0xbc,0xff,0x9b,0xff,0xfc,0xff,0xb7,0xde,0xf0,0x94,0xd0,0x94,0x11,0x9d,0xd0,0x94,
    0xb0,0x94,0xf5,0xbd,0xfd,0xff,0xbb,0xff,0xbb,0xff,0xbb,0xff,0xbc,0xff,0x9b,0xf7,0xfd,0xff,0x15,0xc6,0x65,0x3a,0x35,0xc6,
    0xfd,0xff,0x9b,0xf7,0xbc,0xff,0xbc,0xff,0x9b,0xf7,0xfd,0xff,0x6f,0x8c,0xa8,0x4a,0x3a,0xef,0xdc,0xff,0xbb,0xff,0xbc,0xff,
    0xbc,0xff,0xbb,0xff,0xdc,0xff,0x1a,0xe7,0xa7,0x4a,0x8f,0x8c,0xfd,0xff,0x9b,0xf7,0xbb,0xff,0xbb,0xff,0x9b,0xf7,0xfd,0xff,
    0x56,0xc6,0xc6,0x42,0x56,0xc6,0xfd,0xff,0x9b,0xf7,0xbc,0xff,0xbc,0xff,0xbb,0xff,0xbc,0xff,0xbc,0xff,0xbc,0xff,0xbc,0xff,
    0xbc,0xff,0xbb,0xff,0xcf,0x94,0x4d,0x7c,0x7b,0xef,0xbc,0xff,0xbc,0xff,0xbc,0xff,0xbc,0xff,0xbc,0xff,0xbc,0xff,0xbc,0xff,
    0xbc,0xff,0xbc,0xff,0xbc,0xff,0xbc,0xff,0xbc,0xff,0xbc,0xff,0xbc,0xff,0x9b,0xf7,0x9b,0xf7,0x9b,0xf7,0x9b,0xf7,0x9b,0xff,
    0xbc,0xff,0xbc,0xff,0xbc,0xff,0xbc,0xff,0xbb,0xff,0xbb,0xff,0xbc,0xff,0xbc,0xff,0xbc,0xff,0xbc,0xff,0xab,0x6b,0x0c,0x74,
    0xdc,0xff,0xbb,0xff,0xbc,0xff,0xbc,0xff,0xbc,0xff,0xbc,0xff,0x9b,0xf7,0xfd,0xff,0x72,0xad,0xa6,0x42,0xb7,0xd6,0xdc,0xff,
    0x9b,0xff,0xbc,0xff,0xbc,0xff,0xbc,0xff,0xbc,0xff,0xbc,0xff,0xbc,0xff,0xbc,0xff,0xbc,0xff,0xbc,0xff,0xbc,0xff,0xbc,0xff,
    0xbc,0xff,0xbc,0xff,0x5a,0xef,0x19,0xe7,0x9b,0xff,0x9b,0xff,0x9b,0xf7,0xf4,0xbd,0x28,0x53,0xcb,0x6b,0xb7,0xd6,0xdc,0xff,
    0x9b,0xff,0xbc,0xff,0xbc,0xff,0xbc,0xff,0xbc,0xff,0xbc,0xff,0xbc,0xff,0xbc,0xff,0xbc,0xff,0xbc,0xff,0xbc,0xff,0xbc,0xff,
    0xbc,0xff,0xbc,0xff,0xbc,0xff,0x9c,0xff,0xdc,0xff,0x3a,0xef,0xe8,0x4a,0x10,0x9d,0xfd,0xff,0x9b,0xf7,0xbc,0xff,0xbc,0xff,
    0xbc,0xff,0xbc,0xff,0x9b,0xf7,0xfd,0xff,0xf0,0x94,0x07,0x4b,0x39,0xe7,0xbc,0xff,0x9b,0xff,0xbc,0xff,0xbb,0xff,0xbb,0xff,
    0xbc,0xff,0xbc,0xff,0xbc,0xff,0xbc,0xff,0xbb,0xff,0xbb,0xff,0xbc,0xff,0xbc,0xff,0xbc,0xff,0xbc,0xff,0xbc,0xff,0xbc,0xff,
    0xbc,0xff,0xbc,0xff,0xbc,0xff,0xbc,0xff,0xbc,0xff,0xbc,0xff,0xbc,0xff,0xbc,0xff,0xbc,0xff,0xbc,0xff,0xbc,0xff,0xbc,0xff,
    0xbc,0xff,0xbc,0xff,0xbc,0xff,0xbc,0xff,0xbc,0xff,0xbb,0xff,0x39,0xef,0x5a,0xef,0xbc,0xff,0xbc,0xff,0xbc,0xff,0x9b,0xff,
    0xdd,0xff,0xd8,0xde,0xa6,0x42,0x93,0xad,0xfd,0xff,0x9b,0xf7,0xbc,0xff,0xbc,0xff,0xbc,0xff,0xbc,0xff,0xbc,0xff,0xdc,0xff,
    0x0c,0x74,0xaa,0x63,0xbc,0xff,0xbc,0xff,0xbb,0xff,0xbc,0xff,0xbc,0xff,0xbc,0xff,0xbc,0xff,0xbc,0xff,0xbc,0xff,0xbc,0xff,
    0xbc,0xff,0xbc,0xff,0xbc,0xff,0xbc,0xff,0xbc,0xff,0xbc,0xff,0xbc,0xff,0xbc,0xff,0x9b,0xff,0x9b,0xf7,0x9b,0xf7,0xbc,0xff,
    0xbc,0xff,0xbc,0xff,0xbb,0xff,0xbb,0xff,0xbc,0xff,0x9c,0xf7,0x7b,0xef,0x11,0x9d,0x25,0x32,0x56,0xc6,0xff,0xff,0xfc,0xff,
    0x8b,0x63,0xcb,0x6b,0x19,0xe7,0x7b,0xf7,0xbb,0xff,0xbb,0xff,0xbc,0xff,0x9b,0xf7,0xfd,0xff,0x35,0xc6,0x65,0x3a,0x36,0xc6,
    0xfd,0xff,0x9b,0xf7,0xbc,0xff,0xbc,0xff,0x9b,0xff,0xfd,0xff,0x6f,0x8c,0xa8,0x4a,0x3a,0xef,0xdc,0xff,0xbb,0xff,0xbc,0xff,
    0xbc,0xff,0x9b,0xff,0xdc,0xff,0x3a,0xe7,0xa7,0x4a,0x8f,0x8c,0xfd,0xff,0x9b,0xf7,0xbb,0xff,0xbb,0xff,0x9b,0xf7,0xfd,0xff,
    0x56,0xc6,0xc7,0x42,0x56,0xce,0xfd,0xff,0x9b,0xff,0xbb,0xff,0xbb,0xff,0xbb,0xff,0xbb,0xff,0xbb,0xff,0xbb,0xff,0xbc,0xff,
    0xbc,0xff,0x7b,0xf7,0x8a,0x63,0x69,0x5b,0x3a,0xe7,0xfd,0xff,0x9b,0xff,0xbc,0xff,0xbc,0xff,0xbc,0xff,0xbc,0xff,0xbc,0xff,
    0xbc,0xff,0xbc,0xff,0xbc,0xff,0xbc,0xff,0xbc,0xff,0xbb,0xff,0xdc,0xff,0xfd,0xff,0xfd,0xff,0xfd,0xff,0xfd,0xff,0xfd,0xff,
    0xbc,0xff,0x9b,0xf7,0xbc,0xff,0xbb,0xff,0xbb,0xff,0xbb,0xff,0xbc,0xff,0xbc,0xff,0xbc,0xff,0xbc,0xff,0xab,0x6b,0x0c,0x74,
    0xdc,0xff,0xbb,0xff,0xbc,0xff,0xbc,0xff,0xbc,0xff,0xbc,0xff,0x9b,0xf7,0xfd,0xff,0x92,0xad,0x86,0x42,0xb7,0xd6,0xdc,0xff,
    0x9b,0xff,0xbc,0xff,0xbc,0xff,0xbc,0xff,0xbc,0xff,0xbc,0xff,0xbc,0xff,0xbc,0xff,0xbc,0xff,0xbc,0xff,0xbc,0xff,0xbc,0xff,
    0x9b,0xf7,0xfe,0xff,0x15,0xbe,0xaa,0x63,0x9a,0xf7,0xfd,0xff,0x51,0xa5,0x49,0x5b,0x69,0x5b,0x15,0xc6,0xfd,0xff,0x9b,0xf7,
    0xbb,0xff,0xbb,0xff,0xbc,0xff,0xbc,0xff,0xbc,0xff,0xbc,0xff,0xbc,0xff,0xbc,0xff,0xbc,0xff,0xbc,0xff,0xbc,0xff,0xbc,0xff,
    0xbc,0xff,0xbc,0xff,0xbc,0xff,0xbc,0xff,0xdc,0xff,0x5a,0xef,0xe8,0x4a,0x10,0x9d,0xfd,0xff,0x9b,0xf7,0xbc,0xff,0xbc,0xff,
    0xbc,0xff,0xbc,0xff,0x9b,0xf7,0xfd,0xff,0x10,0x95,0x08,0x53,0x39,0xe7,0xdc,0xff,0x9b,0xff,0xbc,0xff,0xbc,0xff,0xbb,0xff,
    0xbb,0xff,0xdc,0xff,0xbc,0xff,0xbb,0xff,0xbb,0xff,0xbb,0xff,0xbc,0xff,0xbc,0xff,0xbc,0xff,0xbc,0xff,0xbc,0xff,0xbc,0xff,
    0xbc,0xff,0xbc,0xff,0xbc,0xff,0xbc,0xff,0xbc,0xff,0xbc,0xff,0xbc,0xff,0xbc,0xff,0xbb,0xff,0xbc,0xff,0xbc,0xff,0xbc,0xff,
    0xbc,0xff,0xbc,0xff,0xbc,0xff,0xbc,0xff,0xbc,0xff,0xfd,0xff,0xef,0x94,0x10,0x95,0xfe,0xff,0xbc,0xff,0xbb,0xff,0x9b,0xff,
    0xdc,0xff,0xd8,0xde,0xa6,0x42,0x93,0xad,0xfd,0xff,0x9b,0xf7,0xbc,0xff,0xbc,0xff,0xbc,0xff,0xbc,0xff,0xbc,0xff,0xfc,0xff,
    0x0c,0x74,0xaa,0x63,0xbc,0xff,0xbb,0xff,0xbb,0xff,0xbc,0xff,0xbc,0xff,0xbc,0xff,0xbc,0xff,0xbc,0xff,0xbc,0xff,0xbc,0xff,
    0xbc,0xff,0xbc,0xff,0xbc,0xff,0xbc,0xff,0xbc,0xff,0xbc,0xff,0xbc,0xff,0x9b,0xf7,0xfd,0xff,0xfe,0xff,0xfd,0xff,0xbb,0xff,
    0xbb,0xff,0xbc,0xff,0xbb,0xff,0xbb,0xff,0xbc,0xff,0xfd,0xff,0x8b,0x63,0x8a,0x63,0x39,0xef,0x7a,0xf7,0x9c,0xf7,0x7a,0xf7,
    0x9a,0xf7,0xd4,0xb5,0x08,0x53,0x19,0xe7,0xdc,0xff,0x9b,0xff,0xbb,0xff,0x9b,0xf7,0xfd,0xff,0x35,0xc6,0x66,0x3a,0x56,0xc6,
    0xfd,0xff,0x9b,0xf7,0xbc,0xff,0xbc,0xff,0x9b,0xf7,0xfd,0xff,0x6f,0x8c,0xa7,0x4a,0x3a,0xef,0xdc,0xff,0xbb,0xff,0xbc,0xff,
    0xbc,0xff,0xbc,0xff,0xdc,0xff,0x3a,0xe7,0xa8,0x4a,0x8f,0x8c,0xfd,0xff,0x9b,0xf7,0xbb,0xff,0xbc,0xff,0x9b,0xf7,0xfd,0xff,
    0x56,0xc6,0xc7,0x42,0x56,0xce,0xfd,0xff,0x9b,0xf7,0xbb,0xff,0xbb,0xff,0xbc,0xff,0xbb,0xff,0xbc,0xff,0xbc,0xff,0xbb,0xff,
    0xbb,0xff,0x9b,0xf7,0x93,0xad,0xaa,0x63,0xaf,0x8c,0xb8,0xd6,0xdc,0xff,0x9b,0xff,0xbb,0xff,0xbb,0xff,0xbc,0xff,0xbb,0xff,
    0xbc,0xff,0xbb,0xff,0xbc,0xff,0xdc,0xff,0xbc,0xff,0xdd,0xff,0xd9,0xde,0xf5,0xbd,0x15,0xc6,0xf5,0xc5,0x16,0xc6,0x16,0xc6,
    0x9b,0xf7,0xfd,0xff,0xbc,0xff,0xbc,0xff,0xbc,0xff,0xbb,0xff,0xbb,0xff,0xbc,0xff,0xbc,0xff,0xbc,0xff,0xcb,0x6b,0x0c,0x74,
    0xdc,0xff,0xbb,0xff,0xbc,0xff,0xbc,0xff,0xbc,0xff,0xbc,0xff,0x9b,0xf7,0xfd,0xff,0x92,0xad,0xa6,0x42,0xb7,0xd6,0xdc,0xff,
    0x9b,0xff,0xbc,0xff,0xbc,0xff,0xbc,0xff,0xbc,0xff,0xbc,0xff,0xbc,0xff,0xbc,0xff,0xbc,0xff,0xbc,0xff,0xbc,0xff,0x9b,0xf7,
    0xfd,0xff,0x76,0xce,0x0c,0x74,0xcb,0x6b,0x9b,0xf7,0xfe,0xff,0xf0,0x94,0xe7,0x4a,0xcb,0x6b,0xbb,0xff,0xdc,0xff,0x9b,0xff,
    0xbb,0xff,0xbb,0xff,0xbc,0xff,0xbc,0xff,0xbc,0xff,0xbc,0xff,0xbc,0xff,0xbc,0xff,0xbc,0xff,0xbc,0xff,0xbc,0xff,0xbc,0xff,
    0xbc,0xff,0xbc,0xff,0xbc,0xff,0xbb,0xff,0xdc,0xff,0x3a,0xef,0xe7,0x4a,0x10,0x9d,0xfd,0xff,0x9b,0xf7,0xbc,0xff,0xbc,0xff,
    0xbc,0xff,0xbc,0xff,0x9b,0xf7,0xfd,0xff,0x10,0x95,0x08,0x53,0x39,0xe7,0xdc,0xff,0x9b,0xff,0xbc,0xff,0xbc,0xff,0xbc,0xff,
    0xdc,0xff,0x51,0x9d,0x14,0xbe,0xfd,0xff,0x9b,0xff,0xbb,0xff,0xbb,0xff,0xbb,0xff,0xbc,0xff,0xbb,0xff,0x9b,0xf7,0x9b,0xf7,
    0xbc,0xff,0xdc,0xff,0xdc,0xff,0xdc,0xff,0xdc,0xff,0xdc,0xff,0xdc,0xff,0xdc,0xff,0xbb,0xff,0x9b,0xf7,0x9b,0xf7,0xbc,0xff,
    0xbb,0xff,0xbb,0xff,0xbb,0xff,0xdc,0xff,0x39,0xe7,0x71,0xa5,0x4d,0x7c,0x8d,0x84,0x92,0xad,0x5a,0xef,0xbc,0xff,0x9b,0xf7,
    0xdc,0xff,0xd8,0xde,0xa6,0x42,0x92,0xad,0xfd,0xff,0x9b,0xf7,0xbc,0xff,0xbc,0xff,0xbc,0xff,0xbc,0xff,0xbc,0xff,0xfc,0xff,
    0x0c,0x74,0xaa,0x63,0xbc,0xff,0xbc,0xff,0xbb,0xff,0xbc,0xff,0xbc,0xff,0xbc,0xff,0xbc,0xff,0xbc,0xff,0xbc,0xff,0xbc,0xff,
    0xbc,0xff,0xbc,0xff,0xbc,0xff,0xbc,0xff,0xbc,0xff,0xbc,0xff,0xbc,0xff,0xfe,0xff,0x53,0xad,0x2b,0x6b,0x4f,0x8c,0xfd,0xff,
    0xdc,0xff,0x9b,0xff,0xbb,0xff,0xbc,0xff,0x9b,0xff,0x10,0x9d,0x6f,0x84,0x36,0xc6,0xbb,0xff,0xbb,0xff,0xbb,0xff,0xdc,0xff,
    0xfd,0xff,0x35,0xc6,0xc7,0x4a,0xf9,0xde,0xdc,0xff,0xbb,0xff,0xbc,0xff,0x9b,0xf7,0xfd,0xff,0x35,0xc6,0x66,0x3a,0x56,0xc6,
    0xfd,0xff,0x9b,0xf7,0xbc,0xff,0xbc,0xff,0x9b,0xff,0xfd,0xff,0x6f,0x8c,0xa7,0x4a,0x3a,0xef,0xdc,0xff,0xbb,0xff,0xbc,0xff,
    0xbc,0xff,0xbb,0xff,0xdc,0xff,0x39,0xe7,0xa8,0x4a,0x8f,0x8c,0xfd,0xff,0x9b,0xf7,0xbb,0xff,0xbc,0xff,0x9b,0xf7,0xfd,0xff,
    0x56,0xc6,0xc6,0x42,0x56,0xce,0xfd,0xff,0x9b,0xf7,0xbb,0xff,0xbb,0xff,0xbc,0xff,0xbc,0xff,0x9b,0xf7,0x5a,0xef,0xbb,0xff,
    0x9b,0xf7,0xbb,0xff,0xdc,0xff,0xd0,0x94,0xe7,0x4a,0xcf,0x94,0xfd,0xff,0x9b,0xf7,0xbc,0xff,0xbc,0xff,0xbc,0xff,0x9b,0xf7,
    0x9b,0xf7,0xbc,0xff,0xbc,0xff,0x7b,0xf7,0x7b,0xef,0xbd,0xf7,0xad,0x73,0x60,0x08,0xe2,0x18,0xa1,0x10,0xa2,0x10,0x81,0x10,
    0xd1,0x9c,0x77,0xce,0x7b,0xf7,0xbc,0xff,0xbc,0xff,0xbc,0xff,0xbc,0xff,0xbb,0xff,0xbc,0xff,0xbc,0xff,0xcb,0x6b,0x0c,0x74,
    0xdc,0xff,0xbb,0xff,0xbc,0xff,0xbc,0xff,0xbc,0xff,0xbc,0xff,0x9b,0xf7,0xfd,0xff,0x93,0xad,0xa6,0x42,0xb7,0xd6,0xdc,0xff,
    0x9b,0xff,0xbc,0xff,0xbc,0xff,0xbc,0xff,0xbc,0xff,0xbc,0xff,0xbc,0xff,0xbc,0xff,0xbc,0xff,0xbc,0xff,0xbb,0xff,0xdc,0xff,
    0x76,0xce,0xcb,0x6b,0x69,0x5b,0xb7,0xd6,0xbc,0xff,0xfd,0xff,0xcf,0x8c,0x07,0x4b,0xab,0x63,0x35,0xc6,0xf8,0xde,0x9b,0xff,
    0x9b,0xff,0xbc,0xff,0xbc,0xff,0xbc,0xff,0xbc,0xff,0xbc,0xff,0xbc,0xff,0xbc,0xff,0xbc,0xff,0xbc,0xff,0xbc,0xff,0xbc,0xff,
    0xbc,0xff,0xbc,0xff,0xbc,0xff,0xbc,0xff,0xdc,0xff,0x3a,0xef,0xe7,0x4a,0x10,0x9d,0xfd,0xff,0x9b,0xf7,0xbb,0xff,0xbc,0xff,
    0xbc,0xff,0xbc,0xff,0x9b,0xf7,0xfd,0xff,0x10,0x95,0x08,0x53,0x3a,0xe7,0xdc,0xff,0x9b,0xff,0xbb,0xff,0xbc,0xff,0x7b,0xf7,
    0x19,0xe7,0x4c,0x7c,0x30,0x9d,0x3a,0xe7,0x9b,0xf7,0xbc,0xff,0xbb,0xff,0xbb,0xff,0x9b,0xf7,0xdc,0xff,0xfd,0xff,0xff,0xff,
    0xcd,0x7b,0x85,0x31,0xe6,0x39,0x06,0x3a,0x07,0x42,0x06,0x3a,0xe6,0x39,0xa5,0x31,0xf1,0x9c,0xff,0xff,0xfd,0xff,0x9b,0xf7,
    0xbb,0xff,0xbc,0xff,0x9b,0xff,0xdc,0xff,0xf8,0xde,0x6c,0x7c,0x4c,0x7c,0x2c,0x74,0x6d,0x7c,0x19,0xe7,0xdc,0xff,0x9b,0xf7,
    0xdc,0xff,0xf8,0xde,0xa6,0x42,0x92,0xad,0xfd,0xff,0x9b,0xf7,0xbc,0xff,0xbc,0xff,0xbc,0xff,0xbc,0xff,0xbc,0xff,0xfc,0xff,
    0xec,0x73,0x8a,0x63,0xbc,0xff,0xbc,0xff,0xbc,0xff,0xbc,0xff,0xbc,0xff,0xbc,0xff,0xbc,0xff,0xbc,0xff,0xbc,0xff,0xbc,0xff,
    0xbc,0xff,0xbc,0xff,0xbc,0xff,0xbc,0xff,0xbb,0xff,0xbc,0xff,0x7b,0xf7,0xd5,0xbd,0xc9,0x52,0x22,0x19,0x06,0x3a,0x53,0xad,
    0x19,0xef,0xdc,0xff,0x9c,0xff,0xbc,0xff,0x9b,0xf7,0x29,0x5b,0x31,0xa5,0xfd,0xff,0x9b,0xf7,0x9b,0xff,0x59,0xef,0x97,0xd6,
    0xd8,0xde,0x93,0xad,0xab,0x6b,0x19,0xe7,0xdc,0xff,0xbb,0xff,0xbb,0xff,0x9b,0xf7,0xfd,0xff,0x35,0xc6,0x65,0x3a,0x36,0xc6,
    0xfd,0xff,0x9b,0xf7,0xbc,0xff,0xbc,0xff,0x9b,0xff,0xfd,0xff,0x6f,0x8c,0x87,0x4a,0x3a,0xef,0xdc,0xff,0xbb,0xff,0xbc,0xff,
    0xbc,0xff,0xbb,0xff,0xdc,0xff,0x19,0xe7,0xa7,0x4a,0x8f,0x8c,0xfd,0xff,0x9b,0xff,0xbc,0xff,0xbc,0xff,0xbb,0xf7,0xfd,0xff,
    0x56,0xc6,0xa6,0x42,0x56,0xce,0xfd,0xff,0x9b,0xff,0xbb,0xff,0xbb,0xff,0xdc,0xff,0x3a,0xef,0xeb,0x6b,0x2c,0x74,0x5a,0xef,
    0xdb,0xff,0x9b,0xf7,0xbc,0xff,0x5a,0xef,0x6a,0x63,0xb3,0xb5,0xfd,0xff,0x9b,0xf7,0x9b,0xf7,0x9b,0xff,0x9b,0xf7,0xfc,0xff,
    0xfd,0xff,0xfc,0xff,0xb4,0xbd,0x44,0x29,0xa5,0x31,0x03,0x21,0x09,0x63,0x71,0xb5,0x30,0xad,0x10,0xa5,0x30,0xa5,0xec,0x7b,
    0x20,0x00,0x23,0x21,0x7b,0xf7,0xdc,0xff,0x9b,0xff,0xbc,0xff,0xbc,0xff,0xbb,0xff,0xbc,0xff,0xbc,0xff,0xcb,0x6b,0x0c,0x74,
    0xdc,0xff,0x9b,0xff,0xbc,0xff,0xbc,0xff,0xbc,0xff,0xbc,0xff,0x9b,0xf7,0xfd,0xff,0x92,0xad,0xa6,0x42,0xb8,0xd6,0xdc,0xff,
    0x9b,0xff,0xbc,0xff,0xbc,0xff,0xbc,0xff,0xbc,0xff,0xbc,0xff,0xbc,0xff,0xbc,0xff,0xbc,0xff,0xbc,0xff,0x9b,0xf7,0xfd,0xff,
    0x10,0x9d,0xa6,0x42,0x30,0x9d,0xfc,0xff,0x9b,0xf7,0xbb,0xff,0xb3,0xad,0xeb,0x6b,0x08,0x53,0xa7,0x42,0x8e,0x84,0xfd,0xff,
    0xbb,0xff,0xbc,0xff,0xbc,0xff,0xbc,0xff,0xbc,0xff,0xbc,0xff,0xbc,0xff,0xbc,0xff,0xbc,0xff,0xbc,0xff,0xbc,0xff,0xbc,0xff,
    0xbc,0xff,0xbc,0xff,0xbc,0xff,0xbc,0xff,0xdc,0xff,0x3a,0xef,0xe7,0x4a,0x10,0x9d,0xfd,0xff,0x9b,0xf7,0xbb,0xff,0xbc,0xff,
    0xbc,0xff,0xbc,0xff,0x9b,0xf7,0xfd,0xff,0x10,0x95,0x08,0x53,0x3a,0xe7,0xdc,0xff,0x9b,0xff,0x9b,0xf7,0xfd,0xff,0x35,0xc6,
    0xca,0x63,0x8d,0x84,0x4c,0x74,0xeb,0x6b,0x5a,0xef,0xbc,0xff,0xbb,0xff,0x9b,0xf7,0xfd,0xff,0xd8,0xde,0x0e,0x84,0x70,0x8c,
    0x4c,0x6b,0xa9,0x52,0xc9,0x5a,0xea,0x5a,0xea,0x5a,0xca,0x5a,0xc9,0x52,0xe5,0x39,0x0a,0x63,0x70,0x8c,0x12,0xa5,0xfd,0xff,
    0xbc,0xff,0x9b,0xff,0xbb,0xff,0xbb,0xff,0xbc,0xff,0xfe,0xff,0xce,0x8c,0x8d,0x84,0xbb,0xff,0xbb,0xff,0xbc,0xff,0x9b,0xff,
    0xdc,0xff,0xd8,0xde,0xa6,0x42,0x72,0xad,0xfd,0xff,0x9b,0xf7,0xbc,0xff,0xbc,0xff,0xbc,0xff,0xbc,0xff,0xbc,0xff,0xdc,0xff,
    0xec,0x73,0x8a,0x63,0xbc,0xff,0xbc,0xff,0xbc,0xff,0xbc,0xff,0xbc,0xff,0xbc,0xff,0xbc,0xff,0xbc,0xff,0xbc,0xff,0xbc,0xff,
    0xbc,0xff,0xbc,0xff,0xbc,0xff,0xbc,0xff,0x9b,0xf7,0xdc,0xff,0x77,0xce,0x61,0x10,0x46,0x42,0x4c,0x7c,0x8a,0x63,0x00,0x00,
    0x32,0xad,0xdd,0xff,0x9b,0xf7,0xbb,0xff,0x7a,0xf7,0x8a,0x63,0x08,0x53,0x31,0x9d,0xfd,0xff,0xfc,0xff,0xd7,0xde,0xc7,0x4a,
    0xe7,0x4a,0x0c,0x74,0xdc,0xff,0xbb,0xff,0xbb,0xff,0xbb,0xff,0xbc,0xff,0x9b,0xf7,0xfd,0xff,0x35,0xc6,0x85,0x3a,0x36,0xc6,
    0xfd,0xff,0x9b,0xf7,0xbc,0xff,0xbc,0xff,0x9b,0xf7,0xfd,0xff,0x6f,0x8c,0x87,0x4a,0x3a,0xef,0xdc,0xff,0xbb,0xff,0xbc,0xff,
    0xbb,0xff,0x9b,0xff,0xdc,0xff,0x19,0xe7,0xa7,0x4a,0x8f,0x8c,0xfd,0xff,0x9b,0xf7,0xbc,0xff,0xbc,0xff,0xbb,0xff,0xfd,0xff,
    0x56,0xc6,0xa6,0x42,0x56,0xc6,0xfd,0xff,0x9b,0xf7,0xbb,0xff,0xbb,0xff,0xdc,0xff,0x3a,0xe7,0xab,0x6b,0x49,0x5b,0xaa,0x6b,
    0xb7,0xd6,0xdd,0xff,0x9b,0xff,0x7a,0xf7,0x18,0xe7,0x9b,0xff,0x9b,0xff,0xdc,0xff,0xfd,0xff,0xdc,0xff,0xfe,0xff,0x94,0xb5,
    0x8c,0x73,0x68,0x52,0x03,0x21,0x09,0x63,0xab,0x73,0x4a,0x6b,0x0c,0x84,0x50,0xa5,0xef,0x9c,0xae,0x94,0x8e,0x94,0xae,0x94,
    0x8b,0x73,0x64,0x31,0x4c,0x6b,0xdc,0xff,0xbc,0xff,0x9b,0xff,0xbb,0xff,0xbb,0xff,0xbc,0xff,0xdc,0xff,0xcb,0x6b,0x0c,0x74,
    0xdc,0xff,0xbb,0xff,0xbb,0xff,0xbc,0xff,0xbc,0xff,0xbc,0xff,0x9b,0xf7,0xfd,0xff,0x92,0xad,0xa6,0x42,0xb8,0xd6,0xdc,0xff,
    0x9b,0xff,0xbc,0xff,0xbc,0xff,0xbc,0xff,0xbc,0xff,0xbc,0xff,0xbc,0xff,0xbc,0xff,0xbc,0xff,0xbc,0xff,0x9b,0xf7,0xfd,0xff,
    0xf0,0x94,0xa6,0x42,0xcb,0x6b,0x8e,0x84,0x7a,0xef,0xdb,0xff,0xfd,0xff,0x77,0xce,0xcb,0x6b,0x4d,0x7c,0xcb,0x6b,0xae,0x8c,
    0x19,0xe7,0xdc,0xff,0xbb,0xff,0xbc,0xff,0xbc,0xff,0xbc,0xff,0xbc,0xff,0xbc,0xff,0xbc,0xff,0xbc,0xff,0xbc,0xff,0xbc,0xff,
    0xbc,0xff,0xbc,0xff,0xbc,0xff,0xbb,0xff,0xdc,0xff,0x5a,0xef,0xe7,0x4a,0xf0,0x94,0xfd,0xff,0x9b,0xf7,0xbc,0xff,0xbc,0xff,
    0xbc,0xff,0xbc,0xff,0x9b,0xf7,0xfd,0xff,0xf0,0x94,0x08,0x53,0x3a,0xef,0xdc,0xff,0x9b,0xff,0xbb,0xff,0xdc,0xff,0x19,0xe7,
    0x15,0xbe,0x8d,0x84,0xef,0x94,0x35,0xc6,0x7a,0xf7,0xbb,0xff,0xbc,0xff,0xdc,0xff,0xd9,0xde,0x70,0x8c,0xa2,0x10,0xc2,0x18,
    0xd6,0xbd,0xff,0xff,0xfd,0xff,0xfd,0xff,0xfd,0xff,0xfd,0xff,0xfd,0xff,0x75,0xd6,0x09,0x63,0x40,0x08,0x85,0x31,0x94,0xb5,
    0x7b,0xf7,0xdc,0xff,0x9b,0xff,0xbb,0xff,0xbc,0xff,0xdd,0xff,0x55,0xc6,0x14,0xbe,0xbc,0xff,0xbc,0xff,0xbc,0xff,0xbb,0xff,
    0xdc,0xff,0xd8,0xde,0xa6,0x42,0x72,0xad,0xfd,0xff,0x9b,0xf7,0xbc,0xff,0xbc,0xff,0xbc,0xff,0xbc,0xff,0xbc,0xff,0xdc,0xff,
    0xeb,0x73,0xaa,0x63,0xbc,0xff,0xbc,0xff,0xbb,0xff,0xbc,0xff,0xbc,0xff,0xbc,0xff,0xbc,0xff,0xbc,0xff,0xbc,0xff,0xbc,0xff,
    0xbc,0xff,0xbc,0xff,0xbb,0xff,0x9c,0xff,0xff,0xff,0xd1,0x9c,0x44,0x29,0x09,0x53,0x6a,0x63,0xcb,0x6b,0x8a,0x63,0xe8,0x52,
    0xa5,0x31,0x8d,0x73,0xfe,0xff,0x9a,0xf7,0x7a,0xf7,0x56,0xce,0x6a,0x63,0xaf,0x8c,0xfe,0xff,0xd0,0x94,0x0c,0x7c,0xd4,0xb5,
    0x15,0xbe,0x97,0xce,0xbc,0xff,0xbc,0xff,0xbb,0xff,0xbc,0xff,0xbb,0xff,0x9b,0xf7,0xfd,0xff,0x35,0xc6,0x86,0x3a,0x56,0xc6,
    0xfd,0xff,0x9b,0xf7,0xbc,0xff,0xbc,0xff,0x9b,0xf7,0xfd,0xff,0x6f,0x8c,0x87,0x4a,0x3a,0xe7,0xdc,0xff,0xbb,0xff,0xbc,0xff,
    0xbc,0xff,0xbb,0xff,0xdc,0xff,0x1a,0xe7,0xa7,0x4a,0x6f,0x8c,0xfd,0xff,0x9b,0xf7,0xbc,0xff,0xbc,0xff,0x9b,0xff,0xfd,0xff,
    0x56,0xc6,0xa6,0x42,0x56,0xc6,0xfd,0xff,0x9b,0xf7,0xbb,0xff,0xbb,0xff,0xbb,0xff,0xbc,0xff,0x3a,0xe7,0x0d,0x7c,0xc7,0x4a,
    0xec,0x73,0xbc,0xf7,0xbb,0xff,0x9b,0xf7,0xbb,0xff,0xbb,0xff,0xdc,0xff,0x5b,0xef,0xb9,0xd6,0x57,0xce,0xad,0x73,0xc6,0x39,
    0x23,0x21,0x84,0x29,0x47,0x4a,0xb1,0xb5,0xf3,0xbd,0x13,0xc6,0x4d,0x8c,0x09,0x5b,0xa8,0x52,0x87,0x4a,0xe8,0x5a,0x29,0x63,
    0x12,0xbe,0xa8,0x52,0xe3,0x20,0xac,0x73,0xbb,0xff,0xbc,0xff,0xbb,0xff,0xbc,0xff,0xbc,0xff,0xdc,0xff,0xcb,0x6b,0x0c,0x74,
    0xdc,0xff,0xbb,0xff,0xbb,0xff,0xbc,0xff,0xbc,0xff,0xbc,0xff,0x9b,0xf7,0xfd,0xff,0x92,0xad,0xa6,0x42,0xb7,0xd6,0xdc,0xff,
    0x9b,0xff,0xbc,0xff,0xbc,0xff,0xbc,0xff,0xbc,0xff,0xbc,0xff,0xbc,0xff,0xbc,0xff,0xbc,0xff,0xbc,0xff,0xbc,0xff,0xdc,0xff,
    0xb7,0xd6,0x93,0xb5,0xaa,0x63,0x69,0x5b,0x4d,0x84,0xd3,0xb5,0xdc,0xff,0xbc,0xf7,0xbb,0xff,0x5a,0xef,0xaa,0x63,0x49,0x53,
    0xf8,0xde,0xdc,0xff,0x9b,0xff,0xbc,0xff,0xbc,0xff,0xbc,0xff,0xbc,0xff,0xbc,0xff,0xbc,0xff,0xbc,0xff,0xbc,0xff,0xbc,0xff,
    0xbc,0xff,0xbc,0xff,0xbc,0xff,0xbc,0xff,0xdc,0xff,0x5a,0xef,0xe8,0x4a,0xf0,0x94,0xfd,0xff,0x9b,0xf7,0xbc,0xff,0xbc,0xff,
    0xbc,0xff,0xbc,0xff,0x9b,0xf7,0xfd,0xff,0xf0,0x94,0x07,0x4b,0x39,0xe7,0xdc,0xff,0xbb,0xff,0xbc,0xff,0xbb,0xff,0xdc,0xff,
    0xfd,0xff,0xce,0x8c,0xb2,0xad,0xfd,0xff,0x9b,0xf7,0x9b,0xff,0xbc,0xff,0x3a,0xe7,0xa5,0x31,0xc6,0x39,0x7b,0xf7,0x5a,0xef,
    0x5b,0xef,0x19,0xe7,0x95,0xd6,0x54,0xce,0x34,0xce,0x96,0xd6,0x3a,0xef,0xbc,0xff,0xf7,0xe6,0xb1,0xb5,0x09,0x63,0x81,0x08,
    0xf2,0x9c,0x9b,0xf7,0xbb,0xff,0x9b,0xff,0xbc,0xff,0xbc,0xff,0xdd,0xff,0xdc,0xff,0xbb,0xff,0xbc,0xff,0xbc,0xff,0xbb,0xff,
    0xdc,0xff,0xd8,0xde,0xa6,0x42,0x72,0xad,0xfd,0xff,0x9b,0xf7,0xbc,0xff,0xbc,0xff,0xbc,0xff,0xbc,0xff,0xbc,0xff,0xdc,0xff,
    0xec,0x73,0xaa,0x63,0xbc,0xff,0xbc,0xff,0xbc,0xff,0xbc,0xff,0xbc,0xff,0xbc,0xff,0xbc,0xff,0xbc,0xff,0xbc,0xff,0xbc,0xff,
    0xbc,0xff,0xbc,0xff,0xdc,0xff,0x5b,0xef,0x74,0xad,0xe6,0x39,0x87,0x4a,0x4c,0x7c,0xaa,0x63,0xe8,0x52,0x49,0x63,0x2b,0x74,
    0x46,0x42,0x06,0x3a,0x6f,0x8c,0x59,0xef,0xbb,0xff,0xfd,0xff,0xb7,0xd6,0x38,0xef,0xfd,0xff,0xd0,0x94,0x6e,0x84,0xdc,0xff,
    0xfd,0xff,0xdd,0xff,0xbb,0xff,0xbc,0xff,0xbc,0xff,0xbb,0xff,0xbb,0xff,0x9b,0xf7,0xfd,0xff,0x35,0xc6,0x86,0x3a,0x56,0xc6,
    0xfd,0xff,0x9b,0xf7,0xbc,0xff,0xbc,0xff,0x9b,0xf7,0xfd,0xff,0x6f,0x8c,0x87,0x4a,0x3a,0xef,0xdc,0xff,0xbb,0xff,0xbc,0xff,
    0xbc,0xff,0x9b,0xff,0xdc,0xff,0x3a,0xe7,0xa7,0x4a,0x6f,0x8c,0xfd,0xff,0x9b,0xf7,0xbc,0xff,0xbc,0xff,0xbb,0xf7,0xfd,0xff,
    0x56,0xc6,0xa6,0x42,0x56,0xce,0xfd,0xff,0x9b,0xf7,0xbb,0xff,0xbb,0xff,0xbb,0xff,0xbb,0xff,0xdc,0xff,0x3a,0xef,0xaf,0x94,
    0xd4,0xb5,0xbc,0xff,0x9b,0xf7,0x9b,0xf7,0x9b,0xf7,0x5a,0xef,0xbc,0xf7,0x33,0xa5,0xa1,0x10,0x03,0x21,0x00,0x00,0x87,0x52,
    0x12,0xbe,0xd1,0xbd,0xf2,0xbd,0x0c,0x7c,0x8a,0x6b,0x0c,0x7c,0x06,0x3a,0x03,0x21,0x2f,0xad,0xd1,0xbd,0x09,0x63,0xc2,0x10,
    0x4d,0x84,0xf2,0xbd,0xe9,0x5a,0x81,0x10,0x19,0xe7,0xbc,0xff,0xbc,0xff,0xbc,0xff,0xbc,0xff,0xbc,0xff,0xcb,0x6b,0x0c,0x74,
    0xdc,0xff,0x9b,0xff,0xbb,0xff,0xbc,0xff,0xbc,0xff,0xbc,0xff,0x9b,0xf7,0xfd,0xff,0x92,0xad,0xa6,0x42,0xb7,0xd6,0xdc,0xff,
    0x9b,0xff,0xbc,0xff,0xbc,0xff,0xbc,0xff,0xbc,0xff,0xbc,0xff,0xbc,0xff,0xbc,0xff,0xbc,0xff,0xbc,0xff,0xbb,0xff,0x9b,0xff,
    0xdc,0xff,0xdd,0xff,0xf4,0xb5,0xf0,0x94,0xc7,0x42,0xae,0x8c,0xfd,0xff,0x9c,0xf7,0xbb,0xff,0xb7,0xde,0xca,0x63,0xaa,0x63,
    0xf9,0xde,0xdc,0xff,0x9b,0xff,0xbc,0xff,0xbc,0xff,0xbc,0xff,0xbc,0xff,0xbc,0xff,0xbc,0xff,0xbc,0xff,0xbc,0xff,0xbc,0xff,
    0xbc,0xff,0xbc,0xff,0xbc,0xff,0xbc,0xff,0xdc,0xff,0x5a,0xef,0xe8,0x4a,0x10,0x9d,0xfd,0xff,0x9b,0xf7,0xbc,0xff,0xbc,0xff,
    0xbc,0xff,0xbc,0xff,0x9b,0xf7,0xfd,0xff,0xf0,0x94,0xe7,0x4a,0x19,0xe7,0xdc,0xff,0xbb,0xff,0xbb,0xff,0xbb,0xff,0xbb,0xff,
    0x9b,0xf7,0x7a,0xef,0x7a,0xf7,0x9b,0xf7,0x9b,0xf7,0x9a,0xff,0xd8,0xde,0x64,0x29,0x6c,0x6b,0x78,0xce,0xba,0xff,0xba,0xff,
    0x71,0xad,0x0b,0x7c,0x2c,0x84,0xeb,0x7b,0xeb,0x7b,0x0b,0x84,0xcf,0x9c,0xbb,0xff,0xba,0xff,0x9a,0xf7,0xb2,0xb5,0xab,0x73,
    0x61,0x08,0xad,0x7b,0xbb,0xf7,0x9b,0xf7,0xbb,0xff,0xbb,0xff,0x9b,0xff,0x9b,0xf7,0xbb,0xff,0xbc,0xff,0xbc,0xff,0xbb,0xff,
    0xdc,0xff,0xd8,0xde,0xc6,0x42,0x93,0xad,0xfd,0xff,0x9b,0xf7,0xbc,0xff,0xbc,0xff,0xbc,0xff,0xbc,0xff,0xbc,0xff,0xdc,0xff,
    0xec,0x73,0xab,0x6b,0xbc,0xff,0xbc,0xff,0xbb,0xff,0xbc,0xff,0xbc,0xff,0xbc,0xff,0xbc,0xff,0xbc,0xff,0xbc,0xff,0xbc,0xff,
    0xbc,0xff,0x7b,0xf7,0xfd,0xff,0xf5,0xbd,0x61,0x08,0xa8,0x4a,0xeb,0x6b,0x4c,0x7c,0xe8,0x52,0x41,0x08,0x26,0x3a,0x0b,0x74,
    0x0b,0x74,0x08,0x53,0x00,0x00,0x52,0xad,0xdc,0xff,0x1a,0xe7,0x1a,0xe7,0xf8,0xe6,0xb7,0xde,0x7b,0xf7,0xfd,0xff,0x9b,0xf7,
    0x9b,0xf7,0x9b,0xff,0xbb,0xff,0xbc,0xff,0xbc,0xff,0xbc,0xff,0xbc,0xff,0x9b,0xf7,0xfd,0xff,0x35,0xc6,0x86,0x3a,0x56,0xc6,
    0xfd,0xff,0x9b,0xff,0xbc,0xff,0xbc,0xff,0x9b,0xf7,0xfd,0xff,0x6e,0x8c,0xa7,0x4a,0x3a,0xef,0xdc,0xff,0xbb,0xff,0xbc,0xff,
    0xbc,0xff,0xbc,0xff,0xdc,0xff,0x1a,0xe7,0x87,0x4a,0x6f,0x8c,0xfd,0xff,0x9b,0xf7,0xbc,0xff,0xbc,0xff,0x9b,0xf7,0xfd,0xff,
    0x56,0xc6,0xa6,0x42,0x56,0xc6,0xfd,0xff,0x9b,0xff,0xbb,0xff,0xbb,0xff,0xbb,0xff,0xbc,0xff,0x9b,0xff,0x9b,0xff,0xdc,0xff,
    0xdc,0xff,0x7a,0xf7,0xdb,0xff,0xfe,0xff,0x36,0xc6,0x23,0x21,0x44,0x29,0x85,0x31,0xae,0x94,0x10,0xa5,0x30,0xa5,0xae,0x94,
    0x6d,0x8c,0xa8,0x52,0xa5,0x31,0x84,0x31,0x23,0x21,0xc5,0x39,0x4c,0x8c,0x6d,0x94,0x4f,0xad,0xb1,0xb5,0x2f,0xa5,0x4d,0x8c,
    0xa5,0x31,0x6e,0x8c,0xcf,0x9c,0xe9,0x5a,0x44,0x29,0xd1,0x9c,0xfd,0xff,0x9b,0xf7,0xbc,0xff,0xbc,0xff,0xab,0x6b,0x0c,0x74,
    0xdc,0xff,0xbb,0xff,0xbc,0xff,0xbb,0xff,0xbb,0xff,0xbc,0xff,0x9b,0xf7,0xfd,0xff,0x93,0xad,0xa6,0x42,0xb7,0xd6,0xdc,0xff,
    0x9b,0xff,0xbc,0xff,0xbc,0xff,0xbc,0xff,0xbc,0xff,0xbc,0xff,0xbc,0xff,0xbc,0xff,0xbc,0xff,0xbc,0xff,0x9b,0xff,0x9b,0xf7,
    0x9b,0xf7,0x9c,0xf7,0xfd,0xff,0x35,0xc6,0xc7,0x42,0x10,0x9d,0xdc,0xff,0x7b,0xf7,0xbb,0xff,0x0c,0x74,0x8a,0x63,0x19,0xdf,
    0x9c,0xf7,0x9b,0xff,0x9b,0xf7,0x9b,0xf7,0x9b,0xf7,0xbc,0xff,0xbc,0xff,0xbc,0xff,0xbc,0xff,0xbc,0xff,0xbc,0xff,0xbc,0xff,
    0xbc,0xff,0xbc,0xff,0xbc,0xff,0xbc,0xff,0xdc,0xff,0x3a,0xef,0xe7,0x4a,0x10,0x9d,0xfd,0xff,0x9b,0xf7,0xbc,0xff,0xbc,0xff,
    0xbc,0xff,0xbc,0xff,0x9b,0xf7,0xfd,0xff,0xf0,0x94,0xe7,0x4a,0x39,0xe7,0xdc,0xff,0x9b,0xff,0xbb,0xff,0xbb,0xff,0xbc,0xff,
    0xbb,0xff,0xbc,0xff,0xbc,0xff,0x9b,0xff,0xbb,0xff,0xfd,0xff,0xe6,0x39,0x27,0x4a,0x5b,0xef,0xfe,0xff,0x91,0xbd,0x0c,0x84,
    0x0c,0x84,0x6d,0x8c,0x4f,0xad,0x4f,0xad,0xb0,0xbd,0xb1,0xbd,0x90,0xb5,0x6d,0x94,0xd3,0xbd,0xfe,0xff,0x7a,0xef,0x30,0xa5,
    0xe8,0x5a,0x41,0x08,0x77,0xce,0xfe,0xff,0x9b,0xf7,0xbb,0xff,0xbb,0xff,0xbc,0xff,0xbc,0xff,0xbc,0xff,0xbc,0xff,0xbb,0xff,
    0xdc,0xff,0xd8,0xde,0xc6,0x42,0x93,0xad,0xfd,0xff,0x9b,0xf7,0xbc,0xff,0xbc,0xff,0xbc,0xff,0xbc,0xff,0xbc,0xff,0xdc,0xff,
    0xec,0x73,0xcb,0x6b,0xbc,0xff,0xbc,0xff,0xbb,0xff,0xbc,0xff,0xbc,0xff,0xbc,0xff,0xbc,0xff,0xbc,0xff,0xbc,0xff,0xbc,0xff,
    0x9b,0xf7,0xff,0xff,0x2f,0x8c,0x64,0x29,0x6a,0x63,0xaa,0x6b,0x0b,0x74,0x26,0x3a,0xe6,0x39,0x10,0x9d,0xe6,0x39,0xa4,0x31,
    0xeb,0x73,0x49,0x5b,0x09,0x5b,0x23,0x21,0xf2,0xa4,0x4f,0x8c,0x03,0x21,0x64,0x29,0xe2,0x18,0x6f,0x8c,0xfd,0xff,0x9b,0xf7,
    0xbb,0xff,0xbc,0xff,0xbc,0xff,0xbc,0xff,0xbb,0xff,0xbc,0xff,0xbc,0xff,0x9b,0xf7,0xfd,0xff,0x35,0xc6,0x86,0x3a,0x56,0xc6,
    0xfd,0xff,0x9b,0xf7,0xbc,0xff,0xbc,0xff,0x9b,0xff,0xfd,0xff,0x6f,0x8c,0xa7,0x4a,0x3a,0xef,0xdc,0xff,0xbb,0xff,0xbc,0xff,
    0xbc,0xff,0x9c,0xff,0xdc,0xff,0x1a,0xe7,0x87,0x4a,0x6f,0x8c,0xfd,0xff,0x9b,0xf7,0xbc,0xff,0xbc,0xff,0x9b,0xf7,0xfd,0xff,
    0x56,0xc6,0xa6,0x42,0x56,0xc6,0xfd,0xff,0x9b,0xf7,0xbb,0xff,0xbb,0xff,0xbb,0xff,0xbb,0xff,0x9b,0xf7,0xdc,0xff,0xfe,0xff,
    0xfd,0xff,0xbb,0xff,0x6c,0x6b,0xca,0x5a,0xa9,0x52,0xe8,0x5a,0xc8,0x5a,0x29,0x63,0x71,0xad,0x91,0xb5,0x8e,0x94,0xe9,0x5a,
    0x67,0x4a,0x84,0x29,0x85,0x31,0xc5,0x39,0x44,0x29,0x44,0x29,0x90,0xb5,0xd1,0xbd,0x70,0xad,0x70,0xad,0xf2,0xc5,0xd1,0xbd,
    0x44,0x29,0xe9,0x5a,0x91,0xb5,0x0f,0xa5,0x00,0x00,0x70,0x8c,0xff,0xff,0x9b,0xf7,0xbb,0xff,0xbc,0xff,0xab,0x63,0xec,0x73,
    0xdc,0xff,0xbc,0xff,0xbc,0xff,0x9b,0xff,0x9b,0xf7,0xbc,0xff,0x9b,0xf7,0xfd,0xff,0x93,0xad,0xa6,0x42,0xb7,0xd6,0xdc,0xff,
    0x9b,0xff,0xbb,0xff,0xbc,0xff,0xbc,0xff,0xbc,0xff,0xbc,0xff,0xbc,0xff,0xbc,0xff,0x9b,0xf7,0x9b,0xf7,0xbb,0xff,0xfd,0xff,
    0xfe,0xff,0xff,0xff,0xfd,0xff,0x7a,0xf7,0xf9,0xde,0xfd,0xff,0xfd,0xff,0xfd,0xff,0xfe,0xff,0x7a,0xef,0x59,0xef,0xfe,0xff,
    0xff,0xff,0xfd,0xff,0xfc,0xff,0xfd,0xff,0xfd,0xff,0xbc,0xff,0xbc,0xff,0xbc,0xff,0xbc,0xff,0xbc,0xff,0xbc,0xff,0xbc,0xff,
    0xbc,0xff,0xbc,0xff,0xbc,0xff,0xbc,0xff,0xdc,0xff,0x5a,0xef,0xe7,0x4a,0x10,0x9d,0xfd,0xff,0x9b,0xf7,0xbc,0xff,0x9b,0xff,
    0x9b,0xff,0xbc,0xff,0x9c,0xf7,0xfd,0xff,0xf0,0x94,0xc7,0x4a,0x39,0xe7,0xdc,0xff,0x9b,0xff,0xbc,0xff,0xbc,0xff,0xbc,0xff,
    0xbb,0xff,0xbc,0xff,0xbc,0xff,0xbc,0xff,0x19,0xe7,0xee,0x83,0x89,0x52,0x94,0xb5,0xdc,0xff,0xf4,0xbd,0x8d,0x94,0x6d,0x8c,
    0x0f,0xa5,0x90,0xb5,0xd1,0xbd,0x96,0xde,0x70,0xb5,0x90,0xb5,0x90,0xb5,0xee,0xa4,0xb2,0xbd,0x56,0xce,0xbc,0xf7,0x96,0xd6,
    0xad,0x94,0xe5,0x39,0x6c,0x6b,0xb9,0xd6,0xdc,0xff,0x9b,0xff,0xbb,0xff,0xbc,0xff,0xbc,0xff,0xbc,0xff,0xbc,0xff,0x9b,0xff,
    0xdc,0xff,0xd8,0xde,0xa6,0x42,0x92,0xad,0xfd,0xff,0x9b,0xf7,0xbb,0xff,0x9b,0xff,0xbc,0xff,0xbc,0xff,0xbc,0xff,0xdc,0xff,
    0xeb,0x73,0xcb,0x6b,0xbc,0xff,0xbc,0xff,0xbb,0xff,0xbc,0xff,0xbc,0xff,0xbc,0xff,0xbc,0xff,0xbc,0xff,0xbc,0xff,0xdc,0xff,
    0x9b,0xf7,0xb1,0x94,0x88,0x4a,0x46,0x3a,0x2b,0x74,0xaa,0x6b,0x67,0x42,0x67,0x4a,0xcc,0x73,0x75,0xce,0x0d,0x7c,0x06,0x3a,
    0x46,0x42,0x6a,0x63,0xeb,0x73,0x87,0x42,0x2a,0x63,0x48,0x4a,0xc5,0x31,0x67,0x42,0xc2,0x10,0x2f,0x8c,0xfd,0xff,0x9b,0xf7,
    0xbb,0xff,0xbb,0xff,0xbc,0xff,0xbc,0xff,0xbc,0xff,0xbc,0xff,0xbc,0xff,0x9b,0xf7,0xfd,0xff,0x35,0xc6,0x86,0x3a,0x56,0xc6,
    0xfd,0xff,0x9b,0xf7,0xbc,0xff,0xbc,0xff,0x9b,0xf7,0xfd,0xff,0x6f,0x8c,0x87,0x4a,0x3a,0xef,0xdc,0xff,0xbb,0xff,0xbc,0xff,
    0xbc,0xff,0xbc,0xff,0xdc,0xff,0x1a,0xe7,0x87,0x4a,0x6f,0x8c,0xfd,0xff,0x9b,0xf7,0xbc,0xff,0xbc,0xff,0x9b,0xf7,0xfd,0xff,
    0x35,0xc6,0xa6,0x42,0x56,0xc6,0xfd,0xff,0x9b,0xf7,0xbb,0xff,0xbb,0xff,0xbc,0xff,0xbb,0xff,0xfc,0xff,0xf9,0xe6,0x12,0xa5,
    0x32,0xa5,0x90,0x94,0xa5,0x31,0x84,0x31,0x67,0x4a,0xf2,0xbd,0xf2,0xbd,0x50,0xa5,0x6a,0x63,0x4a,0x63,0xa5,0x31,0xa2,0x10,
    0xa2,0x10,0xc5,0x39,0x2a,0x63,0xe9,0x5a,0x47,0x4a,0x44,0x29,0xce,0x9c,0xb1,0xbd,0x90,0xb5,0xb0,0xb5,0xb1,0xb5,0xef,0x9c,
    0x44,0x29,0x64,0x29,0x8b,0x73,0xae,0x94,0x84,0x31,0x07,0x3a,0x74,0xad,0xdd,0xff,0x9b,0xf7,0xbc,0xff,0xab,0x63,0x0c,0x74,
    0xdc,0xff,0x9b,0xff,0xbc,0xff,0xdd,0xff,0xfd,0xff,0xbc,0xff,0x9b,0xf7,0xfd,0xff,0x92,0xad,0x86,0x42,0xb7,0xd6,0xdc,0xff,
    0x9b,0xf7,0xbc,0xff,0xbc,0xff,0xbc,0xff,0xbc,0xff,0xbc,0xff,0xbc,0xff,0xbc,0xff,0xfd,0xff,0xff,0xff,0x56,0xce,0x88,0x4a,
    0x0a,0x63,0xea,0x5a,0xa9,0x52,0xca,0x5a,0x0b,0x63,0xea,0x5a,0xa9,0x52,0xca,0x5a,0xea,0x5a,0xca,0x5a,0xa9,0x52,0xa9,0x52,
    0xca,0x5a,0xa9,0x52,0xea,0x5a,0x2b,0x63,0x2f,0x84,0x9b,0xf7,0x9b,0xf7,0x9b,0xf7,0xbc,0xff,0xbc,0xff,0xbc,0xff,0xbc,0xff,
    0xbc,0xff,0xbc,0xff,0xbc,0xff,0xbb,0xff,0xdc,0xff,0x5a,0xef,0xe7,0x4a,0xf0,0x94,0xfd,0xff,0x9b,0xf7,0xbc,0xff,0xfc,0xff,
    0xfd,0xff,0xbc,0xff,0x9c,0xf7,0xfd,0xff,0xf0,0x94,0xe7,0x4a,0x39,0xe7,0xdc,0xff,0xbb,0xff,0xbc,0xff,0xbc,0xff,0xbc,0xff,
    0xbb,0xff,0xbc,0xff,0x9b,0xf7,0xfd,0xff,0x19,0xe7,0x20,0x00,0x0e,0x84,0xfd,0xff,0xb6,0xde,0xca,0x73,0x6c,0x8c,0xf2,0xc5,
    0xd1,0xbd,0x6f,0xad,0x13,0xc6,0xfd,0xff,0x30,0xa5,0x4f,0xad,0xb0,0xbd,0xd1,0xbd,0xb1,0xbd,0x0f,0xa5,0x9a,0xf7,0xba,0xff,
    0x4f,0xad,0x0b,0x84,0x81,0x10,0x94,0xb5,0xfe,0xff,0x9b,0xf7,0xbb,0xff,0xbc,0xff,0xbc,0xff,0xbc,0xff,0xbc,0xff,0xbb,0xff,
    0xdc,0xff,0xd8,0xde,0xc6,0x42,0x92,0xad,0xfd,0xff,0x9b,0xf7,0xbc,0xff,0xfd,0xff,0xdc,0xff,0xbc,0xff,0xbb,0xff,0xdc,0xff,
    0xeb,0x73,0xab,0x6b,0xbc,0xff,0xbc,0xff,0xbc,0xff,0xbc,0xff,0xbc,0xff,0xbc,0xff,0xbc,0xff,0xbc,0xff,0x9b,0xf7,0x9b,0xf7,
    0x77,0xd6,0xe3,0x18,0x67,0x42,0x2b,0x74,0xeb,0x6b,0x8a,0x63,0x82,0x10,0x0d,0x7c,0xb5,0xce,0x14,0xbe,0xd6,0xd6,0xec,0x7b,
    0xe2,0x18,0x49,0x5b,0xcb,0x6b,0x4c,0x7c,0x67,0x42,0x81,0x10,0xc8,0x4a,0xcb,0x6b,0x03,0x19,0x2e,0x84,0xfd,0xff,0x9b,0xf7,
    0xbb,0xff,0xbc,0xff,0xbc,0xff,0xbc,0xff,0xbc,0xff,0xbc,0xff,0xbc,0xff,0x9b,0xf7,0xfd,0xff,0x35,0xc6,0x86,0x3a,0x56,0xc6,
    0xfd,0xff,0x9b,0xf7,0xbc,0xff,0xbc,0xff,0x9b,0xff,0xfd,0xff,0x6e,0x8c,0x87,0x4a,0x3a,0xef,0xdc,0xff,0x9b,0xff,0xbc,0xff,
    0xbc,0xff,0x9c,0xff,0xdc,0xff,0x3a,0xe7,0xa7,0x4a,0x8f,0x8c,0xfd,0xff,0x9b,0xf7,0xbb,0xff,0xbb,0xff,0x9b,0xf7,0xfd,0xff,
    0x35,0xc6,0x86,0x42,0x56,0xc6,0xfd,0xff,0x9b,0xf7,0xbc,0xff,0x9b,0xff,0x7b,0xf7,0x19,0xe7,0x9b,0xf7,0xd1,0x9c,0x60,0x08,
    0xa2,0x10,0x61,0x08,0x0f,0x9d,0x74,0xce,0x91,0xad,0xcb,0x73,0xab,0x73,0x64,0x29,0x03,0x21,0xc2,0x18,0xe8,0x52,0x2e,0x9d,
    0xe8,0x52,0x64,0x29,0xe9,0x62,0x88,0x52,0xa8,0x5a,0xa5,0x39,0xc5,0x39,0xd1,0xbd,0xb0,0xb5,0xf1,0xbd,0x4a,0x6b,0xe2,0x18,
    0xa5,0x31,0xe2,0x18,0x03,0x21,0x6a,0x6b,0x12,0xc6,0xe2,0x18,0xad,0x7b,0xfd,0xff,0x9b,0xf7,0xbc,0xff,0xab,0x63,0x0c,0x74,
    0xdc,0xff,0x7b,0xf7,0xbc,0xff,0x11,0x9d,0x0d,0x7c,0xf9,0xe6,0xbc,0xff,0xfd,0xff,0x93,0xad,0x86,0x42,0xb7,0xd6,0xdc,0xff,
    0x9b,0xf7,0xbc,0xff,0xbc,0xff,0xbc,0xff,0xbc,0xff,0xbc,0xff,0xbc,0xff,0x9b,0xff,0x90,0x94,0x8c,0x6b,0xea,0x5a,0x0a,0x63,
    0x4b,0x6b,0x2b,0x63,0x0a,0x63,0x2a,0x63,0x4b,0x6b,0x4b,0x6b,0x4a,0x63,0x2a,0x63,0x4b,0x6b,0x4b,0x63,0xea,0x5a,0xc9,0x5a,
    0xe9,0x5a,0xc9,0x5a,0x64,0x29,0xa1,0x10,0xe2,0x18,0x57,0xce,0xff,0xff,0xfd,0xff,0x9b,0xf7,0x9b,0xf7,0xbc,0xff,0xbc,0xff,
    0xbc,0xff,0xbc,0xff,0xbc,0xff,0xbc,0xff,0xdc,0xff,0x5a,0xef,0xe7,0x4a,0xf0,0x94,0xfc,0xff,0x9b,0xf7,0x7a,0xf7,0x8f,0x8c,
    0xaf,0x8c,0x9c,0xf7,0x9b,0xf7,0xfc,0xff,0xf0,0x94,0xe7,0x4a,0x39,0xe7,0xdc,0xff,0xbb,0xff,0xbc,0xff,0xbc,0xff,0xbc,0xff,
    0xbc,0xff,0xbb,0xff,0xbc,0xff,0x3a,0xef,0x53,0xad,0x64,0x29,0x6f,0x94,0xfc,0xff,0xcf,0x9c,0x0b,0x84,0xd1,0xbd,0xd1,0xbd,
    0xb1,0xbd,0x6f,0xad,0x13,0xc6,0xfc,0xff,0xb3,0xbd,0xad,0x94,0xf1,0xc5,0xb1,0xbd,0xd1,0xbd,0xf2,0xc5,0xf7,0xe6,0x79,0xf7,
    0xf3,0xbd,0xeb,0x7b,0x23,0x21,0x0f,0x84,0xd8,0xde,0xbc,0xff,0xbb,0xff,0xbc,0xff,0xbc,0xff,0xbc,0xff,0xbc,0xff,0x9b,0xff,
    0xdc,0xff,0xd8,0xde,0xc7,0x42,0x93,0xad,0xfc,0xff,0x9b,0xff,0x1a,0xe7,0x2d,0x7c,0xf0,0x94,0x9b,0xff,0x9b,0xf7,0xdc,0xff,
    0xec,0x73,0xaa,0x6b,0xbc,0xff,0xbc,0xff,0xbb,0xff,0xbc,0xff,0xbc,0xff,0xbc,0xff,0xbc,0xff,0x9b,0xf7,0xff,0xff,0x12,0xa5,
    0xa2,0x10,0x49,0x5b,0xaa,0x63,0xeb,0x6b,0x67,0x42,0x44,0x21,0x71,0xad,0x91,0xad,0xd7,0xd6,0xdc,0xff,0x5a,0xef,0xf3,0xb5,
    0x51,0xa5,0x03,0x19,0x09,0x53,0x2c,0x74,0x6a,0x63,0x49,0x5b,0x84,0x29,0x46,0x42,0x64,0x29,0x0e,0x84,0xfd,0xff,0x9b,0xf7,
    0xbb,0xff,0xbc,0xff,0xbc,0xff,0xbc,0xff,0xbc,0xff,0xbc,0xff,0xbc,0xff,0x9b,0xf7,0xfd,0xff,0x35,0xc6,0x86,0x42,0x56,0xc6,
    0xfd,0xff,0x9b,0xf7,0xbc,0xff,0xbc,0xff,0x9b,0xff,0xfd,0xff,0x6e,0x8c,0x87,0x4a,0x3a,0xef,0xdc,0xff,0xbb,0xff,0xbc,0xff,
    0xbc,0xff,0xbc,0xff,0xdc,0xff,0x3a,0xe7,0xc8,0x52,0x8f,0x8c,0xfd,0xff,0x9b,0xff,0xbb,0xff,0xbc,0xff,0x9b,0xf7,0xfd,0xff,
    0x35,0xc6,0x86,0x42,0x56,0xc6,0xfd,0xff,0x9b,0xf7,0x7b,0xf7,0xfe,0xff,0x53,0xad,0xe2,0x18,0xe3,0x18,0x26,0x42,0x50,0xad,
    0x30,0xa5,0x30,0xa5,0x6d,0x84,0xec,0x7b,0x47,0x42,0xa5,0x31,0x84,0x29,0x03,0x21,0xc2,0x18,0x64,0x29,0xac,0x8c,0xed,0x8c,
    0xad,0x8c,0x67,0x42,0xa5,0x31,0x88,0x52,0xc6,0x39,0x85,0x31,0xe3,0x20,0xe5,0x41,0xcd,0x9c,0xc8,0x5a,0x26,0x42,0xaa,0x6b,
    0x0d,0x95,0x28,0x5b,0x43,0x21,0xe9,0x5a,0x33,0xc6,0x23,0x21,0xee,0x83,0xfd,0xff,0x9b,0xf7,0xbc,0xff,0xab,0x6b,0x2c,0x74,
    0xdd,0xff,0xdc,0xff,0xfe,0xff,0x4a,0x63,0xc4,0x29,0xd8,0xde,0xfe,0xff,0xfe,0xff,0x92,0xad,0x86,0x42,0xb7,0xd6,0xdc,0xff,
    0x9b,0xf7,0xbc,0xff,0xbc,0xff,0xbc,0xff,0xbc,0xff,0xbc,0xff,0xbc,0xff,0x9b,0xf7,0xa5,0x31,0x64,0x29,0x8c,0x73,0xf8,0xde,
    0xd7,0xd6,0xb6,0xd6,0xd6,0xd6,0xb6,0xd6,0x96,0xce,0x55,0xce,0x55,0xc6,0x54,0xc6,0x55,0xc6,0x76,0xce,0x96,0xce,0xb6,0xd6,
    0xb5,0xd6,0xb5,0xce,0x31,0xa5,0x6c,0x6b,0x43,0x21,0xea,0x5a,0x4b,0x63,0xcd,0x7b,0xfd,0xff,0xdc,0xff,0x9b,0xf7,0xbc,0xff,
    0xbc,0xff,0xbc,0xff,0xbc,0xff,0xbc,0xff,0xdc,0xff,0x3a,0xef,0xe8,0x4a,0x10,0x9d,0xfd,0xff,0xfc,0xff,0x9b,0xf7,0xa7,0x42,
    0xe8,0x4a,0xdd,0xff,0xfd,0xff,0xfc,0xff,0xf0,0x94,0x08,0x4b,0x39,0xe7,0xdc,0xff,0xbb,0xff,0xbc,0xff,0xbc,0xff,0xbc,0xff,
    0xbc,0xff,0x9b,0xf7,0xfd,0xff,0x12,0xa5,0x60,0x08,0xb5,0xb5,0xde,0xff,0xd6,0xde,0x4c,0x84,0x8d,0x94,0xb0,0xbd,0xb1,0xb5,
    0x6f,0xad,0x33,0xce,0x7a,0xf7,0xdc,0xff,0x14,0xc6,0x8c,0x94,0xd1,0xbd,0x6f,0xb5,0xb1,0xbd,0xd1,0xbd,0xad,0x94,0xd8,0xde,
    0x7a,0xf7,0x4f,0xad,0xeb,0x7b,0xc2,0x18,0x4c,0x6b,0xfd,0xff,0x9b,0xf7,0xbc,0xff,0xbc,0xff,0xbc,0xff,0xbc,0xff,0xbb,0xff,
    0xdc,0xff,0xd8,0xde,0xa6,0x42,0x92,0xad,0xfd,0xff,0xfe,0xff,0x3b,0xe7,0x25,0x3a,0x6a,0x63,0xfc,0xff,0xdc,0xff,0xdc,0xff,
    0x0c,0x74,0xab,0x6b,0xbc,0xff,0xbb,0xff,0xbb,0xff,0xbc,0xff,0xbc,0xff,0xbb,0xff,0xbc,0xff,0xdc,0xff,0xb1,0x94,0xe9,0x5a,
    0x87,0x4a,0xcb,0x6b,0xcb,0x6b,0xe6,0x39,0x67,0x4a,0x0d,0x7c,0x14,0xbe,0xf7,0xde,0x9a,0xf7,0xbb,0xff,0xbb,0xff,0x18,0xe7,
    0x34,0xc6,0x0d,0x7c,0xa8,0x52,0x67,0x42,0xaa,0x63,0xcb,0x6b,0xc8,0x4a,0x26,0x3a,0xa2,0x10,0x4f,0x8c,0xfe,0xff,0x9b,0xf7,
    0xbb,0xff,0xbc,0xff,0xbc,0xff,0xbc,0xff,0xbc,0xff,0xbc,0xff,0xbb,0xff,0x9b,0xf7,0xfd,0xff,0x35,0xc6,0xa6,0x42,0x56,0xce,
    0xfd,0xff,0x9b,0xf7,0xbc,0xff,0xbc,0xff,0x9b,0xf7,0xfd,0xff,0x6f,0x8c,0x87,0x4a,0x3a,0xe7,0xdc,0xff,0xbb,0xff,0xbc,0xff,
    0xbc,0xff,0xbb,0xff,0xdc,0xff,0x3a,0xe7,0xc8,0x52,0x8f,0x8c,0xfd,0xff,0x9b,0xf7,0xbb,0xff,0xbb,0xff,0x9b,0xf7,0xfd,0xff,
    0x55,0xc6,0xa6,0x42,0x56,0xc6,0xfd,0xff,0x9b,0xf7,0xfc,0xff,0x36,0xce,0xe6,0x39,0x26,0x42,0x8a,0x6b,0x6d,0x8c,0x70,0xad,
    0x4d,0x84,0xec,0x7b,0x47,0x42,0xa5,0x31,0xa2,0x10,0x8c,0x73,0x12,0xa5,0x44,0x29,0x44,0x29,0x44,0x29,0xaa,0x6b,0xcd,0x8c,
    0x2e,0x95,0xca,0x6b,0x03,0x21,0x85,0x31,0x03,0x21,0x64,0x29,0x46,0x42,0xa7,0x4a,0x44,0x29,0xe8,0x5a,0xed,0x94,0x6e,0x9d,
    0xec,0x8c,0xae,0xa5,0x87,0x4a,0x27,0x42,0x13,0xc6,0xe2,0x18,0xcd,0x7b,0xfd,0xff,0x9b,0xf7,0xbc,0xff,0xab,0x6b,0x2c,0x74,
    0xdd,0xff,0x93,0xb5,0x31,0xa5,0xf1,0x9c,0xf1,0x9c,0x52,0xa5,0x32,0xa5,0x3a,0xe7,0xb3,0xad,0x86,0x42,0xb7,0xd6,0xfc,0xff,
    0x9b,0xff,0xbc,0xff,0xbc,0xff,0xbc,0xff,0xbc,0xff,0xbc,0xff,0xbc,0xff,0xbc,0xff,0xa5,0x31,0x12,0xa5,0x5a,0xef,0x49,0x63,
    0x87,0x4a,0xe5,0x39,0x05,0x3a,0x03,0x19,0xc2,0x10,0xc2,0x10,0xa2,0x10,0xa2,0x10,0xa1,0x10,0xc2,0x10,0x23,0x21,0x66,0x42,
    0x66,0x42,0x09,0x5b,0x52,0xad,0xd8,0xde,0x23,0x21,0x64,0x29,0x03,0x19,0x85,0x29,0x2f,0x84,0x77,0xd6,0xfd,0xff,0x9b,0xf7,
    0xbc,0xff,0xbc,0xff,0xbc,0xff,0xbb,0xff,0xdc,0xff,0x3a,0xef,0xe7,0x4a,0x31,0x9d,0xbc,0xff,0x51,0xa5,0x31,0x9d,0x11,0x9d,
    0x31,0x9d,0x32,0x9d,0x52,0xa5,0xbb,0xff,0x10,0x9d,0x07,0x4b,0x39,0xe7,0xdc,0xff,0x9b,0xff,0xbc,0xff,0xbb,0xff,0xbc,0xff,
    0xbc,0xff,0x9b,0xf7,0xfd,0xff,0x12,0xa5,0xa1,0x10,0x16,0xc6,0xff,0xff,0xef,0x9c,0xca,0x73,0x4f,0xad,0x12,0xc6,0x95,0xd6,
    0xd7,0xde,0x7a,0xf7,0x9b,0xf7,0xb6,0xde,0x19,0xe7,0x76,0xce,0xb6,0xde,0xd6,0xde,0x13,0xc6,0x90,0xb5,0xb0,0xbd,0x39,0xef,
    0x39,0xef,0x70,0xad,0x6c,0x8c,0x43,0x21,0x8d,0x73,0xfd,0xff,0x9b,0xf7,0xbc,0xff,0xbc,0xff,0xbc,0xff,0xbc,0xff,0xbb,0xff,
    0xdc,0xff,0xd8,0xde,0xa6,0x42,0x93,0xad,0x5a,0xef,0x32,0xa5,0x74,0xad,0x32,0xa5,0x11,0x9d,0x31,0xa5,0x93,0xad,0xdc,0xff,
    0x0c,0x74,0xab,0x6b,0xbc,0xff,0xbb,0xff,0xbb,0xff,0xbc,0xff,0xbc,0xff,0x9b,0xff,0x7b,0xf7,0xd8,0xde,0x85,0x31,0x26,0x3a,
    0x4c,0x7c,0xcb,0x6b,0x8a,0x63,0xe3,0x18,0x2a,0x63,0xf6,0xd6,0x39,0xe7,0x19,0xe7,0x2c,0x7c,0x55,0xce,0x0c,0x7c,0x76,0xce,
    0xf8,0xde,0xd6,0xd6,0xac,0x73,0x84,0x29,0x8a,0x63,0xaa,0x63,0x0b,0x6c,0x87,0x4a,0x81,0x10,0xee,0x7b,0x7b,0xef,0x9b,0xf7,
    0xbc,0xff,0xbb,0xff,0x9b,0xf7,0x9b,0xf7,0xbb,0xff,0xbc,0xff,0xbc,0xff,0x9b,0xf7,0xfd,0xff,0x35,0xc6,0xa6,0x42,0x56,0xce,
    0xfd,0xff,0x9b,0xf7,0xbc,0xff,0xbc,0xff,0x9b,0xf7,0xfd,0xff,0x6e,0x8c,0x87,0x4a,0x3a,0xe7,0xdc,0xff,0xbb,0xff,0xbc,0xff,
    0xbc,0xff,0x9b,0xff,0xdc,0xff,0x1a,0xe7,0xa8,0x52,0x8f,0x8c,0xfd,0xff,0x9b,0xf7,0xbb,0xff,0xbb,0xff,0x9b,0xf7,0xfd,0xff,
    0x55,0xc6,0xc6,0x42,0x56,0xc6,0xfc,0xff,0xbb,0xf7,0x3a,0xe7,0x27,0x42,0xc2,0x18,0x6d,0x8c,0x12,0xc6,0xce,0x94,0xe8,0x5a,
    0xc5,0x31,0x65,0x29,0xa5,0x31,0x44,0x29,0x15,0xc6,0xbb,0xff,0xbb,0xff,0x3a,0xef,0x70,0x94,0x00,0x00,0xe3,0x18,0x8a,0x63,
    0x0d,0x8d,0x08,0x53,0xc2,0x18,0xa2,0x10,0x08,0x5b,0x0d,0x8d,0x0d,0x8d,0xed,0x8c,0x84,0x29,0x69,0x63,0xac,0x84,0xed,0x8c,
    0x6e,0x9d,0x2b,0x7c,0x84,0x29,0xc6,0x39,0xf2,0xbd,0xc2,0x18,0xcd,0x7b,0xfd,0xff,0x9b,0xf7,0xbc,0xff,0xab,0x63,0x0c,0x74,
    0xbc,0xff,0xa7,0x4a,0xa3,0x29,0x19,0xe7,0xff,0xff,0xac,0x6b,0x62,0x21,0x15,0xc6,0xd4,0xb5,0x66,0x3a,0xb7,0xd6,0xdc,0xff,
    0x9b,0xff,0xbc,0xff,0xbc,0xff,0xbc,0xff,0xbc,0xff,0xbc,0xff,0xbc,0xff,0xbc,0xff,0x85,0x31,0x70,0x94,0xfd,0xff,0x7b,0xef,
    0x2b,0x63,0x07,0x42,0x47,0x4a,0x48,0x4a,0x48,0x4a,0x48,0x4a,0x68,0x4a,0x68,0x4a,0x48,0x4a,0x68,0x4a,0x89,0x52,0x68,0x4a,
    0x27,0x42,0x77,0xce,0xbc,0xff,0x97,0xd6,0xaa,0x63,0x76,0xce,0xfd,0xff,0x94,0xb5,0x20,0x00,0x6c,0x6b,0xfa,0xde,0xbc,0xff,
    0xbb,0xff,0xbc,0xff,0xbb,0xff,0x9b,0xff,0xdc,0xff,0x3a,0xef,0xe7,0x4a,0x52,0xa5,0x5b,0xef,0x25,0x32,0x46,0x3a,0xdc,0xff,
    0xbc,0xff,0x26,0x3a,0x05,0x32,0x5a,0xef,0x31,0x9d,0x07,0x4b,0x39,0xe7,0xdc,0xff,0x9b,0xff,0xbb,0xff,0xbc,0xff,0xbc,0xff,
    0xbc,0xff,0x9b,0xf7,0xfd,0xff,0x12,0xa5,0xa1,0x10,0xd5,0xbd,0xfd,0xff,0x6d,0x8c,0xad,0x94,0x54,0xce,0x9b,0xf7,0xbb,0xff,
    0xdc,0xff,0x9b,0xf7,0x19,0xe7,0x13,0xc6,0x18,0xe7,0xbc,0xff,0xbb,0xff,0xba,0xff,0x51,0xad,0x8d,0x94,0xd1,0xbd,0x38,0xef,
    0x39,0xef,0x70,0xb5,0x8d,0x94,0x23,0x21,0x8d,0x73,0xfd,0xff,0x9b,0xf7,0xbc,0xff,0xbc,0xff,0xbc,0xff,0xbc,0xff,0xbb,0xff,
    0xdc,0xff,0xd8,0xde,0x86,0x3a,0xb3,0xb5,0x77,0xce,0x82,0x21,0x29,0x5b,0xff,0xff,0xf9,0xde,0xc4,0x29,0xc8,0x4a,0xbc,0xf7,
    0x0c,0x74,0xaa,0x63,0xbc,0xff,0xbb,0xff,0xbb,0xff,0xbc,0xff,0x9b,0xf7,0xfe,0xff,0x57,0xce,0x82,0x10,0x29,0x5b,0xca,0x6b,
    0x0b,0x74,0xa7,0x4a,0xa1,0x10,0x10,0x9d,0xf2,0xb5,0xb6,0xd6,0xfd,0xff,0xf9,0xde,0xaf,0x8c,0x96,0xd6,0x8e,0x8c,0x76,0xce,
    0xdc,0xff,0x18,0xe7,0xf3,0xb5,0xf3,0xbd,0xc5,0x39,0xc5,0x31,0x0b,0x6c,0x4a,0x5b,0xaa,0x6b,0x43,0x21,0x4c,0x6b,0xff,0xff,
    0x9b,0xf7,0xbc,0xff,0xfd,0xff,0xfd,0xff,0xbc,0xff,0x9b,0xf7,0xbc,0xff,0x9b,0xf7,0xfd,0xff,0x35,0xc6,0xa6,0x42,0x56,0xce,
    0xfd,0xff,0xbb,0xf7,0xbc,0xff,0xbc,0xff,0x9b,0xf7,0xfd,0xff,0x6e,0x8c,0x87,0x4a,0x3a,0xef,0xdc,0xff,0x9b,0xff,0xbb,0xff,
    0xbc,0xff,0xbc,0xff,0xdc,0xff,0x1a,0xe7,0xa8,0x4a,0x8f,0x8c,0xfd,0xff,0x9b,0xf7,0xbb,0xff,0xbc,0xff,0x9b,0xff,0xfd,0xff,
    0x55,0xc6,0xa6,0x42,0x55,0xc6,0xdc,0xff,0xfd,0xff,0xd1,0x9c,0xa1,0x10,0xb2,0xbd,0xef,0x9c,0x29,0x5b,0xc8,0x5a,0x84,0x29,
    0x03,0x21,0x16,0xc6,0xbc,0xf7,0x39,0xef,0x9a,0xff,0xbc,0xff,0xdc,0xff,0xfc,0xff,0x76,0xd6,0x70,0x8c,0x07,0x42,0x03,0x21,
    0xc7,0x52,0x84,0x29,0x84,0x29,0xca,0x6b,0xed,0x8c,0xac,0x84,0xcc,0x84,0xed,0x8c,0x2d,0x95,0x84,0x29,0x49,0x63,0x0d,0x95,
    0x49,0x63,0x23,0x21,0x44,0x29,0xb0,0x94,0xf7,0xde,0x03,0x21,0xee,0x7b,0xfd,0xff,0x9b,0xf7,0xbc,0xff,0xab,0x6b,0x2c,0x7c,
    0xdc,0xff,0x11,0x9d,0xaf,0x94,0x72,0xad,0x93,0xad,0x11,0x9d,0x8f,0x8c,0x19,0xe7,0xb3,0xb5,0x86,0x42,0xb7,0xd6,0xdc,0xff,
    0x9b,0xff,0xbc,0xff,0xbc,0xff,0xbc,0xff,0xbc,0xff,0xbc,0xff,0xbc,0xff,0xbc,0xff,0x85,0x31,0xb0,0x94,0xfd,0xff,0x9b,0xff,
    0xbc,0xff,0xdc,0xff,0xbc,0xff,0xbb,0xff,0xbb,0xff,0xbc,0xff,0xbc,0xff,0xbc,0xff,0xbb,0xff,0x9b,0xff,0xdc,0xff,0xdd,0xff,
    0xbc,0xff,0xbb,0xff,0xbb,0xff,0xd7,0xd6,0x0b,0x6c,0x14,0xbe,0x7c,0xf7,0x7b,0xf7,0xb4,0xb5,0x03,0x19,0x2b,0x63,0xfd,0xff,
    0x9b,0xf7,0xbb,0xff,0xbc,0xff,0xbb,0xff,0xdc,0xff,0x5a,0xef,0x08,0x4b,0x31,0x9d,0x9b,0xf7,0xf0,0x9c,0xf1,0x9c,0x93,0xad,
    0x52,0xa5,0xaf,0x8c,0xaf,0x94,0x9b,0xf7,0x11,0x9d,0x07,0x4b,0x39,0xe7,0xdc,0xff,0xbb,0xff,0xbc,0xff,0xbc,0xff,0xbc,0xff,
    0xbc,0xff,0x9b,0xf7,0xfd,0xff,0x12,0xa5,0x81,0x08,0xd4,0xbd,0xfc,0xff,0x4d,0x8c,0xce,0x9c,0xf2,0xc5,0xd2,0xbd,0xf7,0xe6,
    0x7a,0xf7,0x59,0xef,0x95,0xd6,0x33,0xc6,0x96,0xd6,0x7b,0xef,0x9a,0xf7,0x6d,0x94,0x0b,0x84,0x2f,0xad,0xb0,0xb5,0x38,0xef,
    0x5a,0xef,0x91,0xb5,0x8d,0x94,0x02,0x21,0x6c,0x6b,0xfe,0xff,0x9b,0xf7,0xbc,0xff,0xbc,0xff,0xbc,0xff,0xbc,0xff,0xbc,0xff,
    0xdc,0xff,0xd8,0xde,0xa6,0x42,0x93,0xad,0x3a,0xe7,0x6f,0x8c,0xf0,0x9c,0x94,0xad,0x72,0xad,0xb0,0x94,0x32,0xa5,0xdd,0xff,
    0x0c,0x74,0xaa,0x6b,0xbc,0xff,0xbb,0xff,0xbc,0xff,0x9b,0xff,0xdd,0xff,0x32,0xa5,0x0a,0x5b,0x67,0x42,0x6a,0x63,0xcb,0x6b,
    0x26,0x3a,0x26,0x42,0xcc,0x73,0x14,0xbe,0x38,0xe7,0x9a,0xf7,0xdc,0xff,0x19,0xe7,0xcf,0x94,0x96,0xce,0xcf,0x94,0x97,0xd6,
    0xdd,0xff,0x7a,0xf7,0xf8,0xde,0x54,0xc6,0x4d,0x84,0x09,0x5b,0xc5,0x31,0x49,0x5b,0xeb,0x6b,0xc8,0x4a,0xc9,0x52,0x0f,0x84,
    0x9b,0xf7,0x39,0xef,0xb0,0x9c,0xaf,0x94,0xf9,0xe6,0xfd,0xff,0xbb,0xff,0x9b,0xf7,0xfd,0xff,0x35,0xc6,0xa6,0x42,0x56,0xc6,
    0xfd,0xff,0x9b,0xf7,0xbc,0xff,0xbc,0xff,0x9b,0xf7,0xfd,0xff,0x6f,0x8c,0xa7,0x4a,0x3a,0xef,0xdc,0xff,0xbb,0xff,0xbc,0xff,
    0xbc,0xff,0x9c,0xff,0xdc,0xff,0x1a,0xe7,0xa8,0x4a,0x8f,0x8c,0xfd,0xff,0x9b,0xff,0xbb,0xff,0xbc,0xff,0x9b,0xf7,0xfd,0xff,
    0x55,0xc6,0xa6,0x42,0x35,0xc6,0xdc,0xff,0xfc,0xff,0x12,0xa5,0xc2,0x18,0xf3,0xbd,0x2d,0x84,0xe9,0x5a,0x03,0x21,0x27,0x4a,
    0x3b,0xe7,0x9b,0xf7,0xdc,0xff,0xbb,0xff,0x9a,0xff,0x5a,0xef,0x77,0xd6,0x59,0xf7,0xbb,0xff,0xff,0xff,0x2f,0x8c,0x65,0x31,
    0x03,0x21,0x23,0x21,0x4b,0x7c,0x0d,0x95,0xcc,0x8c,0x0b,0x74,0x4b,0x7c,0xcc,0x84,0xed,0x8c,0xe5,0x39,0x05,0x3a,0x28,0x5b,
    0xa5,0x31,0x64,0x29,0xed,0x7b,0xba,0xf7,0x30,0xa5,0x02,0x19,0x0e,0x84,0xfd,0xff,0x9b,0xf7,0xbc,0xff,0xaa,0x63,0x2c,0x7c,
    0xdc,0xff,0xdb,0xff,0xfd,0xff,0x8b,0x6b,0x04,0x32,0xb8,0xd6,0xfe,0xff,0xfe,0xff,0x93,0xad,0xa6,0x42,0xb7,0xd6,0xdc,0xff,
    0x9b,0xff,0xbc,0xff,0xbc,0xff,0xbc,0xff,0xbc,0xff,0xbc,0xff,0xbc,0xff,0xbc,0xff,0x85,0x31,0xb1,0x9c,0xfd,0xff,0x9b,0xf7,
    0x9b,0xff,0xbb,0xff,0xdc,0xff,0xdc,0xff,0x9b,0xf7,0x9b,0xff,0xbb,0xff,0xbb,0xff,0x9a,0xf7,0xbb,0xff,0xdc,0xff,0xbc,0xff,
    0xbb,0xff,0x9b,0xf7,0xdc,0xff,0x35,0xc6,0x44,0x21,0xa2,0x10,0x06,0x3a,0x3b,0xe7,0x7b,0xef,0x03,0x19,0x2b,0x63,0xfd,0xff,
    0x9b,0xf7,0xbc,0xff,0xbc,0xff,0xbb,0xff,0xdc,0xff,0x5a,0xef,0x08,0x53,0x10,0x9d,0xfc,0xff,0xfd,0xff,0xbd,0xff,0xe8,0x4a,
    0xa7,0x42,0x9a,0xf7,0xfc,0xff,0xfc,0xff,0xf0,0x94,0x08,0x53,0x39,0xe7,0xdc,0xff,0xbb,0xff,0xbc,0xff,0xbc,0xff,0xbc,0xff,
    0xbb,0xff,0x9b,0xf7,0xfd,0xff,0x12,0xa5,0x61,0x08,0xd4,0xbd,0xfc,0xff,0x6d,0x8c,0xce,0x9c,0xf1,0xbd,0xd1,0xbd,0x0e,0xa5,
    0x54,0xce,0xfc,0xff,0x18,0xe7,0x54,0xc6,0xbc,0xf7,0xbd,0xff,0xce,0x9c,0xeb,0x7b,0xee,0x9c,0xf1,0xc5,0x90,0xb5,0x59,0xef,
    0x5a,0xef,0x90,0xb5,0x6d,0x8c,0xe2,0x18,0x4c,0x6b,0xfd,0xff,0x9b,0xf7,0xbc,0xff,0xbc,0xff,0xbc,0xff,0xbc,0xff,0x9b,0xff,
    0xdc,0xff,0xf8,0xde,0xa6,0x42,0x72,0xad,0xfd,0xff,0xfc,0xff,0xf9,0xe6,0x05,0x32,0x8b,0x63,0xfe,0xff,0xfc,0xff,0xdd,0xff,
    0x0c,0x74,0xab,0x6b,0xbc,0xff,0xbc,0xff,0xbc,0xff,0x9b,0xf7,0xfd,0xff,0x0b,0x63,0x02,0x19,0x4c,0x7c,0x8a,0x63,0x09,0x5b,
    0x85,0x31,0x2a,0x63,0x17,0xdf,0x39,0xe7,0xbc,0xff,0x9b,0xff,0xdc,0xff,0x19,0xe7,0x2c,0x7c,0x35,0xc6,0x0c,0x7c,0x56,0xce,
    0xfd,0xff,0xbb,0xff,0xdc,0xff,0x95,0xce,0x95,0xce,0xf0,0x94,0x64,0x29,0xc8,0x52,0x8a,0x63,0x4c,0x7c,0xe8,0x52,0xe3,0x18,
    0x1a,0xe7,0xf4,0xc5,0xe8,0x5a,0xc7,0x5a,0x72,0xad,0x39,0xef,0x9b,0xf7,0x9b,0xf7,0xfd,0xff,0x35,0xc6,0x86,0x42,0x56,0xce,
    0xfd,0xff,0x9b,0xf7,0xbc,0xff,0xbc,0xff,0x9b,0xf7,0xfd,0xff,0x6f,0x8c,0xa7,0x4a,0x3a,0xef,0xdc,0xff,0xbb,0xff,0xbc,0xff,
    0xbc,0xff,0x9b,0xff,0xdc,0xff,0x1a,0xe7,0x87,0x4a,0x8f,0x8c,0xfd,0xff,0x9b,0xf7,0xbb,0xff,0xbc,0xff,0x9b,0xf7,0xfd,0xff,
    0x55,0xc6,0x86,0x42,0x55,0xc6,0xdc,0xff,0xfc,0xff,0x12,0xa5,0xc2,0x18,0xf3,0xc5,0x2a,0x63,0xe2,0x18,0xe6,0x41,0x57,0xce,
    0xfd,0xff,0x9b,0xff,0x9a,0xf7,0x9a,0xf7,0xdb,0xff,0xf4,0xc5,0x23,0x21,0xb8,0xd6,0xfd,0xff,0x9c,0xf7,0xfe,0xff,0xf1,0x9c,
    0x61,0x08,0x03,0x21,0x4b,0x7c,0x0d,0x95,0x2b,0x74,0x0d,0x95,0xcd,0x8c,0x8c,0x84,0x46,0x42,0xa1,0x10,0x61,0x08,0xc6,0x39,
    0x9a,0xf7,0x99,0xf7,0x33,0xc6,0x4c,0x84,0x4c,0x84,0xe2,0x18,0xee,0x7b,0xfd,0xff,0x9b,0xf7,0xbc,0xff,0x8a,0x63,0x0c,0x74,
    0xdc,0xff,0x9b,0xf7,0xbc,0xff,0x52,0xa5,0x4d,0x84,0xf8,0xde,0xbc,0xff,0xfd,0xff,0x93,0xad,0xa6,0x42,0xb7,0xd6,0xdc,0xff,
    0x9b,0xff,0xbc,0xff,0xbc,0xff,0xbc,0xff,0xbc,0xff,0xbc,0xff,0xbc,0xff,0xbc,0xff,0xa5,0x31,0xb1,0x9c,0xfd,0xff,0x9b,0xf7,
    0x9b,0xff,0xbc,0xff,0x3a,0xef,0xd8,0xd6,0xbc,0xff,0x9b,0xff,0x9b,0xf7,0x9b,0xff,0xdc,0xff,0xd7,0xde,0xf8,0xe6,0xbc,0xff,
    0x9b,0xff,0x9b,0xff,0xfc,0xff,0x36,0xc6,0x61,0x08,0xad,0x73,0x68,0x4a,0x8c,0x73,0x5a,0xef,0xe2,0x18,0x4b,0x6b,0xfd,0xff,
    0x9b,0xf7,0xbc,0xff,0xbb,0xff,0xbb,0xff,0xdc,0xff,0x5a,0xef,0x08,0x53,0x10,0x9d,0xfc,0xff,0x9b,0xf7,0x7b,0xf7,0xd0,0x94,
    0xcf,0x94,0x7a,0xef,0x9b,0xf7,0xfd,0xff,0xf0,0x94,0x07,0x4b,0x39,0xe7,0xdc,0xff,0xbb,0xff,0xbb,0xff,0xbc,0xff,0xbc,0xff,
    0xbc,0xff,0x9b,0xf7,0xfd,0xff,0x12,0xa5,0xa1,0x10,0xd5,0xbd,0xfe,0xff,0x8e,0x94,0xce,0x9c,0xf1,0xbd,0xb1,0xbd,0x90,0xb5,
    0xd6,0xde,0xbb,0xff,0xbb,0xff,0xdc,0xff,0xbb,0xff,0x7b,0xf7,0x8d,0x94,0x90,0xb5,0xb1,0xbd,0xb1,0xbd,0xb1,0xbd,0x5a,0xef,
    0x39,0xef,0x70,0xad,0x4d,0x8c,0xe2,0x18,0x6c,0x6b,0xfd,0xff,0x9b,0xf7,0xbc,0xff,0xbc,0xff,0xbc,0xff,0xbc,0xff,0x9b,0xff,
    0xdc,0xff,0xd8,0xde,0xa6,0x42,0x93,0xad,0xfc,0xff,0x9b,0xff,0xf9,0xe6,0x2e,0x84,0x52,0xa5,0xbc,0xff,0x9b,0xf7,0xdc,0xff,
    0xec,0x73,0xaa,0x63,0xbc,0xff,0xbc,0xff,0xbc,0xff,0x9b,0xf7,0xfd,0xff,0x4c,0x6b,0xc2,0x18,0xeb,0x73,0x6a,0x63,0xa2,0x10,
    0xcf,0x94,0x33,0xbe,0x18,0xe7,0xdc,0xff,0x9b,0xf7,0x9b,0xff,0x9b,0xff,0xbc,0xff,0xdc,0xff,0xbb,0xff,0xdb,0xff,0xbb,0xff,
    0x9b,0xff,0xbb,0xff,0x9b,0xf7,0x9a,0xff,0x95,0xd6,0xf2,0xb5,0x74,0xc6,0x27,0x42,0xa7,0x4a,0xeb,0x6b,0x26,0x42,0x64,0x29,
    0x77,0xce,0x29,0x63,0x2b,0x7c,0x4c,0x84,0x09,0x63,0xc8,0x5a,0xd8,0xde,0xbc,0xff,0xfd,0xff,0x35,0xc6,0x86,0x42,0x56,0xc6,
    0xfd,0xff,0x9b,0xff,0xbc,0xff,0xbc,0xff,0x9b,0xff,0xfd,0xff,0x6f,0x8c,0xa7,0x4a,0x3a,0xef,0xdc,0xff,0xbb,0xff,0xbb,0xff,
    0xbc,0xff,0x9c,0xff,0xdc,0xff,0x1a,0xe7,0x87,0x4a,0x8f,0x8c,0xfd,0xff,0x9b,0xf7,0xbc,0xff,0xbc,0xff,0x9b,0xf7,0xfd,0xff,
    0x55,0xc6,0x86,0x42,0x56,0xc6,0xdc,0xff,0xfd,0xff,0x12,0xa5,0xc2,0x18,0xd2,0xbd,0x09,0x63,0xa1,0x10,0xb1,0x9c,0xff,0xff,
    0x7b,0xf7,0xdb,0xff,0x2a,0x63,0x8f,0x94,0xfe,0xff,0xba,0xff,0x76,0xd6,0xbc,0xf7,0x7a,0xef,0x39,0xe7,0xdd,0xff,0x7a,0xf7,
    0x6f,0x94,0x81,0x10,0x84,0x31,0x0a,0x74,0x6e,0x9d,0xa7,0x4a,0x43,0x21,0xe2,0x18,0x68,0x4a,0xf5,0xbd,0x36,0xce,0x15,0xc6,
    0x51,0xa5,0x0f,0x9d,0xae,0x94,0x6d,0x84,0x4d,0x84,0xe2,0x18,0x0e,0x84,0xfd,0xff,0x9b,0xf7,0xbc,0xff,0x8a,0x63,0x0c,0x74,
    0xdc,0xff,0x9b,0xff,0xbc,0xff,0xfd,0xff,0xfd,0xff,0xbc,0xff,0x9b,0xf7,0xfd,0xff,0x92,0xad,0xa6,0x42,0xb7,0xd6,0xdc,0xff,
    0x9b,0xff,0xbc,0xff,0xbc,0xff,0xbc,0xff,0xbc,0xff,0xbc,0xff,0xbc,0xff,0x9c,0xff,0xa5,0x31,0xb1,0x94,0xfd,0xff,0x9b,0xf7,
    0x9b,0xf7,0xfd,0xff,0x14,0xbe,0xae,0x8c,0xd8,0xde,0xdc,0xff,0xbb,0xff,0xdd,0xff,0x3a,0xe7,0xcf,0x94,0x92,0xad,0xdc,0xff,
    0x9b,0xff,0x9b,0xff,0xfd,0xff,0x77,0xce,0x81,0x08,0x57,0xce,0x4f,0x8c,0x4b,0x6b,0x5a,0xef,0xe2,0x18,0x6c,0x6b,0xfe,0xff,
    0x9b,0xf7,0xbb,0xff,0xbb,0xff,0xbb,0xff,0xdc,0xff,0x5a,0xef,0x08,0x4b,0x10,0x9d,0xfd,0xff,0x9b,0xf7,0xbc,0xff,0xfd,0xff,
    0xfd,0xff,0xbc,0xff,0x9b,0xf7,0xfd,0xff,0x10,0x95,0xe7,0x4a,0x39,0xe7,0xdc,0xff,0xbb,0xff,0xbb,0xff,0xbc,0xff,0xbb,0xff,
    0xbc,0xff,0x9b,0xf7,0xfd,0xff,0x12,0xa5,0xa1,0x10,0x17,0xc6,0xff,0xff,0xb1,0xbd,0x6c,0x94,0x70,0xb5,0xd1,0xbd,0xb0,0xb5,
    0xf8,0xe6,0xfe,0xff,0xb7,0xde,0xef,0x9c,0x39,0xef,0xdc,0xff,0xae,0x94,0x70,0xad,0xd1,0xbd,0xb1,0xbd,0xb1,0xb5,0x59,0xef,
    0x38,0xef,0x6f,0xad,0x6d,0x94,0x23,0x21,0x8c,0x73,0xfd,0xff,0x9b,0xf7,0xbc,0xff,0xbc,0xff,0xbc,0xff,0xbc,0xff,0xbb,0xff,
    0xdc,0xff,0xd8,0xde,0xa6,0x42,0x93,0xad,0xfd,0xff,0x9b,0xf7,0xbc,0xff,0xfc,0xff,0xfd,0xff,0xbc,0xff,0xbc,0xff,0xdc,0xff,
    0xeb,0x73,0xaa,0x63,0xbc,0xff,0xbc,0xff,0xbc,0xff,0xbb,0xff,0xbc,0xff,0x19,0xe7,0xf2,0x9c,0xe2,0x18,0x44,0x29,0xe3,0x18,
    0xae,0x8c,0xf7,0xde,0x9a,0xf7,0xbc,0xff,0xdc,0xff,0xbc,0xff,0xbb,0xff,0xbb,0xff,0xbb,0xff,0xbb,0xff,0x9b,0xf7,0xbb,0xff,
    0xbc,0xff,0xbc,0xff,0xbc,0xff,0xbb,0xff,0x7a,0xf7,0xf8,0xde,0x54,0xc6,0x88,0x4a,0x03,0x19,0xc2,0x10,0x68,0x4a,0x16,0xc6,
    0x6b,0x6b,0xaa,0x73,0x2b,0x7c,0x0b,0x7c,0xca,0x73,0xc8,0x5a,0xb7,0xde,0xbc,0xff,0xfd,0xff,0x35,0xc6,0x86,0x42,0x56,0xc6,
    0xfd,0xff,0x9b,0xf7,0xbc,0xff,0xbc,0xff,0x9b,0xf7,0xfd,0xff,0x6f,0x8c,0xa7,0x4a,0x3a,0xef,0xdc,0xff,0x9b,0xff,0xbb,0xff,
    0xbc,0xff,0xbb,0xff,0xdc,0xff,0x1a,0xe7,0xa7,0x4a,0x8f,0x94,0xfd,0xff,0x9b,0xf7,0xbc,0xff,0xbb,0xff,0x9b,0xf7,0xfd,0xff,
    0x56,0xc6,0xa6,0x42,0x56,0xc6,0xdc,0xff,0xfd,0xff,0x12,0xa5,0x81,0x10,0xb2,0xbd,0x2d,0x84,0xc2,0x18,0xd1,0x9c,0xff,0xff,
    0x7a,0xf7,0xdb,0xff,0x6f,0x8c,0x94,0xb5,0xb8,0xd6,0x8f,0x94,0x76,0xd6,0xba,0xf7,0x54,0xc6,0x59,0xef,0x5a,0xef,0x37,0xe7,
    0x9a,0xf7,0x47,0x4a,0x81,0x10,0x67,0x4a,0x89,0x63,0x67,0x4a,0x68,0x4a,0xc9,0x5a,0x11,0xa5,0x18,0xdf,0xb6,0xd6,0x55,0xce,
    0x6d,0x84,0x4d,0x84,0x6d,0x84,0x8d,0x8c,0x2c,0x7c,0xe2,0x18,0x4f,0x8c,0xfe,0xff,0x9b,0xf7,0xbc,0xff,0x8a,0x63,0x0c,0x74,
    0xdc,0xff,0xbc,0xff,0xbc,0xff,0x9b,0xff,0x9b,0xf7,0xbb,0xff,0x9b,0xf7,0xfd,0xff,0x93,0xad,0xa6,0x42,0xb7,0xd6,0xdc,0xff,
    0xbb,0xff,0xbc,0xff,0xbc,0xff,0xbc,0xff,0xbc,0xff,0xbc,0xff,0xbc,0xff,0x9c,0xf7,0xa5,0x31,0xb1,0x94,0xfd,0xff,0x9b,0xf7,
    0xbb,0xff,0xfd,0xff,0x34,0xc6,0x8d,0x84,0x0f,0x95,0xd8,0xde,0xf7,0xde,0xf8,0xde,0x51,0xa5,0x8d,0x84,0xb2,0xb5,0xdb,0xff,
    0x9b,0xf7,0x9b,0xf7,0xfd,0xff,0x77,0xce,0xc2,0x10,0xf5,0xbd,0x0e,0x84,0x6b,0x6b,0x59,0xef,0xe2,0x18,0x6c,0x6b,0xfd,0xff,
    0x9b,0xf7,0xbc,0xff,0xbc,0xff,0xbb,0xff,0xdc,0xff,0x5a,0xef,0xe7,0x4a,0x10,0x9d,0xfd,0xff,0x9b,0xf7,0xbb,0xff,0x9b,0xf7,
    0x9b,0xff,0xbc,0xff,0xbb,0xff,0xfd,0xff,0xf0,0x94,0xe7,0x4a,0x39,0xe7,0xdc,0xff,0xbb,0xff,0xbc,0xff,0xbc,0xff,0xbb,0xff,
    0xbc,0xff,0x9b,0xf7,0xfd,0xff,0x53,0xad,0x03,0x19,0x33,0xa5,0x7c,0xef,0xd6,0xde,0xae,0x94,0xee,0x9c,0xd1,0xbd,0x90,0xb5,
    0x38,0xe7,0x3a,0xe7,0x6d,0x8c,0xca,0x73,0x51,0xad,0x59,0xef,0x71,0xb5,0x0f,0xa5,0xf2,0xc5,0xb1,0xbd,0x54,0xce,0x59,0xef,
    0x96,0xd6,0x2c,0x84,0x0c,0x84,0x43,0x29,0x8d,0x73,0xfd,0xff,0x9b,0xf7,0xbc,0xff,0xbc,0xff,0xbc,0xff,0xbc,0xff,0xbb,0xff,
    0xdc,0xff,0xd8,0xde,0xa6,0x42,0x93,0xad,0xfd,0xff,0x9b,0xf7,0xbc,0xff,0x9b,0xf7,0x9b,0xff,0xbc,0xff,0xbc,0xff,0xdc,0xff,
    0xeb,0x73,0xaa,0x6b,0xbc,0xff,0xbc,0xff,0xbc,0xff,0xbc,0xff,0x9b,0xf7,0xfd,0xff,0xd8,0xde,0xea,0x5a,0x07,0x42,0xe2,0x18,
    0x52,0xa5,0x9a,0xf7,0xbb,0xff,0x7b,0xf7,0x7b,0xf7,0x7b,0xf7,0x39,0xef,0x39,0xef,0xbb,0xff,0xbc,0xff,0xbc,0xff,0x7b,0xf7,
    0x5a,0xef,0x39,0xef,0x5a,0xef,0x5a,0xef,0x9b,0xf7,0x59,0xef,0xf7,0xde,0xc9,0x5a,0xa2,0x10,0xc9,0x52,0xf2,0x9c,0xd8,0xde,
    0xa7,0x52,0xca,0x73,0x0b,0x7c,0x0b,0x7c,0x2b,0x7c,0x09,0x63,0xb8,0xde,0xdc,0xff,0xfd,0xff,0x35,0xc6,0x86,0x42,0x56,0xc6,
    0xfd,0xff,0x9b,0xf7,0xbc,0xff,0xbc,0xff,0x9b,0xff,0xfd,0xff,0x6f,0x8c,0xa8,0x4a,0x3a,0xef,0xdc,0xff,0xbb,0xff,0xbb,0xff,
    0xbc,0xff,0x9b,0xff,0xdc,0xff,0x1a,0xe7,0x87,0x4a,0x8f,0x94,0xfd,0xff,0x9b,0xf7,0xbb,0xff,0xbb,0xff,0x9b,0xff,0xfd,0xff,
    0x56,0xc6,0xa6,0x42,0x56,0xc6,0xdc,0xff,0xfd,0xff,0xf2,0xa4,0x81,0x10,0xec,0x7b,0xb6,0xde,0xa5,0x39,0x85,0x31,0xd1,0x9c,
    0xbb,0xff,0x9b,0xf7,0xfc,0xff,0xff,0xff,0x0d,0x84,0x47,0x4a,0x15,0xc6,0x9a,0xf7,0x34,0xbe,0xdc,0xff,0x9a,0xf7,0x33,0xc6,
    0x18,0xe7,0x88,0x52,0xc2,0x18,0x24,0x21,0xa2,0x10,0x17,0xc6,0xfd,0xff,0x38,0xe7,0xd3,0xbd,0xeb,0x73,0x4c,0x84,0x4c,0x84,
    0x8d,0x8c,0x8d,0x8c,0x8d,0x8c,0x6d,0x84,0x0c,0x7c,0x81,0x10,0x0e,0x84,0xfe,0xff,0x9b,0xf7,0xbc,0xff,0xaa,0x63,0x0c,0x74,
    0xdc,0xff,0xbb,0xff,0xbc,0xff,0xbc,0xff,0xbc,0xff,0xbc,0xff,0x9b,0xf7,0xfd,0xff,0x93,0xad,0xa6,0x42,0xb7,0xd6,0xdc,0xff,
    0x9b,0xff,0xbc,0xff,0xbc,0xff,0xbc,0xff,0xbc,0xff,0xbc,0xff,0xbc,0xff,0xbc,0xf7,0xa5,0x31,0xb1,0x9c,0xfd,0xff,0x9b,0xf7,
    0xbc,0xff,0xdc,0xff,0xf3,0xb5,0x8d,0x84,0xce,0x8c,0xad,0x8c,0xad,0x8c,0x8d,0x84,0xce,0x8c,0xad,0x8c,0xcf,0x94,0x5a,0xf7,
    0xbb,0xff,0x9b,0xf7,0xfc,0xff,0x77,0xce,0xa1,0x10,0x57,0xce,0x0e,0x84,0x4b,0x6b,0x3a,0xef,0xc2,0x18,0x6c,0x6b,0xfd,0xff,
    0x9b,0xf7,0xbb,0xff,0xbc,0xff,0xbb,0xff,0xdc,0xff,0x5a,0xef,0xe7,0x4a,0x10,0x9d,0xfd,0xff,0x9b,0xf7,0xbc,0xff,0xbc,0xff,
    0xbc,0xff,0xbc,0xff,0x9b,0xff,0xfd,0xff,0xf0,0x94,0xe7,0x4a,0x39,0xef,0xdc,0xff,0x9b,0xff,0xbc,0xff,0xbc,0xff,0xbc,0xff,
    0x9b,0xf7,0xbb,0xff,0xbc,0xff,0x9b,0xf7,0x57,0xce,0x23,0x21,0x4f,0x8c,0xfd,0xff,0x92,0xb5,0x2c,0x84,0xd1,0xbd,0x70,0xad,
    0x95,0xd6,0xef,0x9c,0x4c,0x8c,0xd1,0xbd,0x4f,0xad,0xb1,0xb5,0x10,0xa5,0x0f,0xa5,0xf2,0xbd,0xd1,0xbd,0x9a,0xf7,0x59,0xef,
    0xef,0x9c,0xc8,0x52,0x23,0x21,0xb1,0x94,0x3a,0xe7,0xbc,0xff,0xbc,0xff,0xbc,0xff,0xbc,0xff,0xbc,0xff,0xbc,0xff,0xbb,0xff,
    0xdc,0xff,0xd8,0xde,0xa6,0x42,0x93,0xad,0xfd,0xff,0x9b,0xff,0xbc,0xff,0xbc,0xff,0xbc,0xff,0xbc,0xff,0xbc,0xff,0xdc,0xff,
    0xeb,0x73,0xcb,0x6b,0xbc,0xff,0xbc,0xff,0xbc,0xff,0xbc,0xff,0xbc,0xff,0x9b,0xff,0x9b,0xf7,0xfe,0xff,0x4f,0x8c,0xa1,0x10,
    0x77,0xce,0xfc,0xff,0x9b,0xf7,0xcd,0x73,0x09,0x5b,0x2a,0x63,0xc9,0x52,0xc9,0x52,0xf8,0xe6,0xdc,0xff,0xfd,0xff,0xf1,0x9c,
    0x29,0x5b,0x4a,0x63,0x6a,0x63,0x4a,0x5b,0x35,0xc6,0xdc,0xff,0xfd,0xff,0x4b,0x6b,0xe2,0x18,0x3b,0xe7,0xff,0xff,0x11,0xa5,
    0xc7,0x5a,0x8a,0x6b,0xeb,0x73,0xaa,0x73,0x69,0x6b,0x29,0x63,0xd9,0xde,0xdc,0xff,0xfd,0xff,0x15,0xc6,0x86,0x3a,0x56,0xc6,
    0xfd,0xff,0x9b,0xf7,0xbc,0xff,0xbc,0xff,0x9b,0xf7,0xfd,0xff,0x6f,0x8c,0xa7,0x4a,0x3a,0xef,0xdc,0xff,0xbb,0xff,0xbb,0xff,
    0xbc,0xff,0xbb,0xff,0xdc,0xff,0x19,0xe7,0x87,0x4a,0x8f,0x8c,0xfd,0xff,0x9b,0xf7,0xbc,0xff,0xbc,0xff,0x9b,0xf7,0xfd,0xff,
    0x55,0xc6,0xa6,0x42,0x56,0xc6,0xdc,0xff,0xfd,0xff,0x12,0xa5,0xc2,0x18,0x6a,0x6b,0x91,0xb5,0x55,0xce,0x81,0x10,0xa9,0x52,
    0xfe,0xff,0xbb,0xff,0x96,0xce,0x5a,0xef,0x5b,0xef,0x7b,0xef,0xdb,0xff,0xbb,0xff,0xfd,0xff,0xbb,0xff,0xb0,0x94,0x26,0x42,
    0xa1,0x10,0x23,0x21,0x36,0xce,0xd8,0xde,0xb7,0xd6,0xb3,0xb5,0xce,0x94,0x2c,0x7c,0x4c,0x84,0x8d,0x8c,0xad,0x8c,0x8d,0x8c,
    0x6d,0x84,0x8d,0x8c,0x0f,0x9d,0x0c,0x7c,0xe2,0x18,0xa9,0x5a,0xd9,0xde,0xbc,0xff,0xbb,0xff,0xbc,0xff,0xab,0x6b,0x0c,0x74,
    0xdc,0xff,0xbb,0xff,0xbc,0xff,0xbc,0xff,0xbc,0xff,0xbc,0xff,0x9b,0xf7,0xfd,0xff,0x93,0xad,0xa6,0x42,0xb7,0xd6,0xdc,0xff,
    0x9b,0xff,0xbc,0xff,0xbc,0xff,0xbc,0xff,0xbc,0xff,0xbc,0xff,0xbc,0xff,0xbc,0xf7,0xa5,0x31,0xd1,0x9c,0xfd,0xff,0x9b,0xf7,
    0xfd,0xff,0x76,0xce,0xad,0x8c,0x8d,0x84,0x6c,0x84,0xce,0x8c,0xee,0x94,0xae,0x8c,0x4c,0x84,0x8d,0x8c,0x6d,0x84,0x35,0xc6,
    0xdc,0xff,0x9b,0xf7,0xfc,0xff,0x36,0xce,0xa2,0x10,0xb1,0x94,0xa9,0x52,0x53,0xad,0x9b,0xf7,0xc2,0x18,0x2b,0x63,0xfd,0xff,
    0x9b,0xf7,0xbb,0xff,0xbc,0xff,0xbb,0xff,0xdc,0xff,0x3a,0xef,0xe7,0x4a,0x10,0x9d,0xfd,0xff,0x9b,0xf7,0xbc,0xff,0xbc,0xff,
    0xbc,0xff,0xbc,0xff,0x9b,0xff,0xfd,0xff,0xf0,0x94,0xe7,0x4a,0x39,0xef,0xdc,0xff,0xbb,0xff,0xbc,0xff,0xbb,0xff,0xbc,0xff,
    0xdc,0xff,0xbc,0xff,0x9b,0xf7,0xfc,0xff,0xd8,0xde,0x40,0x00,0x0e,0x84,0xfe,0xff,0x7a,0xf7,0xf4,0xbd,0x0b,0x84,0xb0,0xb5,
    0x90,0xb5,0x90,0xb5,0x90,0xb5,0xd1,0xbd,0xf2,0xbd,0x70,0xb5,0xee,0x9c,0x70,0xad,0x33,0xc6,0x5a,0xef,0xdb,0xff,0xb2,0xb5,
    0x2c,0x84,0x6a,0x6b,0x40,0x08,0x53,0xad,0xfe,0xff,0x9b,0xf7,0xbc,0xff,0xbc,0xff,0xbc,0xff,0xbc,0xff,0xbc,0xff,0x9b,0xff,
    0xdc,0xff,0xd8,0xde,0xa6,0x42,0x93,0xad,0xfd,0xff,0x9b,0xf7,0xbc,0xff,0xbc,0xff,0xbc,0xff,0xbc,0xff,0xbc,0xff,0xdc,0xff,
    0xec,0x73,0xcb,0x6b,0xbc,0xff,0xbb,0xff,0xbb,0xff,0xbc,0xff,0xbc,0xff,0xbc,0xff,0x7b,0xf7,0xfc,0xff,0x0e,0x84,0x81,0x10,
    0x57,0xce,0xfd,0xff,0x9b,0xf7,0x4a,0x63,0x29,0x5b,0x49,0x63,0x49,0x63,0x87,0x4a,0x16,0xc6,0xfd,0xff,0xfd,0xff,0x6f,0x84,
    0x52,0xa5,0x6e,0x84,0xf5,0xbd,0x2d,0x7c,0xf4,0xbd,0xfd,0xff,0xfd,0xff,0x6c,0x6b,0x03,0x21,0x1a,0xe7,0x19,0xe7,0x6a,0x73,
    0x0b,0x7c,0xca,0x73,0x8a,0x6b,0x69,0x6b,0xc8,0x5a,0xeb,0x73,0xcb,0x73,0x73,0xad,0xfe,0xff,0x14,0xbe,0x86,0x3a,0x56,0xc6,
    0xfd,0xff,0x9b,0xf7,0xbc,0xff,0xbc,0xff,0x9b,0xf7,0xfd,0xff,0x6e,0x8c,0x87,0x4a,0x3a,0xef,0xdc,0xff,0xbb,0xff,0xbb,0xff,
    0xbc,0xff,0x9b,0xff,0xdc,0xff,0x19,0xe7,0x87,0x4a,0x8f,0x8c,0xfd,0xff,0x9b,0xf7,0xbb,0xff,0xbb,0xff,0x9b,0xf7,0xfd,0xff,
    0x55,0xc6,0xa6,0x42,0x56,0xc6,0xdc,0xff,0xfd,0xff,0x12,0xa5,0xe2,0x18,0x8b,0x73,0xae,0x94,0xb2,0xb5,0x88,0x52,0x68,0x4a,
    0x53,0xad,0xdd,0xff,0xf8,0xde,0xd8,0xde,0xfc,0xff,0xfd,0xff,0xfe,0xff,0x76,0xd6,0x0e,0x84,0x6c,0x73,0x03,0x21,0x2b,0x63,
    0x2f,0x8c,0xb0,0x94,0x35,0xc6,0x34,0xc6,0xf3,0xbd,0xae,0x94,0x6d,0x84,0x6d,0x84,0x6d,0x84,0x6d,0x84,0x8d,0x8c,0xad,0x8c,
    0xce,0x94,0x4d,0x84,0x4a,0x63,0x88,0x52,0x00,0x00,0xee,0x83,0xfe,0xff,0x9b,0xf7,0xbb,0xff,0xbc,0xff,0xab,0x6b,0x0c,0x74,
    0xdc,0xff,0xbb,0xff,0xbc,0xff,0xbc,0xff,0xbc,0xff,0xbc,0xff,0x9b,0xf7,0xfd,0xff,0x93,0xad,0xa6,0x42,0xb7,0xd6,0xdc,0xff,
    0x9b,0xff,0xbc,0xff,0xbc,0xff,0xbc,0xff,0xbc,0xff,0xbc,0xff,0xbc,0xff,0xbc,0xff,0xa5,0x31,0xd1,0x9c,0xfd,0xff,0x9b,0xf7,
    0xfd,0xff,0x55,0xc6,0x6d,0x84,0x0f,0x95,0x14,0xc6,0xce,0x94,0xae,0x8c,0xce,0x8c,0x55,0xc6,0x50,0xa5,0x8d,0x8c,0x35,0xc6,
    0xdd,0xff,0x9b,0xf7,0xfc,0xff,0x15,0xc6,0xe3,0x18,0x60,0x08,0x4b,0x6b,0xdd,0xff,0x32,0xa5,0x03,0x21,0xad,0x73,0xfd,0xff,
    0x9b,0xf7,0xbc,0xff,0xbb,0xff,0xbb,0xff,0xdc,0xff,0x3a,0xef,0xe7,0x4a,0x10,0x9d,0xfd,0xff,0x9b,0xf7,0xbc,0xff,0xbc,0xff,
    0xbc,0xff,0xbc,0xff,0x9b,0xf7,0xfd,0xff,0xf0,0x94,0xe7,0x4a,0x39,0xe7,0xdc,0xff,0xbb,0xff,0xbb,0xff,0xdc,0xff,0x39,0xe7,
    0x31,0x9d,0x3a,0xe7,0xdc,0xff,0xbb,0xff,0x19,0xe7,0x2b,0x6b,0x2b,0x6b,0xd1,0x9c,0xbc,0xff,0x5a,0xef,0x50,0xad,0x6d,0x94,
    0x70,0xad,0xf2,0xbd,0xd1,0xbd,0xb1,0xbd,0xd1,0xbd,0xb1,0xbd,0xf2,0xc5,0x33,0xc6,0x39,0xef,0xbc,0xff,0x96,0xd6,0xae,0x94,
    0xc7,0x52,0xe6,0x39,0x27,0x4a,0x16,0xc6,0xdd,0xff,0x9b,0xf7,0xbc,0xff,0xbc,0xff,0xbc,0xff,0xbc,0xff,0xbc,0xff,0x9b,0xff,
    0xdc,0xff,0xd8,0xde,0xa6,0x42,0x92,0xad,0xfd,0xff,0x9b,0xf7,0xbc,0xff,0xbc,0xff,0xbc,0xff,0xbc,0xff,0xbc,0xff,0xdc,0xff,
    0xec,0x73,0xcb,0x6b,0xbc,0xff,0xbb,0xff,0xbb,0xff,0xbc,0xff,0xbc,0xff,0xbc,0xff,0xbc,0xff,0xfd,0xff,0x0e,0x84,0x60,0x08,
    0x57,0xce,0xfd,0xff,0x9b,0xf7,0x4a,0x63,0x69,0x63,0xaa,0x6b,0xeb,0x73,0xe8,0x52,0xf5,0xbd,0xfd,0xff,0xfd,0xff,0x6f,0x84,
    0xf4,0xbd,0xd0,0x94,0x76,0xce,0x6e,0x84,0xd4,0xb5,0xfd,0xff,0xfe,0xff,0x6c,0x6b,0xe2,0x18,0x19,0xe7,0xd7,0xde,0xe8,0x62,
    0x0b,0x7c,0x2b,0x7c,0x69,0x6b,0x29,0x63,0xaa,0x6b,0x0b,0x74,0x08,0x5b,0xf1,0x9c,0xfe,0xff,0x14,0xbe,0x86,0x3a,0x56,0xc6,
    0xfd,0xff,0x9b,0xff,0xbc,0xff,0xbc,0xff,0x9b,0xf7,0xfd,0xff,0x6f,0x8c,0x87,0x4a,0x3a,0xef,0xdc,0xff,0xbb,0xff,0xbb,0xff,
    0xbb,0xff,0x9b,0xff,0xdc,0xff,0x19,0xe7,0x87,0x4a,0x8f,0x94,0xfd,0xff,0x9b,0xf7,0xbb,0xff,0xbb,0xff,0x9b,0xf7,0xfd,0xff,
    0x56,0xc6,0xa6,0x42,0x56,0xc6,0xdc,0xff,0xfd,0xff,0xf2,0x9c,0x40,0x08,0x6a,0x6b,0xcb,0x7b,0xeb,0x7b,0xf6,0xe6,0xe5,0x39,
    0xc2,0x18,0xb9,0xde,0xfe,0xff,0xfc,0xff,0xfb,0xff,0xb4,0xb5,0x2f,0x84,0x68,0x4a,0x64,0x29,0xa5,0x31,0x11,0xa5,0xfd,0xff,
    0x9b,0xf7,0xd8,0xde,0x2c,0x7c,0x0c,0x7c,0x2c,0x7c,0x6d,0x84,0x8d,0x8c,0x6d,0x84,0x6d,0x84,0xce,0x94,0xee,0x94,0xcb,0x73,
    0x67,0x4a,0x06,0x3a,0x61,0x10,0x24,0x21,0xd5,0xbd,0xd8,0xde,0xbc,0xff,0x9b,0xff,0xbb,0xff,0xbc,0xff,0xcb,0x6b,0x2c,0x74,
    0xdc,0xff,0xbb,0xff,0xbc,0xff,0xbc,0xff,0xbc,0xff,0xbc,0xff,0x9b,0xf7,0xfd,0xff,0x93,0xad,0xa6,0x42,0xb7,0xd6,0xdc,0xff,
    0x9b,0xff,0xbc,0xff,0xbc,0xff,0xbc,0xff,0xbc,0xff,0xbc,0xff,0xbc,0xff,0xbc,0xff,0xa5,0x31,0xd1,0x9c,0xfe,0xff,0x9b,0xf7,
    0xdc,0xff,0x35,0xc6,0x8d,0x84,0x0f,0x9d,0x34,0xc6,0xee,0x94,0x14,0xbe,0xcf,0x94,0x34,0xc6,0x50,0xa5,0xad,0x8c,0x35,0xc6,
    0xdc,0xff,0x9b,0xf7,0xfc,0xff,0x15,0xc6,0xa1,0x10,0xad,0x73,0x5c,0xef,0x98,0xd6,0x81,0x08,0xad,0x73,0xbb,0xf7,0x9b,0xf7,
    0xbb,0xff,0xbc,0xff,0xbc,0xff,0xbb,0xff,0xdc,0xff,0x3a,0xef,0xe7,0x4a,0x11,0x9d,0xfd,0xff,0x9b,0xf7,0xbc,0xff,0xbc,0xff,
    0xbc,0xff,0xbc,0xff,0x9b,0xf7,0xfd,0xff,0xf0,0x94,0xe7,0x4a,0x3a,0xe7,0xdc,0xff,0xbb,0xff,0xbb,0xff,0x9b,0xf7,0x56,0xc6,
    0xaa,0x63,0x76,0xce,0x9b,0xf7,0x9b,0xf7,0x9b,0xff,0xff,0xff,0xea,0x5a,0x60,0x08,0xb7,0xd6,0xfb,0xff,0x9a,0xf7,0xf8,0xde,
    0x51,0xad,0xcd,0x9c,0x6f,0xad,0x4f,0xad,0x90,0xb5,0x90,0xb5,0xb5,0xd6,0xfc,0xff,0xbb,0xff,0xb7,0xd6,0xce,0x94,0x2b,0x84,
    0x67,0x4a,0x20,0x00,0x77,0xd6,0xfc,0xff,0x9b,0xf7,0xbb,0xff,0xbb,0xff,0xbc,0xff,0xbc,0xff,0xbc,0xff,0xbc,0xff,0x9b,0xff,
    0xdc,0xff,0xf8,0xde,0xa6,0x42,0x92,0xad,0xfd,0xff,0x9b,0xf7,0xbc,0xff,0xbc,0xff,0xbc,0xff,0xbc,0xff,0xbc,0xff,0xdc,0xff,
    0xec,0x73,0xcb,0x6b,0xbc,0xff,0xbb,0xff,0x9b,0xff,0xbc,0xff,0xbc,0xff,0x9c,0xf7,0x5b,0xef,0x9c,0xf7,0xee,0x7b,0x40,0x08,
    0x36,0xce,0xfd,0xff,0x9b,0xf7,0x2a,0x63,0x29,0x5b,0xaa,0x6b,0xca,0x6b,0xc7,0x4a,0xf5,0xbd,0xfc,0xff,0xfd,0xff,0x8f,0x8c,
    0x35,0xc6,0xf0,0x94,0x97,0xd6,0x6e,0x84,0xb4,0xb5,0xfd,0xff,0xfe,0xff,0x4b,0x6b,0xa2,0x10,0xf9,0xe6,0xd8,0xde,0x09,0x63,
    0x0b,0x7c,0x0b,0x7c,0x69,0x6b,0x49,0x6b,0xea,0x73,0xca,0x73,0x08,0x5b,0xf1,0xa4,0xfe,0xff,0x15,0xbe,0x86,0x3a,0x56,0xc6,
    0xfd,0xff,0x9b,0xff,0xbc,0xff,0xbc,0xff,0x9b,0xf7,0xfd,0xff,0x6f,0x8c,0xa7,0x4a,0x3a,0xef,0xdc,0xff,0xbb,0xff,0xbb,0xff,
    0xbb,0xff,0x9b,0xff,0xdc,0xff,0x19,0xe7,0x87,0x4a,0x8f,0x8c,0xfd,0xff,0x9b,0xf7,0xbb,0xff,0xbb,0xff,0x9b,0xf7,0xfd,0xff,
    0x55,0xc6,0xa6,0x42,0x56,0xc6,0xfd,0xff,0xbc,0xff,0xd9,0xde,0xee,0x83,0x03,0x21,0x09,0x63,0x0c,0x7c,0x2c,0x84,0xf4,0xbd,
    0x4f,0x8c,0x23,0x21,0x6f,0x8c,0x8f,0x94,0x8f,0x94,0xe6,0x39,0x81,0x10,0x06,0x42,0x18,0xe7,0xfc,0xff,0x75,0xd6,0xce,0x94,
    0x6d,0x84,0x8d,0x8c,0x8e,0x8c,0x6d,0x84,0x6d,0x84,0x8d,0x8c,0xce,0x94,0xef,0x94,0x4d,0x84,0xa8,0x52,0xa8,0x52,0x44,0x29,
    0xe3,0x18,0xa6,0x39,0x4b,0x6b,0xf1,0x9c,0xfc,0xff,0xdc,0xff,0xbb,0xff,0xbb,0xff,0xbb,0xff,0xbc,0xff,0xcb,0x6b,0x2c,0x74,
    0xdc,0xff,0xbb,0xff,0xbc,0xff,0xbb,0xff,0xbc,0xff,0xbc,0xff,0x9b,0xf7,0xfd,0xff,0x93,0xad,0xa6,0x42,0xb7,0xd6,0xdc,0xff,
    0x9b,0xff,0xbc,0xff,0xbc,0xff,0xbc,0xff,0xbc,0xff,0xbc,0xff,0xbc,0xff,0xbc,0xff,0xa5,0x31,0xd1,0x9c,0xfe,0xff,0x9b,0xf7,
    0xdc,0xff,0xf3,0xbd,0x4c,0x7c,0xce,0x8c,0x4c,0x7c,0xb2,0xb5,0xfd,0xff,0x14,0xbe,0x8d,0x84,0xce,0x8c,0x8d,0x84,0x14,0xbe,
    0xdd,0xff,0x9b,0xf7,0xbb,0xff,0x18,0xe7,0x8e,0x8c,0xbb,0xf7,0x5b,0xef,0x8c,0x73,0xa2,0x10,0x73,0xad,0xfd,0xff,0x9b,0xf7,
    0xbc,0xff,0xbc,0xff,0xbc,0xff,0x9b,0xff,0xdc,0xff,0x3a,0xef,0xe7,0x4a,0x10,0x9d,0xfd,0xff,0x9b,0xf7,0xbc,0xff,0xbc,0xff,
    0xbc,0xff,0xbc,0xff,0x9b,0xff,0xfd,0xff,0xf0,0x94,0xe7,0x4a,0x39,0xe7,0xdc,0xff,0x9b,0xff,0xbc,0xff,0xef,0x94,0xeb,0x6b,
    0x2c,0x7c,0xca,0x63,0x31,0x9d,0xfc,0xff,0x9b,0xf7,0xbc,0xff,0xb8,0xd6,0x74,0xad,0x64,0x29,0xed,0x83,0xfd,0xff,0xff,0xff,
    0x3a,0xef,0x96,0xd6,0xb6,0xd6,0xb6,0xd6,0xf8,0xde,0x7a,0xef,0x7a,0xf7,0xd6,0xde,0xf2,0xbd,0xce,0x94,0xcb,0x73,0x23,0x21,
    0x44,0x29,0x53,0xad,0x39,0xef,0xbb,0xff,0x9b,0xf7,0x9b,0xff,0xbc,0xff,0xbc,0xff,0xbc,0xff,0xbc,0xff,0xbc,0xff,0xbb,0xff,
    0xdc,0xff,0xd8,0xde,0xc6,0x42,0x92,0xad,0xfd,0xff,0x9b,0xf7,0xbc,0xff,0xbc,0xff,0xbc,0xff,0xbc,0xff,0xbc,0xff,0xdc,0xff,
    0x0c,0x74,0xab,0x6b,0xbc,0xff,0xbb,0xff,0xbb,0xff,0x9b,0xf7,0xfd,0xff,0x56,0xc6,0x8a,0x63,0x2c,0x74,0x67,0x42,0x81,0x10,
    0x36,0xc6,0xfd,0xff,0x9b,0xf7,0x4a,0x63,0x29,0x5b,0x8a,0x63,0x2f,0x9d,0xcb,0x73,0xb3,0xb5,0xfc,0xff,0xfd,0xff,0x6e,0x84,
    0xec,0x73,0x8b,0x63,0x2d,0x7c,0x09,0x53,0xd4,0xb5,0xfd,0xff,0xfd,0xff,0x2b,0x63,0xa1,0x10,0x3b,0xef,0x1a,0xe7,0xc7,0x5a,
    0xaa,0x73,0x4b,0x7c,0x49,0x6b,0x49,0x6b,0x2b,0x7c,0x09,0x63,0x05,0x42,0xb0,0x9c,0xff,0xff,0x15,0xbe,0x86,0x3a,0x56,0xc6,
    0xfd,0xff,0x9b,0xf7,0xbb,0xff,0xbc,0xff,0x9b,0xf7,0xfd,0xff,0x6f,0x8c,0xa7,0x4a,0x3a,0xef,0xdc,0xff,0xbb,0xff,0xbc,0xff,
    0xbc,0xff,0xbb,0xff,0xdc,0xff,0x19,0xe7,0xa7,0x4a,0x8f,0x8c,0xfd,0xff,0x9b,0xf7,0xbb,0xff,0xbc,0xff,0x9b,0xf7,0xfd,0xff,
    0x55,0xc6,0xa6,0x42,0x56,0xc6,0xfd,0xff,0x9b,0xf7,0xfd,0xff,0x56,0xce,0x41,0x08,0x87,0x52,0x0c,0x7c,0x8a,0x6b,0x34,0xce,
    0xf4,0xbd,0x64,0x29,0x03,0x21,0x23,0x21,0xe2,0x18,0x4b,0x6b,0x3a,0xe7,0xb7,0xd6,0x13,0xc6,0x50,0xa5,0xae,0x8c,0x2c,0x7c,
    0x8d,0x8c,0x8d,0x8c,0x6d,0x84,0x8d,0x8c,0x8d,0x8c,0x8d,0x8c,0x6a,0x6b,0x29,0x63,0xa8,0x52,0x03,0x21,0xc2,0x18,0xe3,0x18,
    0x36,0xce,0x7c,0xf7,0xdc,0xff,0xfc,0xff,0x9b,0xf7,0x9b,0xff,0xbc,0xff,0xbb,0xff,0xbb,0xff,0xbc,0xff,0xcb,0x6b,0x2c,0x74,
    0xdc,0xff,0xbb,0xff,0xbc,0xff,0xbc,0xff,0xbc,0xff,0xbc,0xff,0x9b,0xf7,0xfd,0xff,0x93,0xad,0xa6,0x42,0xb7,0xd6,0xdc,0xff,
    0x9b,0xff,0xbc,0xff,0xbc,0xff,0xbc,0xff,0xbc,0xff,0xbc,0xff,0xbc,0xff,0x9c,0xf7,0x85,0x29,0xb1,0x94,0xfe,0xff,0x9b,0xf7,
    0xbc,0xff,0xb7,0xd6,0x10,0x9d,0xae,0x8c,0xce,0x8c,0x71,0xa5,0xb2,0xad,0x92,0xad,0xef,0x94,0xce,0x8c,0xef,0x94,0xf8,0xde,
    0xdc,0xff,0x9b,0xf7,0xdc,0xff,0xd8,0xde,0x09,0x5b,0xed,0x7b,0x47,0x4a,0xc2,0x18,0x70,0x8c,0x5a,0xef,0xbc,0xff,0xbb,0xff,
    0xbc,0xff,0xbb,0xff,0xbb,0xff,0xbb,0xff,0xdc,0xff,0x3a,0xef,0xe7,0x4a,0x10,0x9d,0xfd,0xff,0x9b,0xf7,0xbc,0xff,0xbc,0xff,
    0xbc,0xff,0xbc,0xff,0x9b,0xff,0xfd,0xff,0xf0,0x94,0xe7,0x4a,0x39,0xe7,0xdc,0xff,0x9b,0xff,0xbc,0xff,0x76,0xce,0x92,0xad,
    0xeb,0x73,0x30,0x9d,0x97,0xd6,0xbc,0xff,0xbc,0xff,0x9b,0xff,0xfd,0xff,0xbc,0xff,0xea,0x5a,0x89,0x52,0xb1,0x94,0xb1,0x94,
    0xd9,0xde,0xfc,0xff,0xbb,0xff,0xba,0xff,0x9a,0xf7,0x7a,0xf7,0x54,0xce,0xad,0x94,0x69,0x6b,0x67,0x4a,0x26,0x42,0x68,0x4a,
    0xee,0x7b,0xdc,0xff,0xbb,0xff,0x9b,0xf7,0xdc,0xff,0xdc,0xff,0x9b,0xff,0xbc,0xff,0xbc,0xff,0xbc,0xff,0xbc,0xff,0xbb,0xff,
    0xdc,0xff,0xd8,0xde,0xc6,0x42,0x93,0xad,0xfd,0xff,0x9b,0xff,0xbc,0xff,0xbc,0xff,0xbc,0xff,0xbc,0xff,0xbc,0xff,0xdc,0xff,
    0xec,0x73,0xaa,0x63,0xbc,0xff,0xbb,0xff,0x9b,0xff,0xdc,0xff,0x15,0xc6,0x8e,0x84,0xea,0x6b,0x8d,0x84,0xc8,0x52,0xc2,0x18,
    0x36,0xc6,0xfc,0xff,0x9b,0xf7,0x4a,0x63,0x49,0x5b,0xaa,0x6b,0xce,0x8c,0x6a,0x63,0xd4,0xbd,0xfc,0xff,0xbb,0xff,0x36,0xc6,
    0x11,0x9d,0x52,0xa5,0x11,0x9d,0x11,0x9d,0xf9,0xde,0xbc,0xff,0xfc,0xff,0x2a,0x63,0xc2,0x18,0xd0,0x94,0x15,0xbe,0xd5,0xbd,
    0xab,0x73,0x28,0x63,0x08,0x5b,0x08,0x5b,0x49,0x63,0x4a,0x6b,0x11,0xa5,0x36,0xce,0xfe,0xff,0x15,0xc6,0x86,0x3a,0x56,0xc6,
    0xfd,0xff,0x9b,0xf7,0xbc,0xff,0xbc,0xff,0x9b,0xf7,0xfd,0xff,0x6f,0x8c,0x87,0x4a,0x3a,0xef,0xdc,0xff,0xbb,0xff,0xbb,0xff,
    0xbc,0xff,0xbb,0xff,0xdc,0xff,0x19,0xe7,0x87,0x4a,0x8f,0x8c,0xfd,0xff,0x9b,0xf7,0xbb,0xff,0xbc,0xff,0x9b,0xf7,0xfd,0xff,
    0x56,0xc6,0xc6,0x42,0x56,0xce,0xfd,0xff,0x9b,0xf7,0xfc,0xff,0x15,0xc6,0x24,0x21,0x47,0x4a,0x8b,0x73,0xab,0x73,0x4d,0x84,
    0x91,0xad,0xf8,0xe6,0xf7,0xe6,0x18,0xe7,0x19,0xe7,0x19,0xe7,0x9b,0xf7,0x51,0xa5,0x2c,0x7c,0x4c,0x84,0x4d,0x84,0x6d,0x84,
    0x6d,0x84,0x8d,0x8c,0xae,0x94,0x2c,0x7c,0x2c,0x7c,0xec,0x73,0x23,0x21,0x81,0x10,0x61,0x08,0x33,0xa5,0xd8,0xde,0x97,0xd6,
    0xbb,0xff,0xfd,0xff,0xdc,0xff,0x7a,0xf7,0xbb,0xff,0xbc,0xff,0xbb,0xff,0xbb,0xff,0xbb,0xff,0xbc,0xff,0xcb,0x6b,0x2c,0x7c,
    0xdc,0xff,0xbb,0xff,0xbc,0xff,0xbc,0xff,0xbc,0xff,0xbc,0xff,0x9b,0xf7,0xfd,0xff,0x93,0xad,0xa6,0x42,0xb7,0xd6,0xdc,0xff,
    0x9b,0xff,0xbc,0xff,0xbc,0xff,0xbc,0xff,0xbc,0xff,0xbc,0xff,0xbc,0xff,0x9c,0xf7,0x85,0x31,0xb0,0x94,0xfd,0xff,0x9b,0xf7,
    0x9b,0xf7,0xdc,0xff,0xb7,0xd6,0xef,0x94,0xae,0x8c,0x4c,0x7c,0x2b,0x74,0x4c,0x7c,0xae,0x8c,0xef,0x94,0x34,0xc6,0xfd,0xff,
    0xbc,0xff,0x9b,0xff,0xdc,0xff,0x15,0xc6,0xc2,0x18,0x03,0x21,0xc2,0x18,0xea,0x5a,0xfd,0xff,0xbb,0xff,0xbb,0xff,0xbc,0xff,
    0xbc,0xff,0xbc,0xff,0xbc,0xff,0xbb,0xff,0xdc,0xff,0x5a,0xef,0xc7,0x4a,0xf0,0x9c,0xfd,0xff,0x9b,0xff,0xbc,0xff,0xbc,0xff,
    0xbc,0xff,0xbc,0xff,0x9b,0xf7,0xfd,0xff,0xf0,0x94,0xe7,0x4a,0x39,0xe7,0xdc,0xff,0x9b,0xff,0x9b,0xf7,0xfd,0xff,0x19,0xe7,
    0xca,0x6b,0xf8,0xde,0xfd,0xff,0x9b,0xf7,0xbc,0xff,0xbc,0xff,0x9b,0xf7,0x7b,0xf7,0xfe,0xff,0x52,0xad,0x00,0x00,0x60,0x08,
    0xcb,0x7b,0x70,0xad,0x0f,0xa5,0xef,0xa4,0xce,0x9c,0xae,0x9c,0x0b,0x84,0xab,0x73,0xe6,0x39,0x61,0x08,0x81,0x10,0xf5,0xbd,
    0xff,0xff,0x9b,0xf7,0xbb,0xff,0x9b,0xff,0xb3,0xb5,0x97,0xce,0xfd,0xff,0xbb,0xff,0xbb,0xff,0xbc,0xff,0xbc,0xff,0xbb,0xff,
    0xfc,0xff,0xd8,0xde,0xc6,0x42,0x92,0xad,0xfd,0xff,0x9b,0xf7,0xbc,0xff,0xbc,0xff,0xbc,0xff,0xbc,0xff,0xbc,0xff,0xdc,0xff,
    0xec,0x73,0xaa,0x63,0xbb,0xff,0xbb,0xff,0x9b,0xf7,0x7b,0xef,0x2d,0x7c,0x49,0x5b,0xad,0x84,0x0e,0x95,0x08,0x5b,0xe3,0x18,
    0x35,0xce,0xfc,0xff,0x7b,0xf7,0x6b,0x6b,0x8a,0x63,0xeb,0x73,0xeb,0x73,0xc8,0x4a,0xf5,0xbd,0xfd,0xff,0x9b,0xf7,0xdc,0xff,
    0xfd,0xff,0xfd,0xff,0xfe,0xff,0xfe,0xff,0xdc,0xff,0x9b,0xf7,0xfc,0xff,0x4b,0x6b,0x43,0x21,0x28,0x5b,0x10,0x95,0xdd,0xff,
    0x6e,0x8c,0xc8,0x5a,0xa8,0x52,0xc8,0x5a,0x09,0x63,0x6f,0x8c,0xfd,0xff,0xbb,0xff,0xfd,0xff,0x35,0xc6,0x86,0x3a,0x56,0xc6,
    0xfd,0xff,0x9b,0xf7,0xbb,0xff,0xbb,0xff,0x9b,0xf7,0xfd,0xff,0x6f,0x8c,0xa7,0x4a,0x3a,0xef,0xdc,0xff,0xbb,0xff,0xbb,0xff,
    0xbc,0xff,0xbb,0xff,0xdc,0xff,0x19,0xe7,0x87,0x4a,0x8f,0x8c,0xfd,0xff,0x9b,0xf7,0xbb,0xff,0xbc,0xff,0x9b,0xff,0xfd,0xff,
    0x56,0xc6,0xc6,0x42,0x56,0xce,0xfd,0xff,0x9b,0xf7,0xbb,0xff,0x9b,0xf7,0x5a,0xef,0xa5,0x31,0x02,0x19,0x0c,0x7c,0x2c,0x84,
    0x4c,0x84,0xd1,0xbd,0xf1,0xbd,0xf2,0xbd,0x33,0xc6,0x70,0xad,0x6d,0x84,0xad,0x8c,0x8d,0x8c,0x8d,0x8c,0x6d,0x84,0x6d,0x84,
    0xae,0x8c,0xce,0x94,0x4a,0x63,0x03,0x21,0xa2,0x10,0x61,0x08,0xea,0x5a,0xb5,0xb5,0x74,0xad,0x5a,0xef,0xdb,0xff,0xbb,0xff,
    0xdc,0xff,0x77,0xce,0x56,0xc6,0xdc,0xff,0xbc,0xff,0xbb,0xff,0xbb,0xff,0xbb,0xff,0xbb,0xff,0xbc,0xff,0xcb,0x6b,0x2c,0x7c,
    0xdc,0xff,0xbb,0xff,0xbc,0xff,0xbc,0xff,0xbc,0xff,0xbc,0xff,0x9b,0xf7,0xfd,0xff,0x93,0xad,0xa7,0x42,0xb8,0xd6,0xdc,0xff,
    0x9b,0xff,0xbc,0xff,0xbc,0xff,0xbc,0xff,0xbc,0xff,0xbc,0xff,0xbc,0xff,0x9c,0xf7,0x64,0x29,0xd1,0x9c,0xff,0xff,0x7b,0xf7,
    0xbb,0xff,0x9b,0xff,0xbc,0xff,0x7a,0xef,0x55,0xc6,0x55,0xc6,0x34,0xc6,0x55,0xc6,0x55,0xc6,0x39,0xe7,0xbb,0xff,0x9b,0xf7,
    0xbc,0xff,0x9b,0xf7,0xfc,0xff,0x76,0xce,0xc2,0x10,0x74,0xad,0x9b,0xf7,0x3a,0xef,0x9b,0xf7,0xbb,0xff,0xbc,0xff,0xbc,0xff,
    0xbc,0xff,0xbc,0xff,0xbc,0xff,0xbb,0xff,0xdc,0xff,0x5a,0xef,0xe7,0x4a,0xf0,0x94,0xfd,0xff,0x9b,0xf7,0xbc,0xff,0xbc,0xff,
    0xbc,0xff,0xbc,0xff,0x9b,0xf7,0xfd,0xff,0xf0,0x94,0xe7,0x4a,0x39,0xe7,0xdc,0xff,0x9b,0xff,0x9b,0xff,0x9b,0xff,0x7b,0xf7,
    0xf8,0xde,0x7b,0xf7,0xbb,0xff,0xbc,0xff,0xbc,0xff,0xbc,0xff,0xbc,0xff,0xbc,0xff,0xbc,0xff,0x19,0xe7,0xf6,0xc5,0x37,0xce,
    0xc6,0x39,0x60,0x08,0xe2,0x18,0xa1,0x10,0xa1,0x10,0x81,0x10,0xc2,0x18,0x61,0x08,0xa9,0x52,0x16,0xc6,0x56,0xce,0x5a,0xef,
    0xbc,0xff,0xbc,0xff,0xbc,0xff,0x39,0xe7,0xeb,0x6b,0x51,0xa5,0x9b,0xf7,0x9b,0xf7,0xbc,0xff,0xbc,0xff,0xbc,0xff,0xbb,0xff,
    0xdc,0xff,0xd8,0xde,0xc6,0x42,0x92,0xad,0xfd,0xff,0x9b,0xf7,0xbc,0xff,0xbc,0xff,0xbc,0xff,0xbc,0xff,0xbc,0xff,0xdc,0xff,
    0xec,0x73,0x8a,0x63,0x9b,0xf7,0xbb,0xff,0x9b,0xf7,0xac,0x73,0xcb,0x73,0x6c,0x84,0x2b,0x7c,0xaa,0x6b,0x67,0x4a,0xe3,0x18,
    0x15,0xc6,0xdc,0xff,0x7a,0xf7,0x09,0x5b,0x48,0x5b,0x89,0x63,0x89,0x63,0x25,0x3a,0x94,0xb5,0xfd,0xff,0x9b,0xf7,0x9b,0xf7,
    0x9b,0xf7,0x9b,0xf7,0x9b,0xf7,0x9b,0xf7,0x9b,0xf7,0x9b,0xf7,0xfc,0xff,0x0e,0x84,0x87,0x4a,0x4c,0x7c,0x0b,0x74,0x2c,0x7c,
    0xbb,0xff,0x35,0xce,0x67,0x52,0xc8,0x5a,0xf9,0xde,0xbc,0xf7,0x9b,0xf7,0x9b,0xf7,0xfd,0xff,0x35,0xc6,0x86,0x3a,0x56,0xc6,
    0xfd,0xff,0x9b,0xf7,0xbb,0xff,0xbc,0xff,0x9b,0xf7,0xfd,0xff,0x6f,0x8c,0xa7,0x4a,0x3a,0xef,0xdc,0xff,0xbb,0xff,0xbb,0xff,
    0xbc,0xff,0x9b,0xff,0xdc,0xff,0x19,0xe7,0x87,0x4a,0x8f,0x8c,0xfd,0xff,0x9b,0xf7,0xbb,0xff,0xbb,0xff,0x9b,0xff,0xfd,0xff,
    0x56,0xc6,0xa6,0x42,0x56,0xc6,0xfd,0xff,0x9b,0xf7,0xbb,0xff,0xbb,0xff,0xdc,0xff,0xf2,0xa4,0x47,0x4a,0x26,0x42,0x8a,0x6b,
    0x4d,0x84,0x90,0xad,0x90,0xb5,0x91,0xb5,0xd1,0xbd,0x4f,0xa5,0x4c,0x84,0x8d,0x8c,0x8d,0x8c,0x8d,0x8c,0xae,0x8c,0xcb,0x73,
    0x87,0x4a,0xa8,0x52,0xe3,0x18,0x48,0x4a,0x6c,0x6b,0xea,0x5a,0xb4,0xb5,0xff,0xff,0xfe,0xff,0xdc,0xff,0x9a,0xff,0x9b,0xf7,
    0xbc,0xff,0x4d,0x7c,0x49,0x5b,0xb3,0xad,0xbc,0xff,0x9b,0xff,0xbb,0xff,0xbb,0xff,0xbb,0xff,0xbc,0xff,0xcb,0x6b,0x2c,0x74,
    0xdc,0xff,0xbb,0xff,0xbc,0xff,0xbc,0xff,0xbc,0xff,0xbc,0xff,0x9b,0xf7,0xfd,0xff,0x93,0xad,0xa6,0x42,0xb7,0xd6,0xdc,0xff,
    0x9b,0xff,0xbc,0xff,0xbc,0xff,0xbc,0xff,0xbc,0xff,0xbc,0xff,0xbc,0xff,0xbc,0xf7,0x47,0x4a,0x4c,0x6b,0xd5,0xbd,0xfc,0xff,
    0xbc,0xff,0x9c,0xff,0xbb,0xff,0xbc,0xff,0xdc,0xff,0xdc,0xff,0xdc,0xff,0xfc,0xff,0xfd,0xff,0xbc,0xff,0x9b,0xf7,0x9b,0xff,
    0x9c,0xf7,0xfe,0xff,0x15,0xbe,0x8c,0x73,0xe2,0x18,0xd5,0xbd,0xfd,0xff,0xbb,0xff,0xbb,0xff,0xbc,0xff,0xbc,0xff,0xbc,0xff,
    0xbc,0xff,0xbc,0xff,0xbc,0xff,0x9b,0xff,0xdc,0xff,0x5a,0xef,0xe7,0x4a,0xf0,0x94,0xfd,0xff,0x9b,0xf7,0xbc,0xff,0xbc,0xff,
    0xbc,0xff,0xbc,0xff,0x9b,0xff,0xfd,0xff,0xf0,0x94,0xe7,0x4a,0x39,0xe7,0xdc,0xff,0x9b,0xff,0xbb,0xff,0xbb,0xff,0xbc,0xff,
    0xdc,0xff,0xbc,0xff,0xbc,0xff,0xbc,0xff,0xbc,0xff,0xbc,0xff,0xbc,0xff,0xbc,0xff,0xbc,0xff,0xdc,0xff,0xfd,0xff,0xfe,0xff,
    0x4f,0x8c,0x2b,0x63,0x6c,0x6b,0x6c,0x6b,0x6c,0x6b,0x6c,0x6b,0x6c,0x6b,0x0b,0x63,0x32,0xa5,0xfd,0xff,0xdc,0xff,0xbc,0xff,
    0x9b,0xf7,0xfd,0xff,0x14,0xbe,0xeb,0x6b,0x6d,0x7c,0x4c,0x7c,0x2c,0x74,0x39,0xe7,0xdc,0xff,0xbc,0xff,0xbc,0xff,0xbb,0xff,
    0xdc,0xff,0xd8,0xde,0xc7,0x42,0x93,0xad,0xfd,0xff,0x9b,0xf7,0xbc,0xff,0xbc,0xff,0xbc,0xff,0xbc,0xff,0xbc,0xff,0xdc,0xff,
    0xec,0x73,0x8a,0x63,0x9b,0xff,0xbc,0xff,0x9c,0xf7,0x4b,0x6b,0xeb,0x73,0x4b,0x7c,0x49,0x5b,0x49,0x5b,0x06,0x3a,0xc2,0x18,
    0x57,0xce,0xfd,0xff,0xbb,0xff,0xf5,0xbd,0x15,0xc6,0x56,0xc6,0x35,0xc6,0x93,0xad,0x19,0xe7,0xfc,0xff,0xdc,0xff,0xdc,0xff,
    0xdc,0xff,0xdc,0xff,0xdc,0xff,0xdc,0xff,0xdc,0xff,0xbb,0xff,0x38,0xe7,0xec,0x7b,0x67,0x42,0xca,0x6b,0xaa,0x6b,0x89,0x63,
    0xf4,0xbd,0xf9,0xde,0xa7,0x52,0xe9,0x62,0x3a,0xef,0xdc,0xff,0x9b,0xf7,0x9b,0xf7,0xfd,0xff,0x35,0xc6,0x86,0x3a,0x56,0xc6,
    0xfd,0xff,0x9b,0xf7,0xbc,0xff,0xbc,0xff,0x9b,0xf7,0xfd,0xff,0x6f,0x8c,0xa7,0x4a,0x3a,0xef,0xdc,0xff,0xbb,0xff,0xbb,0xff,
    0xbc,0xff,0xbc,0xff,0xdc,0xff,0x19,0xe7,0xa7,0x4a,0x8f,0x8c,0xfd,0xff,0x9b,0xf7,0xbc,0xff,0xbc,0xff,0x9b,0xf7,0xfd,0xff,
    0x56,0xc6,0xa6,0x42,0x56,0xc6,0xfd,0xff,0x9b,0xf7,0xbb,0xff,0xbc,0xff,0x9b,0xf7,0xff,0xff,0x8d,0x73,0x61,0x10,0xa8,0x52,
    0x0c,0x7c,0x91,0xb5,0xb1,0xb5,0x91,0xb5,0xd1,0xbd,0x50,0xa5,0x6d,0x84,0x8d,0x8c,0x4d,0x84,0xae,0x8c,0x29,0x63,0x44,0x29,
    0x81,0x10,0x61,0x08,0x07,0x42,0x3a,0xe7,0xfd,0xff,0xfc,0xff,0xdc,0xff,0x9b,0xf7,0xbc,0xff,0x51,0xa5,0x92,0xad,0xfd,0xff,
    0xdc,0xff,0x96,0xd6,0xcb,0x6b,0x28,0x53,0x35,0xc6,0xfd,0xff,0x9b,0xf7,0xbc,0xff,0xbb,0xff,0xbc,0xff,0xcb,0x6b,0x2c,0x74,
    0xdc,0xff,0xbc,0xff,0xbc,0xff,0xbc,0xff,0xbc,0xff,0xbc,0xff,0x9b,0xf7,0xfd,0xff,0x93,0xad,0xa6,0x42,0xb7,0xd6,0xdc,0xff,
    0x9b,0xff,0xbc,0xff,0xbc,0xff,0xbc,0xff,0xbc,0xff,0xbc,0xff,0xbc,0xff,0xbb,0xff,0x9c,0xf7,0xa6,0x31,0xe2,0x18,0x16,0xc6,
    0xbc,0xf7,0xfd,0xff,0xdc,0xff,0xdc,0xff,0xdc,0xff,0xdc,0xff,0xdc,0xff,0xdc,0xff,0xdc,0xff,0xdc,0xff,0xdc,0xff,0xdc,0xff,
    0xdd,0xff,0xb9,0xd6,0xea,0x5a,0x61,0x08,0xb4,0xbd,0x9b,0xf7,0x9b,0xf7,0x9b,0xff,0xbb,0xff,0xbc,0xff,0xbc,0xff,0xbc,0xff,
    0xbc,0xff,0xbc,0xff,0xbc,0xff,0xbc,0xff,0xdc,0xff,0x5a,0xef,0xe8,0x4a,0x10,0x9d,0xfd,0xff,0x9b,0xf7,0xbc,0xff,0xbc,0xff,
    0xbc,0xff,0xbc,0xff,0x9b,0xff,0xfd,0xff,0xf0,0x94,0xe7,0x4a,0x19,0xe7,0xdc,0xff,0xbb,0xff,0xbb,0xff,0xbb,0xff,0xbb,0xff,
    0xbb,0xff,0xbc,0xff,0xbc,0xff,0xbc,0xff,0xbc,0xff,0xbc,0xff,0xbc,0xff,0xbc,0xff,0xbc,0xff,0xbc,0xff,0x9b,0xf7,0x9b,0xff,
    0xfd,0xff,0xfd,0xff,0xfd,0xff,0xfd,0xff,0xfd,0xff,0xfd,0xff,0xfd,0xff,0xfd,0xff,0xdc,0xff,0x9b,0xf7,0x9b,0xf7,0xbb,0xff,
    0x9b,0xff,0xdc,0xff,0x97,0xce,0x10,0x95,0x4c,0x7c,0x6d,0x84,0x51,0xa5,0x5a,0xef,0xbc,0xff,0xbc,0xff,0xbc,0xff,0xbb,0xff,
    0xdc,0xff,0xd8,0xde,0xc7,0x42,0x93,0xad,0xfd,0xff,0x9b,0xf7,0xbc,0xff,0xbc,0xff,0xbc,0xff,0xbc,0xff,0xbc,0xff,0xdc,0xff,
    0xeb,0x73,0x8a,0x63,0xbc,0xff,0xbc,0xff,0x9b,0xf7,0x8b,0x6b,0xea,0x73,0xea,0x73,0xc8,0x52,0xc8,0x52,0xe6,0x39,0x23,0x21,
    0xd4,0xbd,0xf8,0xde,0x97,0xd6,0x19,0xe7,0xf9,0xde,0xf9,0xde,0x1a,0xe7,0x19,0xe7,0xd8,0xde,0x76,0xce,0xb8,0xde,0xd8,0xde,
    0xd8,0xde,0xd8,0xde,0xd8,0xde,0xd8,0xde,0xf8,0xde,0xb7,0xd6,0xd2,0xb5,0x8b,0x6b,0x87,0x4a,0x49,0x63,0x49,0x63,0x49,0x5b,
    0x6d,0x84,0x36,0xc6,0xe8,0x5a,0x09,0x63,0x56,0xce,0x9b,0xff,0xbb,0xff,0x9b,0xf7,0xfd,0xff,0x35,0xc6,0x86,0x3a,0x56,0xc6,
    0xfd,0xff,0x9b,0xf7,0xbc,0xff,0xbc,0xff,0x9b,0xf7,0xfd,0xff,0x6f,0x8c,0x87,0x4a,0x3a,0xef,0xdc,0xff,0xbb,0xff,0xbb,0xff,
    0xbc,0xff,0x9b,0xff,0xdc,0xff,0x19,0xe7,0xa7,0x4a,0x8f,0x94,0xfd,0xff,0x9b,0xf7,0xbc,0xff,0xbc,0xff,0x9b,0xf7,0xfd,0xff,
    0x35,0xc6,0xa6,0x42,0x55,0xc6,0xfd,0xff,0x9b,0xf7,0xbb,0xff,0xbc,0xff,0xbc,0xff,0x9b,0xf7,0x3a,0xe7,0xf2,0x9c,0x60,0x08,
    0x44,0x29,0x91,0xb5,0x33,0xc6,0x12,0xbe,0x32,0xc6,0x90,0xad,0x0f,0x95,0x6a,0x6b,0x23,0x21,0x85,0x31,0xa2,0x10,0xea,0x5a,
    0x57,0xce,0xd5,0xbd,0xf9,0xe6,0xfd,0xff,0x7b,0xf7,0x9b,0xf7,0x9b,0xf7,0xbb,0xff,0x9b,0xf7,0x2d,0x7c,0x8a,0x63,0x97,0xd6,
    0xbc,0xff,0xdc,0xff,0x97,0xd6,0x10,0x95,0x5a,0xef,0xbc,0xff,0xbb,0xff,0xbc,0xff,0xbc,0xff,0xbc,0xff,0xcb,0x6b,0x2c,0x74,
    0xdc,0xff,0xbb,0xff,0xbc,0xff,0xbc,0xff,0xbc,0xff,0xbc,0xff,0x9b,0xf7,0xfd,0xff,0x92,0xad,0xa6,0x42,0xb7,0xd6,0xdc,0xff,
    0x9b,0xff,0xbc,0xff,0xbc,0xff,0xbc,0xff,0xbc,0xff,0xbc,0xff,0xbc,0xff,0xbb,0xff,0xdc,0xff,0xd1,0x9c,0x68,0x4a,0x40,0x08,
    0xd5,0xbd,0x3a,0xe7,0xd9,0xde,0xd9,0xde,0xf9,0xde,0xf9,0xde,0xf9,0xde,0xf9,0xde,0xd9,0xde,0xd8,0xde,0xd9,0xde,0xf9,0xde,
    0xf9,0xde,0xe6,0x39,0x81,0x10,0xa5,0x31,0x7a,0xf7,0xbb,0xff,0xbb,0xff,0xbc,0xff,0xbb,0xff,0xbc,0xff,0xbc,0xff,0xbc,0xff,
    0xbc,0xff,0xbc,0xff,0xbc,0xff,0xbc,0xff,0xdc,0xff,0x3a,0xef,0xe7,0x4a,0x10,0x9d,0xfd,0xff,0x9b,0xf7,0xbc,0xff,0xbc,0xff,
    0xbc,0xff,0xbc,0xff,0x9b,0xf7,0xfd,0xff,0x10,0x95,0xe7,0x4a,0x19,0xe7,0xdc,0xff,0x9b,0xff,0xbc,0xff,0xbc,0xff,0xbb,0xff,
    0xbc,0xff,0xbc,0xff,0xbc,0xff,0xbc,0xff,0xbc,0xff,0xbc,0xff,0xbc,0xff,0xbc,0xff,0xbc,0xff,0xbc,0xff,0xbc,0xff,0xbc,0xff,
    0x9b,0xff,0x9b,0xf7,0x9b,0xf7,0x9b,0xf7,0x9b,0xf7,0x9b,0xf7,0x9b,0xf7,0x9b,0xf7,0x9b,0xf7,0xbb,0xff,0xbc,0xff,0xbc,0xff,
    0xbc,0xff,0x9b,0xff,0xfd,0xff,0x7b,0xef,0xca,0x6b,0x51,0xa5,0xfd,0xff,0xbb,0xff,0xbc,0xff,0xbb,0xff,0xbc,0xff,0x9b,0xff,
    0xdc,0xff,0xd8,0xde,0xc7,0x4a,0x93,0xad,0xfd,0xff,0x9b,0xf7,0xbc,0xff,0xbc,0xff,0xbc,0xff,0xbc,0xff,0xbc,0xff,0xdc,0xff,
    0xec,0x73,0xaa,0x63,0x9b,0xf7,0xbc,0xff,0x7b,0xf7,0xcc,0x73,0xe5,0x31,0xa5,0x29,0x64,0x29,0x03,0x19,0x23,0x21,0x23,0x21,
    0xe8,0x52,0x08,0x53,0x67,0x42,0x66,0x42,0x26,0x3a,0x26,0x3a,0x46,0x42,0x66,0x42,0x67,0x42,0x67,0x42,0x87,0x4a,0xa7,0x4a,
    0xa7,0x4a,0xa7,0x4a,0xa7,0x4a,0xa7,0x4a,0xa7,0x4a,0x87,0x4a,0x66,0x42,0x66,0x42,0x66,0x42,0x46,0x42,0x46,0x42,0x87,0x42,
    0x29,0x5b,0xe8,0x52,0xa7,0x52,0x87,0x52,0xa8,0x52,0x19,0xe7,0xbc,0xff,0x9b,0xf7,0xfd,0xff,0x35,0xc6,0x86,0x3a,0x56,0xc6,
    0xfd,0xff,0x9b,0xf7,0xbc,0xff,0xbc,0xff,0x9b,0xf7,0xfd,0xff,0x6f,0x8c,0x87,0x4a,0x3a,0xef,0xdc,0xff,0xbb,0xff,0xbc,0xff,
    0xbc,0xff,0x9b,0xff,0xdc,0xff,0x19,0xe7,0xa8,0x4a,0x8f,0x94,0xfd,0xff,0x9b,0xf7,0xbc,0xff,0xbc,0xff,0x9b,0xf7,0xfd,0xff,
    0x35,0xc6,0xa6,0x42,0x56,0xce,0xfd,0xff,0x9b,0xf7,0xbc,0xff,0xbb,0xff,0xbb,0xff,0x9b,0xf7,0xfd,0xff,0xd9,0xde,0xee,0x7b,
    0x27,0x42,0x06,0x42,0x09,0x63,0xe9,0x5a,0xe8,0x5a,0x87,0x52,0x26,0x42,0xc5,0x31,0x64,0x29,0xc5,0x39,0x0e,0x84,0x98,0xd6,
    0xfd,0xff,0xfc,0xff,0xdc,0xff,0x9b,0xf7,0xbc,0xff,0xbb,0xff,0xbb,0xff,0x9b,0xf7,0xdc,0xff,0xb8,0xd6,0xeb,0x6b,0xaa,0x6b,
    0xb7,0xd6,0xbb,0xff,0xbc,0xff,0xfd,0xff,0xbc,0xff,0x9b,0xff,0xbb,0xff,0xbc,0xff,0xbc,0xff,0xdc,0xff,0xcb,0x6b,0x0c,0x74,
    0xdc,0xff,0xbb,0xff,0xbc,0xff,0xbc,0xff,0xbc,0xff,0xbc,0xff,0x9b,0xf7,0xfd,0xff,0x92,0xad,0xa7,0x42,0xd8,0xde,0xfc,0xff,
    0x9b,0xf7,0xbb,0xff,0xbc,0xff,0xbc,0xff,0xbc,0xff,0xbc,0xff,0xbb,0xff,0xbc,0xff,0x9b,0xf7,0xfd,0xff,0x3a,0xef,0xd1,0x9c,
    0x44,0x29,0xa2,0x10,0xe2,0x18,0xc2,0x10,0xc2,0x10,0xc2,0x10,0xc2,0x10,0xc2,0x10,0xc2,0x10,0xc2,0x10,0xe2,0x18,0x03,0x19,
    0x81,0x10,0xee,0x7b,0xb5,0xb5,0x16,0xc6,0x9b,0xf7,0xbb,0xff,0xbc,0xff,0xbb,0xff,0xbb,0xff,0xbc,0xff,0xbc,0xff,0xbc,0xff,
    0xbc,0xff,0xbc,0xff,0xbc,0xff,0xbb,0xff,0xdc,0xff,0x7a,0xef,0xe8,0x4a,0x10,0x9d,0xfd,0xff,0x9b,0xf7,0xbc,0xff,0xbc,0xff,
    0xbc,0xff,0xbc,0xff,0xbb,0xff,0xfd,0xff,0x10,0x95,0xe7,0x4a,0x3a,0xef,0xdc,0xff,0x9b,0xff,0xbc,0xff,0xbc,0xff,0xbc,0xff,
    0xbb,0xff,0xbc,0xff,0xbc,0xff,0xbc,0xff,0xbc,0xff,0xbc,0xff,0xbc,0xff,0xbc,0xff,0xbc,0xff,0xbc,0xff,0xbc,0xff,0xbc,0xff,
    0xbc,0xff,0xbc,0xff,0xbc,0xff,0xbc,0xff,0xbc,0xff,0xbc,0xff,0xbc,0xff,0xbc,0xff,0xbc,0xff,0xbc,0xff,0xbc,0xff,0xbc,0xff,
    0xbb,0xff,0xbc,0xff,0xbc,0xff,0x9b,0xf7,0xd7,0xde,0x18,0xe7,0xbb,0xff,0xbb,0xff,0xbc,0xff,0xbc,0xff,0xbb,0xff,0x9b,0xf7,
    0xfd,0xff,0xf9,0xde,0xc7,0x4a,0x92,0xad,0xfd,0xff,0x9b,0xf7,0xbc,0xff,0xbc,0xff,0xbc,0xff,0xbc,0xff,0xbc,0xff,0xdc,0xff,
    0x0c,0x74,0xcb,0x6b,0xbc,0xff,0xbc,0xff,0x9b,0xf7,0x56,0xce,0x94,0xb5,0x73,0xad,0x32,0xa5,0x32,0xa5,0x53,0xad,0x53,0xad,
    0xf4,0xbd,0x15,0xbe,0xd5,0xbd,0xd4,0xbd,0xd4,0xb5,0xb4,0xb5,0xd4,0xb5,0xd4,0xb5,0xd4,0xbd,0xd4,0xbd,0xd4,0xbd,0xd4,0xbd,
    0xd4,0xbd,0xd4,0xbd,0xd4,0xbd,0xd4,0xbd,0xd4,0xbd,0xd4,0xb5,0xb4,0xb5,0xd4,0xb5,0xb4,0xb5,0xb4,0xb5,0xb4,0xb5,0xb4,0xb5,
    0xf4,0xbd,0xd4,0xbd,0xb4,0xb5,0xd4,0xbd,0xd4,0xbd,0x7a,0xf7,0xbb,0xff,0x9b,0xf7,0xfd,0xff,0x35,0xc6,0x86,0x3a,0x56,0xc6,
    0xfd,0xff,0x9b,0xff,0xbc,0xff,0xbc,0xff,0x9b,0xff,0xfd,0xff,0x6f,0x8c,0xa7,0x4a,0x3a,0xef,0xdc,0xff,0xbb,0xff,0xbc,0xff,
    0xbc,0xff,0x9b,0xff,0xdc,0xff,0x1a,0xe7,0xc8,0x52,0xb0,0x94,0xfd,0xff,0x9b,0xf7,0xbb,0xff,0xbc,0xff,0x9b,0xf7,0xfd,0xff,
    0x35,0xc6,0x86,0x3a,0x15,0xbe,0xfd,0xff,0xbc,0xff,0xbc,0xff,0xbb,0xff,0x9b,0xff,0xbb,0xff,0x9b,0xf7,0xbc,0xff,0xff,0xff,
    0xee,0x83,0x81,0x10,0x03,0x21,0xe3,0x18,0xc2,0x18,0xe3,0x18,0xa2,0x10,0xea,0x5a,0x7b,0xef,0x7b,0xef,0xfd,0xff,0xdc,0xff,
    0x9b,0xf7,0x9b,0xf7,0x9b,0xf7,0x9b,0xff,0xbb,0xff,0xbc,0xff,0xbb,0xff,0x9b,0xff,0x9b,0xf7,0xfd,0xff,0xf4,0xbd,0x2c,0x7c,
    0x59,0xef,0xbb,0xff,0x9b,0xf7,0x9b,0xf7,0xbb,0xff,0xbb,0xff,0xbb,0xff,0xbc,0xff,0x9b,0xff,0x3a,0xef,0xaa,0x63,0x2c,0x74,
    0xdc,0xff,0xbc,0xff,0xbc,0xff,0xbc,0xff,0xbc,0xff,0xbc,0xff,0x9b,0xf7,0xfd,0xff,0x93,0xad,0xe7,0x4a,0x56,0xc6,0x9b,0xf7,
    0xbb,0xff,0x9b,0xff,0xbc,0xff,0xbc,0xff,0xbc,0xff,0xbc,0xff,0xbc,0xff,0xbb,0xff,0xbb,0xff,0x9b,0xf7,0xdc,0xff,0xfd,0xff,
    0xf1,0x9c,0x4f,0x8c,0x90,0x94,0x90,0x94,0x70,0x8c,0x70,0x8c,0x70,0x8c,0x70,0x8c,0x70,0x8c,0x70,0x8c,0x70,0x8c,0x70,0x8c,
    0x4f,0x8c,0xf9,0xe6,0xfe,0xff,0xfd,0xff,0xbb,0xff,0xbb,0xff,0xbb,0xff,0xbc,0xff,0xbc,0xff,0xbc,0xff,0xbc,0xff,0xbc,0xff,
    0xbc,0xff,0xbc,0xff,0xbc,0xff,0xbb,0xff,0xbb,0xff,0xf9,0xde,0x28,0x53,0xf0,0x9c,0xfd,0xff,0x9b,0xf7,0xbc,0xff,0xbc,0xff,
    0xbc,0xff,0xbc,0xff,0x9b,0xff,0xfd,0xff,0xf0,0x94,0x07,0x4b,0xd8,0xde,0xbc,0xff,0xbc,0xff,0x9b,0xff,0xbc,0xff,0xbc,0xff,
    0xbb,0xff,0xbc,0xff,0xbc,0xff,0xbc,0xff,0xbc,0xff,0xbc,0xff,0xbc,0xff,0xbc,0xff,0xbc,0xff,0xbc,0xff,0xbc,0xff,0xbc,0xff,
    0xbc,0xff,0xbc,0xff,0xbc,0xff,0xbc,0xff,0xbc,0xff,0xbc,0xff,0xbc,0xff,0xbc,0xff,0xbc,0xff,0xbc,0xff,0xbc,0xff,0xbc,0xff,
    0xbc,0xff,0xbb,0xff,0xbb,0xff,0xbc,0xff,0xdc,0xff,0xbc,0xff,0xbb,0xff,0xbb,0xff,0xbc,0xff,0xbc,0xff,0xbc,0xff,0xbb,0xff,
    0xbb,0xff,0x77,0xce,0xe7,0x4a,0x93,0xad,0xfd,0xff,0x9b,0xf7,0xbc,0xff,0xbc,0xff,0xbc,0xff,0xbc,0xff,0xbc,0xff,0xdc,0xff,
    0x2c,0x74,0xcb,0x6b,0x19,0xe7,0x9b,0xf7,0xbb,0xff,0xdc,0xff,0xfe,0xff,0xfd,0xff,0xfd,0xff,0xfd,0xff,0xfd,0xff,0xfd,0xff,
    0xfc,0xff,0xfd,0xff,0xfd,0xff,0xfd,0xff,0xfd,0xff,0xfd,0xff,0xfd,0xff,0xfd,0xff,0xfd,0xff,0xfd,0xff,0xfd,0xff,0xfd,0xff,
    0xfd,0xff,0xfd,0xff,0xfd,0xff,0xfd,0xff,0xfd,0xff,0xfd,0xff,0xfd,0xff,0xfd,0xff,0xfd,0xff,0xfd,0xff,0xfd,0xff,0xfd,0xff,
    0xfd,0xff,0xfd,0xff,0xfd,0xff,0xfd,0xff,0xfd,0xff,0xbb,0xff,0x9b,0xff,0xbb,0xff,0xdc,0xff,0xd4,0xb5,0xa6,0x42,0x56,0xc6,
    0xfd,0xff,0x9b,0xf7,0xbb,0xff,0xbc,0xff,0x9b,0xf7,0xfd,0xff,0x6f,0x8c,0xa8,0x4a,0x3a,0xef,0xdc,0xff,0xbb,0xff,0xbc,0xff,
    0xbc,0xff,0x9b,0xff,0xdc,0xff,0x1a,0xe7,0xc8,0x52,0xb0,0x94,0xfd,0xff,0xbb,0xff,0xdc,0xff,0xbc,0xff,0x9b,0xf7,0xfd,0xff,
    0x35,0xc6,0xc7,0x42,0xaa,0x63,0x97,0xce,0xbc,0xff,0x9b,0xf7,0x9b,0xf7,0x9b,0xf7,0x9b,0xf7,0x9b,0xf7,0x9b,0xf7,0x9b,0xf7,
    0x3a,0xe7,0xd8,0xde,0xd8,0xde,0xd8,0xde,0xd8,0xde,0xd8,0xde,0xb8,0xde,0x19,0xe7,0xbc,0xff,0xbc,0xff,0x9b,0xf7,0x9b,0xf7,
    0x9b,0xf7,0x9b,0xff,0x9b,0xf7,0x9b,0xf7,0x9b,0xff,0x9b,0xf7,0x9b,0xf7,0x9b,0xf7,0x9b,0xf7,0xbb,0xff,0x9b,0xf7,0x9b,0xf7,
    0xbb,0xff,0x9b,0xf7,0x9b,0xf7,0x9b,0xf7,0x9b,0xff,0x9b,0xff,0x9b,0xf7,0xdc,0xff,0x35,0xc6,0x49,0x5b,0x28,0x53,0x2c,0x7c,
    0xdc,0xff,0xbb,0xff,0xbb,0xff,0xbc,0xff,0xbc,0xff,0xbc,0xff,0x9b,0xf7,0xfd,0xff,0xb3,0xad,0xe7,0x4a,0xe8,0x4a,0x10,0x9d,
    0xbc,0xff,0x9b,0xf7,0x9b,0xf7,0x9b,0xf7,0x9b,0xff,0x9b,0xff,0x9b,0xff,0x9b,0xf7,0x9b,0xf7,0x9b,0xf7,0x9b,0xf7,0x9b,0xf7,
    0xfd,0xff,0xfd,0xff,0xfd,0xff,0xfd,0xff,0xfd,0xff,0xfd,0xff,0xfd,0xff,0xfd,0xff,0xfd,0xff,0xfd,0xff,0xfd,0xff,0xfd,0xff,
    0xfd,0xff,0xbc,0xff,0x7b,0xf7,0x9b,0xf7,0x9b,0xff,0x9b,0xf7,0x9b,0xf7,0x9b,0xf7,0x9b,0xff,0x9b,0xff,0x9b,0xff,0x9b,0xff,
    0x9b,0xff,0x9b,0xff,0x9b,0xf7,0xbb,0xff,0x72,0xad,0x49,0x5b,0xe7,0x4a,0xcf,0x94,0xfd,0xff,0x9b,0xf7,0xbc,0xff,0xbc,0xff,
    0xbc,0xff,0xbc,0xff,0x9b,0xf7,0xfd,0xff,0x11,0x9d,0x28,0x53,0xaa,0x63,0xd4,0xb5,0xbc,0xff,0x9b,0xf7,0x9b,0xf7,0x9b,0xff,
    0x9b,0xff,0x9b,0xff,0x9b,0xff,0x9b,0xff,0x9b,0xff,0x9b,0xff,0xbb,0xff,0x9b,0xff,0x9b,0xff,0x9b,0xff,0x9b,0xff,0x9b,0xff,
    0x9b,0xff,0x9b,0xff,0x9b,0xff,0x9b,0xff,0x9c,0xff,0x9c,0xff,0xbb,0xff,0xbb,0xff,0x9b,0xff,0x9b,0xff,0x9b,0xff,0x9b,0xff,
    0x9b,0xff,0x9b,0xff,0x9b,0xff,0x9b,0xf7,0x9b,0xf7,0x9b,0xf7,0x9b,0xf7,0x9b,0xf7,0x9b,0xf7,0x9c,0xff,0x9b,0xf7,0xbc,0xff,
    0x72,0xa5,0x49,0x5b,0xe7,0x4a,0x93,0xad,0xfd,0xff,0x9b,0xf7,0xbc,0xff,0xbc,0xff,0xbc,0xff,0xbc,0xff,0xbc,0xff,0xdc,0xff,
    0x2d,0x7c,0x08,0x53,0x29,0x5b,0x15,0xbe,0xbc,0xff,0x9b,0xf7,0x9b,0xf7,0x9b,0xf7,0x9b,0xf7,0x9b,0xf7,0x7b,0xf7,0x7b,0xf7,
    0x9b,0xf7,0x9b,0xf7,0x9b,0xf7,0x9b,0xf7,0x9b,0xf7,0x9b,0xf7,0x9b,0xf7,0x9b,0xf7,0x9b,0xf7,0x9b,0xf7,0x9b,0xf7,0x9b,0xf7,
    0x9b,0xf7,0x9b,0xf7,0x9b,0xf7,0x9b,0xf7,0x9b,0xf7,0x9b,0xf7,0x9b,0xf7,0x9b,0xf7,0x9b,0xf7,0x9b,0xf7,0x9b,0xf7,0x9b,0xf7,
    0x9b,0xf7,0x9b,0xf7,0x9b,0xf7,0x9b,0xf7,0x9b,0xf7,0x9b,0xf7,0x9b,0xf7,0x9b,0xf7,0x76,0xce,0x69,0x5b,0xe7,0x4a,0x36,0xc6,
    0xfd,0xff,0x9b,0xff,0xdc,0xff,0xdc,0xff,0xbb,0xff,0xfd,0xff,0x8f,0x8c,0xa7,0x4a,0x3a,0xef,0xdc,0xff,0xbb,0xff,0xbc,0xff,
    0xbc,0xff,0x9b,0xff,0xdc,0xff,0x19,0xe7,0x87,0x4a,0x4e,0x84,0x9c,0xf7,0x5a,0xef,0x5a,0xef,0x7a,0xf7,0x9b,0xf7,0xbc,0xff,
    0x7a,0xf7,0x77,0xce,0x6a,0x63,0x28,0x53,0x36,0xc6,0xfe,0xff,0xdc,0xff,0xfd,0xff,0xfd,0xff,0xfd,0xff,0xfd,0xff,0xfd,0xff,
    0xfd,0xff,0xfd,0xff,0xfd,0xff,0xfd,0xff,0xfd,0xff,0xfd,0xff,0xfd,0xff,0xfd,0xff,0xdc,0xff,0xfd,0xff,0xfd,0xff,0xfd,0xff,
    0xfc,0xff,0xfd,0xff,0xfd,0xff,0xfd,0xff,0xfd,0xff,0xfd,0xff,0xfd,0xff,0xfd,0xff,0xfd,0xff,0xfd,0xff,0xfd,0xff,0xfd,0xff,
    0xfd,0xff,0xfc,0xff,0xdc,0xff,0xfc,0xff,0xfd,0xff,0xfd,0xff,0xfe,0xff,0x19,0xe7,0x69,0x5b,0xa6,0x42,0x72,0xa5,0x5a,0xef,
    0xbb,0xff,0xbc,0xff,0xbc,0xff,0xbc,0xff,0xbc,0xff,0xbc,0xff,0xbc,0xff,0xbc,0xff,0x7b,0xf7,0x56,0xce,0xa7,0x4a,0x86,0x42,
    0xd4,0xbd,0xfe,0xff,0xdc,0xff,0xfd,0xff,0xfd,0xff,0xfd,0xff,0xfd,0xff,0xfd,0xff,0xfd,0xff,0xfd,0xff,0xfd,0xff,0xfd,0xff,
    0xdc,0xff,0xdc,0xff,0xdc,0xff,0xdc,0xff,0xdc,0xff,0xdc,0xff,0xdc,0xff,0xdc,0xff,0xdc,0xff,0xdc,0xff,0xdc,0xff,0xdc,0xff,
    0xdc,0xff,0xfd,0xff,0xfd,0xff,0xfd,0xff,0xfd,0xff,0xfd,0xff,0xfd,0xff,0xfd,0xff,0xfd,0xff,0xfd,0xff,0xfd,0xff,0xfd,0xff,
    0xfd,0xff,0xfd,0xff,0xfe,0xff,0xd8,0xde,0xc7,0x4a,0xa6,0x42,0xf5,0xbd,0x5a,0xef,0xbc,0xff,0xbc,0xff,0xbc,0xff,0xbc,0xff,
    0xbc,0xff,0xbc,0xff,0xbc,0xff,0xbc,0xff,0x5a,0xef,0x77,0xce,0x48,0x53,0x08,0x4b,0xf4,0xbd,0xfe,0xff,0xdc,0xff,0xfd,0xff,
    0xfd,0xff,0xfd,0xff,0xfd,0xff,0xfd,0xff,0xfd,0xff,0xfd,0xff,0xfd,0xff,0xfd,0xff,0xfd,0xff,0xfd,0xff,0xfd,0xff,0xfd,0xff,
    0xfd,0xff,0xfd,0xff,0xfd,0xff,0xfd,0xff,0xfd,0xff,0xfd,0xff,0xfd,0xff,0xfd,0xff,0xfd,0xff,0xfd,0xff,0xfd,0xff,0xfd,0xff,
    0xfd,0xff,0xfd,0xff,0xfc,0xff,0xfd,0xff,0xfd,0xff,0xfd,0xff,0xfc,0xff,0xfd,0xff,0xfd,0xff,0xdc,0xff,0xfe,0xff,0x76,0xce,
    0x08,0x4b,0x08,0x53,0x36,0xc6,0x5a,0xef,0xbc,0xff,0xbb,0xff,0xbc,0xff,0xbc,0xff,0xbc,0xff,0xbc,0xff,0xbc,0xff,0xbb,0xff,
    0x3a,0xef,0x93,0xad,0xa6,0x42,0x29,0x53,0xf9,0xde,0xfe,0xff,0xdc,0xff,0xfd,0xff,0xfd,0xff,0xfd,0xff,0xfd,0xff,0xfd,0xff,
    0xfd,0xff,0xfd,0xff,0xfd,0xff,0xfd,0xff,0xfd,0xff,0xfd,0xff,0xfd,0xff,0xfd,0xff,0xfd,0xff,0xfd,0xff,0xfd,0xff,0xfd,0xff,
    0xfd,0xff,0xfd,0xff,0xfd,0xff,0xfd,0xff,0xfd,0xff,0xfd,0xff,0xfd,0xff,0xfd,0xff,0xfd,0xff,0xfd,0xff,0xfd,0xff,0xfd,0xff,
    0xfd,0xff,0xfd,0xff,0xfd,0xff,0xfd,0xff,0xfd,0xff,0xdd,0xff,0xfe,0xff,0x55,0xc6,0xe8,0x4a,0x69,0x5b,0x56,0xc6,0x7b,0xf7,
    0xbc,0xff,0xbc,0xff,0x7b,0xf7,0x5a,0xef,0x39,0xef,0x9b,0xf7,0x6f,0x84,0x66,0x42,0x19,0xe7,0xdc,0xff,0xbb,0xff,0xbb,0xff,
    0xbc,0xff,0xbb,0xff,0xbc,0xff,0x7b,0xf7,0xf9,0xde,0x8f,0x8c,0xa7,0x4a,0xe9,0x5a,0x67,0x42,0xcc,0x73,0xfc,0xff,0xbb,0xff,
    0xbb,0xff,0xdc,0xff,0xf5,0xbd,0x49,0x5b,0xcb,0x6b,0x6e,0x84,0x8e,0x84,0x8e,0x84,0x6e,0x84,0x6e,0x84,0x6e,0x84,0x6e,0x84,
    0x6e,0x84,0x6e,0x84,0x6e,0x84,0x6e,0x84,0x6e,0x84,0x8e,0x84,0x8e,0x84,0x6e,0x84,0x6e,0x84,0x6e,0x84,0x6e,0x84,0x6e,0x84,
    0x6e,0x84,0x6e,0x84,0x6e,0x84,0x6e,0x84,0x6e,0x84,0x6e,0x84,0x6e,0x84,0x6e,0x84,0x6e,0x84,0x6e,0x7c,0x6e,0x84,0x6e,0x84,
    0x6e,0x84,0x6e,0x84,0x6e,0x84,0x6e,0x84,0x6e,0x84,0x6e,0x84,0x8e,0x84,0x4d,0x7c,0x28,0x53,0x52,0xa5,0x5a,0xef,0xdd,0xff,
    0xbb,0xff,0xbc,0xff,0xbc,0xff,0xbc,0xff,0xbc,0xff,0xbc,0xff,0xbc,0xff,0xbc,0xff,0xdc,0xff,0x9b,0xf7,0x15,0xbe,0x0c,0x74,
    0xab,0x63,0x8f,0x84,0x6e,0x84,0x6e,0x84,0x6e,0x84,0x6e,0x84,0x6e,0x84,0x6e,0x84,0x6e,0x84,0x6e,0x84,0x4e,0x84,0x6e,0x7c,
    0x6e,0x84,0x6e,0x84,0x6e,0x84,0x6e,0x84,0x8e,0x84,0x8e,0x84,0x8e,0x84,0x6e,0x84,0x6e,0x84,0x6e,0x84,0x6e,0x84,0x6e,0x84,
    0x6e,0x84,0x6e,0x84,0x6e,0x84,0x6e,0x84,0x6e,0x84,0x6e,0x84,0x6e,0x84,0x6e,0x84,0x6e,0x84,0x6e,0x84,0x6e,0x84,0x6e,0x84,
    0x8e,0x84,0x6e,0x84,0x8e,0x84,0x0c,0x74,0x08,0x4b,0x73,0xad,0x9b,0xf7,0xdc,0xff,0x9b,0xff,0xbc,0xff,0xbc,0xff,0xbc,0xff,
    0xbc,0xff,0xbc,0xff,0xbc,0xff,0xbb,0xff,0xdc,0xff,0xbc,0xf7,0x15,0xbe,0xcb,0x6b,0xcc,0x6b,0xaf,0x8c,0x8e,0x84,0x8e,0x84,
    0x8e,0x84,0x6e,0x84,0x8e,0x84,0x8e,0x84,0x6e,0x84,0x6e,0x84,0x6e,0x84,0x6e,0x84,0x6e,0x84,0x6e,0x84,0x6e,0x7c,0x6e,0x84,
    0x6e,0x84,0x6e,0x84,0x6e,0x84,0x6e,0x84,0x6e,0x84,0x6e,0x84,0x6e,0x84,0x6e,0x84,0x6e,0x84,0x6e,0x84,0x6e,0x84,0x6e,0x84,
    0x6e,0x84,0x6e,0x84,0x6e,0x84,0x6e,0x84,0x6e,0x84,0x6e,0x84,0x6e,0x84,0x6e,0x84,0x6e,0x84,0x6e,0x7c,0x8e,0x84,0x0c,0x74,
    0x69,0x5b,0xd4,0xb5,0xbc,0xff,0xdc,0xff,0xbc,0xff,0xbc,0xff,0xbc,0xff,0xbc,0xff,0xbc,0xff,0xbc,0xff,0xbc,0xff,0xbb,0xff,
    0xdc,0xff,0x5a,0xef,0xf4,0xb5,0xcb,0x6b,0x0c,0x74,0x6e,0x84,0x6e,0x84,0x6e,0x84,0x6e,0x84,0x6e,0x84,0x6e,0x84,0x6e,0x84,
    0x6e,0x84,0x6e,0x84,0x6e,0x84,0x6e,0x84,0x6e,0x84,0x6e,0x84,0x6e,0x84,0x6e,0x84,0x6e,0x84,0x6e,0x84,0x6e,0x84,0x6e,0x84,
    0x6e,0x84,0x6e,0x84,0x6e,0x84,0x6e,0x84,0x6e,0x84,0x6e,0x84,0x6e,0x84,0x6e,0x84,0x6e,0x84,0x6e,0x84,0x6e,0x84,0x6e,0x84,
    0x6e,0x84,0x6e,0x84,0x6e,0x7c,0x6e,0x7c,0x6e,0x84,0x6e,0x7c,0x8e,0x84,0xcb,0x6b,0xe7,0x4a,0xd4,0xb5,0xdc,0xff,0xbb,0xff,
    0xbb,0xff,0xfe,0xff,0xcd,0x73,0x67,0x42,0xa8,0x52,0x87,0x4a,0xd1,0x9c,0xf9,0xde,0x9b,0xf7,0xbc,0xff,0xbc,0xff,0xbc,0xff,
    0xbc,0xff,0xbc,0xff,0xbb,0xff,0x9b,0xff,0xfe,0xff,0xd4,0xb5,0x8b,0x6b,0xcc,0x73,0x6b,0x6b,0x0d,0x7c,0x97,0xd6,0x5a,0xef,
    0x9b,0xf7,0xbc,0xff,0xdd,0xff,0xec,0x6b,0xe8,0x52,0x08,0x53,0x49,0x5b,0x69,0x5b,0x69,0x5b,0x49,0x5b,0x49,0x5b,0x49,0x5b,
    0x69,0x5b,0x69,0x5b,0x69,0x5b,0x69,0x5b,0x69,0x5b,0x69,0x5b,0x69,0x5b,0x69,0x5b,0x49,0x5b,0x49,0x5b,0x49,0x5b,0x49,0x5b,
    0x49,0x5b,0x49,0x5b,0x49,0x5b,0x49,0x5b,0x69,0x5b,0x69,0x5b,0x49,0x5b,0x49,0x5b,0x49,0x5b,0x49,0x53,0x28,0x53,0x28,0x53,
    0x49,0x53,0x49,0x53,0x49,0x53,0x49,0x53,0x49,0x5b,0x49,0x5b,0x49,0x5b,0x69,0x5b,0xaa,0x63,0x3a,0xe7,0xfd,0xff,0x9b,0xf7,
    0xbc,0xff,0xbc,0xff,0xbc,0xff,0xbc,0xff,0xbc,0xff,0xbc,0xff,0xbc,0xff,0xbc,0xff,0xbb,0xff,0x9b,0xf7,0xfe,0xff,0x52,0xa5,
    0xe7,0x4a,0x08,0x4b,0x08,0x53,0x49,0x5b,0x49,0x5b,0x49,0x5b,0x49,0x53,0x49,0x53,0x49,0x5b,0x49,0x53,0x49,0x53,0x29,0x53,
    0x49,0x53,0x49,0x53,0x49,0x53,0x49,0x53,0x49,0x5b,0x49,0x5b,0x49,0x5b,0x49,0x53,0x49,0x53,0x49,0x5b,0x49,0x5b,0x49,0x53,
    0x49,0x53,0x49,0x53,0x48,0x53,0x48,0x53,0x49,0x53,0x49,0x53,0x49,0x53,0x49,0x5b,0x49,0x5b,0x49,0x5b,0x49,0x53,0x49,0x5b,
    0x49,0x5b,0x49,0x53,0x49,0x53,0x49,0x5b,0xec,0x6b,0x9b,0xf7,0xbc,0xff,0x9b,0xff,0xbc,0xff,0xbc,0xff,0xbc,0xff,0xbc,0xff,
    0xbc,0xff,0xbc,0xff,0xbc,0xff,0xbc,0xff,0x9b,0xff,0x9b,0xf7,0xfe,0xff,0x10,0x95,0xc7,0x4a,0x28,0x53,0x28,0x53,0x69,0x5b,
    0x49,0x5b,0x49,0x53,0x49,0x53,0x49,0x53,0x49,0x5b,0x49,0x5b,0x49,0x53,0x49,0x5b,0x49,0x53,0x49,0x53,0x49,0x53,0x49,0x53,
    0x49,0x53,0x49,0x53,0x49,0x53,0x49,0x53,0x49,0x53,0x49,0x53,0x49,0x53,0x49,0x53,0x48,0x53,0x49,0x53,0x49,0x53,0x49,0x53,
    0x49,0x53,0x49,0x53,0x49,0x53,0x49,0x53,0x49,0x53,0x49,0x53,0x49,0x53,0x49,0x5b,0x49,0x53,0x49,0x53,0x29,0x53,0x49,0x5b,
    0x6d,0x7c,0xfd,0xff,0xbb,0xff,0xbb,0xff,0xbc,0xff,0xbc,0xff,0xbc,0xff,0xbc,0xff,0xbc,0xff,0xbc,0xff,0xbb,0xff,0xbb,0xff,
    0x9b,0xf7,0xbc,0xff,0xfe,0xff,0x8f,0x84,0x08,0x53,0x28,0x53,0x29,0x53,0x49,0x53,0x49,0x5b,0x49,0x5b,0x49,0x5b,0x49,0x53,
    0x48,0x53,0x49,0x53,0x49,0x5b,0x49,0x5b,0x49,0x5b,0x49,0x5b,0x49,0x5b,0x49,0x5b,0x49,0x5b,0x49,0x5b,0x49,0x5b,0x49,0x5b,
    0x49,0x5b,0x49,0x5b,0x49,0x53,0x49,0x53,0x28,0x53,0x28,0x53,0x28,0x53,0x28,0x53,0x49,0x53,0x49,0x53,0x49,0x53,0x49,0x5b,
    0x49,0x53,0x49,0x5b,0x49,0x53,0x49,0x53,0x49,0x53,0x49,0x5b,0x49,0x5b,0x49,0x5b,0xeb,0x6b,0x9b,0xf7,0xbb,0xff,0x9b,0xf7,
    0x5a,0xef,0xb8,0xd6,0x2e,0x84,0x6a,0x63,0xac,0x73,0x6b,0x63,0xf5,0xbd,0xfe,0xff,0x9b,0xff,0xbc,0xff,0xbc,0xff,0xbc,0xff,
    0xbc,0xff,0xbc,0xff,0xbc,0xff,0xbc,0xff,0x9b,0xff,0xbc,0xff,0xdc,0xff,0xbb,0xff,0xfc,0xff,0x15,0xbe,0xe5,0x31,0xb7,0xd6,
    0xfe,0xff,0x9c,0xf7,0x9c,0xf7,0x5a,0xef,0x39,0xef,0x7a,0xf7,0x7b,0xf7,0x7b,0xf7,0x7b,0xf7,0x9b,0xf7,0x7b,0xf7,0x7b,0xf7,
    0x9b,0xf7,0x7b,0xf7,0x7b,0xf7,0x9b,0xf7,0x9b,0xf7,0x9b,0xf7,0x9b,0xf7,0x7b,0xf7,0x7b,0xf7,0x7b,0xf7,0x7b,0xf7,0x7b,0xf7,
    0x7b,0xf7,0x7b,0xf7,0x9b,0xf7,0x7b,0xf7,0x9b,0xf7,0x7b,0xf7,0x7b,0xf7,0x7b,0xf7,0x7b,0xf7,0x7b,0xf7,0x7b,0xf7,0x7b,0xf7,
    0x7b,0xf7,0x7b,0xf7,0x7b,0xf7,0x7b,0xf7,0x7b,0xf7,0x7b,0xf7,0x7b,0xf7,0x7b,0xf7,0x7b,0xef,0x9b,0xf7,0xbb,0xff,0xbc,0xff,
    0xbc,0xff,0xbc,0xff,0xbc,0xff,0xbc,0xff,0xbc,0xff,0xbc,0xff,0xbc,0xff,0xbc,0xff,0xbc,0xff,0xbb,0xff,0xbc,0xff,0x7b,0xef,
    0x39,0xe7,0x3a,0xef,0x5a,0xef,0x7b,0xf7,0x7b,0xf7,0x7b,0xf7,0x7b,0xf7,0x7b,0xf7,0x7b,0xf7,0x7b,0xf7,0x7b,0xf7,0x7b,0xf7,
    0x7b,0xf7,0x7b,0xf7,0x7b,0xf7,0x7b,0xf7,0x7b,0xf7,0x7b,0xf7,0x7b,0xf7,0x7b,0xf7,0x7b,0xf7,0x7b,0xf7,0x7b,0xf7,0x7b,0xf7,
    0x7b,0xf7,0x7b,0xf7,0x7b,0xf7,0x7b,0xf7,0x7b,0xf7,0x7b,0xf7,0x7b,0xf7,0x7b,0xf7,0x7b,0xf7,0x7b,0xf7,0x7b,0xf7,0x7b,0xf7,
    0x7b,0xf7,0x7b,0xf7,0x7b,0xf7,0x7b,0xf7,0x7a,0xf7,0x9b,0xf7,0xbb,0xff,0xbc,0xff,0xbc,0xff,0xbc,0xff,0xbc,0xff,0xbc,0xff,
    0xbc,0xff,0xbc,0xff,0xbc,0xff,0xbc,0xff,0xbc,0xff,0xbb,0xff,0x9b,0xff,0x5a,0xef,0x3a,0xe7,0x3a,0xef,0x5a,0xef,0x7b,0xf7,
    0x7b,0xf7,0x7b,0xf7,0x7b,0xf7,0x7b,0xf7,0x7b,0xf7,0x7b,0xf7,0x7b,0xf7,0x7b,0xf7,0x7b,0xf7,0x7b,0xf7,0x7b,0xf7,0x7b,0xf7,
    0x7b,0xf7,0x7b,0xf7,0x7b,0xf7,0x7b,0xf7,0x7b,0xf7,0x7b,0xf7,0x7b,0xf7,0x7b,0xf7,0x7b,0xf7,0x7b,0xf7,0x7b,0xf7,0x7b,0xf7,
    0x7b,0xf7,0x7b,0xf7,0x7b,0xf7,0x7b,0xf7,0x7b,0xf7,0x7b,0xf7,0x7b,0xf7,0x7b,0xf7,0x7b,0xf7,0x7b,0xf7,0x7b,0xf7,0x7a,0xef,
    0x7b,0xf7,0x9b,0xff,0xbc,0xff,0xbc,0xff,0xbc,0xff,0xbc,0xff,0xbc,0xff,0xbc,0xff,0xbc,0xff,0xbc,0xff,0xbc,0xff,0xbb,0xff,
    0xbb,0xff,0xbb,0xff,0x9b,0xf7,0x7a,0xef,0x5a,0xef,0x7a,0xef,0x7b,0xf7,0x7b,0xf7,0x7b,0xf7,0x7b,0xf7,0x7b,0xf7,0x7b,0xf7,
    0x7b,0xf7,0x7b,0xf7,0x7b,0xf7,0x7b,0xf7,0x7b,0xf7,0x7b,0xf7,0x9b,0xf7,0x9b,0xf7,0x7b,0xf7,0x7b,0xf7,0x7b,0xf7,0x7b,0xf7,
    0x7b,0xf7,0x7b,0xf7,0x7b,0xf7,0x7b,0xf7,0x7b,0xf7,0x7b,0xf7,0x7b,0xf7,0x7b,0xf7,0x7b,0xf7,0x7b,0xf7,0x7b,0xf7,0x7b,0xf7,
    0x7b,0xf7,0x7b,0xf7,0x7b,0xf7,0x7b,0xf7,0x7b,0xf7,0x7b,0xf7,0x7b,0xf7,0x7b,0xf7,0x7a,0xf7,0x9b,0xf7,0x9b,0xf7,0xfd,0xff,
    0x56,0xce,0x05,0x32,0xf4,0xbd,0xfc,0xff,0xdc,0xff,0xdc,0xff,0xbb,0xff,0x9b,0xff,0xbc,0xff,0xbc,0xff,0xbc,0xff,0xbc,0xff,
    0xbc,0xff,0xbb,0xff,0xbb,0xff,0xbc,0xff,0xbb,0xff,0x9b,0xff,0x9b,0xf7,0x7a,0xf7,0xbb,0xff,0xf8,0xde,0x52,0xa5,0x6e,0x84,
    0x11,0x9d,0xdd,0xff,0xbc,0xff,0xbb,0xff,0xbc,0xff,0xbc,0xff,0xbc,0xff,0xbc,0xff,0xbc,0xff,0xbc,0xff,0xbc,0xff,0xbc,0xff,
    0xbc,0xff,0xbc,0xff,0xbc,0xff,0xbc,0xff,0xbc,0xff,0xbc,0xff,0xbc,0xff,0xbc,0xff,0xbc,0xff,0xbc,0xff,0xbc,0xff,0xbc,0xff,
    0xbc,0xff,0xbc,0xff,0xbc,0xff,0xbc,0xff,0xbc,0xff,0xbc,0xff,0xbc,0xff,0xbc,0xff,0xbc,0xff,0xbc,0xff,0xbc,0xff,0xbc,0xff,
    0xbc,0xff,0xbc,0xff,0xbc,0xff,0xbc,0xff,0xbc,0xff,0xbc,0xff,0xbc,0xff,0xbc,0xff,0xbc,0xff,0xbc,0xff,0xbc,0xff,0xbc,0xff,
    0xbc,0xff,0xbc,0xff,0xbc,0xff,0xbc,0xff,0xbc,0xff,0xbc,0xff,0xbc,0xff,0xbc,0xff,0xbc,0xff,0xbc,0xff,0xbc,0xff,0xbc,0xff,
    0xdc,0xff,0xdc,0xff,0xbc,0xff,0xbc,0xff,0xbc,0xff,0xbc,0xff,0xbc,0xff,0xbc,0xff,0xbc,0xff,0xbc,0xff,0xbc,0xff,0xbc,0xff,
    0xbc,0xff,0xbc,0xff,0xbc,0xff,0xbc,0xff,0xbc,0xff,0xbc,0xff,0xbc,0xff,0xbc,0xff,0xbc,0xff,0xbc,0xff,0xbc,0xff,0xbc,0xff,
    0xbc,0xff,0xbc,0xff,0xbc,0xff,0xbc,0xff,0xbc,0xff,0xbc,0xff,0xbc,0xff,0xbc,0xff,0xbc,0xff,0xbc,0xff,0xbc,0xff,0xbc,0xff,
    0xbc,0xff,0xbc,0xff,0xbc,0xff,0xbc,0xff,0xbc,0xff,0xbb,0xff,0xbb,0xff,0xbc,0xff,0xbb,0xff,0xbc,0xff,0xbc,0xff,0xbc,0xff,
    0xbc,0xff,0xbc,0xff,0xbc,0xff,0xbc,0xff,0xbc,0xff,0xbc,0xff,0xbb,0xff,0xbc,0xff,0xdc,0xff,0xdc,0xff,0xdc,0xff,0xbc,0xff,
    0xbc,0xff,0xbc,0xff,0xbc,0xff,0xbc,0xff,0xbc,0xff,0xbc,0xff,0xbc,0xff,0xbc,0xff,0xbc,0xff,0xbc,0xff,0xbc,0xff,0xbc,0xff,
    0xbc,0xff,0xbc,0xff,0xbc,0xff,0xbc,0xff,0xbc,0xff,0xbc,0xff,0xbc,0xff,0xbc,0xff,0xbc,0xff,0xbc,0xff,0xbc,0xff,0xbc,0xff,
    0xbc,0xff,0xbc,0xff,0xbc,0xff,0xbc,0xff,0xbc,0xff,0xbc,0xff,0xbc,0xff,0xbc,0xff,0xbc,0xff,0xbc,0xff,0xbc,0xff,0xbc,0xff,
    0xbc,0xff,0xbc,0xff,0xbc,0xff,0xbc,0xff,0xbc,0xff,0xbc,0xff,0xbc,0xff,0xbc,0xff,0xbc,0xff,0xbc,0xff,0xbb,0xff,0xbb,0xff,
    0xbb,0xff,0xbc,0xff,0xbb,0xff,0xbc,0xff,0xbc,0xff,0xbc,0xff,0xbc,0xff,0xbc,0xff,0xbc,0xff,0xbc,0xff,0xbc,0xff,0xbc,0xff,
    0xbc,0xff,0xbc,0xff,0xbc,0xff,0xbc,0xff,0xbc,0xff,0xbc,0xff,0xbc,0xff,0xbc,0xff,0xbc,0xff,0xbc,0xff,0xbc,0xff,0xbc,0xff,
    0xbc,0xff,0xbc,0xff,0xbc,0xff,0xbc,0xff,0xbc,0xff,0xbc,0xff,0xbc,0xff,0xbc,0xff,0xbc,0xff,0xbc,0xff,0xbc,0xff,0xbc,0xff,
    0xbc,0xff,0xbc,0xff,0xbc,0xff,0xbc,0xff,0xbc,0xff,0xbc,0xff,0xbc,0xff,0xbc,0xff,0xbb,0xff,0xbc,0xff,0xdd,0xff,0x11,0x9d,
    0x2d,0x84,0x52,0xa5,0xd8,0xde,0x9b,0xf7,0x9c,0xf7,0xbc,0xf7,0xbb,0xff,0xbb,0xff,0xbc,0xff,0xbc,0xff,0xbc,0xff,0xbc,0xff,
    0xbc,0xff,0xbc,0xff,0xbb,0xff,0xbb,0xff,0x9b,0xf7,0xdc,0xff,0xd4,0xbd,0x09,0x5b,0x6f,0x8c,0xdd,0xff,0xfc,0xff,0x8b,0x6b,
    0xab,0x6b,0x5b,0xef,0x7a,0xf7,0x9b,0xf7,0x9b,0xff,0xbb,0xff,0xbb,0xff,0xbb,0xff,0xbb,0xff,0xbb,0xff,0xbb,0xff,0xbb,0xff,
    0xbb,0xff,0xbb,0xff,0xbb,0xff,0xbb,0xff,0xbc,0xff,0xbb,0xff,0xbb,0xff,0xbc,0xff,0xbb,0xff,0xbb,0xff,0xbb,0xff,0xbc,0xff,
    0xbb,0xff,0xbb,0xff,0xbb,0xff,0xbb,0xff,0xbb,0xff,0xbc,0xff,0xbc,0xff,0xbc,0xff,0xbc,0xff,0xbc,0xff,0xbc,0xff,0xbc,0xff,
    0xbb,0xff,0xbb,0xff,0xbc,0xff,0xbc,0xff,0xbc,0xff,0xbc,0xff,0xbb,0xff,0xbb,0xff,0xbc,0xff,0xbc,0xff,0xbc,0xff,0xbc,0xff,
    0xbc,0xff,0xbc,0xff,0xbc,0xff,0xbc,0xff,0xbc,0xff,0xbc,0xff,0xbc,0xff,0xbc,0xff,0xbc,0xff,0xbc,0xff,0xbc,0xff,0xbc,0xff,
    0xbb,0xff,0xbb,0xff,0x9b,0xff,0xbb,0xff,0xbb,0xff,0xbb,0xff,0xbb,0xff,0xbb,0xff,0xbb,0xff,0xbb,0xff,0xbb,0xff,0xbb,0xff,
    0xbb,0xff,0xbb,0xff,0xbc,0xff,0xbb,0xff,0xbb,0xff,0xbb,0xff,0xbb,0xff,0xbb,0xff,0xbb,0xff,0xbb,0xff,0xbb,0xff,0xbb,0xff,
    0xbb,0xff,0xbb,0xff,0xbb,0xff,0xbb,0xff,0xbb,0xff,0xbb,0xff,0xbb,0xff,0xbb,0xff,0xbb,0xff,0xbb,0xff,0xbb,0xff,0xbb,0xff,
    0xbb,0xff,0xbb,0xff,0xbb,0xff,0xbb,0xff,0xbb,0xff,0xbc,0xff,0xbc,0xff,0xbb,0xff,0xbc,0xff,0xbc,0xff,0xbc,0xff,0xbc,0xff,
    0xbc,0xff,0xbc,0xff,0xbc,0xff,0xbc,0xff,0xbc,0xff,0xbc,0xff,0xbb,0xff,0xbb,0xff,0x9b,0xff,0x9b,0xff,0x9b,0xff,0xbb,0xff,
    0xbb,0xff,0xbb,0xff,0xbb,0xff,0xbb,0xff,0xbb,0xff,0xbc,0xff,0xbc,0xff,0xbc,0xff,0xbc,0xff,0xbc,0xff,0xbb,0xff,0xbc,0xff,
    0xbc,0xff,0xbc,0xff,0xbc,0xff,0xbb,0xff,0xbc,0xff,0xbc,0xff,0xbc,0xff,0xbc,0xff,0xbc,0xff,0x9b,0xff,0xbb,0xff,0xbb,0xff,
    0xbb,0xff,0xbb,0xff,0xbb,0xff,0xbb,0xff,0xbb,0xff,0xbb,0xff,0xbb,0xff,0xbb,0xff,0xbb,0xff,0xbb,0xff,0xbb,0xff,0xbb,0xff,
    0xbc,0xff,0xbc,0xff,0xbc,0xff,0xbc,0xff,0xbc,0xff,0xbc,0xff,0xbc,0xff,0xbc,0xff,0xbc,0xff,0xbc,0xff,0xbb,0xff,0xbc,0xff,
    0xbb,0xff,0xbc,0xff,0xbb,0xff,0x9b,0xff,0x9b,0xff,0xbb,0xff,0x9b,0xff,0x9b,0xff,0xbb,0xff,0xbb,0xff,0xbb,0xff,0xbb,0xff,
    0xbb,0xff,0xbb,0xff,0x9b,0xff,0xbb,0xff,0xbb,0xff,0xbc,0xff,0xbc,0xff,0xbc,0xff,0xbc,0xff,0xbb,0xff,0xbc,0xff,0xbb,0xff,
    0xbb,0xff,0xbb,0xff,0xbb,0xff,0xbb,0xff,0xbc,0xff,0xbc,0xff,0xbb,0xff,0xbb,0xff,0xbc,0xff,0xbc,0xff,0xbb,0xff,0xbb,0xff,
    0xbc,0xff,0xbc,0xff,0xbb,0xff,0xbb,0xff,0xbb,0xff,0xbb,0xff,0xbb,0xff,0xbb,0xff,0x9b,0xf7,0x7a,0xf7,0x7b,0xf7,0x6b,0x63,
    0x4a,0x63,0xfc,0xff,0xbb,0xff,0x4e,0x84,0x29,0x5b,0x16,0xc6,0xdd,0xff,0x9b,0xf7,0xbc,0xff,0xbc,0xff,0xbc,0xff,0xbc,0xff,
    0xbc,0xff,0xbc,0xff,0xbc,0xff,0xbb,0xff,0xdc,0xff,0xfe,0xff,0x72,0xad,0xa4,0x29,0xac,0x6b,0xfe,0xff,0xdd,0xff,0x9c,0xf7,
    0xb4,0xb5,0x26,0x3a,0x56,0xce,0xfd,0xff,0x9b,0xf7,0xbc,0xff,0xbc,0xff,0xbb,0xff,0xbc,0xff,0xbc,0xff,0xbc,0xff,0xbc,0xff,
    0xbb,0xff,0xbc,0xff,0xbc,0xff,0xbc,0xff,0xbc,0xff,0xbc,0xff,0xbc,0xff,0xbc,0xff,0xbc,0xff,0xbc,0xff,0xbc,0xff,0xbc,0xff,
    0xbb,0xff,0xbb,0xff,0xbc,0xff,0xbc,0xff,0xbc,0xff,0xbc,0xff,0xbc,0xff,0xbc,0xff,0xbc,0xff,0xbc,0xff,0xbc,0xff,0xbc,0xff,
    0xbc,0xff,0xbc,0xff,0xbc,0xff,0xbc,0xff,0xbc,0xff,0xbc,0xff,0xbc,0xff,0xbc,0xff,0xbc,0xff,0xbc,0xff,0xbc,0xff,0xbc,0xff,
    0xbc,0xff,0xbc,0xff,0xbc,0xff,0xbc,0xff,0xbc,0xff,0xbc,0xff,0xbc,0xff,0xbc,0xff,0xbc,0xff,0xbc,0xff,0xbc,0xff,0xbc,0xff,
    0xbb,0xff,0xbc,0xff,0xbc,0xff,0xbb,0xff,0xbb,0xff,0xbb,0xff,0xbb,0xff,0xbc,0xff,0xbc,0xff,0xbc,0xff,0xbc,0xff,0xbc,0xff,
    0xbc,0xff,0xbc,0xff,0xbc,0xff,0xbc,0xff,0xbc,0xff,0xbc,0xff,0xbc,0xff,0xbc,0xff,0xbc,0xff,0xbc,0xff,0xbb,0xff,0xbc,0xff,
    0xbc,0xff,0xbb,0xff,0xbc,0xff,0xbb,0xff,0xbc,0xff,0xbc,0xff,0xbb,0xff,0xbc,0xff,0xbb,0xff,0xbb,0xff,0xbb,0xff,0xbb,0xff,
    0xbb,0xff,0xbb,0xff,0xbb,0xff,0xbc,0xff,0xbc,0xff,0xbc,0xff,0xbc,0xff,0xbb,0xff,0xbc,0xff,0xbc,0xff,0xbc,0xff,0xbc,0xff,
    0xbc,0xff,0xbc,0xff,0xbc,0xff,0xbc,0xff,0xbc,0xff,0xbc,0xff,0xbc,0xff,0xbc,0xff,0xbb,0xff,0xbb,0xff,0xbc,0xff,0xbc,0xff,
    0xbc,0xff,0xbc,0xff,0xbc,0xff,0xbc,0xff,0xbc,0xff,0xbc,0xff,0xbc,0xff,0xbc,0xff,0xbc,0xff,0xbc,0xff,0xbc,0xff,0xbc,0xff,
    0xbc,0xff,0xbc,0xff,0xbc,0xff,0xbc,0xff,0xbc,0xff,0xbc,0xff,0xbc,0xff,0xbc,0xff,0xbc,0xff,0xbc,0xff,0xbc,0xff,0xbc,0xff,
    0xbc,0xff,0xbc,0xff,0xbc,0xff,0xbb,0xff,0xbb,0xff,0xbc,0xff,0xbb,0xff,0xbc,0xff,0xbc,0xff,0xbb,0xff,0xbc,0xff,0xbc,0xff,
    0xbc,0xff,0xbc,0xff,0xbc,0xff,0xbc,0xff,0xbc,0xff,0xbc,0xff,0xbc,0xff,0xbc,0xff,0xbc,0xff,0xbb,0xff,0xbb,0xff,0xbc,0xff,
    0xbc,0xff,0xbb,0xff,0xbc,0xff,0xbb,0xff,0xbb,0xff,0xbc,0xff,0xbb,0xff,0xbc,0xff,0xbb,0xff,0xbb,0xff,0xbb,0xff,0xbc,0xff,
    0xbb,0xff,0xbb,0xff,0xbc,0xff,0xbc,0xff,0xbc,0xff,0xbc,0xff,0xbc,0xff,0xbc,0xff,0xbc,0xff,0xbc,0xff,0xbc,0xff,0xbc,0xff,
    0xbc,0xff,0xbc,0xff,0xbc,0xff,0xbc,0xff,0xbc,0xff,0xbc,0xff,0xbc,0xff,0xbc,0xff,0xbc,0xff,0xbc,0xff,0xbc,0xff,0xbc,0xff,
    0xbc,0xff,0xbc,0xff,0xbc,0xff,0xbc,0xff,0xbc,0xff,0xbc,0xff,0xbc,0xff,0x9b,0xf7,0xfd,0xff,0x76,0xce,0x66,0x42,0xd4,0xbd,
    0x7b,0xf7,0xdc,0xff,0xfe,0xff,0x8b,0x6b,0xc4,0x29,0xd4,0xb5,0xfe,0xff,0xdc,0xff,0xbb,0xff,0xbc,0xff,0xbb,0xff,0xbc,0xff,
    0xbc,0xff,0xbc,0xff,0xbc,0xff,0xdc,0xff,0x15,0xbe,0x52,0xa5,0x11,0x9d,0x6f,0x8c,0xf1,0x9c,0xb4,0xb5,0xb4,0xb5,0x9c,0xf7,
    0x97,0xd6,0xcc,0x73,0xb0,0x94,0xb3,0xb5,0x9b,0xf7,0xbc,0xff,0xbb,0xff,0xbb,0xff,0xbc,0xff,0xbc,0xff,0xbc,0xff,0xbc,0xff,
    0xbc,0xff,0xbc,0xff,0xbc,0xff,0xbc,0xff,0xbc,0xff,0xbc,0xff,0xbc,0xff,0xbc,0xff,0xbc,0xff,0xbc,0xff,0xbc,0xff,0xbc,0xff,
    0xbc,0xff,0xbc,0xff,0xbc,0xff,0xbc,0xff,0xbc,0xff,0xbc,0xff,0xbc,0xff,0xbc,0xff,0xbc,0xff,0xbc,0xff,0xbc,0xff,0xbc,0xff,
    0xbc,0xff,0xbc,0xff,0xbc,0xff,0xbc,0xff,0xbc,0xff,0xbc,0xff,0xbc,0xff,0xbc,0xff,0xbc,0xff,0xbc,0xff,0xbc,0xff,0xbc,0xff,
    0xbc,0xff,0xbc,0xff,0xbc,0xff,0xbc,0xff,0xbc,0xff,0xbc,0xff,0xbc,0xff,0xbc,0xff,0xbc,0xff,0xbc,0xff,0xbc,0xff,0xbc,0xff,
    0xbb,0xff,0xbb,0xff,0xbc,0xff,0xbc,0xff,0xbc,0xff,0xbc,0xff,0xbc,0xff,0xbc,0xff,0xbc,0xff,0xbc,0xff,0xbc,0xff,0xbc,0xff,
    0xbc,0xff,0xbc,0xff,0xbc,0xff,0xbc,0xff,0xbc,0xff,0xbc,0xff,0xbb,0xff,0xbc,0xff,0xbc,0xff,0xbc,0xff,0xbc,0xff,0xbc,0xff,
    0xbc,0xff,0xbc,0xff,0xbc,0xff,0xbc,0xff,0xbc,0xff,0xbc,0xff,0xbc,0xff,0xbc,0xff,0xbc,0xff,0xbc,0xff,0xbc,0xff,0xbc,0xff,
    0xbc,0xff,0xbc,0xff,0xbb,0xff,0xbb,0xff,0xbc,0xff,0xbc,0xff,0xbc,0xff,0xbc,0xff,0xbc,0xff,0xbc,0xff,0xbc,0xff,0xbc,0xff,
    0xbc,0xff,0xbc,0xff,0xbc,0xff,0xbc,0xff,0xbc,0xff,0xbc,0xff,0xbb,0xff,0xbc,0xff,0xbc,0xff,0xbc,0xff,0xbb,0xff,0xbc,0xff,
    0xbc,0xff,0xbc,0xff,0xbc,0xff,0xbc,0xff,0xbc,0xff,0xbc,0xff,0xbc,0xff,0xbc,0xff,0xbc,0xff,0xbc,0xff,0xbc,0xff,0xbc,0xff,
    0xbc,0xff,0xbc,0xff,0xbc,0xff,0xbc,0xff,0xbc,0xff,0xbc,0xff,0xbc,0xff,0xbc,0xff,0xbc,0xff,0xbc,0xff,0xbc,0xff,0xbc,0xff,
    0xbc,0xff,0xbc,0xff,0xbc,0xff,0xbc,0xff,0xbc,0xff,0xbc,0xff,0xbc,0xff,0xbc,0xff,0xbc,0xff,0xbc,0xff,0xbc,0xff,0xbc,0xff,
    0xbc,0xff,0xbc,0xff,0xbc,0xff,0xbc,0xff,0xbc,0xff,0xbc,0xff,0xbc,0xff,0xbc,0xff,0xbc,0xff,0xbc,0xff,0xbb,0xff,0xbc,0xff,
    0xbc,0xff,0xbb,0xff,0xbc,0xff,0xbc,0xff,0xbc,0xff,0xbc,0xff,0xbb,0xff,0xbc,0xff,0xbb,0xff,0xbc,0xff,0xbb,0xff,0xbb,0xff,
    0xbc,0xff,0xbc,0xff,0xbc,0xff,0xbc,0xff,0xbc,0xff,0xbc,0xff,0xbc,0xff,0xbc,0xff,0xbc,0xff,0xbc,0xff,0xbc,0xff,0xbc,0xff,
    0xbc,0xff,0xbc,0xff,0xbc,0xff,0xbc,0xff,0xbc,0xff,0xbc,0xff,0xbc,0xff,0xbc,0xff,0xbc,0xff,0xbc,0xff,0xbc,0xff,0xbc,0xff,
    0xbc,0xff,0xbc,0xff,0xbc,0xff,0xbc,0xff,0xbc,0xff,0xbc,0xff,0xbc,0xff,0x9b,0xf7,0x93,0xad,0xaf,0x8c,0xcc,0x73,0xd8,0xde,
    0x9b,0xf7,0x73,0xad,0x94,0xad,0xd0,0x94,0x6f,0x84,0x11,0x9d,0x72,0xad,0x15,0xc6,0xdc,0xff,0xbb,0xff,0xbb,0xff,0xbc,0xff,
    0xbc,0xff,0xbc,0xff,0xbb,0xff,0xfd,0xff,0xec,0x73,0x83,0x21,0x8f,0x8c,0xff,0xff,0xd8,0xde,0x66,0x42,0x66,0x42,0x77,0xd6,
    0xdc,0xff,0xfc,0xff,0x8b,0x6b,0xc8,0x52,0x9c,0xf7,0xbc,0xff,0xbb,0xff,0xbb,0xff,0xbb,0xff,0xbc,0xff,0xbc,0xff,0xbc,0xff,
    0xbc,0xff,0xbc,0xff,0xbb,0xff,0xbb,0xff,0xbc,0xff,0xbc,0xff,0xbc,0xff,0xbb,0xff,0xbb,0xff,0x9b,0xff,0xbc,0xff,0xbc,0xff,
    0xbc,0xff,0xbb,0xff,0xbb,0xff,0xbb,0xff,0xbb,0xff,0xbc,0xff,0xbb,0xff,0xbb,0xff,0xbc,0xff,0xbc,0xff,0xbc,0xff,0xbc,0xff,
    0xbc,0xff,0xbc,0xff,0xbc,0xff,0xbb,0xff,0xbb,0xff,0xbc,0xff,0xbb,0xff,0xbc,0xff,0xbb,0xff,0xbb,0xff,0xbb,0xff,0xbb,0xff,
    0xbb,0xff,0xbb,0xff,0xbb,0xff,0xbb,0xff,0xbc,0xff,0xbb,0xff,0xbb,0xff,0xbb,0xff,0xbb,0xff,0xbb,0xff,0xbb,0xff,0x9b,0xff,
    0xbb,0xff,0x9b,0xff,0xbc,0xff,0xbc,0xff,0xbb,0xff,0xbb,0xff,0xbc,0xff,0xbb,0xff,0xbb,0xff,0xbb,0xff,0xbb,0xff,0xbb,0xff,
    0xbc,0xff,0xbc,0xff,0xbb,0xff,0xbb,0xff,0xbb,0xff,0xbb,0xff,0xbb,0xff,0xbb,0xff,0xbb,0xff,0xbb,0xff,0xbb,0xff,0xbb,0xff,
    0xbb,0xff,0xbb,0xff,0x9b,0xff,0xbb,0xff,0x9b,0xff,0xbb,0xff,0xbb,0xff,0xbb,0xff,0xbb,0xff,0xbb,0xff,0xbb,0xff,0xbb,0xff,
    0xbb,0xff,0x9b,0xff,0xbb,0xff,0x9b,0xff,0xbb,0xff,0xbb,0xff,0xbb,0xff,0xbb,0xff,0x9b,0xff,0xbb,0xff,0xbc,0xff,0xbb,0xff,
    0xbb,0xff,0xbb,0xff,0xbb,0xff,0x9b,0xff,0xbb,0xff,0xbb,0xff,0xbb,0xff,0xbc,0xff,0x9b,0xff,0xbb,0xff,0xbb,0xff,0xbb,0xff,
    0xbb,0xff,0xbc,0xff,0xbb,0xff,0xbb,0xff,0xbc,0xff,0xbc,0xff,0xbb,0xff,0xbc,0xff,0xbb,0xff,0xbc,0xff,0xbc,0xff,0xbb,0xff,
    0xbc,0xff,0xbc,0xff,0xbc,0xff,0xbc,0xff,0xbc,0xff,0xbc,0xff,0xbc,0xff,0xbc,0xff,0xbc,0xff,0xbb,0xff,0xbb,0xff,0xbb,0xff,
    0xbb,0xff,0xbc,0xff,0xbb,0xff,0xbb,0xff,0xbb,0xff,0x9b,0xff,0xbb,0xff,0xbb,0xff,0xbb,0xff,0x9b,0xff,0xbb,0xff,0xbc,0xff,
    0xbb,0xff,0xbb,0xff,0xbc,0xff,0xbc,0xff,0xbb,0xff,0xbb,0xff,0xbb,0xff,0xbb,0xff,0xbb,0xff,0xbb,0xff,0xbb,0xff,0xbb,0xff,
    0xbb,0xff,0xbb,0xff,0xbb,0xff,0xbb,0xff,0xbb,0xff,0xbb,0xff,0x9b,0xff,0xbb,0xff,0xbb,0xff,0xbb,0xff,0xbb,0xff,0xbb,0xff,
    0xbb,0xff,0x9b,0xff,0xbb,0xff,0xbb,0xff,0xbb,0xff,0xbb,0xff,0xbb,0xff,0xbb,0xff,0xbb,0xff,0xbb,0xff,0xbb,0xff,0xbb,0xff,
    0xbc,0xff,0xbb,0xff,0x9b,0xff,0xbb,0xff,0xbb,0xff,0xbb,0xff,0xbc,0xff,0xbb,0xff,0xbc,0xff,0xbc,0xff,0xbc,0xff,0xbb,0xff,
    0xbb,0xff,0xbb,0xff,0xbb,0xff,0xbb,0xff,0xbb,0xff,0x9b,0xff,0xbc,0xff,0x9c,0xf7,0x09,0x53,0x6a,0x63,0xfc,0xff,0xfc,0xff,
    0x77,0xce,0x66,0x42,0x66,0x42,0xf9,0xde,0xff,0xff,0x6f,0x8c,0x83,0x21,0xec,0x73,0xfd,0xff,0x9b,0xff,0xbc,0xff,0xbc,0xff,
    0xbc,0xff,0xbc,0xff,0xbb,0xff,0xdd,0xff,0xf1,0x9c,0x4a,0x63,0xd0,0x94,0xd8,0xde,0xf5,0xbd,0xcc,0x6b,0xcc,0x73,0xd8,0xde,
    0xbb,0xff,0x9b,0xff,0xcc,0x73,0x6a,0x63,0xbc,0xff,0xdc,0xff,0xdc,0xff,0xdc,0xff,0xdc,0xff,0xdc,0xff,0xdc,0xff,0xdc,0xff,
    0xdc,0xff,0xdc,0xff,0xdc,0xff,0xdc,0xff,0xdc,0xff,0xdc,0xff,0xdc,0xff,0xdc,0xff,0xdc,0xff,0xdc,0xff,0xdc,0xff,0xdc,0xff,
    0xdc,0xff,0xdc,0xff,0xdc,0xff,0xdc,0xff,0xdc,0xff,0xdc,0xff,0xdc,0xff,0xdc,0xff,0xdc,0xff,0xdc,0xff,0xdc,0xff,0xdc,0xff,
    0xdc,0xff,0xdc,0xff,0xdc,0xff,0xdc,0xff,0xdc,0xff,0xdc,0xff,0xdc,0xff,0xdc,0xff,0xdc,0xff,0xdc,0xff,0xdc,0xff,0xdc,0xff,
    0xdc,0xff,0xdc,0xff,0xdc,0xff,0xdc,0xff,0xdc,0xff,0xdc,0xff,0xdc,0xff,0xdc,0xff,0xdc,0xff,0xdc,0xff,0xdc,0xff,0xdc,0xff,
    0xdc,0xff,0xdc,0xff,0xdc,0xff,0xdc,0xff,0xdc,0xff,0xdc,0xff,0xdc,0xff,0xdc,0xff,0xdc,0xff,0xdc,0xff,0xdc,0xff,0xdc,0xff,
    0xdc,0xff,0xdc,0xff,0xdc,0xff,0xdc,0xff,0xdc,0xff,0xdc,0xff,0xdc,0xff,0xdc,0xff,0xdc,0xff,0xdc,0xff,0xdc,0xff,0xdc,0xff,
    0xdc,0xff,0xdc,0xff,0xdc,0xff,0xdc,0xff,0xdc,0xff,0xdc,0xff,0xdc,0xff,0xdc,0xff,0xdc,0xff,0xdc,0xff,0xdc,0xff,0xdc,0xff,
    0xdc,0xff,0xdc,0xff,0xdc,0xff,0xdc,0xff,0xdc,0xff,0xdc,0xff,0xdc,0xff,0xdc,0xff,0xdc,0xff,0xdc,0xff,0xdc,0xff,0xdc,0xff,
    0xdc,0xff,0xdc,0xff,0xdc,0xff,0xdc,0xff,0xdc,0xff,0xdc,0xff,0xdc,0xff,0xdc,0xff,0xdc,0xff,0xdc,0xff,0xdc,0xff,0xdc,0xff,
    0xdc,0xff,0xdc,0xff,0xdc,0xff,0xdc,0xff,0xdc,0xff,0xdc,0xff,0xdc,0xff,0xdc,0xff,0xdc,0xff,0xdc,0xff,0xdc,0xff,0xdc,0xff,
    0xdc,0xff,0xdc,0xff,0xdc,0xff,0xdc,0xff,0xdc,0xff,0xdc,0xff,0xdc,0xff,0xdc,0xff,0xdc,0xff,0xdc,0xff,0xdc,0xff,0xdc,0xff,
    0xdc,0xff,0xdc,0xff,0xdc,0xff,0xdc,0xff,0xdc,0xff,0xdc,0xff,0xdc,0xff,0xdc,0xff,0xdc,0xff,0xdc,0xff,0xdc,0xff,0xdc,0xff,
    0xdc,0xff,0xdc,0xff,0xdc,0xff,0xdc,0xff,0xdc,0xff,0xdc,0xff,0xdc,0xff,0xdc,0xff,0xdc,0xff,0xdc,0xff,0xdc,0xff,0xdc,0xff,
    0xdc,0xff,0xdc,0xff,0xdc,0xff,0xdc,0xff,0xdc,0xff,0xdc,0xff,0xdc,0xff,0xdc,0xff,0xdc,0xff,0xdc,0xff,0xdc,0xff,0xdc,0xff,
    0xdc,0xff,0xdc,0xff,0xdc,0xff,0xdc,0xff,0xdc,0xff,0xdc,0xff,0xdc,0xff,0xdc,0xff,0xdc,0xff,0xdc,0xff,0xdc,0xff,0xdc,0xff,
    0xdc,0xff,0xdc,0xff,0xdc,0xff,0xdc,0xff,0xdc,0xff,0xdc,0xff,0xdc,0xff,0xdc,0xff,0xdc,0xff,0xdc,0xff,0xdc,0xff,0xdc,0xff,
    0xdc,0xff,0xdc,0xff,0xdc,0xff,0xdc,0xff,0xdc,0xff,0xdc,0xff,0xdc,0xff,0xbc,0xff,0x8b,0x6b,0xcc,0x73,0x9b,0xff,0xdc,0xff,
    0xd8,0xde,0xcc,0x73,0xcc,0x73,0xf5,0xbd,0xf8,0xde,0xd0,0x94,0x2a,0x5b,0xd0,0x94,0xdc,0xff,0x9b,0xff,0xbc,0xff,0xbc,0xff,
    0xbc,0xff,0xbc,0xff,0xbc,0xff,0xbc,0xff,0x9b,0xf7,0xfd,0xff,0xb4,0xb5,0x26,0x3a,0xec,0x73,0xdc,0xff,0xbc,0xff,0xbc,0xff,
    0x9b,0xff,0xdc,0xff,0xcc,0x73,0x4a,0x63,0x3a,0xef,0x5a,0xef,0x5a,0xef,0x5a,0xef,0x5a,0xef,0x5a,0xef,0x5a,0xef,0x5a,0xef,
    0x5a,0xef,0x5a,0xef,0x5a,0xef,0x5a,0xef,0x5a,0xef,0x5a,0xef,0x5a,0xef,0x5a,0xef,0x5a,0xef,0x5a,0xef,0x5a,0xef,0x5a,0xef,
    0x5a,0xef,0x5a,0xef,0x5a,0xef,0x5a,0xef,0x5a,0xef,0x5a,0xef,0x5a,0xef,0x5a,0xef,0x5a,0xef,0x5a,0xef,0x5a,0xef,0x5a,0xef,
    0x5a,0xef,0x5a,0xef,0x5a,0xef,0x5a,0xef,0x5a,0xef,0x5a,0xef,0x5a,0xef,0x5a,0xef,0x5a,0xef,0x5a,0xef,0x5a,0xef,0x5a,0xef,
    0x5a,0xef,0x5a,0xef,0x5a,0xef,0x5a,0xef,0x5a,0xef,0x5a,0xef,0x5a,0xef,0x5a,0xef,0x5a,0xef,0x5a,0xef,0x5a,0xef,0x5a,0xef,
    0x5a,0xef,0x5a,0xef,0x5a,0xef,0x5a,0xef,0x5a,0xef,0x5a,0xef,0x5a,0xef,0x5a,0xef,0x5a,0xef,0x5a,0xef,0x5a,0xef,0x5a,0xef,
    0x5a,0xef,0x5a,0xef,0x5a,0xef,0x5a,0xef,0x5a,0xef,0x5a,0xef,0x5a,0xef,0x3a,0xef,0x5a,0xef,0x5a,0xef,0x5a,0xef,0x5a,0xef,
    0x5a,0xef,0x5a,0xef,0x5a,0xef,0x3a,0xef,0x3a,0xef,0x3a,0xef,0x5a,0xef,0x5a,0xef,0x5a,0xef,0x5a,0xef,0x5a,0xef,0x5a,0xef,
    0x5a,0xef,0x5a,0xef,0x3a,0xef,0x3a,0xef,0x5a,0xef,0x3a,0xef,0x5a,0xef,0x5a,0xef,0x5a,0xef,0x5a,0xef,0x5a,0xef,0x5a,0xef,
    0x5a,0xef,0x5a,0xef,0x5a,0xef,0x5a,0xef,0x5a,0xef,0x3a,0xef,0x3a,0xef,0x5a,0xef,0x5a,0xef,0x5a,0xef,0x5a,0xef,0x5a,0xef,
    0x5a,0xef,0x5a,0xef,0x3a,0xef,0x3a,0xef,0x5a,0xef,0x5a,0xef,0x5a,0xef,0x5a,0xef,0x5a,0xef,0x5a,0xef,0x5a,0xef,0x5a,0xef,
    0x5a,0xef,0x5a,0xef,0x5a,0xef,0x5a,0xef,0x5a,0xef,0x5a,0xef,0x5a,0xef,0x5a,0xef,0x5a,0xef,0x5a,0xef,0x5a,0xef,0x5a,0xef,
    0x5a,0xef,0x5a,0xef,0x5a,0xef,0x5a,0xef,0x5a,0xef,0x3a,0xef,0x3a,0xef,0x5a,0xef,0x3a,0xef,0x3a,0xef,0x5a,0xef,0x5a,0xef,
    0x5a,0xef,0x5a,0xef,0x5a,0xef,0x5a,0xef,0x5a,0xef,0x5a,0xef,0x5a,0xef,0x5a,0xef,0x5a,0xef,0x3a,0xef,0x5a,0xef,0x5a,0xef,
    0x5a,0xef,0x3a,0xef,0x3a,0xef,0x5a,0xef,0x5a,0xef,0x5a,0xef,0x5a,0xef,0x5a,0xef,0x5a,0xef,0x5a,0xef,0x5a,0xef,0x5a,0xef,
    0x5a,0xef,0x5a,0xef,0x5a,0xef,0x3a,0xef,0x5a,0xef,0x5a,0xef,0x5a,0xef,0x5a,0xef,0x5a,0xef,0x5a,0xef,0x5a,0xef,0x5a,0xef,
    0x5a,0xef,0x5a,0xef,0x5a,0xef,0x3a,0xef,0x3a,0xef,0x5a,0xef,0x5a,0xef,0x5a,0xef,0x5a,0xef,0x5a,0xef,0x5a,0xef,0x5a,0xef,
    0x5a,0xef,0x5a,0xef,0x5a,0xef,0x5a,0xef,0x5a,0xef,0x3a,0xef,0x5a,0xef,0x3a,0xe7,0x6a,0x63,0xcc,0x73,0xdc,0xff,0xbb,0xff,
    0xbc,0xff,0xbc,0xff,0xdd,0xff,0x8b,0x6b,0x05,0x32,0xb4,0xb5,0xfd,0xff,0x9b,0xf7,0xbb,0xff,0xbb,0xff,0xbb,0xff,0xbc,0xff,
    0xbc,0xff,0xbc,0xff,0xbc,0xff,0xbc,0xff,0x9b,0xf7,0xfd,0xff,0x93,0xad,0x26,0x3a,0xcc,0x73,0xdc,0xff,0x9b,0xff,0xbb,0xff,
    0xbb,0xff,0xdc,0xff,0x56,0xce,0xe8,0x52,0x08,0x53,0x08,0x53,0x08,0x53,0xe8,0x52,0xe8,0x52,0xe8,0x52,0x08,0x53,0x08,0x53,
    0xe8,0x52,0xe8,0x52,0xe8,0x52,0x08,0x53,0x08,0x53,0x08,0x53,0x08,0x53,0xe8,0x52,0xe8,0x52,0xe8,0x52,0xe8,0x52,0xe8,0x52,
    0xe8,0x52,0xe8,0x52,0xe8,0x52,0x08,0x53,0xe8,0x52,0xe8,0x52,0xe8,0x52,0xe8,0x52,0xe8,0x52,0xe8,0x52,0xe8,0x52,0xe8,0x52,
    0xe8,0x52,0x08,0x53,0x08,0x53,0x08,0x53,0x08,0x53,0x08,0x53,0xe8,0x52,0xe8,0x52,0xe8,0x4a,0xe8,0x4a,0xe8,0x52,0xe8,0x52,
    0x08,0x53,0xe8,0x52,0xe8,0x52,0xe8,0x52,0xe8,0x52,0xe8,0x52,0x08,0x53,0x08,0x53,0x08,0x53,0x08,0x53,0x08,0x53,0x08,0x53,
    0x08,0x53,0x08,0x53,0x08,0x53,0x08,0x53,0x08,0x53,0xe8,0x52,0xe8,0x52,0xe8,0x52,0xe8,0x52,0xe8,0x52,0xe8,0x52,0xe8,0x52,
    0xe8,0x52,0xe8,0x52,0xe8,0x52,0xe8,0x52,0xe8,0x52,0xe8,0x52,0xe8,0x52,0xe8,0x52,0xe8,0x52,0xe8,0x52,0x08,0x53,0x08,0x53,
    0x08,0x53,0x08,0x53,0x08,0x53,0xe8,0x52,0xe8,0x52,0x08,0x53,0x08,0x53,0x08,0x53,0x08,0x53,0x08,0x53,0x08,0x53,0x08,0x53,
    0x08,0x53,0x08,0x53,0xe8,0x52,0x08,0x53,0xe8,0x52,0xe8,0x52,0xe8,0x52,0x08,0x53,0x08,0x53,0x08,0x53,0x08,0x53,0x08,0x53,
    0x08,0x53,0x08,0x53,0x08,0x53,0x08,0x53,0xe8,0x52,0xe8,0x4a,0xe8,0x4a,0xe8,0x4a,0xe8,0x52,0x08,0x53,0x08,0x53,0x08,0x53,
    0x08,0x53,0x08,0x53,0xe8,0x52,0xe8,0x52,0x08,0x53,0x08,0x53,0x08,0x53,0x08,0x53,0x08,0x53,0x08,0x53,0x08,0x53,0x08,0x53,
    0x08,0x53,0x08,0x53,0xe8,0x52,0xe8,0x52,0xe8,0x52,0x08,0x53,0x08,0x53,0xe8,0x52,0xe8,0x52,0xe8,0x52,0x08,0x53,0x08,0x53,
    0x08,0x53,0xe8,0x52,0xe8,0x52,0xe8,0x4a,0xe8,0x4a,0xe8,0x4a,0xe8,0x4a,0xe8,0x4a,0xe8,0x4a,0xe8,0x4a,0xe8,0x52,0xe8,0x52,
    0x08,0x53,0x08,0x53,0xe8,0x52,0xe8,0x52,0xe8,0x52,0xe8,0x52,0xe8,0x52,0xe8,0x52,0xe8,0x52,0xe8,0x52,0xe8,0x52,0xe8,0x52,
    0xe8,0x52,0xe8,0x52,0xe8,0x4a,0xe8,0x52,0xe8,0x52,0xe8,0x52,0xe8,0x52,0xe8,0x52,0xe8,0x52,0xe8,0x52,0x08,0x53,0x08,0x53,
    0x08,0x53,0x08,0x53,0x08,0x53,0xe8,0x52,0xe8,0x52,0xe8,0x52,0xe8,0x52,0xe8,0x52,0x08,0x53,0x08,0x53,0x08,0x53,0xe8,0x52,
    0x08,0x53,0x08,0x53,0xe8,0x52,0xe8,0x52,0xe8,0x52,0xe8,0x52,0xe8,0x52,0x08,0x53,0x08,0x53,0x08,0x53,0xe8,0x52,0xe8,0x52,
    0xe8,0x52,0xe8,0x52,0xe8,0x52,0xe8,0x52,0xe8,0x52,0xe8,0x52,0x08,0x53,0x08,0x53,0xa7,0x4a,0x35,0xc6,0xfd,0xff,0xbb,0xff,
    0xbb,0xff,0xbc,0xff,0xbc,0xff,0x8b,0x63,0xe5,0x31,0xb4,0xb5,0xfd,0xff,0x9b,0xf7,0xbc,0xff,0xbc,0xff,0xbc,0xff,0xbc,0xff,
    0xbc,0xff,0xbc,0xff,0xbc,0xff,0xbc,0xff,0xbb,0xff,0xbc,0xff,0x3a,0xef,0x77,0xce,0xd8,0xde,0xbb,0xff,0xbb,0xff,0xbb,0xff,
    0xbb,0xff,0xbc,0xff,0x9b,0xf7,0xf0,0x9c,0xaf,0x94,0xd0,0x94,0xcf,0x94,0xaf,0x94,0xcf,0x94,0xaf,0x94,0xaf,0x8c,0xaf,0x94,
    0xaf,0x94,0xcf,0x94,0xaf,0x94,0xaf,0x94,0xaf,0x94,0xcf,0x94,0xcf,0x94,0xaf,0x94,0xcf,0x94,0xd0,0x94,0xd0,0x94,0xd0,0x94,
    0xaf,0x94,0xaf,0x8c,0xaf,0x94,0xaf,0x8c,0xaf,0x8c,0xaf,0x8c,0xaf,0x8c,0xaf,0x94,0xaf,0x94,0xaf,0x94,0xaf,0x94,0xaf,0x8c,
    0xaf,0x94,0xcf,0x94,0xaf,0x94,0xaf,0x94,0xaf,0x94,0xaf,0x94,0xaf,0x8c,0xaf,0x8c,0xaf,0x8c,0xaf,0x8c,0xaf,0x8c,0xaf,0x8c,
    0xaf,0x8c,0xaf,0x8c,0xaf,0x8c,0xaf,0x8c,0xaf,0x94,0xd0,0x94,0xd0,0x94,0xd0,0x94,0xd0,0x94,0xd0,0x94,0xd0,0x94,0xcf,0x94,
    0xaf,0x94,0xcf,0x94,0xaf,0x94,0xaf,0x8c,0xaf,0x94,0xaf,0x94,0xaf,0x94,0xaf,0x94,0xaf,0x94,0xcf,0x94,0xd0,0x94,0xd0,0x94,
    0xd0,0x94,0xaf,0x94,0xaf,0x8c,0xaf,0x8c,0xaf,0x8c,0xaf,0x8c,0xaf,0x94,0xaf,0x94,0xaf,0x94,0xaf,0x94,0xaf,0x94,0xaf,0x94,
    0xcf,0x94,0xcf,0x94,0xcf,0x94,0xd0,0x94,0xd0,0x94,0xd0,0x94,0xd0,0x94,0xcf,0x94,0xcf,0x94,0xaf,0x94,0xaf,0x94,0xcf,0x94,
    0xcf,0x94,0xcf,0x94,0xcf,0x94,0xcf,0x94,0xcf,0x94,0xcf,0x94,0xcf,0x94,0xaf,0x94,0xaf,0x8c,0xaf,0x94,0xcf,0x94,0xcf,0x94,
    0xaf,0x94,0xaf,0x94,0xcf,0x94,0xcf,0x94,0xcf,0x94,0xaf,0x94,0xaf,0x94,0xaf,0x94,0xaf,0x94,0xaf,0x94,0xcf,0x94,0xd0,0x94,
    0xd0,0x94,0xcf,0x94,0xcf,0x94,0xcf,0x94,0xcf,0x94,0xcf,0x94,0xd0,0x94,0xd0,0x94,0xd0,0x94,0xd0,0x94,0xd0,0x94,0xcf,0x94,
    0xcf,0x94,0xcf,0x94,0xaf,0x94,0xaf,0x8c,0xaf,0x8c,0xaf,0x8c,0xaf,0x8c,0xaf,0x8c,0xaf,0x8c,0xaf,0x8c,0xaf,0x8c,0xaf,0x94,
    0xcf,0x94,0xaf,0x8c,0xaf,0x8c,0xaf,0x8c,0xaf,0x8c,0xaf,0x94,0xaf,0x94,0xaf,0x8c,0xaf,0x8c,0xaf,0x8c,0xaf,0x8c,0xaf,0x8c,
    0xaf,0x94,0xcf,0x94,0xaf,0x8c,0xaf,0x8c,0xaf,0x8c,0xaf,0x8c,0xaf,0x94,0xcf,0x94,0xd0,0x94,0xd0,0x94,0xd0,0x94,0xd0,0x94,
    0xcf,0x94,0xcf,0x94,0xcf,0x94,0xd0,0x94,0xaf,0x94,0xaf,0x94,0xaf,0x8c,0xaf,0x8c,0xaf,0x8c,0xaf,0x94,0xaf,0x94,0xcf,0x94,
    0xcf,0x94,0xcf,0x94,0xcf,0x94,0xd0,0x94,0xd0,0x94,0xcf,0x94,0xaf,0x94,0xcf,0x94,0xd0,0x94,0xd0,0x94,0xd0,0x94,0xd0,0x94,
    0xaf,0x94,0xaf,0x94,0xaf,0x94,0xaf,0x94,0xaf,0x94,0xaf,0x94,0xaf,0x94,0xcf,0x94,0xcf,0x94,0xcf,0x94,0xaf,0x94,0xaf,0x94,
    0xaf,0x94,0xaf,0x8c,0xaf,0x94,0xaf,0x94,0xcf,0x94,0xd0,0x94,0xd0,0x94,0xd0,0x94,0xcf,0x94,0x3a,0xef,0xdc,0xff,0xbb,0xff,
    0xbb,0xff,0xbb,0xff,0xbb,0xff,0xb8,0xde,0x76,0xce,0x5a,0xef,0xbc,0xff,0xbb,0xff,0xbc,0xff,0xbc,0xff,0xbb,0xff,0xbb,0xff,
    0xbc,0xff,0xbc,0xff,0xbc,0xff,0xbc,0xff,0xbc,0xff,0xbc,0xff,0xbc,0xff,0xfd,0xff,0xdc,0xff,0xbb,0xff,0xbb,0xff,0xbb,0xff,
    0xbc,0xff,0xbc,0xff,0x9b,0xff,0xfd,0xff,0xfd,0xff,0xfd,0xff,0xfd,0xff,0xfd,0xff,0xfd,0xff,0xfd,0xff,0xfd,0xff,0xfd,0xff,
    0xfd,0xff,0xfd,0xff,0xfd,0xff,0xfd,0xff,0xfd,0xff,0xfd,0xff,0xfd,0xff,0xfd,0xff,0xfd,0xff,0xfd,0xff,0xfd,0xff,0xfd,0xff,
    0xfd,0xff,0xfd,0xff,0xfd,0xff,0xfd,0xff,0xfd,0xff,0xfd,0xff,0xfd,0xff,0xfd,0xff,0xfd,0xff,0xfd,0xff,0xfd,0xff,0xfd,0xff,
    0xfd,0xff,0xfd,0xff,0xfd,0xff,0xfd,0xff,0xfd,0xff,0xfd,0xff,0xfd,0xff,0xfd,0xff,0xfd,0xff,0xfd,0xff,0xfd,0xff,0xfd,0xff,
    0xfd,0xff,0xfd,0xff,0xfd,0xff,0xfd,0xff,0xfd,0xff,0xfd,0xff,0xfd,0xff,0xfd,0xff,0xfd,0xff,0xfd,0xff,0xfd,0xff,0xfd,0xff,
    0xfd,0xff,0xfd,0xff,0xfd,0xff,0xfd,0xff,0xfd,0xff,0xfd,0xff,0xfd,0xff,0xfd,0xff,0xfd,0xff,0xfd,0xff,0xfd,0xff,0xfd,0xff,
    0xfd,0xff,0xfd,0xff,0xfd,0xff,0xfd,0xff,0xfd,0xff,0xfd,0xff,0xfd,0xff,0xfd,0xff,0xfd,0xff,0xfd,0xff,0xfd,0xff,0xfd,0xff,
    0xfd,0xff,0xfd,0xff,0xfd,0xff,0xfd,0xff,0xfd,0xff,0xfd,0xff,0xfd,0xff,0xfd,0xff,0xfd,0xff,0xfd,0xff,0xfd,0xff,0xfd,0xff,
    0xfd,0xff,0xfd,0xff,0xfd,0xff,0xfd,0xff,0xfd,0xff,0xfd,0xff,0xfd,0xff,0xfd,0xff,0xfd,0xff,0xfd,0xff,0xfd,0xff,0xfd,0xff,
    0xfd,0xff,0xfd,0xff,0xfd,0xff,0xfd,0xff,0xfd,0xff,0xfd,0xff,0xfd,0xff,0xfd,0xff,0xfd,0xff,0xfd,0xff,0xfd,0xff,0xfd,0xff,
    0xfd,0xff,0xfd,0xff,0xfd,0xff,0xfd,0xff,0xfd,0xff,0xfd,0xff,0xfd,0xff,0xfd,0xff,0xfd,0xff,0xfd,0xff,0xfd,0xff,0xfd,0xff,
    0xfd,0xff,0xfd,0xff,0xfd,0xff,0xfd,0xff,0xfd,0xff,0xfd,0xff,0xfd,0xff,0xfd,0xff,0xfd,0xff,0xfd,0xff,0xfd,0xff,0xfd,0xff,
    0xfd,0xff,0xfd,0xff,0xfd,0xff,0xfd,0xff,0xfd,0xff,0xfd,0xff,0xfd,0xff,0xfd,0xff,0xfd,0xff,0xfd,0xff,0xfd,0xff,0xfd,0xff,
    0xfd,0xff,0xfd,0xff,0xfd,0xff,0xfd,0xff,0xfd,0xff,0xfd,0xff,0xfd,0xff,0xfd,0xff,0xfd,0xff,0xfd,0xff,0xfd,0xff,0xfd,0xff,
    0xfd,0xff,0xfd,0xff,0xfd,0xff,0xfd,0xff,0xfd,0xff,0xfd,0xff,0xfd,0xff,0xfd,0xff,0xfd,0xff,0xfd,0xff,0xfd,0xff,0xfd,0xff,
    0xfd,0xff,0xfd,0xff,0xfd,0xff,0xfd,0xff,0xfd,0xff,0xfd,0xff,0xfd,0xff,0xfd,0xff,0xfd,0xff,0xfd,0xff,0xfd,0xff,0xfd,0xff,
    0xfd,0xff,0xfd,0xff,0xfd,0xff,0xfd,0xff,0xfd,0xff,0xfd,0xff,0xfd,0xff,0xfd,0xff,0xfd,0xff,0xfd,0xff,0xfd,0xff,0xfd,0xff,
    0xfd,0xff,0xfd,0xff,0xfd,0xff,0xfd,0xff,0xfd,0xff,0xfd,0xff,0xfd,0xff,0xfd,0xff,0xfd,0xff,0xbc,0xff,0xbb,0xff,0xbc,0xff,
    0xbc,0xff,0xbb,0xff,0xbb,0xff,0xdc,0xff,0xfd,0xff,0xbc,0xff,0xbc,0xff,0xbc,0xff,0xbb,0xff,0xbc,0xff,0xbb,0xff,0xbb,0xff,
    0xbc,0xff,0xbc,0xff,0xbc,0xff,0xbc,0xff,0xbc,0xff,0xbc,0xff,0xbb,0xff,0x9b,0xff,0xbb,0xff,0xbb,0xff,0xbc,0xff,0xbc,0xff,
    0xbc,0xff,0xbc,0xff,0xbc,0xff,0x9b,0xf7,0x9b,0xf7,0x9b,0xf7,0x9b,0xf7,0x9b,0xf7,0x9b,0xf7,0x9b,0xff,0x9b,0xf7,0x9b,0xff,
    0x9b,0xff,0x9b,0xf7,0x9b,0xf7,0x9b,0xff,0x9b,0xf7,0x9b,0xf7,0x9b,0xf7,0x9b,0xf7,0x9b,0xf7,0x9b,0xf7,0x9b,0xf7,0x9b,0xf7,
    0x9b,0xf7,0x9b,0xf7,0x9b,0xf7,0x9b,0xf7,0x9b,0xf7,0x9b,0xf7,0x9b,0xf7,0x9b,0xff,0x9b,0xf7,0x9b,0xf7,0x9b,0xff,0x9b,0xf7,
    0x9b,0xf7,0x9b,0xf7,0x9b,0xf7,0x9b,0xff,0x9b,0xf7,0x9b,0xf7,0x9b,0xf7,0x9b,0xf7,0x9b,0xf7,0x9b,0xf7,0x9b,0xf7,0x9b,0xf7,
    0x9b,0xf7,0x9b,0xf7,0x9b,0xf7,0x9b,0xff,0x9b,0xf7,0x9b,0xf7,0x9b,0xff,0x9b,0xff,0x9b,0xf7,0x9b,0xf7,0x9b,0xf7,0x9b,0xf7,
    0x9b,0xf7,0x9b,0xf7,0x9b,0xf7,0xbb,0xf7,0x9b,0xf7,0xbb,0xff,0x9b,0xf7,0x9b,0xf7,0x9b,0xf7,0x9b,0xf7,0x9b,0xf7,0x9b,0xf7,
    0x9b,0xf7,0x9b,0xf7,0x9b,0xf7,0x9b,0xf7,0x9b,0xf7,0x9b,0xf7,0x9b,0xf7,0x9b,0xf7,0x9b,0xf7,0x9b,0xff,0x9b,0xf7,0x9b,0xf7,
    0x9b,0xf7,0x9b,0xf7,0x9b,0xf7,0x9b,0xf7,0x9b,0xf7,0x9b,0xf7,0x9b,0xf7,0x9b,0xf7,0x9b,0xf7,0x9b,0xf7,0x9b,0xf7,0x9b,0xf7,
    0x9b,0xff,0x9b,0xf7,0x9b,0xf7,0x9b,0xff,0x9b,0xf7,0x9b,0xf7,0x9b,0xff,0x9b,0xf7,0x9b,0xff,0x9b,0xf7,0x9b,0xf7,0x9b,0xf7,
    0x9b,0xf7,0x9b,0xf7,0x9b,0xf7,0x9b,0xf7,0x9b,0xf7,0x9b,0xf7,0x9b,0xf7,0x9b,0xff,0x9b,0xff,0x9b,0xf7,0x9b,0xff,0x9b,0xf7,
    0x9b,0xf7,0x9b,0xf7,0x9b,0xf7,0x9b,0xf7,0x9b,0xf7,0x9b,0xff,0x9b,0xf7,0x9b,0xff,0x9b,0xf7,0x9b,0xf7,0x9b,0xf7,0x9b,0xff,
    0x9b,0xff,0x9b,0xff,0x9b,0xff,0x9b,0xf7,0x9b,0xf7,0x9b,0xf7,0x9b,0xf7,0x9b,0xf7,0x9b,0xf7,0x9b,0xf7,0x9b,0xf7,0x9b,0xf7,
    0x9b,0xf7,0x9b,0xf7,0x9b,0xf7,0x9b,0xf7,0x9b,0xf7,0x9b,0xf7,0x9b,0xf7,0x9b,0xf7,0x9b,0xf7,0x9b,0xf7,0x9b,0xf7,0x9b,0xf7,
    0x9b,0xf7,0x9b,0xf7,0x9b,0xf7,0x9b,0xf7,0x9b,0xf7,0x9b,0xf7,0x9b,0xf7,0x9b,0xf7,0x9b,0xf7,0x9b,0xff,0x9b,0xff,0x9b,0xf7,
    0x9b,0xff,0x9b,0xff,0x9b,0xf7,0x9b,0xf7,0x9b,0xf7,0x9b,0xf7,0x9b,0xf7,0x9b,0xf7,0x9b,0xf7,0x9b,0xff,0x9b,0xff,0x9b,0xf7,
    0x9b,0xf7,0x9b,0xf7,0x9b,0xff,0x9b,0xf7,0x9b,0xff,0x9b,0xff,0x9b,0xf7,0x9b,0xf7,0x9b,0xf7,0x9b,0xf7,0x9b,0xf7,0x9b,0xf7,
    0x9b,0xf7,0x9b,0xf7,0x9b,0xff,0x9b,0xff,0x9b,0xf7,0x9b,0xff,0x9b,0xf7,0x9b,0xf7,0x9b,0xf7,0x9b,0xf7,0x9b,0xf7,0x9b,0xf7,
    0x9b,0xf7,0x9b,0xf7,0x9b,0xf7,0x9b,0xf7,0x9b,0xf7,0x9b,0xf7,0x9b,0xf7,0x9b,0xf7,0x9b,0xf7,0xbb,0xff,0xbc,0xff,0xbc,0xff,
    0xbc,0xff,0xbc,0xff,0xbc,0xff,0x9b,0xff,0x9b,0xff,0xbb,0xff,0xbc,0xff,0xbc,0xff,0xbc,0xff,0xbc,0xff,0xbc,0xff,0xbc,0xff,
    0xbc,0xff,0xbc,0xff,0xbc,0xff,0xbc,0xff,0xbc,0xff,0xbc,0xff,0xbc,0xff,0xbc,0xff,0xbc,0xff,0xbc,0xff,0xbc,0xff,0xbc,0xff,
    0xbc,0xff,0xbc,0xff,0xbc,0xff,0xbc,0xff,0xbc,0xff,0xbc,0xff,0xbc,0xff,0xbc,0xff,0xbc,0xff,0xbc,0xff,0xbc,0xff,0xbc,0xff,
    0xbc,0xff,0xbc,0xff,0xbc,0xff,0xbc,0xff,0xbc,0xff,0xbc,0xff,0xbc,0xff,0xbc,0xff,0xbc,0xff,0xbc,0xff,0xbc,0xff,0xbc,0xff,
    0xbc,0xff,0xbc,0xff,0xbc,0xff,0xbc,0xff,0xbc,0xff,0xbc,0xff,0xbc,0xff,0xbc,0xff,0xbc,0xff,0xbc,0xff,0xbc,0xff,0xbc,0xff,
    0xbb,0xff,0xbc,0xff,0xbc,0xff,0xbc,0xff,0xbb,0xff,0xbb,0xff,0xbc,0xff,0xbc,0xff,0xbb,0xff,0xbc,0xff,0xbc,0xff,0xbc,0xff,
    0xbc,0xff,0xbc,0xff,0xbc,0xff,0xbc,0xff,0xbc,0xff,0xbc,0xff,0xbc,0xff,0xbc,0xff,0xbc,0xff,0xbc,0xff,0xbc,0xff,0xbb,0xff,
    0xbb,0xff,0xbc,0xff,0xbc,0xff,0xbc,0xff,0xbc,0xff,0xbc,0xff,0xbc,0xff,0xbc,0xff,0xbc,0xff,0xbc,0xff,0xbc,0xff,0xbc,0xff,
    0xbc,0xff,0xbc,0xff,0xbc,0xff,0xbc,0xff,0xbc,0xff,0xbc,0xff,0xbc,0xff,0xbc,0xff,0xbc,0xff,0xbc,0xff,0xbc,0xff,0xbb,0xff,
    0xbc,0xff,0xbb,0xff,0xbb,0xff,0xbb,0xff,0xbb,0xff,0xbc,0xff,0xbc,0xff,0xbc,0xff,0xbb,0xff,0xbc,0xff,0xbc,0xff,0xbc,0xff,
    0xbc,0xff,0xbc,0xff,0xbc,0xff,0xbc,0xff,0xbb,0xff,0xbc,0xff,0xbb,0xff,0xbc,0xff,0xbc,0xff,0xbc,0xff,0xbb,0xff,0xbc,0xff,
    0xbc,0xff,0xbc,0xff,0xbc,0xff,0xbc,0xff,0xbc,0xff,0xbc,0xff,0xbc,0xff,0xbc,0xff,0xbc,0xff,0xbc,0xff,0xbc,0xff,0xbc,0xff,
    0xbc,0xff,0xbc,0xff,0xbc,0xff,0xbc,0xff,0xbc,0xff,0xbc,0xff,0xbc,0xff,0xbc,0xff,0xbb,0xff,0xbc,0xff,0xbc,0xff,0xbc,0xff,
    0xbc,0xff,0xbc,0xff,0xbc,0xff,0xbc,0xff,0xbc,0xff,0xbc,0xff,0xbc,0xff,0xbc,0xff,0xbc,0xff,0xbc,0xff,0xbc,0xff,0xbc,0xff,
    0xbc,0xff,0xbc,0xff,0xbb,0xff,0xbc,0xff,0xbc,0xff,0xbc,0xff,0xbb,0xff,0xbc,0xff,0xbc,0xff,0xbc,0xff,0xbc,0xff,0xbb,0xff,
    0xbc,0xff,0xbc,0xff,0xbc,0xff,0xbc,0xff,0xbc,0xff,0xbc,0xff,0xbc,0xff,0xbc,0xff,0xbc,0xff,0xbc,0xff,0xbc,0xff,0xbc,0xff,
    0xbc,0xff,0xbc,0xff,0xbc,0xff,0xbc,0xff,0xbc,0xff,0xbc,0xff,0xbc,0xff,0xbc,0xff,0xbc,0xff,0xbc,0xff,0xbc,0xff,0xbc,0xff,
    0xbc,0xff,0xbc,0xff,0xbc,0xff,0xbc,0xff,0xbc,0xff,0xbc,0xff,0xbc,0xff,0xbb,0xff,0xbb,0xff,0xbc,0xff,0xbc,0xff,0xbc,0xff,
    0xbc,0xff,0xbc,0xff,0xbc,0xff,0xbc,0xff,0xbc,0xff,0xbc,0xff,0xbc,0xff,0xbc,0xff,0xbc,0xff,0xbc,0xff,0xbc,0xff,0xbc,0xff,
    0xbc,0xff,0xbc,0xff,0xbc,0xff,0xbc,0xff,0xbc,0xff,0xbc,0xff,0xbc,0xff,0xbc,0xff,0xbc,0xff,0xbc,0xff,0xbc,0xff,0xbb,0xff,
    0xbc,0xff,0xbc,0xff,0xbc,0xff,0xbc,0xff,0xbc,0xff,0xbc,0xff,0xbc,0xff,0xbc,0xff,0xbb,0xff,0xbb,0xff,0xbc,0xff,0xbc,0xff,
    0xbc,0xff,0xbc,0xff,0xbc,0xff,0xbc,0xff,0xbc,0xff,0xbc,0xff,0xbc,0xff,0xbc,0xff,0xbc,0xff,0xbc,0xff,0xbc,0xff,0xbc,0xff,
    0xbc,0xff,0xbc,0xff,0xbc,0xff,0xbc,0xff,0xbc,0xff,0xbc,0xff,0xbc,0xff,0xbc,0xff,0xbc,0xff,0xbc,0xff,0xbc,0xff,0xbc,0xff,
    0xbc,0xff,0xbc,0xff,0xbc,0xff,0xbc,0xff,0xbc,0xff,0xbc,0xff,0xbc,0xff,0xbc,0xff,0xbc,0xff,0xbc,0xff,0xbc,0xff,0xbc,0xff,
    0xbc,0xff,0xbc,0xff,0xbc,0xff,0xbc,0xff,0xbc,0xff,0xbc,0xff,0xbc,0xff,0xbc,0xff,0xbc,0xff,0xbc,0xff,0xbc,0xff,0xbc,0xff,
    0xbc,0xff,0xbc,0xff,0xbc,0xff,0xbc,0xff,0xbc,0xff,0xbc,0xff,0xbc,0xff,0xbc,0xff,0xbc,0xff,0xbc,0xff,0xbc,0xff,0xbc,0xff,
    0xbc,0xff,0xbc,0xff,0xbc,0xff,0xbc,0xff,0xbc,0xff,0xbc,0xff,0xbc,0xff,0xbc,0xff,0xbc,0xff,0xbc,0xff,0xbc,0xff,0xbc,0xff,
    0xbc,0xff,0xbc,0xff,0xbc,0xff,0xbc,0xff,0xbc,0xff,0xbc,0xff,0xbc,0xff,0xbc,0xff,0xbc,0xff,0xbc,0xff,0xbc,0xff,0xbc,0xff,
    0xbc,0xff,0xbc,0xff,0xbc,0xff,0xbc,0xff,0xbc,0xff,0xbc,0xff,0xbc,0xff,0xbc,0xff,0xbc,0xff,0xbc,0xff,0xbc,0xff,0xbc,0xff,
    0xbc,0xff,0xbc,0xff,0xbb,0xff,0xbb,0xff,0xbc,0xff,0xbc,0xff,0xbb,0xff,0xbb,0xff,0xbb,0xff,0xbc,0xff,0xbc,0xff,0xbc,0xff,
    0xbc,0xff,0xbc,0xff,0xbc,0xff,0xbc,0xff,0xbc,0xff,0xbc,0xff,0xbc,0xff,0xbb,0xff,0xbc,0xff,0xbc,0xff,0xbc,0xff,0xbc,0xff,
    0xbc,0xff,0xbc,0xff,0xbc,0xff,0xbc,0xff,0xbc,0xff,0xbc,0xff,0xbc,0xff,0xbc,0xff,0xbc,0xff,0xbc,0xff,0xbc,0xff,0xbc,0xff,
    0xbc,0xff,0xbc,0xff,0xbc,0xff,0xbc,0xff,0xbb,0xff,0xbc,0xff,0xbc,0xff,0xbc,0xff,0xbb,0xff,0xbc,0xff,0xbc,0xff,0xbc,0xff,
    0xbc,0xff,0xbc,0xff,0xbc,0xff,0xbc,0xff,0xbc,0xff,0xbc,0xff,0xbc,0xff,0xbc,0xff,0xbc,0xff,0xbc,0xff,0xbc,0xff,0xbc,0xff,
    0xbc,0xff,0xbc,0xff,0xbb,0xff,0xbc,0xff,0xbc,0xff,0xbc,0xff,0xbc,0xff,0xbc,0xff,0xbc,0xff,0xbc,0xff,0xbc,0xff,0xbc,0xff,
    0xbc,0xff,0xbc,0xff,0xbc,0xff,0xbc,0xff,0xbc,0xff,0xbc,0xff,0xbc,0xff,0xbc,0xff,0xbc,0xff,0xbc,0xff,0xbc,0xff,0xbc,0xff,
    0xbc,0xff,0xbc,0xff,0xbc,0xff,0xbc,0xff,0xbc,0xff,0xbc,0xff,0xbc,0xff,0xbc,0xff,0xbc,0xff,0xbc,0xff,0xbc,0xff,0xbc,0xff,
    0xbc,0xff,0xbc,0xff,0xbc,0xff,0xbc,0xff,0xbc,0xff,0xbc,0xff,0xbc,0xff,0xbc,0xff,0xbc,0xff,0xbc,0xff,0xbc,0xff,0xbc,0xff,
    0xbc,0xff,0xbc,0xff,0xbc,0xff,0xbc,0xff,0xbc,0xff,0xbc,0xff,0xbc,0xff,0xbc,0xff,0xbc,0xff,0xbc,0xff,0xbc,0xff,0xbc,0xff,
    0xbc,0xff,0xbc,0xff,0xbc,0xff,0xbc,0xff,0xbc,0xff,0xbc,0xff,0xbc,0xff,0xbc,0xff,0xbc,0xff,0xbc,0xff,0xbc,0xff,0xbb,0xff,
    0xbc,0xff,0xbc,0xff,0xbc,0xff,0xbc,0xff,0xbc,0xff,0xbc,0xff,0xbc,0xff,0xbc,0xff,0xbb,0xff,0xbb,0xff,0xbb,0xff,0xbb,0xff,
};
const lv_image_dsc_t niuma_cover = {
    .header = {.magic=LV_IMAGE_HEADER_MAGIC, .cf=LV_COLOR_FORMAT_RGB565,
               .w=240, .h=320, .stride=480},
    .data_size=sizeof(cover_pixels), .data=cover_pixels,
};
